data;horario;n_da_ocorrencia;tipo_de_ocorrencia;km;trecho;sentido;tipo_de_acidente;automovel;bicicleta;caminhao;moto;onibus;outros;tracao_animal;transporte_de_cargas_especiais;trator_maquinas;utilitarios;ilesos;levemente_feridos;moderadamente_feridos;gravemente_feridos;mortos
22/07/2012;19:10:00;156;sem vítima;52,066;BR-101/RJ;Norte;Colisão Transversal;2;;;;;;;;;;10;;;;
25/07/2012;20:33:00;176;com vítima;52,8;BR-101/RJ;Norte;Atropelamento - Morador;;;;;;1;;;;;1;;;;1
03/09/2012;10:06:00;65;sem vítima;52;BR-101/RJ;Norte;Colisão Lateral;1;;;;;;;;;1;2;;;;
04/09/2012;13:55:00;112;com vítima;52;BR-101/RJ;Sul;Colisão Transversal;;;;1;;;;;;1;1;;1;;
10/09/2012;20:36:00;221;com vítima;52,15;BR-101/RJ;Norte;Atropelamento - Morador;;;;1;;;;;;;0;1;;1;
06/10/2012;22:03:00;185;sem vítima;52;BR-101/RJ;Sul;Outros;;;;1;;1;;;;;3;;;;
30/11/2012;14:34:00;142;com vítima;52;BR-101/RJ;Sul;Atropelamento - Morador;1;;;;;;;;;;3;;1;;
11/01/2013;10:50:00;75;com vítima;52;BR-101/RJ;Norte;Atropelamento - Andarilho;1;;;;;;;;;;1;1;;;
07/04/2013;16:55:00;115;com vítima;52;BR-101/RJ;Norte;Choque - Arvore;1;;;;;;;;;;0;;2;;
14/06/2013;15:13:00;110;com vítima;52;BR-101/RJ;Norte;Colisão Frontal;2;;1;;;;;;;;2;1;1;;
31/08/2013;13:43:00;94;com vítima;52;BR-101/RJ;Norte;Colisão Transversal;1;;;1;;;;;;;1;;1;;
10/10/2013;19:17:00;156;sem vítima;52;BR-101/RJ;Sul;Colisão Traseira;1;;;1;;;;;;;3;;;;
13/10/2013;01:15:00;16;com vítima;52;BR-101/RJ;Norte;Queda de Moto;;;;1;;;;;;;0;;1;;
21/11/2013;07:28:00;42;com vítima;52;BR-101/RJ;Sul;Queda de Moto;;;;1;;;;;;;0;2;;;
28/12/2013;18:02:00;224;sem vítima;52;BR-101/RJ;Norte;Colisão Traseira;2;;;;;;;;;;5;;;;
10/01/2014;09:47:00;75;com vítima;52;BR-101/RJ;Sul;Colisão Transversal;1;;;1;;;;;;;5;1;;;
18/01/2014;01:45:00;22;com vítima;52;BR-101/RJ;Norte;Choque - Arvore;1;;;;;;;;;;0;1;;;
19/01/2014;15:48:00;109;com vítima;52,545;BR-101/RJ;Norte;Queda de Moto;;;;1;;;;;;;0;2;;;
10/02/2014;08:12:00;66;com vítima;52,289;BR-101/RJ;Norte;Colisão Lateral;;;;1;;;;;;1;1;;1;;
28/02/2014;06:36:00;44;sem vítima;52,1;BR-101/RJ;Sul;Atropelamento de Animal;1;;;;;;;;;;1;;;;
23/06/2014;12:53:00;82;sem vítima;52;BR-101/RJ;Norte;Colisão Frontal;1;;1;;;;;;;;3;;;;
17/08/2014;21:53:00;149;com vítima;52;BR-101/RJ;Sul;Queda de Moto;;;;1;;;;;;;0;;;;1
01/09/2014;04:45:00;25;com vítima;52;BR-101/RJ;Norte;Colisão Frontal;1;;;;1;;;;;;2;1;;;
14/12/2014;16:51:00;113;com vítima;52;BR-101/RJ;Norte;Colisão Frontal;2;;;;;;;;;;1;;1;;
22/12/2014;23:27:00;219;com vítima;52;BR-101/RJ;Norte;Colisão Transversal;1;;1;;;;;;;;2;;1;;
29/12/2014;13:34:00;94;com vítima;52;BR-101/RJ;Norte;Queda de Moto;;;;1;;;;;;;0;;1;;
10/02/2015;09:06:00;66;com vítima;52;BR-101/RJ;Sul;Colisão Lateral;;;;1;;1;;;;;1;1;1;0;0
22/03/2015;13:23:00;74;com vítima;52;BR-101/RJ;Sul;Atropelamento - Andarilho;;;;;;1;;;;;1;1;0;0;0
02/04/2015;19:02:00;195;com vítima;52;BR-101/RJ;Norte;Outros;;;;1;;1;;;;;1;1;;;
14/07/2015;18:08:00;178;com vítima;52;BR-101/RJ;Sul;Colisão Transversal;1;;;;;;;;;1;1;1;;;
25/07/2015;04:50:00;23;com vítima;52,067;BR-101/RJ;Sul;Colisão Frontal;1;;1;;;;;;;;1;;1;1;
02/08/2015;22:21:00;185;com vítima;52,6;BR-101/RJ;Norte;Colisão Traseira;;;;1;;1;;;;;1;1;1;;
20/08/2015;07:38:00;41;com vítima;52,041;BR-101/RJ;Norte;Colisão Frontal;1;;;;;;;;;1;1;1;;;
19/09/2015;11:35:00;103;sem vítima;52,2;BR-101/RJ;Sul;Objeto lançado contra veículo;2;;1;;;;;;;;5;;;;
28/10/2015;01:11:00;10;com vítima;52;BR-101/RJ;Sul;Capotamento;1;;;;;;;;;;0;1;;;
03/11/2015;12:39:00;119;com vítima;52,037;BR-101/RJ;Sul;Colisão Transversal;1;;;;;1;;;;;2;4;1;;
19/11/2015;06:12:00;25;sem vítima;52;BR-101/RJ;Norte;Choque - Arvore;;;1;;;;;;;;1;;;;
02/02/2010;15:28:00;117;sem vítima;53;BR-101/RJ;Norte;Colisão Lateral;2;;;;;;;;;;2;;;;
10/02/2010;23:02:00;245;com vítima;53;BR-101/RJ;Norte;Colisão Traseira;;;;1;;1;;;;;1;;1;;
18/04/2010;16:16:00;92;com vítima;53;BR-101/RJ;Sul;Queda de Moto;;;;1;;1;;;;;1;1;1;;
27/05/2010;04:08:00;14;com vítima;53;BR-101/RJ;Norte;Colisão Lateral;1;;1;;;;;;;;1;;;1;
25/07/2010;15:45:00;101;com vítima;53;BR-101/RJ;Norte;Atropelamento - Morador;;;;;;1;;;;;1;;1;;
06/08/2010;05:20:00;19;com vítima;53;BR-101/RJ;Sul;Queda de Moto;;;;1;;;;;;;0;1;1;;
16/08/2010;03:36:00;5;com vítima;53;BR-101/RJ;Norte;Capotamento;1;;1;;;;;;;;1;;2;;
07/09/2010;20:45:00;189;com vítima;53;BR-101/RJ;Norte;Colisão Transversal;2;;;;;;;;;;1;1;;;
07/10/2010;01:55:00;13;sem vítima;53;BR-101/RJ;Norte;Saida de Pista;1;;;;;;;;;;1;;;;
04/11/2010;07:17:00;35;com vítima;53;BR-101/RJ;Norte;Atropelamento - Morador;;;1;;;;;;;;1;;1;;
10/11/2010;21:19:00;164;com vítima;53;BR-101/RJ;Norte;Colisão Lateral;1;;1;;;;;;;;2;2;;;
29/11/2010;00:12:00;2;com vítima;53;BR-101/RJ;Norte;Saida de Pista;1;;;;;;;;;;0;1;;;
11/12/2010;17:47:00;158;com vítima;53;BR-101/RJ;Sul;Saida de Pista;1;;;;;;;;;;0;1;1;;
08/01/2011;03:34:00;30;sem vítima;53;BR-101/RJ;Sul;Colisão Lateral;1;;1;;;;;;;;2;;;;
09/01/2011;12:58:00;85;sem vítima;53;BR-101/RJ;Norte;Saida de Pista;1;;;;;;;;;;1;;;;
15/01/2011;01:23:00;4;com vítima;53;BR-101/RJ;Norte;;1;;;;;;;;;;0;1;;;
14/02/2011;23:14:00;234;com vítima;53;BR-101/RJ;Sul;Colisão Frontal;1;;;;;;;;;1;0;1;1;;
03/03/2011;15:39:00;124;sem vítima;210;BR-101/RJ;Sul;Colisão Traseira;2;;;;;;;;;;6;;;;
03/03/2011;17:07:00;147;sem vítima;293;BR-101/RJ;Sul;Colisão Lateral;1;;1;;;;;;;;2;;;;
07/05/2011;17:41:00;138;com vítima;53;BR-101/RJ;Sul;Colisão Traseira;;;;1;;1;;;;;1;1;;;
12/05/2011;20:20:00;175;com vítima;53;BR-101/RJ;Sul;Saida de Pista;1;;;;;;;;;;0;;1;;
31/05/2011;17:52:00;133;sem vítima;53;BR-101/RJ;Norte;Colisão Transversal;;;1;;;;;;1;;2;;;;
02/06/2011;18:26:00;133;com vítima;53;BR-101/RJ;Sul;Atropelamento - Ciclista;;1;;;1;;;;;;2;;1;;
22/09/2011;16:34:00;116;sem vítima;53;BR-101/RJ;Norte;Colisão Transversal;1;;;;;1;;;;;2;;;;
12/10/2011;14:52:00;99;sem vítima;53;BR-101/RJ;Sul;Objeto lançado contra veículo;1;;1;;;;;;;;2;;;;
18/11/2011;10:39:00;66;com vítima;53;BR-101/RJ;Norte;Tombamento;;;1;;;;;;;;0;1;;;
08/12/2011;18:45:00;177;sem vítima;53;BR-101/RJ;Norte;Colisão Frontal;1;;1;;;;;;;;6;;;;
10/12/2011;12:44:00;129;com vítima;53;BR-101/RJ;Sul;Colisão Frontal;;;;1;;1;;;;;1;1;;;
11/12/2011;11:08:00;56;sem vítima;53,70000076293945;BR-101/RJ;Sul;Engavetamento;3;;;;;;;;;;4;;;;
16/12/2011;08:26:00;58;sem vítima;53;BR-101/RJ;Norte;Colisão Transversal;2;;;;;;;;;;3;;;;
21/03/2012;21:58:00;157;com vítima;53;BR-101/RJ;Norte;Colisão Lateral;;;;1;;1;;;;;1;2;;;
25/03/2012;08:20:00;32;com vítima;53;BR-101/RJ;Norte;Colisão Traseira;;;;2;;;;;;;0;1;1;;
28/03/2012;21:51:00;170;com vítima;53;BR-101/RJ;Norte;Colisão Frontal;2;;;;;;;;;;0;1;3;;
03/04/2012;14:57:00;109;sem vítima;53;BR-101/RJ;Sul;Tombamento;;;;;;;;;;1;1;;;;
06/04/2012;17:09:00;158;sem vítima;53;BR-101/RJ;Sul;Colisão Lateral;1;;;;;;;;;1;2;;;;
22/04/2012;20:35:00;134;com vítima;53;BR-101/RJ;Norte;Atropelamento de Animal;1;;;;;;;;;;0;1;;;
19/06/2012;18:43:00;196;com vítima;53;BR-101/RJ;Norte;Colisão Lateral;1;;;1;;;;;;;4;2;;;
30/06/2012;22:19:00;191;com vítima;53;BR-101/RJ;Norte;Queda de Moto;;;;1;;1;;;;;1;;1;;
26/07/2012;21:20:00;167;sem vítima;53,022;BR-101/RJ;Norte;Saida de Pista;1;;;;;;;;;;1;;;;
28/07/2012;01:26:00;15;sem vítima;53;BR-101/RJ;Norte;Colisão Traseira;2;;;;;;;;;;3;;;;
02/09/2012;05:22:00;14;com vítima;53,09;BR-101/RJ;Norte;Capotamento;1;;;;;;;;;;0;1;;;2
04/09/2012;14:24:00;117;com vítima;53,2;BR-101/RJ;Sul;Tombamento;;;1;;;;;;;;0;1;;;
29/09/2012;23:49:00;178;com vítima;53,018;BR-101/RJ;Norte;Colisão Lateral;1;;;1;;;;;;;1;1;;;
29/09/2012;20:53:00;161;com vítima;53,679;BR-101/RJ;Norte;Colisão Lateral;1;;1;;;;;;;;1;2;1;;
12/10/2012;10:26:00;103;sem vítima;53,15;BR-101/RJ;Sul;Colisão Traseira;2;;;;;1;;;;;5;;;;
08/01/2013;20:46:00;216;com vítima;53,8;BR-101/RJ;Sul;Colisão Traseira;;;;1;;;;;;;0;1;;;
26/01/2013;02:17:00;16;com vítima;53;BR-101/RJ;Sul;Queda de Moto;;;;2;;;;;;;1;1;;;
03/03/2013;17:32:00;128;com vítima;53;BR-101/RJ;Norte;Colisão Lateral;1;;;1;;;;;;;1;1;;;
16/03/2013;18:12:00;169;sem vítima;53;BR-101/RJ;Norte;Saida de Pista;1;;;;;;;;;;2;;;;
22/03/2013;05:20:00;20;sem vítima;53,3;BR-101/RJ;Norte;Colisão Transversal;1;;1;;;;;;;;2;;;;
24/03/2013;02:50:00;10;com vítima;53,245;BR-101/RJ;Sul;Colisão Frontal;2;;;1;;;;;;;3;;2;;1
21/04/2013;17:27:00;111;com vítima;53;BR-101/RJ;Norte;Engavetamento;3;;;;;1;;;;;4;;3;;
12/08/2013;00:07:00;2;com vítima;53,466;BR-101/RJ;Norte;Colisão Frontal;2;;;;;;;;;;0;1;1;2;
13/08/2013;07:02:00;16;com vítima;53;BR-101/RJ;Sul;Colisão Traseira;;;1;1;;;;;;;1;1;;;
17/08/2013;05:36:00;32;com vítima;53,735;BR-101/RJ;Norte;Saida de Pista;1;;;;;1;;;;;2;3;;;
29/09/2013;14:17:00;81;com vítima;53,353;BR-101/RJ;Norte;Queda de Moto;;;;1;;;;;;;0;;1;;
11/02/2014;09:37:00;75;sem vítima;53;BR-101/RJ;Sul;Atropelamento de Animal;;;1;;;;;;;;1;;;;
21/04/2014;15:27:00;107;com vítima;53;BR-101/RJ;Norte;Colisão Lateral;2;;;;;;;;;;3;;2;;
27/04/2014;04:14:00;13;sem vítima;53;BR-101/RJ;Norte;Saida de Pista;1;;;;;;;;;;1;;;;
15/05/2014;06:48:00;40;com vítima;53,667;BR-101/RJ;Sul;Saida de Pista;;;1;;;;;;;;1;1;;;
19/05/2014;07:50:00;54;com vítima;53,2;BR-101/RJ;Norte;Colisão Frontal;2;;;;;;;;;;0;;1;1;
25/05/2014;11:15:00;79;com vítima;53;BR-101/RJ;Norte;Colisão Lateral;1;;;1;;;;;;;0;2;;1;
29/05/2014;19:23:00;183;com vítima;53,07;BR-101/RJ;Norte;Colisão Frontal;;;;1;;1;;;;;1;;1;;
23/07/2014;06:31:00;23;com vítima;53;BR-101/RJ;Norte;Queda de Moto;;;;1;;;;;;;0;;1;;
16/08/2014;18:07:00;102;com vítima;53,1;BR-101/RJ;Norte;Colisão Transversal;2;;;;;;;;;;4;1;;;
06/09/2014;20:56:00;162;com vítima;53;BR-101/RJ;Sul;Colisão Transversal;;;1;1;;;;;;;2;;1;;
05/10/2014;23:01:00;149;sem vítima;53;BR-101/RJ;Sul;Atropelamento de Animal;1;;;;;;;;;;2;;;;
11/10/2014;15:29:00;142;sem vítima;53;BR-101/RJ;Norte;Engavetamento;2;;;;;;;;;1;6;;;;
03/02/2015;20:30:00;169;sem vítima;53;BR-101/RJ;Norte;Colisão Lateral;1;;;;;1;;;;;2;0;0;0;0
23/06/2015;14:02:00;109;com vítima;53,475;BR-101/RJ;Norte;Atropelamento - Ciclista;1;1;;;;;;;;;2;;;;1
25/06/2015;18:46:00;174;com vítima;53,18;BR-101/RJ;Norte;Outros - Sequência;1;;;;;;;;;;0;1;1;;1
26/07/2015;16:10:00;101;com vítima;53;BR-101/RJ;Norte;Queda de Moto;;;;1;;;;;;;0;2;;;
02/10/2015;07:40:00;40;com vítima;53;BR-101/RJ;Sul;Colisão Lateral;;;;2;;;;;;;0;2;;;
07/03/2010;23:39:00;195;com vítima;54;BR-101/RJ;Sul;Queda de Moto;;;;1;;;;;;;0;1;;;
26/03/2010;18:35:00;166;com vítima;54;BR-101/RJ;Sul;Queda de Moto;;;;1;;;;;;;0;1;;;
19/04/2010;22:03:00;226;com vítima;54;BR-101/RJ;Sul;Saida de Pista;1;;;;;;;;;;0;2;;;
03/05/2010;00:35:00;2;com vítima;54;BR-101/RJ;Sul;Queda de Moto;;;;1;;;;;;;0;;1;;
06/06/2010;17:21:00;122;sem vítima;54;BR-101/RJ;Norte;Saida de Pista;1;;;;;;;;;;4;;;;
03/07/2010;05:51:00;15;com vítima;54;BR-101/RJ;Norte;Colisão Frontal;1;;1;;;;;;;;1;;1;1;
09/08/2010;02:45:00;8;com vítima;54;BR-101/RJ;Sul;Capotamento;1;;;;;;;;;;1;1;;;1
05/09/2010;05:55:00;25;com vítima;54;BR-101/RJ;Sul;Colisão Traseira;2;;;;;;;;;;3;1;2;;
30/11/2010;18:00:00;154;com vítima;54;BR-101/RJ;Norte;Atropelamento - Ciclista;;1;;;;1;;;;;1;1;;;
15/02/2011;19:37:00;171;sem vítima;54;BR-101/RJ;Norte;Colisão Transversal;;;;;1;1;;;;;2;;;;
03/03/2011;17:46:00;162;com vítima;61;BR-101/RJ;Sul;Colisão Lateral;2;;;;;;;;;;1;2;2;;
18/06/2011;04:46:00;19;sem vítima;54;BR-101/RJ;Sul;Colisão Traseira;2;;;;;;;;;;3;;;;
13/08/2011;17:30:00;170;sem vítima;54;BR-101/RJ;Sul;Saida de Pista;1;;;;;;;;;;1;;;;
14/08/2011;03:16:00;14;com vítima;54;BR-101/RJ;Norte;Queda de Moto;;;;2;;;;;;;1;1;1;1;
05/10/2011;17:14:00;126;com vítima;54;BR-101/RJ;Sul;Queda de Moto;;;;1;1;;;;;;1;1;;;
08/10/2011;02:51:00;18;com vítima;54,5;BR-101/RJ;Norte;Queda de Moto;;;;1;;;;;;;0;;1;;1
13/10/2011;14:05:00;118;com vítima;54;BR-101/RJ;Sul;Colisão Transversal;2;;;;;;;;;;2;1;;;
21/10/2011;17:25:00;136;com vítima;54;BR-101/RJ;Norte;Colisão Lateral;1;;;1;;;;;;;1;;1;;
22/10/2011;08:49:00;42;com vítima;54;BR-101/RJ;Sul;Colisão Frontal;1;;;;;;;;;1;0;6;1;;
29/12/2011;09:50:00;71;sem vítima;54;BR-101/RJ;Norte;Colisão Lateral;2;;;;;;;;;;2;;;;
10/02/2012;07:57:00;47;sem vítima;54;BR-101/RJ;Sul;Colisão Lateral;1;;;;;1;;;;;2;;;;
18/03/2012;10:29:00;58;com vítima;54;BR-101/RJ;Sul;Colisão Transversal;;;1;1;;;;;;;1;;1;;
25/03/2012;00:47:00;5;com vítima;54;BR-101/RJ;Norte;Atropelamento - Morador;;;;;;1;;;;;1;;1;;
14/04/2012;08:26:00;41;sem vítima;54,2;BR-101/RJ;Norte;Colisão Lateral;1;;1;;;;;;;;3;;;;
10/06/2012;16:19:00;134;sem vítima;54;BR-101/RJ;Sul;Colisão Traseira;2;;;;;;;;;;4;;;;
10/06/2012;18:30:00;166;sem vítima;54;BR-101/RJ;Norte;Colisão Lateral;1;;;;1;;;;;;12;;;;
28/06/2012;09:02:00;63;sem vítima;54,6;BR-101/RJ;Norte;Colisão Traseira;;;2;;;;;;;;2;;;;
18/09/2012;00:02:00;1;com vítima;54,375;BR-101/RJ;Norte;Colisão Frontal;;;2;;;;;;;;0;;2;;
27/10/2012;20:33:00;196;com vítima;54,8;BR-101/RJ;Sul;Colisão Transversal;;;;1;;1;;;;;1;;;;1
29/11/2012;19:54:00;181;sem vítima;54;BR-101/RJ;Norte;Colisão Lateral;;;1;;;;;;;1;4;;;;
20/01/2013;16:58:00;136;com vítima;54;BR-101/RJ;Sul;Engavetamento;2;;1;;;;;;;;3;2;1;;
21/01/2013;16:12:00;149;com vítima;54,457;BR-101/RJ;Sul;Colisão Lateral;1;;;1;;;;;;;1;1;;;
10/03/2013;17:47:00;138;com vítima;54;BR-101/RJ;Norte;Colisão Traseira;;;;1;;1;;;;;1;;;1;
19/03/2013;08:30:00;47;com vítima;54,95;BR-101/RJ;Norte;Saida de Pista;1;;;;;;;;;;1;;1;;1
25/06/2013;03:09:00;15;com vítima;54,97;BR-101/RJ;Sul;Colisão Frontal;2;;;;;;;;;;0;6;;;
20/07/2013;19:19:00;191;sem vítima;54;BR-101/RJ;Norte;Outros - Sequência;1;;;2;;;;;;;3;;;;
22/07/2013;16:18:00;127;sem vítima;54;BR-101/RJ;Sul;Tombamento;1;;1;;;;;;;;2;;;;
16/08/2013;11:19:00;90;com vítima;54,28;BR-101/RJ;Sul;Atropelamento - Ciclista;1;1;;;;;;;;;1;;1;;
20/11/2013;19:29:00;127;com vítima;54,15;BR-101/RJ;Sul;Colisão Lateral;2;;;;;;;;;;0;2;;;
30/11/2013;16:32:00;157;com vítima;54;BR-101/RJ;Norte;Colisão Traseira;2;;;;;;;;;;2;;1;;1
25/12/2013;11:43:00;63;com vítima;54;BR-101/RJ;Sul;Queda de Moto;;;;1;;;;;;;0;1;1;;
27/01/2014;11:47:00;99;com vítima;54,259;BR-101/RJ;Sul;Capotamento;1;;;;;;;;;1;3;2;;1;
18/02/2014;07:40:00;45;com vítima;54;BR-101/RJ;Sul;Queda de Moto;;;;1;;;;;;;0;2;;;
25/02/2014;06:41:00;40;com vítima;54,94;BR-101/RJ;Sul;Colisão Transversal;;;;2;;;;;;;0;;2;;
15/03/2014;10:11:00;85;com vítima;54;BR-101/RJ;Norte;Choque - Defensa, barreira ou "submarino";1;;;;;;;;;;1;2;;;
21/03/2014;20:21:00;199;sem vítima;54;BR-101/RJ;Norte;Colisão Traseira;2;;;;;;;;;;5;;;;
24/03/2014;06:35:00;22;com vítima;54,144;BR-101/RJ;Sul;Colisão Transversal;1;;1;;1;;;;;;2;2;;;
26/03/2014;03:07:00;17;sem vítima;54;BR-101/RJ;Norte;Saida de Pista;1;;;;;;;;;;3;;;;
26/03/2014;06:18:00;25;com vítima;54;BR-101/RJ;Sul;Colisão Traseira;;;;1;;1;;;;;1;1;;;
03/04/2014;05:05:00;20;sem vítima;54,4;BR-101/RJ;Sul;Saida de Pista;1;;;;;;;;;;1;;;;
02/09/2014;10:00:00;73;com vítima;54;BR-101/RJ;Norte;Queda de Moto;;;;1;;;;;;;0;1;1;;
11/10/2014;18:39:00;180;com vítima;54,612;BR-101/RJ;Norte;Colisão Traseira;;;;1;;1;;;;;1;1;;;
26/11/2014;19:34:00;166;com vítima;54;BR-101/RJ;Norte;Atropelamento - Andarilho;;;;1;;;;;;;0;1;;1;
24/12/2014;12:26:00;92;sem vítima;54;BR-101/RJ;Norte;Colisão Traseira;2;;;;;1;;;;;7;;;;
16/01/2015;01:44:00;6;com vítima;54,592;BR-101/RJ;Norte;Atropelamento de Animal;1;;;;;;;;;;0;4;;;
16/01/2015;01:44:00;9;com vítima;54,592;BR-101/RJ;Norte;Colisão Traseira;1;;1;;;;;;;;1;;2;;
13/02/2015;20:48:00;222;com vítima;54;BR-101/RJ;Norte;Atropelamento - Outros;;;;;;;;;;1;0;1;0;1;0
20/03/2015;22:38:00;179;com vítima;54;BR-101/RJ;Sul;Colisão Transversal;;;;2;;;;;;;0;0;2;0;0
22/05/2015;08:04:00;62;com vítima;54,065;BR-101/RJ;Sul;Colisão Traseira;;;2;;;;;;;;0;4;;;
26/05/2015;22:54:00;195;sem vítima;54,3;BR-101/RJ;Sul;Saida de Pista;1;;;;;;;;;;1;;;;
14/06/2015;04:55:00;20;sem vítima;54,235;BR-101/RJ;Sul;Saida de Pista;1;;;;;;;;;;5;;;;
06/08/2015;22:28:00;200;sem vítima;54;BR-101/RJ;Norte;Colisão Traseira;2;;;;;;;;;;2;;;;
08/08/2015;00:46:00;6;sem vítima;54;BR-101/RJ;Norte;Colisão Lateral;;;1;;1;;;;;;2;;;;
25/09/2015;16:18:00;182;com vítima;54;BR-101/RJ;Norte;Colisão Traseira;1;;;1;;;;;;;0;3;;;
20/11/2015;05:33:00;37;com vítima;54;BR-101/RJ;Sul;Choque - Defensa, barreira ou "submarino";1;;;;;1;;;;;2;1;;;
25/12/2015;05:21:00;19;com vítima;54,2;BR-101/RJ;Norte;Colisão Frontal;2;;;;;;;;;;1;2;3;;
31/01/2010;02:33:00;18;sem vítima;55;BR-101/RJ;Norte;Colisão Lateral;1;;1;;;;;;;1;8;;;;
05/03/2010;22:33:00;193;com vítima;55,5;BR-101/RJ;Norte;Atropelamento - Outros;1;;;1;;;;;;;1;;;;1
14/03/2010;19:59:00;185;com vítima;55;BR-101/RJ;Norte;Atropelamento - Morador;;;;1;;;;;;;0;3;;;
20/03/2010;03:54:00;17;sem vítima;55;BR-101/RJ;Sul;Colisão Lateral;1;;;;;1;;;;;2;;;;
10/04/2010;18:51:00;157;com vítima;55;BR-101/RJ;Sul;Atropelamento - Morador;;;;;;2;;;;;2;;;;1
18/04/2010;01:36:00;7;com vítima;55;BR-101/RJ;Norte;Colisão Frontal;1;;1;;;1;;;;;2;4;;;
10/05/2010;17:25:00;157;com vítima;55;BR-101/RJ;Norte;Colisão Traseira;1;;1;;;;;;;;1;1;1;;
13/05/2010;14:11:00;88;sem vítima;55;BR-101/RJ;Norte;Colisão Lateral;1;;;1;;;;;;;2;;;;
12/06/2010;13:42:00;105;com vítima;55;BR-101/RJ;Norte;Colisão Traseira;;;1;1;;;;;;;1;;;1;1
13/08/2010;01:18:00;3;sem vítima;55;BR-101/RJ;Sul;Colisão Traseira;1;;;;;;;;;;1;;;;
03/10/2010;14:03:00;82;sem vítima;55;BR-101/RJ;Sul;Colisão Transversal;2;;;;;;;;;;2;;;;
16/11/2010;16:12:00;147;com vítima;55;BR-101/RJ;Sul;Atropelamento - Morador;;;1;;;;;;;;3;;1;;
08/01/2011;20:47:00;242;com vítima;55;BR-101/RJ;Norte;Atropelamento - Morador;;;;;;1;;;;;1;;1;;
04/02/2011;05:52:00;20;sem vítima;55;BR-101/RJ;Norte;Colisão Traseira;1;;1;;;;;;;;3;;;;
09/02/2011;00:09:00;1;com vítima;55;BR-101/RJ;Norte;Colisão Frontal;1;;1;;;;;;;;1;;;;1
15/02/2011;08:51:00;48;com vítima;55;BR-101/RJ;Sul;Atropelamento - Morador;1;;;;;;;;;;1;;;1;
20/02/2011;02:45:00;16;com vítima;55;BR-101/RJ;Sul;Colisão Frontal;2;;;;;;;;;;0;;3;1;1
03/03/2011;18:26:00;169;sem vítima;313;BR-101/RJ;Norte;Colisão Traseira;2;;;;;;;;;;5;;;;
11/05/2011;11:22:00;70;sem vítima;55;BR-101/RJ;Norte;Colisão Lateral;;;;1;1;;;;;;3;;;;
16/05/2011;17:39:00;133;com vítima;55;BR-101/RJ;Sul;Colisão Transversal;2;;;;;;;;;;4;;1;;
19/06/2011;09:03:00;41;com vítima;55;BR-101/RJ;Sul;Colisão Lateral;1;;;1;;;;;;;1;;1;;
13/08/2011;19:36:00;193;com vítima;55;BR-101/RJ;Norte;Colisão Lateral;1;;;;;1;;;;;1;1;;;
28/08/2011;01:48:00;14;com vítima;55,5;BR-101/RJ;Norte;Colisão Traseira;2;;;;;;;;;;2;2;1;;
02/10/2011;16:20:00;129;com vítima;55;BR-101/RJ;Norte;Atropelamento - Morador;1;;;;;;;;;;2;1;;;
30/10/2011;02:21:00;13;sem vítima;55,20000076293945;BR-101/RJ;Sul;Atropelamento de Animal;;;;;;2;;;;;2;;;;
24/12/2011;07:27:00;46;sem vítima;55,79999923706055;BR-101/RJ;Sul;Colisão Lateral;2;;;;;;;;;;2;;;;
31/01/2012;12:42:00;83;sem vítima;55,556;BR-101/RJ;Sul;Saida de Pista;;;;;1;;;;;;2;;;;
12/03/2012;03:07:00;15;com vítima;55;BR-101/RJ;Norte;Choque - Arvore;1;;;;;;;;;;0;;;;1
17/03/2012;03:59:00;16;com vítima;55;BR-101/RJ;Sul;Queda de Moto;;;;1;;1;;;;;1;;;;1
26/05/2012;11:34:00;88;com vítima;55,4;BR-101/RJ;Norte;Atropelamento - Sem Informação;;;;;;1;;;;;1;;;1;
23/06/2012;19:43:00;139;com vítima;55,5;BR-101/RJ;Norte;Colisão Traseira;1;;;1;;;;;;;1;;1;;
27/07/2012;13:06:00;103;com vítima;55;BR-101/RJ;Norte;Colisão Transversal;;;;1;;;;;;1;1;;1;;
03/08/2012;05:50:00;12;sem vítima;55;BR-101/RJ;Norte;Saida de Pista;;;1;;;;;;;;1;;;;
24/08/2012;05:04:00;15;com vítima;55,05;BR-101/RJ;Sul;Colisão Transversal;;;;1;;;;;;1;2;;;;1
22/09/2012;06:15:00;47;com vítima;55,628;BR-101/RJ;Sul;Tombamento;;;2;;;;;;;;1;1;;;
03/11/2012;07:14:00;27;com vítima;55;BR-101/RJ;Norte;Colisão Transversal;1;;1;;;;;;;;1;;1;;
28/11/2012;20:31:00;173;sem vítima;55;BR-101/RJ;Norte;Queda de Moto;;;;1;;;;;;;1;;;;
20/01/2013;16:09:00;129;com vítima;55;BR-101/RJ;Norte;Colisão Lateral;1;;;1;;;;;;;4;1;;;
03/02/2013;02:47:00;18;sem vítima;55;BR-101/RJ;Norte;Colisão Lateral;2;;;;;;;;;;3;;;;
09/02/2013;15:58:00;243;com vítima;55;BR-101/RJ;Norte;Colisão Traseira;;;;1;;;;;;1;1;;1;;
12/02/2013;21:42:00;208;com vítima;55;BR-101/RJ;Norte;Colisão Frontal;1;;;;;;;;;1;3;1;;;
24/02/2013;23:49:00;198;com vítima;55,5;BR-101/RJ;Norte;Colisão Transversal;1;;;1;;;;;;;0;;2;;1
20/04/2013;23:36:00;179;sem vítima;55;BR-101/RJ;Norte;Colisão Traseira;1;;;1;;;;;;;3;;;;
24/04/2013;01:18:00;5;com vítima;55,6;BR-101/RJ;Sul;Atropelamento - Ciclista;1;1;;;;;;;;;1;;;1;
27/05/2013;17:22:00;151;com vítima;55;BR-101/RJ;Norte;Colisão Traseira;1;;;1;;;;;;;1;;1;;
08/06/2013;23:47:00;195;com vítima;55;BR-101/RJ;Norte;Atropelamento - Morador;;;;1;;;;;;;0;;2;;