data;horario;n_da_ocorrencia;tipo_de_ocorrencia;km;trecho;sentido;tipo_de_acidente;automovel;bicicleta;caminhao;moto;onibus;outros;tracao_animal;transporte_de_cargas_especiais;trator_maquinas;utilitarios;ilesos;levemente_feridos;moderadamente_feridos;gravemente_feridos;mortos
25/12/2015;20:46:00;170;sem vítima;57;BR-101/RJ;Norte;Colisão Transversal;2;;;;;;;;;;8;;;;
16/01/2010;17:23:00;152;com vítima;58;BR-101/RJ;Sul;Colisão Lateral;1;;1;;;;;;;;1;2;;;
06/02/2010;15:54:00;160;sem vítima;58,5;BR-101/RJ;Sul;Colisão Traseira;2;;;;;;;;;;4;;;;
07/02/2010;21:16:00;211;com vítima;58;BR-101/RJ;Sul;Colisão Lateral;1;;;1;;;;;;;3;1;;;
15/02/2010;09:20:00;46;com vítima;58;BR-101/RJ;Norte;Colisão Lateral;1;;;1;;;;;;;4;1;;;
17/02/2010;11:14:00;109;sem vítima;58,5;BR-101/RJ;Sul;Engavetamento;4;;;;;;;;;;10;;;;
12/03/2010;14:06:00;105;com vítima;58;BR-101/RJ;Norte;Colisão Lateral;;;;1;;;;;;1;1;;1;;
13/03/2010;00:09:00;1;com vítima;58;BR-101/RJ;Norte;Atropelamento - Ciclista;;1;;1;;;;;;;1;;1;;
04/04/2010;15:38:00;125;com vítima;58;BR-101/RJ;Sul;Colisão Frontal;1;;;1;;;;;;;1;1;2;;
19/04/2010;16:28:00;135;com vítima;58;BR-101/RJ;Sul;Colisão Lateral;1;;;1;;;;;;;1;;1;;
20/04/2010;05:18:00;24;com vítima;58;BR-101/RJ;Sul;Colisão Frontal;1;;;1;;;;;;;0;1;;1;
17/05/2010;03:35:00;18;com vítima;58;BR-101/RJ;Norte;Colisão Frontal;1;;1;;;;;;;;1;1;1;2;2
05/06/2010;17:56:00;131;com vítima;58;BR-101/RJ;Norte;Colisão Lateral;1;;;1;;;;;;;2;1;;;
09/06/2010;11:22:00;83;com vítima;58;BR-101/RJ;Sul;Choque - Arvore;;;;1;;;;;;;0;;1;;
12/06/2010;04:18:00;22;sem vítima;58;BR-101/RJ;Norte;Colisão Lateral;2;;;;;;;;;;3;;;;
07/07/2010;18:03:00;128;com vítima;58;BR-101/RJ;Norte;Colisão Lateral;;1;;;;1;;;;;1;1;;;
08/07/2010;10:33:00;55;sem vítima;58;BR-101/RJ;Norte;Choque - Outros;1;;1;;;;;;;;2;;;;
09/07/2010;02:49:00;11;com vítima;58;BR-101/RJ;Norte;Colisão Frontal;1;;1;;;;;;;;1;;;1;1
16/07/2010;10:58:00;80;sem vítima;58;BR-101/RJ;Sul;Colisão Traseira;1;;;;;1;;;;;2;;;;
17/07/2010;18:32:00;192;com vítima;58;BR-101/RJ;Sul;Atropelamento - Morador;;;;;;1;;;;;1;;;1;
25/07/2010;17:00:00;117;sem vítima;58;BR-101/RJ;Norte;Engavetamento;3;;;;;;;;;;3;;;;
31/07/2010;19:59:00;206;com vítima;58;BR-101/RJ;Norte;Colisão Traseira;1;;;;;;;;;1;1;;1;;
18/08/2010;17:51:00;132;sem vítima;58;BR-101/RJ;Sul;Colisão Traseira;;;2;;;;;;;;2;;;;
22/08/2010;03:58:00;14;sem vítima;58;BR-101/RJ;Sul;Atropelamento de Animal;1;;;;;;;;;;1;;;;
15/09/2010;01:03:00;5;com vítima;58;BR-101/RJ;Norte;Colisão Frontal;;;;1;;1;;;;;1;;1;;
15/09/2010;15:22:00;132;sem vítima;58;BR-101/RJ;Sul;Engavetamento;3;;;;;;;;;;4;;;;
20/09/2010;18:19:00;146;sem vítima;58;BR-101/RJ;Norte;Colisão Lateral;1;;;;;2;;;;;4;;;;
20/10/2010;07:49:00;42;sem vítima;58;BR-101/RJ;Norte;Colisão Traseira;1;;1;;;;;;;;2;;;;
01/11/2010;01:26:00;10;sem vítima;58;BR-101/RJ;Sul;Colisão Lateral;1;;;;1;;;;;;4;;;;
10/11/2010;17:50:00;129;com vítima;58;BR-101/RJ;Sul;Atropelamento - Morador;1;;;;;;;;;;1;;1;;
20/11/2010;19:53:00;191;com vítima;58;BR-101/RJ;Norte;Atropelamento - Ciclista;;1;;;;1;;;;;1;;;;1
13/12/2010;21:19:00;219;com vítima;58;BR-101/RJ;Norte;Queda de Moto;;;;1;;;;;;;0;2;;;
15/12/2010;08:45:00;58;sem vítima;58;BR-101/RJ;Sul;Colisão Traseira;3;;;;;;;;;;3;;;;
16/12/2010;16:56:00;176;com vítima;58,5;BR-101/RJ;Sul;Colisão Traseira;;;1;1;;;;;;;1;;;;1
01/01/2011;19:38:00;143;com vítima;58,5;BR-101/RJ;Sul;Colisão Lateral;;;;1;1;;;;;;1;1;;;
25/02/2011;03:49:00;26;sem vítima;58;BR-101/RJ;Sul;Queda de Moto;;;;1;;;;;;;1;;;;
03/03/2011;23:55:00;226;sem vítima;285;BR-101/RJ;Norte;Colisão Traseira;1;;1;;;;;;;;2;;;;
12/05/2011;08:18:00;47;sem vítima;58;BR-101/RJ;Sul;Colisão Lateral;1;;;;;1;;;;;2;;;;
22/05/2011;03:59:00;16;com vítima;58;BR-101/RJ;Sul;Queda de Moto;;;;1;;;;;;;1;;1;;
27/05/2011;07:48:00;37;com vítima;58;BR-101/RJ;Sul;Atropelamento - Usuário;;;;;1;;;;;;1;;1;;
18/06/2011;03:35:00;13;com vítima;58;BR-101/RJ;Sul;Colisão Frontal;2;;;;;;;;;;0;;4;;
30/06/2011;12:35:00;65;com vítima;58,79999923706055;BR-101/RJ;Sul;Atropelamento - Ciclista;;1;;1;;;;;;;0;;2;;
10/08/2011;18:01:00;139;com vítima;58;BR-101/RJ;Sul;Atropelamento - Andarilho;;;;1;;;;;;;1;;;1;
14/08/2011;05:53:00;22;com vítima;58;BR-101/RJ;Norte;Colisão Lateral;2;;;;;;;;;;3;3;;;
31/08/2011;08:35:00;38;sem vítima;58;BR-101/RJ;Norte;Tombamento;;;1;;;;;;;;2;;;;
10/09/2011;05:08:00;25;sem vítima;58;BR-101/RJ;Sul;Colisão Traseira;2;;;;;;;;;;2;;;;
17/09/2011;20:56:00;190;com vítima;58,29999923706055;BR-101/RJ;Sul;Colisão Frontal;;;;1;;1;;;;;1;;;;1
19/09/2011;23:31:00;208;sem vítima;58,900001525878906;BR-101/RJ;Sul;Colisão Traseira;;;2;;;;;;;;2;;;;
20/09/2011;11:06:00;65;sem vítima;58,5;BR-101/RJ;Sul;Colisão Traseira;1;;;;;1;;;;;2;;;;
11/10/2011;17:07:00;145;sem vítima;58;BR-101/RJ;Norte;Colisão Lateral;1;;;;;;;;;1;2;;;;
16/10/2011;00:29:00;3;com vítima;58,70000076293945;BR-101/RJ;Sul;Colisão Traseira;;;;1;;1;;;;;1;;1;1;
09/11/2011;15:37:00;113;com vítima;58;BR-101/RJ;Sul;Atropelamento - Andarilho;;;1;;;;;;;;1;;;1;
15/11/2011;13:05:00;84;com vítima;58;BR-101/RJ;Sul;Colisão Traseira;1;;;1;;;;;;;2;2;;;
16/11/2011;08:38:00;42;sem vítima;58;BR-101/RJ;Norte;Colisão Traseira;2;;;;;1;;;;;4;;;;
17/11/2011;11:19:00;71;sem vítima;58;BR-101/RJ;Sul;Colisão Traseira;2;;;;;;;;;;3;;;;
17/11/2011;16:11:00;111;sem vítima;58;BR-101/RJ;Norte;Engavetamento;1;;;;;2;;;;;3;;;;
18/11/2011;19:00:00;130;com vítima;58;BR-101/RJ;Norte;Colisão Traseira;1;;;2;;;;;;;1;;2;;
29/11/2011;11:41:00;86;sem vítima;58;BR-101/RJ;Sul;Colisão Traseira;1;;;;;;;;;1;3;;;;
03/12/2011;13:23:00;103;sem vítima;58,099998474121094;BR-101/RJ;Norte;Colisão Traseira;2;;;;;;;;;1;8;;;;
03/12/2011;20:39:00;162;sem vítima;58,70000076293945;BR-101/RJ;Sul;Atropelamento de Animal;;;;;;2;;;;;2;;;;
04/12/2011;20:08:00;147;com vítima;58;BR-101/RJ;Sul;Colisão Traseira;1;;1;;;;;;;;1;;;1;
13/12/2011;15:53:00;143;sem vítima;58;BR-101/RJ;Norte;Colisão Traseira;1;;1;;;;;;;;2;;;;
18/12/2011;20:23:00;145;com vítima;58;BR-101/RJ;Norte;Colisão Lateral;1;;1;;;;;;;;1;7;1;;
30/12/2011;20:58:00;188;com vítima;58;BR-101/RJ;Sul;Colisão Transversal;1;;;1;;;;;;;2;;1;;
01/01/2012;20:08:00;167;com vítima;58;BR-101/RJ;Sul;Engavetamento;1;;;;;1;;;;1;2;1;;;
07/01/2012;06:10:00;21;com vítima;58;BR-101/RJ;Norte;Saida de Pista;1;;;;;;;;;;0;;1;;
10/01/2012;10:56:00;94;sem vítima;58;BR-101/RJ;Sul;Colisão Traseira;1;;;;1;;;;;;3;;;;
15/01/2012;00:17:00;1;com vítima;58;BR-101/RJ;Norte;Queda de Moto;;;;1;;;;;;;0;;;;1
16/01/2012;12:25:00;103;sem vítima;58;BR-101/RJ;Sul;Engavetamento;2;;1;;;1;;;;;6;;;;
17/01/2012;20:14:00;189;com vítima;58;BR-101/RJ;Sul;Colisão Lateral;;;;1;;1;;;;;1;1;;;
21/01/2012;10:24:00;58;sem vítima;58;BR-101/RJ;Sul;Colisão Traseira;1;;1;;;;;;;;4;;;;
26/01/2012;06:24:00;21;sem vítima;58,6;BR-101/RJ;Sul;Engavetamento;;;2;;;1;;;;;3;;;;
27/01/2012;16:39:00;119;com vítima;58;BR-101/RJ;Norte;Colisão Traseira;;;1;1;;;;;;;1;1;;;
30/01/2012;10:06:00;80;sem vítima;58,69;BR-101/RJ;Sul;Colisão Traseira;2;;;;;;;;;;5;;;;
06/02/2012;09:33:00;68;sem vítima;58,3;BR-101/RJ;Sul;Engavetamento;4;;;;;;;;;;14;;;;
12/02/2012;16:39:00;123;sem vítima;58;BR-101/RJ;Sul;Colisão Traseira;1;;;;1;;;;;;2;;;;
22/02/2012;11:51:00;79;sem vítima;58,8;BR-101/RJ;Sul;Engavetamento;3;;;;;;;;;;8;;;;
13/03/2012;08:26:00;52;com vítima;58,4;BR-101/RJ;Norte;Colisão Transversal;;;1;1;;;;;;;1;1;;;
24/03/2012;20:36:00;176;com vítima;58;BR-101/RJ;Sul;Colisão Lateral;1;;;;;1;;;;;1;1;;;
31/03/2012;19:47:00;145;sem vítima;58;BR-101/RJ;Norte;Colisão Traseira;2;;;;;;;;;;6;;;;
06/04/2012;02:07:00;13;sem vítima;58;BR-101/RJ;Norte;Colisão Traseira;4;;;;;;;;;;10;;;;
07/04/2012;12:47:00;66;sem vítima;58;BR-101/RJ;Sul;Colisão Traseira;2;;;;;;;;;;2;;;;
12/04/2012;08:52:00;59;com vítima;58,8;BR-101/RJ;Norte;Atropelamento - Morador;1;;;;;;;;;;1;;1;;
21/05/2012;15:49:00;132;sem vítima;58;BR-101/RJ;Norte;Colisão Lateral;1;;;;;;;;;1;2;;;;
02/06/2012;00:41:00;6;sem vítima;58;BR-101/RJ;Norte;Colisão Lateral;2;;;;;;;;;;2;;;;
20/06/2012;04:49:00;26;sem vítima;58,8;BR-101/RJ;Norte;Colisão Traseira;;;2;;;;;;;;2;;;;
16/07/2012;17:59:00;152;sem vítima;58;BR-101/RJ;Norte;Colisão Transversal;2;;;;;;;;;;2;;;;
21/07/2012;14:05:00;110;sem vítima;58;BR-101/RJ;Sul;Colisão Traseira;2;;;;;;;;;;2;;;;
31/07/2012;18:11:00;136;com vítima;58;BR-101/RJ;Norte;Atropelamento - Andarilho;;;;;;1;;;;;1;;1;;
04/08/2012;17:49:00;156;com vítima;58,5;BR-101/RJ;Norte;Colisão Transversal;;;;1;1;;;;;;2;1;;;
06/08/2012;20:07:00;163;sem vítima;58;BR-101/RJ;Norte;Colisão Traseira;2;;;;;;;;;;5;;;;
08/08/2012;11:34:00;80;sem vítima;58;BR-101/RJ;Norte;Colisão Transversal;1;;;1;;;;;;;2;;;;
14/08/2012;12:08:00;102;sem vítima;58,986;BR-101/RJ;Norte;Colisão Traseira;;;1;;1;;;;;;6;;;;
11/09/2012;09:21:00;55;sem vítima;58;BR-101/RJ;Norte;Colisão Traseira;2;;;;;;;;;;3;;;;
16/09/2012;16:19:00;128;sem vítima;58;BR-101/RJ;Sul;Colisão Traseira;1;;2;;;;;;;;5;;;;
27/09/2012;17:56:00;162;sem vítima;58,8;BR-101/RJ;Sul;Colisão Traseira;1;;1;;;;;;;;4;;;;
30/09/2012;20:48:00;166;com vítima;58,5;BR-101/RJ;Norte;Colisão Lateral;;;;1;;1;;;;;1;;1;1;
28/10/2012;20:10:00;172;sem vítima;58;BR-101/RJ;Norte;Engavetamento;3;;;;;;;;;2;8;;;;
06/12/2012;11:32:00;101;sem vítima;58;BR-101/RJ;Sul;Colisão Traseira;2;;;;;;;;;;2;;;;
09/12/2012;19:23:00;167;sem vítima;58;BR-101/RJ;Norte;Colisão Traseira;2;;;;;;;;;;2;;;;
15/01/2013;08:47:00;46;com vítima;58,42;BR-101/RJ;Sul;Colisão Frontal;;;;2;;;;;;;2;1;;;
19/01/2013;20:38:00;192;sem vítima;58;BR-101/RJ;Sul;Colisão Traseira;;;1;;1;;;;;;3;;;;
25/01/2013;21:15:00;214;sem vítima;58,5;BR-101/RJ;Sul;Colisão Traseira;1;;1;;;;;;;;3;;;;
17/02/2013;16:48:00;143;sem vítima;58;BR-101/RJ;Sul;Engavetamento;4;;;;;;;;;;8;;;;
18/02/2013;08:54:00;74;sem vítima;58,03;BR-101/RJ;Sul;Colisão Traseira;2;;;;;1;;;;;5;;;;
03/03/2013;13:00:00;76;com vítima;58;BR-101/RJ;Sul;Choque - Arvore;;;1;;;;;;;1;2;;1;;
15/03/2013;20:40:00;183;com vítima;58,3;BR-101/RJ;Norte;Colisão Frontal;2;;;;;;;;;;2;;1;;
21/03/2013;12:06:00;107;sem vítima;58;BR-101/RJ;Norte;Colisão Transversal;;;1;;;1;;;;;2;;;;
01/04/2013;09:00:00;71;sem vítima;58;BR-101/RJ;Sul;Colisão Traseira;1;;;;;1;;;;;3;;;;
05/04/2013;15:22:00;114;com vítima;58,22;BR-101/RJ;Norte;Colisão Traseira;1;;1;;;;;;;;3;1;;;
01/05/2013;20:08:00;127;com vítima;58;BR-101/RJ;Sul;Colisão Traseira;2;;;;;;;;;;0;2;;;
03/05/2013;19:32:00;169;com vítima;58;BR-101/RJ;Norte;Atropelamento - Morador;;;;1;;;;;;;0;1;1;1;
10/05/2013;13:30:00;87;com vítima;58;BR-101/RJ;Norte;Colisão Lateral;;;;1;1;;;;;;2;;1;;
11/05/2013;20:25:00;178;com vítima;58;BR-101/RJ;Sul;Colisão Transversal;1;;;1;;;;;;;1;;1;;
15/05/2013;17:19:00;128;sem vítima;58,868;BR-101/RJ;Norte;Colisão Transversal;1;;;;;1;;;;;2;;;;
20/05/2013;13:37:00;87;sem vítima;58;BR-101/RJ;Sul;Colisão Traseira;2;;;;;;;;;;5;;;;
21/05/2013;11:42:00;87;sem vítima;58;BR-101/RJ;Sul;Colisão Traseira;1;;;;;1;;;;;2;;;;
21/05/2013;22:18:00;166;sem vítima;58;BR-101/RJ;Norte;Engavetamento;3;;;;;;;;;;6;;;;
02/06/2013;02:06:00;16;sem vítima;58,184;BR-101/RJ;Sul;Colisão Traseira;1;;;;;1;;;;;2;;;;
16/06/2013;18:46:00;134;com vítima;58,418;BR-101/RJ;Sul;Queda de Moto;;;;1;;1;;;;;1;;;1;
27/07/2013;20:32:00;157;com vítima;58,182;BR-101/RJ;Sul;Choque - Outros;1;;1;;;;;;;;1;1;;;
27/07/2013;06:08:00;28;com vítima;58,237;BR-101/RJ;Sul;Colisão Frontal;1;;1;;;;;;;;1;3;;1;
03/08/2013;11:02:00;75;sem vítima;58;BR-101/RJ;Sul;Colisão Traseira;2;;;;;;;;;;4;;;;
16/08/2013;11:50:00;97;sem vítima;58,26;BR-101/RJ;Norte;Colisão Traseira;2;;;;;;;;;;2;;;;
12/09/2013;17:35:00;144;sem vítima;58;BR-101/RJ;Sul;Colisão Traseira;;;2;;;;;;;;3;;;;
28/09/2013;20:12:00;172;com vítima;58;BR-101/RJ;Norte;Colisão Lateral;1;;;;;1;;;;;1;3;;;
06/10/2013;11:19:00;47;com vítima;58,218;BR-101/RJ;Norte;Colisão Transversal;1;;;;;1;;;;;1;2;;;
12/10/2013;10:35:00;88;sem vítima;58;BR-101/RJ;Norte;Colisão Traseira;;;2;;;;;;;;2;;;;
05/11/2013;12:01:00;89;sem vítima;58,385;BR-101/RJ;Norte;Engavetamento;1;;2;;;;;;;;4;;;;
17/11/2013;18:58:00;188;sem vítima;58;BR-101/RJ;Sul;Colisão Traseira;2;;;;;;;;;;2;;;;
26/11/2013;08:02:00;46;com vítima;58,85;BR-101/RJ;Norte;Colisão Frontal;2;;;;;;;;;;1;2;;;
14/12/2013;23:53:00;235;com vítima;58,46;BR-101/RJ;Sul;Atropelamento - Morador;1;;;;;;;;;;1;;1;;
04/01/2014;14:12:00;139;sem vítima;58,54;BR-101/RJ;Norte;Colisão Lateral;2;;;;;;;;;;7;;;;
15/01/2014;21:44:00;174;com vítima;58,3;BR-101/RJ;Sul;Colisão Lateral;1;;;1;;;;;;;2;;2;;
29/01/2014;07:52:00;52;sem vítima;58;BR-101/RJ;Sul;Engavetamento;3;;;;;;;;;;3;;;;
08/02/2014;20:41:00;184;com vítima;58,1;BR-101/RJ;Sul;Colisão Traseira;1;;;;;1;;;;;2;1;;;
28/02/2014;21:28:00;246;com vítima;58;BR-101/RJ;Sul;Colisão Transversal;;;1;1;;;;;;;1;2;;;
28/02/2014;17:44:00;188;sem vítima;58,252;BR-101/RJ;Norte;Colisão Traseira;2;;;;;;;;;;2;;;;
08/03/2014;09:33:00;53;sem vítima;58;BR-101/RJ;Sul;Engavetamento;3;;;;;1;;;;1;10;;;;
23/03/2014;20:09:00;113;sem vítima;58;BR-101/RJ;Sul;Colisão Traseira;1;;;;;1;;;;;2;;;;
23/04/2014;13:52:00;98;sem vítima;58;BR-101/RJ;Norte;Colisão Traseira;1;;;1;;;;;;;2;;;;
24/04/2014;12:36:00;100;com vítima;58,288;BR-101/RJ;Sul;Colisão Traseira;2;;;;;;;;;;4;1;;;
27/04/2014;12:23:00;57;com vítima;58,05;BR-101/RJ;Norte;Colisão Traseira;1;;;1;;;;;;;1;;1;;
01/05/2014;16:11:00;103;com vítima;58,4;BR-101/RJ;Norte;Colisão Transversal;;;;1;;1;;;;;2;;1;;
06/05/2014;14:43:00;105;com vítima;58;BR-101/RJ;Sul;Colisão Lateral;2;;;;;;;;;;1;;1;;
13/05/2014;19:02:00;170;com vítima;58,759;BR-101/RJ;Norte;Colisão Frontal;;;2;1;;;;;;;1;1;1;;
23/05/2014;07:48:00;42;sem vítima;58;BR-101/RJ;Norte;Colisão Traseira;2;;;;;;;;;;2;;;;
30/05/2014;16:56:00;138;com vítima;58;BR-101/RJ;Norte;Colisão Lateral;;;;1;;1;;;;;1;1;;;
03/06/2014;07:39:00;36;sem vítima;58,96;BR-101/RJ;Norte;Colisão Traseira;1;;;;;;;;;1;2;;;;
08/06/2014;15:18:00;109;sem vítima;58;BR-101/RJ;Norte;Colisão Lateral;1;;;1;;;;;;;6;;;;
04/07/2014;14:14:00;97;com vítima;58;BR-101/RJ;Norte;Capotamento;1;;;;;;;;;;0;1;;;
21/07/2014;18:07:00;137;com vítima;58,451;BR-101/RJ;Norte;Colisão Frontal;1;;;1;;;;;;;2;;1;;
03/08/2014;10:49:00;45;sem vítima;58;BR-101/RJ;Sul;Colisão Lateral;2;;;;;;;;;;3;;;;
03/08/2014;20:08:00;145;com vítima;58,7;BR-101/RJ;Norte;Queda de Moto;;;;1;;;;;;;0;;1;;
07/08/2014;11:35:00;92;com vítima;58;BR-101/RJ;Sul;Choque - Poste;1;;;;;;;;;;0;1;;;
09/08/2014;17:52:00;132;com vítima;58;BR-101/RJ;Sul;Colisão Frontal;1;;;1;;;;;;;1;1;;;
10/08/2014;19:02:00;143;com vítima;58,56;BR-101/RJ;Sul;Outros;;;;1;;1;;;;;1;;1;;
31/08/2014;20:58:00;152;com vítima;58;BR-101/RJ;Norte;Colisão Frontal;3;;;;;;;;;;6;;2;1;
05/09/2014;08:59:00;44;com vítima;58,864;BR-101/RJ;Sul;Outros - Sequência;;;;;1;;;;;1;1;3;;1;
10/09/2014;18:06:00;140;sem vítima;58;BR-101/RJ;Sul;Colisão Traseira;1;;;;;1;;;;;2;;;;
29/09/2014;16:48:00;142;com vítima;58,149;BR-101/RJ;Norte;Colisão Transversal;2;;;;;;;;;;2;;1;;
09/10/2014;18:12:00;179;sem vítima;58;BR-101/RJ;Sul;Colisão Transversal;;;;1;;;;;;1;2;;;;
21/10/2014;14:13:00;104;com vítima;58,212;BR-101/RJ;Norte;Colisão Traseira;2;;;;;;;;;;4;1;1;;
10/11/2014;19:04:00;151;sem vítima;58;BR-101/RJ;Norte;Colisão Lateral;1;;1;;;;;;;;2;;;;
23/11/2014;14:42:00;93;sem vítima;58;BR-101/RJ;Norte;Colisão Traseira;2;;;;;;;;;;2;;;;
14/12/2014;08:15:00;41;com vítima;58;BR-101/RJ;Sul;Colisão Frontal;1;;;1;;;;;;;2;;1;;
21/12/2014;17:45:00;144;sem vítima;58,5;BR-101/RJ;Sul;Engavetamento;3;;;;;;;;;;4;;;;
27/12/2014;11:28:00;69;com vítima;58;BR-101/RJ;Norte;Colisão Traseira;1;;;;1;;;;;;1;1;;;
04/01/2015;15:39:00;115;com vítima;58;BR-101/RJ;Sul;Colisão Traseira;;;2;;;;;;;;0;2;;;
14/01/2015;04:19:00;13;com vítima;58;BR-101/RJ;Norte;Colisão Lateral;1;;2;;;;;;;;2;1;;;
16/02/2015;12:41:00;49;sem vítima;58;BR-101/RJ;Sul;Colisão Traseira;2;;;;;;;;;;2;0;0;0;0
18/02/2015;11:21:00;83;sem vítima;58;BR-101/RJ;Norte;Colisão Lateral;1;;;;;;;;;1;4;0;0;0;0
19/02/2015;11:39:00;90;sem vítima;58;BR-101/RJ;Sul;Colisão Traseira;3;;;;;;;;;;3;0;0;0;0
19/02/2015;11:39:00;119;sem vítima;58;BR-101/RJ;Sul;Colisão Traseira;2;;;;;;;;;;3;0;0;0;0
18/03/2015;08:20:00;50;sem vítima;58,273;BR-101/RJ;Sul;Engavetamento;1;;;;2;;;;;;3;0;0;0;0
22/03/2015;21:27:00;155;com vítima;58;BR-101/RJ;Sul;Colisão Traseira;;;;;2;;;;;;2;1;0;0;0
03/04/2015;08:07:00;43;com vítima;58,578;BR-101/RJ;Norte;Colisão Traseira;1;;;;;;;;;1;3;3;;;
09/04/2015;11:44:00;105;sem vítima;58;BR-101/RJ;Norte;Colisão Traseira;2;;;;;;;;;;2;;;;
10/04/2015;18:19:00;197;com vítima;58,845;BR-101/RJ;Norte;Outros - Sequência;2;;;;;;;;;;1;;2;;1
13/04/2015;18:48:00;175;com vítima;58;BR-101/RJ;Norte;Atropelamento - Ciclista;;1;;1;;;;;;;1;1;;;
21/04/2015;16:32:00;118;sem vítima;58;BR-101/RJ;Norte;Colisão Traseira;1;;;;;1;;;;;3;;;;
22/04/2015;12:39:00;96;com vítima;58,922;BR-101/RJ;Sul;Colisão Traseira;1;;;;1;;;;;;1;3;;;
08/05/2015;15:34:00;146;com vítima;58;BR-101/RJ;Norte;Colisão Transversal;2;;;;;;;;;;0;2;1;;
10/05/2015;18:35:00;141;sem vítima;58;BR-101/RJ;Sul;Colisão Traseira;2;;;;;;;;;;4;;;;
16/05/2015;18:28:00;170;sem vítima;58;BR-101/RJ;Norte;Colisão Lateral;1;;;;;1;;;;;2;;;;
23/05/2015;12:52:00;95;sem vítima;58,42;BR-101/RJ;Sul;Engavetamento;3;;;;;;;;;;6;;;;
25/05/2015;11:29:00;110;sem vítima;58;BR-101/RJ;Norte;Colisão Traseira;;;;;;;;;;2;2;;;;
05/06/2015;12:16:00;83;com vítima;58;BR-101/RJ;Norte;Colisão Traseira;1;;;1;;;;;;;4;;1;;
07/06/2015;15:45:00;116;sem vítima;58;BR-101/RJ;Sul;Colisão Traseira;1;;;;;1;;;;;2;;;;
07/06/2015;11:38:00;67;com vítima;58,257;BR-101/RJ;Norte;Colisão Transversal;2;;;;;;;;;;0;3;;;
08/06/2015;07:17:00;40;com vítima;58,362;BR-101/RJ;Sul;Colisão Traseira;;;;1;;1;;;;;1;1;;;
12/06/2015;17:46:00;166;com vítima;58,9;BR-101/RJ;Sul;Outros - Sequência;1;;;1;;;;;;;0;3;;;
23/06/2015;10:34:00;81;com vítima;58,25;BR-101/RJ;Norte;Colisão Transversal;1;;;1;;;;;;;1;1;;;
28/06/2015;10:55:00;52;com vítima;58;BR-101/RJ;Sul;Engavetamento;2;;1;;;;;;;;3;3;;;
01/07/2015;09:30:00;90;sem vítima;58;BR-101/RJ;Sul;Colisão Traseira;1;;1;;;;;;;;3;;;;
07/07/2015;14:51:00;152;sem vítima;58;BR-101/RJ;Sul;Colisão Traseira;2;;;;;;;;;;2;;;;
20/07/2015;12:58:00;115;sem vítima;58;BR-101/RJ;Sul;Colisão Traseira;1;;;;;;;;;1;5;;;;
23/07/2015;14:03:00;135;com vítima;58;BR-101/RJ;Sul;Colisão Traseira;1;;;;;;;;;1;4;1;;;
24/07/2015;09:36:00;77;sem vítima;58;BR-101/RJ;Sul;Colisão Traseira;2;;;;;;;;;;4;;;;
16/08/2015;07:45:00;22;com vítima;58,414;BR-101/RJ;Norte;Colisão Traseira;1;;;1;;;;;;;1;;1;;
16/08/2015;09:17:00;33;sem vítima;58,444;BR-101/RJ;Norte;Engavetamento;3;;;;;;;;;;11;;;;
19/08/2015;09:49:00;91;com vítima;58,389;BR-101/RJ;Norte;Colisão Transversal;2;;;1;;;;;;;6;;1;;
19/08/2015;10:47:00;103;com vítima;58,456;BR-101/RJ;Sul;Queda de Moto;;;;1;;;;;;;0;1;;;
21/08/2015;13:45:00;112;com vítima;58;BR-101/RJ;Norte;Engavetamento;2;;1;;;;;;;;2;2;;;
27/08/2015;22:11:00;179;com vítima;58,25;BR-101/RJ;Norte;Colisão Traseira;2;;2;;;;;;;;6;3;;;
28/08/2015;13:22:00;119;sem vítima;58,288;BR-101/RJ;Sul;Colisão Transversal;1;;;;1;;;;;;2;;;;
04/09/2015;18:54:00;182;sem vítima;58;BR-101/RJ;Sul;Colisão Traseira;2;;;;;;;;;;3;;;;
05/09/2015;10:53:00;86;sem vítima;58,83;BR-101/RJ;Norte;Colisão Traseira;1;;1;;;;;;;;7;;;;
29/09/2015;20:00:00;170;com vítima;58;BR-101/RJ;Norte;Colisão Lateral;1;;;1;;;;;;;2;;1;;
09/10/2015;09:58:00;91;sem vítima;58;BR-101/RJ;Norte;Colisão Traseira;1;;;1;;;;;;;6;;;;
11/10/2015;09:43:00;48;sem vítima;58;BR-101/RJ;Norte;Colisão Transversal;2;;;;;;;;;;6;;;;
31/10/2015;00:02:00;1;com vítima;58,555;BR-101/RJ;Sul;Colisão Transversal;;;;1;1;;;;;;1;;1;;
02/11/2015;19:06:00;150;com vítima;58;BR-101/RJ;Sul;Colisão Traseira;;;;1;;1;;;;;1;;1;;
21/11/2015;03:30:00;16;com vítima;58;BR-101/RJ;Sul;Queda de Moto;;;;1;;;;;;;0;1;;;
29/11/2015;20:46:00;192;com vítima;58;BR-101/RJ;Sul;Colisão Traseira;2;;;;;;;;;;3;2;;;
20/12/2015;06:32:00;26;com vítima;58,332;BR-101/RJ;Sul;Atropelamento - Morador;;;;;;1;;;;;1;;1;;
27/12/2015;07:36:00;47;com vítima;58,366;BR-101/RJ;Sul;Engavetamento;3;;;;;;;;;;3;3;;;
29/12/2015;09:18:00;75;sem vítima;58;BR-101/RJ;Sul;Colisão Traseira;2;;;;;;;;;;2;;;;
31/12/2015;14:06:00;163;com vítima;58,4;BR-101/RJ;Sul;Colisão Transversal;;;;;;2;;;;;1;;2;;
09/01/2010;12:26:00;104;com vítima;59;BR-101/RJ;Sul;Colisão Traseira;2;;;;;;;;;;4;3;;;
10/01/2010;21:30:00;238;com vítima;59;BR-101/RJ;Sul;Colisão Traseira;1;;;1;;;;;;;3;1;;;
20/01/2010;10:02:00;64;com vítima;59;BR-101/RJ;Norte;Colisão Lateral;;;1;1;;;;;;;1;;2;;
21/01/2010;11:52:00;108;sem vítima;59;BR-101/RJ;Sul;Colisão Lateral;1;;;1;;;;;;;3;;;;
27/01/2010;15:11:00;108;com vítima;59;BR-101/RJ;Sul;Colisão Lateral;1;;;;1;;;;;;2;2;;;