data;horario;n_da_ocorrencia;tipo_de_ocorrencia;km;trecho;sentido;tipo_de_acidente;automovel;bicicleta;caminhao;moto;onibus;outros;tracao_animal;transporte_de_cargas_especiais;trator_maquinas;utilitarios;ilesos;levemente_feridos;moderadamente_feridos;gravemente_feridos;mortos
29/01/2010;15:54:00;139;sem vítima;59;BR-101/RJ;Sul;Colisão Traseira;2;;;;;;;;;;3;;;;
12/02/2010;12:19:00;125;sem vítima;59;BR-101/RJ;Sul;Colisão Traseira;2;;;;;;;;;;5;;;;
12/02/2010;13:59:00;150;com vítima;59;BR-101/RJ;Norte;Atropelamento - Usuário;;;;;;1;;;;;1;;1;;
14/02/2010;01:19:00;21;sem vítima;59;BR-101/RJ;Sul;Colisão Traseira;2;;;;;;;;;;6;;;;
14/02/2010;10:52:00;116;sem vítima;59;BR-101/RJ;Norte;Colisão Traseira;1;;;;;;;;;1;6;;;;
22/02/2010;19:05:00;191;sem vítima;59;BR-101/RJ;Norte;Atropelamento - Morador;;1;;1;;;;;;;2;;;;
01/03/2010;16:06:00;130;sem vítima;59,5;BR-101/RJ;Norte;Engavetamento;3;;;;;;;;;;7;;;;
07/03/2010;10:34:00;51;sem vítima;59;BR-101/RJ;Sul;Colisão Traseira;1;;2;;;;;;;;4;;;;
11/03/2010;21:58:00;163;sem vítima;59;BR-101/RJ;Norte;Saida de Pista;1;;;;;;;;;;1;;;;
15/03/2010;14:24:00;122;com vítima;59;BR-101/RJ;Norte;Atropelamento - Ciclista;;1;;;;1;;;;;1;1;;;
20/03/2010;19:02:00;163;com vítima;59;BR-101/RJ;Sul;Colisão Lateral;;;;1;;;;;;1;1;;1;;
27/03/2010;20:14:00;159;com vítima;59;BR-101/RJ;Sul;Engavetamento;3;;;;;;;;;;8;3;;;
09/04/2010;13:37:00;113;sem vítima;59;BR-101/RJ;Sul;Choque - Defensa, barreira ou "submarino";1;;;;;;;;;;1;;;;
09/04/2010;18:18:00;169;com vítima;59;BR-101/RJ;Norte;Atropelamento - Morador;;;;1;;;;;;;1;;1;;
14/04/2010;20:17:00;156;com vítima;59;BR-101/RJ;Norte;Colisão Transversal;;;;1;;1;;;;;1;;1;;
25/04/2010;16:23:00;125;sem vítima;59;BR-101/RJ;Norte;Engavetamento;3;;;;;;;;;;5;;;;
28/04/2010;15:07:00;126;com vítima;59;BR-101/RJ;Norte;Atropelamento - Morador;1;;;;;;;;;;1;;1;;
09/05/2010;14:25:00;79;sem vítima;59;BR-101/RJ;Sul;Colisão Traseira;2;;;;;;;;;;4;;;;
10/05/2010;13:57:00;123;sem vítima;59;BR-101/RJ;Sul;Colisão Traseira;2;;;;;;;;;;7;;;;
28/05/2010;06:43:00;36;com vítima;59;BR-101/RJ;Sul;Atropelamento - Ciclista;;1;;;;;;;;1;1;;1;;
13/06/2010;11:16:00;62;com vítima;59;BR-101/RJ;Norte;Colisão Traseira;1;;;;;;;;;1;4;1;1;;
15/06/2010;05:34:00;15;com vítima;59;BR-101/RJ;Norte;Colisão Lateral;1;;;;1;;;;;;3;1;;;
21/06/2010;11:46:00;75;com vítima;59;BR-101/RJ;Norte;Colisão Traseira;1;;;;;;;;;2;9;;1;;
21/06/2010;12:23:00;82;sem vítima;59;BR-101/RJ;Norte;Colisão Traseira;2;;;;;;;;;;5;;;;
26/06/2010;09:49:00;64;com vítima;59;BR-101/RJ;Norte;Atropelamento - Ciclista;;1;;;;1;;;;;2;1;;;
27/06/2010;05:49:00;32;sem vítima;59;BR-101/RJ;Norte;Colisão Traseira;2;;;;;;;;;;5;;;;
01/07/2010;11:57:00;69;sem vítima;59;BR-101/RJ;Sul;Queda de Moto;;;;1;;;;;;;1;;;;
04/07/2010;19:26:00;141;com vítima;59;BR-101/RJ;Norte;Colisão Traseira;2;;;1;;;;;;;5;1;;;
06/07/2010;13:39:00;98;sem vítima;59;BR-101/RJ;Sul;Colisão Traseira;;;2;;;;;;;;2;;;;
13/07/2010;07:46:00;46;com vítima;59;BR-101/RJ;Norte;Colisão Frontal;;;1;1;;;;;;;1;;;;1
23/07/2010;21:01:00;196;sem vítima;59;BR-101/RJ;Norte;Colisão Transversal;1;;;;;1;;;;;3;;;;
31/07/2010;21:03:00;214;sem vítima;59;BR-101/RJ;Sul;Colisão Lateral;1;1;;;;;;;;;2;;;;
10/08/2010;23:42:00;195;com vítima;59;BR-101/RJ;Norte;Choque - Arvore;1;;;;;;;;;;0;1;;;1
15/08/2010;19:37:00;159;com vítima;59;BR-101/RJ;Norte;Colisão Lateral;1;;;1;;;;;;;1;;1;;
20/08/2010;07:06:00;27;sem vítima;59;BR-101/RJ;Sul;Colisão Lateral;1;;1;;;;;;;;2;;;;
26/08/2010;09:50:00;66;sem vítima;59;BR-101/RJ;Sul;Colisão Lateral;1;;1;;;;;;;;3;;;;
27/08/2010;06:35:00;25;sem vítima;59;BR-101/RJ;Norte;Colisão Lateral;2;;;;;;;;;;2;;;;
03/09/2010;15:44:00;139;sem vítima;59;BR-101/RJ;Sul;Colisão Traseira;1;;;;;;;;;1;2;;;;
01/10/2010;14:59:00;143;com vítima;59;BR-101/RJ;Norte;Engavetamento;3;;;;;;;;;;6;1;;;
05/10/2010;01:58:00;13;sem vítima;59;BR-101/RJ;Sul;Colisão Traseira;;;2;;1;;;;;;43;;;;
09/10/2010;09:16:00;60;sem vítima;59;BR-101/RJ;Norte;Colisão Traseira;1;;;;;1;;;;;2;;;;
13/10/2010;12:53:00;107;sem vítima;59,5;BR-101/RJ;Sul;Colisão Traseira;2;;;;;;;;;;5;;;;
16/10/2010;22:03:00;157;sem vítima;59;BR-101/RJ;Sul;Colisão Traseira;2;;;;;;;;;;2;;;;
25/10/2010;08:45:00;67;sem vítima;59;BR-101/RJ;Norte;Colisão Traseira;1;;;;1;;;;;;2;;;;
31/10/2010;04:26:00;27;sem vítima;59;BR-101/RJ;Norte;Colisão Lateral;1;;1;;;1;;;;;3;;;;
03/11/2010;10:11:00;66;sem vítima;59;BR-101/RJ;Norte;Engavetamento;;;;;;;;;;3;6;;;;
05/11/2010;08:08:00;44;com vítima;59;BR-101/RJ;Sul;Colisão Transversal;2;;;;;;;;;;1;;1;;
07/11/2010;18:56:00;147;com vítima;59;BR-101/RJ;Norte;Colisão Lateral;1;;;1;;;;;;;2;;1;;
25/11/2010;20:40:00;197;com vítima;59;BR-101/RJ;Sul;Colisão Transversal;1;;;1;;;;;;;1;1;1;;
03/12/2010;15:07:00;119;sem vítima;59;BR-101/RJ;Norte;Colisão Traseira;2;;;;;;;;;;3;;;;
19/12/2010;20:06:00;186;sem vítima;59;BR-101/RJ;Sul;Colisão Traseira;;;1;;;1;;;;;2;;;;
21/01/2011;16:46:00;152;sem vítima;59;BR-101/RJ;Sul;Engavetamento;3;;;;;1;;;;;5;;;;
29/01/2011;22:22:00;220;sem vítima;59;BR-101/RJ;Norte;Colisão Traseira;2;;;;;;;;;;6;;;;
06/02/2011;18:20:00;161;sem vítima;59;BR-101/RJ;Sul;Colisão Lateral;1;;1;;;;;;;;3;;;;
09/02/2011;17:11:00;125;com vítima;59;BR-101/RJ;Sul;Atropelamento - Sem Informação;;;;;1;;;;;;1;;1;;
13/02/2011;23:12:00;200;sem vítima;59;BR-101/RJ;Norte;Colisão Traseira;2;;;;;;;;;;2;;;;
23/02/2011;10:22:00;63;com vítima;59;BR-101/RJ;Norte;Colisão Lateral;;;;1;1;;;;;;1;;1;;
04/03/2011;00:25:00;4;com vítima;297;BR-101/RJ;Sul;Queda de Moto;1;;;;;;;;;;0;1;;;
04/03/2011;00:49:00;6;sem vítima;224;BR-101/RJ;Sul;Saida de Pista;1;;;;;;;;;;1;;;;
04/03/2011;00:51:00;7;sem vítima;277;BR-101/RJ;Sul;Colisão Lateral;2;;;;;;;;;;2;;;;
17/05/2011;14:43:00;104;sem vítima;59;BR-101/RJ;Sul;Engavetamento;3;;;;;;;;;;4;;;;
25/05/2011;15:57:00;123;com vítima;59;BR-101/RJ;Norte;Colisão Traseira;1;;1;;;;;;;;6;1;;;
26/05/2011;06:09:00;19;sem vítima;59;BR-101/RJ;Sul;Colisão Lateral;;;1;;;;;;;1;2;;;;
11/06/2011;22:36:00;203;com vítima;59;BR-101/RJ;Sul;Colisão Frontal;1;;;1;;;;;;;6;;1;;
20/06/2011;10:32:00;77;sem vítima;59;BR-101/RJ;Norte;Colisão Lateral;1;;;;;;;;;1;3;;;;
22/06/2011;20:50:00;188;com vítima;59;BR-101/RJ;Norte;Colisão Frontal;1;;;1;;;;;;;4;1;;;
27/06/2011;23:16:00;177;sem vítima;59,650001525878906;BR-101/RJ;Sul;Colisão Traseira;;;2;;;;;;;;2;;;;
03/08/2011;17:39:00;117;sem vítima;59;BR-101/RJ;Norte;Colisão Lateral;;;;;1;;;;;1;2;;;;
13/08/2011;19:47:00;196;com vítima;59;BR-101/RJ;Sul;Colisão Frontal;;;;1;;1;;;;;1;;;1;
21/08/2011;23:28:00;167;com vítima;59;BR-101/RJ;Sul;Colisão Transversal;1;;;1;;;;;;;2;;2;;
30/08/2011;17:33:00;147;sem vítima;59;BR-101/RJ;Norte;Colisão Traseira;1;;1;;;;;;;;2;;;;
11/09/2011;23:40:00;191;sem vítima;59;BR-101/RJ;Sul;Colisão Lateral;2;;1;;;;;;;;6;;;;
16/09/2011;00:39:00;2;sem vítima;59;BR-101/RJ;Norte;Colisão Lateral;;;2;;;;;;;;2;;;;
17/09/2011;15:34:00;140;com vítima;59,20000076293945;BR-101/RJ;Norte;Colisão Lateral;;;;1;;1;;;;;1;1;;;
18/09/2011;02:04:00;14;sem vítima;59;BR-101/RJ;Sul;Queda de Moto;;;;1;;;;;;;1;;;;
26/09/2011;06:26:00;24;sem vítima;59;BR-101/RJ;Norte;Colisão Traseira;;;2;;;;;;;;2;;;;
27/09/2011;16:05:00;123;com vítima;59;BR-101/RJ;Sul;Atropelamento - Outros;;;;1;;;;;;;0;1;2;;
05/10/2011;07:17:00;33;sem vítima;59;BR-101/RJ;Norte;Colisão Transversal;2;;;;;;;;;;2;;;;
10/10/2011;12:12:00;90;sem vítima;59;BR-101/RJ;Norte;Colisão Traseira;2;;;;;;;;;;2;;;;
11/10/2011;09:09:00;57;com vítima;59;BR-101/RJ;Sul;Atropelamento - Ciclista;1;1;;;;;;;;;1;;;1;
17/10/2011;20:36:00;157;sem vítima;59;BR-101/RJ;Sul;Colisão Traseira;1;;;;1;;;;;;3;;;;
20/10/2011;06:38:00;28;com vítima;59;BR-101/RJ;Norte;Atropelamento - Ciclista;;1;;1;;;;;;;2;1;;;
22/10/2011;07:37:00;32;com vítima;59;BR-101/RJ;Norte;Colisão Frontal;1;;1;;;;;;;;2;;1;;
07/11/2011;21:42:00;185;com vítima;59;BR-101/RJ;Norte;Atropelamento - Ciclista;1;1;;;;;;;;;1;;1;;
19/11/2011;15:59:00;82;sem vítima;59;BR-101/RJ;Sul;Colisão Traseira;2;;;;;;;;;;2;;;;
28/11/2011;09:42:00;62;com vítima;59;BR-101/RJ;Norte;Colisão Traseira;1;;;;;;;;;1;0;1;2;;
02/12/2011;08:49:00;64;com vítima;59;BR-101/RJ;Sul;Colisão Lateral;1;;;1;;;;;;;1;1;;;
11/12/2011;01:27:00;12;com vítima;59,79999923706055;BR-101/RJ;Sul;Atropelamento - Morador;;;;;;1;;;;;1;;;1;
16/12/2011;19:21:00;203;sem vítima;59;BR-101/RJ;Norte;Queda de Moto;;;;1;;;;;;;2;;;;
25/12/2011;11:30:00;51;com vítima;59;BR-101/RJ;Norte;Colisão Transversal;1;;;1;;;;;;;1;;1;;
31/12/2011;15:24:00;104;com vítima;59;BR-101/RJ;Sul;Saida de Pista;;;;;1;;;;;;4;1;;;
02/01/2012;15:52:00;151;sem vítima;59;BR-101/RJ;Norte;Colisão Traseira;1;;1;;;;;;;;2;;;;
09/01/2012;16:43:00;148;sem vítima;59;BR-101/RJ;Norte;Colisão Transversal;2;;;;;;;;;;3;;;;
10/01/2012;13:01:00;128;sem vítima;59;BR-101/RJ;Sul;Colisão Lateral;1;;1;;;;;;;;2;;;;
13/01/2012;19:02:00;191;sem vítima;59;BR-101/RJ;Sul;Colisão Transversal;1;;1;;;;;;;;2;;;;
26/01/2012;06:44:00;22;com vítima;59;BR-101/RJ;Norte;Colisão Lateral;1;;;1;;;;;;;1;1;;;
28/01/2012;21:34:00;185;sem vítima;59;BR-101/RJ;Norte;Engavetamento;3;;;;;;;;;;3;;;;
04/02/2012;16:42:00;144;sem vítima;59;BR-101/RJ;Norte;Atropelamento - Morador;;;;1;;;;;;;2;;;;
09/02/2012;20:35:00;143;sem vítima;59,532;BR-101/RJ;Norte;Colisão Lateral;2;;;;;;;;;;3;;;;
15/03/2012;19:58:00;167;sem vítima;59;BR-101/RJ;Sul;Colisão Lateral;1;;;;;1;;;;;2;;;;
26/03/2012;09:46:00;71;sem vítima;59;BR-101/RJ;Sul;Outros - Sequência;1;;;1;;;;;;1;6;;;;
31/03/2012;02:30:00;10;sem vítima;59;BR-101/RJ;Norte;Colisão Lateral;2;;;;;;;;;;2;;;;
10/04/2012;19:19:00;148;sem vítima;59;BR-101/RJ;Norte;Tombamento;;;1;;;;;;;;2;;;;
09/05/2012;08:33:00;47;sem vítima;59;BR-101/RJ;Sul;Colisão Lateral;2;;;;;;;;;;2;;;;
09/05/2012;12:09:00;94;com vítima;59;BR-101/RJ;Sul;Colisão Lateral;1;;;;1;;;;;;2;;1;;
13/05/2012;18:21:00;139;com vítima;59;BR-101/RJ;Norte;Colisão Traseira;1;;1;;;;;;;;4;1;;;
15/05/2012;22:44:00;160;sem vítima;59;BR-101/RJ;Norte;Colisão Traseira;1;;1;;;;;;;;2;;;;
22/05/2012;00:49:00;6;sem vítima;59;BR-101/RJ;Norte;Atropelamento de Animal;2;;;;;;;;;;3;;;;
25/05/2012;17:47:00;132;com vítima;59;BR-101/RJ;Norte;Atropelamento - Morador;;;;1;;;;;;;0;3;;;
03/06/2012;15:04:00;118;sem vítima;59;BR-101/RJ;Norte;Colisão Traseira;2;;;;;;;;;;3;;;;
04/06/2012;17:19:00;130;com vítima;59;BR-101/RJ;Norte;Atropelamento - Ciclista;;1;;;1;;;;;;1;1;;;
05/06/2012;19:22:00;154;sem vítima;59;BR-101/RJ;Norte;Colisão Traseira;2;;;;;;;;;;7;;;;
08/06/2012;09:56:00;74;com vítima;59;BR-101/RJ;Norte;Outros;;;1;;;;;;;;1;;1;;
15/06/2012;23:32:00;229;com vítima;59;BR-101/RJ;Norte;Colisão Traseira;1;;1;;;;;;;;1;1;;;
16/06/2012;18:26:00;152;com vítima;59;BR-101/RJ;Sul;Colisão Lateral;;;;1;;1;;;;;1;;;1;
21/06/2012;07:04:00;26;com vítima;59;BR-101/RJ;Norte;Colisão Lateral;2;;;;;;;;;;2;1;;;
29/06/2012;18:26:00;182;sem vítima;59;BR-101/RJ;Sul;Colisão Lateral;1;;;1;;;;;;;2;;;;
01/07/2012;20:34:00;154;com vítima;59,55;BR-101/RJ;Sul;Colisão Traseira;2;;;;;;;;;;1;;1;;
02/07/2012;05:32:00;11;sem vítima;59,5;BR-101/RJ;Sul;Colisão Lateral;1;;1;;;;;;;;5;;;;
08/07/2012;13:31:00;81;sem vítima;59;BR-101/RJ;Sul;Colisão Traseira;2;;;;;;;;;;8;;;;
16/07/2012;18:44:00;161;sem vítima;59;BR-101/RJ;Sul;Colisão Traseira;1;;;;;1;;;;;2;;;;
01/08/2012;12:07:00;102;sem vítima;59;BR-101/RJ;Norte;Colisão Traseira;2;;;;;;;;;;5;;;;
08/08/2012;06:57:00;28;sem vítima;59;BR-101/RJ;Norte;Colisão Traseira;;;2;;;;;;;;4;;;;
24/08/2012;07:44:00;38;com vítima;59;BR-101/RJ;Norte;Atropelamento - Ciclista;1;1;;;;;;;;;1;;2;;
25/08/2012;13:03:00;100;com vítima;59,842;BR-101/RJ;Sul;Colisão Transversal;;1;;1;;;;;;;0;;1;1;
04/09/2012;11:42:00;84;com vítima;59;BR-101/RJ;Sul;Colisão Traseira;1;;;1;;;;;;;1;;1;;
08/09/2012;07:25:00;30;sem vítima;59;BR-101/RJ;Norte;Colisão Lateral;1;;1;;;;;;;;2;;;;
16/09/2012;10:47:00;59;com vítima;59;BR-101/RJ;Sul;Queda de Moto;;;;1;;;;;;;0;1;1;;
16/09/2012;23:13:00;200;sem vítima;59;BR-101/RJ;Norte;Engavetamento;3;;;;;;;;;;10;;;;
19/09/2012;14:44:00;125;sem vítima;59;BR-101/RJ;Sul;Colisão Traseira;;;1;;1;;;;;;5;;;;
10/10/2012;15:12:00;184;sem vítima;59;BR-101/RJ;Norte;Colisão Traseira;2;;;;;;;;;;2;;;;
17/10/2012;17:02:00;130;com vítima;59;BR-101/RJ;Norte;Colisão Lateral;;;1;1;;;;;;;1;1;;;
27/10/2012;16:40:00;151;com vítima;59,12;BR-101/RJ;Sul;Outros - Sequência;1;;1;1;;;;;;;1;;3;;
04/11/2012;14:56:00;107;com vítima;59;BR-101/RJ;Norte;Colisão Traseira;2;;;;;;;;;;4;1;;;
22/11/2012;02:56:00;13;com vítima;59;BR-101/RJ;Sul;Colisão Lateral;;;;1;;1;;;;;1;;1;;
15/12/2012;20:40:00;189;sem vítima;59;BR-101/RJ;Sul;Colisão Traseira;2;;;;;;;;;;4;;;;
23/12/2012;07:31:00;43;sem vítima;59;BR-101/RJ;Norte;Tombamento;;;1;;;;;;;;1;;;;
23/12/2012;09:59:00;64;sem vítima;59;BR-101/RJ;Norte;Colisão Traseira;1;;;1;;;;;;;3;;;;
24/12/2012;07:18:00;31;com vítima;59;BR-101/RJ;Sul;Colisão Lateral;1;;;1;;;;;;;1;;1;;
21/02/2013;12:17:00;99;com vítima;59;BR-101/RJ;Sul;Colisão Lateral;;1;;1;;;;;;;1;;1;;
26/02/2013;13:45:00;123;com vítima;59,489;BR-101/RJ;Sul;Colisão Traseira;1;;;1;;;;;;;1;1;1;;
02/03/2013;21:19:00;168;sem vítima;59;BR-101/RJ;Norte;Colisão Lateral;2;;;;;;;;;;5;;;;
06/03/2013;07:32:00;61;sem vítima;59;BR-101/RJ;Sul;Colisão Traseira;;;1;1;;;;;;;2;;;;
06/03/2013;17:41:00;185;com vítima;59;BR-101/RJ;Sul;Colisão Lateral;;;1;1;;;;;;;1;1;;;
11/03/2013;07:21:00;48;sem vítima;59;BR-101/RJ;Sul;Colisão Traseira;2;;;;;;;;;;2;;;;
17/03/2013;22:05:00;187;com vítima;59;BR-101/RJ;Norte;Engavetamento;3;;;;;;;;;;4;1;;;
18/03/2013;07:28:00;47;sem vítima;59;BR-101/RJ;Norte;Colisão Traseira;2;;;;;;;;;;2;;;;
25/03/2013;16:50:00;146;sem vítima;59,485;BR-101/RJ;Norte;Colisão Traseira;1;;1;;;;;;;1;5;;;;
29/03/2013;08:25:00;59;sem vítima;59;BR-101/RJ;Sul;Colisão Traseira;1;;1;;;;;;;;4;;;;
10/04/2013;22:18:00;194;com vítima;59,5;BR-101/RJ;Sul;Atropelamento - Morador;;;;;;1;;;;;1;;1;;
27/04/2013;02:39:00;14;com vítima;59;BR-101/RJ;Norte;Colisão Traseira;2;;;;;;;;;;2;1;;;
28/04/2013;23:17:00;168;com vítima;59,5;BR-101/RJ;Norte;Colisão Transversal;2;;;1;;;;;;;0;3;1;;
01/05/2013;23:06:00;145;com vítima;59,7;BR-101/RJ;Sul;Atropelamento - Sem Informação;;;1;;;;;;;;4;;1;;
03/05/2013;07:24:00;41;sem vítima;59;BR-101/RJ;Sul;Colisão Lateral;;;1;;;1;;;;;4;;;;
15/06/2013;03:46:00;21;com vítima;59,351;BR-101/RJ;Norte;Colisão Frontal;1;;;1;;;;;;;1;;1;;
25/06/2013;15:44:00;103;sem vítima;59;BR-101/RJ;Sul;Colisão Traseira;2;;;;;1;;;;;3;;;;
25/06/2013;15:08:00;98;sem vítima;59,5;BR-101/RJ;Norte;Colisão Traseira;2;;;;;;;;;;2;;;;
27/06/2013;12:44:00;84;com vítima;59,5;BR-101/RJ;Sul;Atropelamento - Ciclista;1;1;;;;;;;;;1;;1;;
29/06/2013;08:43:00;52;com vítima;59;BR-101/RJ;Sul;Colisão Lateral;;;;1;1;1;;;;;3;1;;;
02/07/2013;07:36:00;23;com vítima;59,5;BR-101/RJ;Sul;Colisão Lateral;;;1;1;;;;;;;0;2;;;
07/07/2013;01:25:00;9;com vítima;59,199;BR-101/RJ;Norte;Atropelamento - Andarilho;;;1;;;;;;;;1;;1;;
05/08/2013;15:26:00;128;com vítima;59,385;BR-101/RJ;Norte;Atropelamento - Morador;1;;;;;;;;;;2;;1;;
06/08/2013;20:25:00;148;com vítima;59;BR-101/RJ;Sul;Atropelamento - Ciclista;;;;1;;1;;;;;1;1;;;
10/08/2013;09:41:00;59;com vítima;59;BR-101/RJ;Norte;Colisão Frontal;1;;;1;;;;;;;1;;;1;
13/08/2013;17:05:00;126;sem vítima;59;BR-101/RJ;Sul;Colisão Transversal;2;;;;;;;;;;4;;;;
14/08/2013;17:13:00;142;com vítima;59;BR-101/RJ;Sul;Colisão Lateral;1;;;1;;;;;;;1;1;;;
19/08/2013;18:22:00;159;com vítima;59;BR-101/RJ;Norte;Atropelamento - Ciclista;1;1;;;;;;;;;1;;1;;
22/08/2013;07:26:00;37;sem vítima;59,51;BR-101/RJ;Sul;Colisão Transversal;1;;;;1;;;;;;3;;;;
23/08/2013;23:33:00;213;sem vítima;59,8;BR-101/RJ;Sul;Saida de Pista;1;;;;;1;;;;;4;;;;
01/09/2013;19:13:00;152;com vítima;59;BR-101/RJ;Norte;Colisão Frontal;1;;;;;1;;;;;1;;1;;
24/09/2013;08:47:00;54;com vítima;59;BR-101/RJ;Norte;Colisão Frontal;1;;2;;;;;;;;2;1;;;
24/09/2013;09:23:00;60;sem vítima;59;BR-101/RJ;Sul;Colisão Traseira;1;;1;;;;;;;;2;;;;
24/09/2013;20:07:00;154;sem vítima;59,537;BR-101/RJ;Norte;Colisão Lateral;1;;1;;;;;;;;2;;;;
02/10/2013;12:20:00;83;sem vítima;59;BR-101/RJ;Sul;Colisão Traseira;1;;1;;;;;;;;5;;;;
22/10/2013;17:37:00;164;com vítima;59;BR-101/RJ;Norte;Colisão Lateral;1;;;1;;;;;;;1;1;;;
24/10/2013;18:45:00;154;sem vítima;59;BR-101/RJ;Norte;Colisão Lateral;1;;;1;;;;;;;5;;;;
24/10/2013;17:40:00;134;sem vítima;59,4;BR-101/RJ;Norte;Atropelamento - Morador;1;;;;;;;;;;3;;;;
10/11/2013;05:43:00;28;sem vítima;59,485;BR-101/RJ;Sul;Colisão Traseira;1;;1;;;;;;;;2;;;;
16/11/2013;00:12:00;1;com vítima;59;BR-101/RJ;Sul;Saida de Pista;1;;;;;;;;;;0;1;;;
22/11/2013;07:37:00;49;com vítima;59;BR-101/RJ;Sul;Engavetamento;2;;;;;;;;;1;15;1;;;
10/12/2013;05:04:00;34;sem vítima;59;BR-101/RJ;Norte;Atropelamento de Animal;1;;;;;1;;;;;2;;;;
22/12/2013;18:46:00;175;sem vítima;59,521;BR-101/RJ;Norte;Colisão Lateral;2;;;;;;;;;;7;;;;
24/12/2013;10:58:00;84;sem vítima;59;BR-101/RJ;Norte;Engavetamento;3;;;;;;;;;;6;;;;
09/01/2014;16:56:00;151;com vítima;59,093;BR-101/RJ;Norte;Outros - Sequência;2;1;;1;;;;;;;3;2;;;
11/01/2014;21:41:00;231;com vítima;59,376;BR-101/RJ;Sul;Colisão Lateral;;;;1;;1;;;;;1;2;;;
14/01/2014;08:31:00;52;sem vítima;59,269;BR-101/RJ;Sul;Colisão Traseira;2;;;;;;;;;;7;;;;
26/01/2014;23:00:00;199;sem vítima;59;BR-101/RJ;Norte;Choque - Poste;1;;;;;1;;;;;7;;;;
29/01/2014;15:45:00;161;sem vítima;59;BR-101/RJ;Norte;Colisão Traseira;1;;1;;;;;;;;2;;;;
07/02/2014;22:08:00;226;sem vítima;59;BR-101/RJ;Norte;Colisão Traseira;1;;1;;;;;;;;2;;;;
25/02/2014;16:39:00;153;com vítima;59;BR-101/RJ;Sul;Colisão Lateral;1;;;1;;;;;;;4;1;;;
14/03/2014;15:52:00;138;sem vítima;59;BR-101/RJ;Sul;Colisão Lateral;2;;;;;;;;;;2;;;;
03/04/2014;17:41:00;167;com vítima;59;BR-101/RJ;Sul;Atropelamento - Ciclista;1;1;;;;;;;;;3;;;1;
13/04/2014;05:43:00;32;sem vítima;59,6;BR-101/RJ;Norte;Atropelamento de Animal;1;;;;;;;;;;1;;;;
19/04/2014;11:32:00;55;sem vítima;59;BR-101/RJ;Sul;Engavetamento;3;;;;;;;;;;4;;;;
28/04/2014;18:02:00;127;sem vítima;59;BR-101/RJ;Norte;Colisão Traseira;1;;1;;;;;;;;5;;;;
30/04/2014;19:27:00;161;com vítima;59;BR-101/RJ;Norte;Atropelamento - Morador;1;;;;;;;;;;1;1;;;
14/05/2014;15:36:00;114;sem vítima;59,05;BR-101/RJ;Norte;Colisão Lateral;2;;;;;;;;;;2;;;;
26/06/2014;08:16:00;27;sem vítima;59;BR-101/RJ;Sul;Colisão Traseira;1;;;;;1;;;;;2;;;;
29/06/2014;10:40:00;66;com vítima;59;BR-101/RJ;Sul;Colisão Transversal;1;;1;;;;;;;;2;1;;;
30/06/2014;20:11:00;159;sem vítima;59;BR-101/RJ;Sul;Colisão Traseira;2;;;;;;;;;;2;;;;
16/07/2014;12:27:00;91;sem vítima;59;BR-101/RJ;Sul;Colisão Lateral;1;;1;;;;;;;1;3;;;;
18/07/2014;08:09:00;50;com vítima;59;BR-101/RJ;Sul;Objeto lançado contra veículo;;;1;1;;;;;;;1;;1;;
10/08/2014;09:30:00;44;sem vítima;59;BR-101/RJ;Sul;Colisão Transversal;2;;;;;;;;;;2;;;;
18/08/2014;15:07:00;116;com vítima;59;BR-101/RJ;Sul;Colisão Frontal;1;;;1;;;;;;;1;;1;;
26/08/2014;11:48:00;74;com vítima;59;BR-101/RJ;Norte;Atropelamento - Ciclista;1;1;;;;;;;;;3;1;;;
03/09/2014;17:45:00;135;com vítima;59,423;BR-101/RJ;Norte;Atropelamento - Ciclista;;1;1;;;;;;;;1;;2;;
05/09/2014;06:25:00;21;sem vítima;59;BR-101/RJ;Sul;Colisão Lateral;;;;;1;;;;;1;3;;;;
12/10/2014;20:40:00;169;com vítima;59;BR-101/RJ;Norte;Colisão Traseira;;;;1;;1;;;;;1;2;;;
02/11/2014;10:35:00;58;com vítima;59;BR-101/RJ;Norte;Colisão Traseira;1;;;1;;;;;;;2;;1;;
19/11/2014;16:36:00;117;sem vítima;59;BR-101/RJ;Sul;Colisão Traseira;1;;1;;;;;;;;2;;;;
21/11/2014;08:48:00;45;sem vítima;59;BR-101/RJ;Norte;Colisão Traseira;1;;1;;;;;;;;5;;;;
23/11/2014;11:47:00;64;sem vítima;59;BR-101/RJ;Norte;Colisão Traseira;2;;;;;;;;;;2;;;;
24/11/2014;10:55:00;75;sem vítima;59;BR-101/RJ;Norte;Colisão Traseira;2;;;;;;;;;;3;;;;
20/12/2014;15:53:00;125;sem vítima;59;BR-101/RJ;Norte;Colisão Traseira;1;;;;;;;;;1;4;;;;
23/12/2014;19:45:00;185;com vítima;59;BR-101/RJ;Sul;Colisão Traseira;;;;1;;1;;;;;1;1;;;
14/01/2015;08:18:00;43;sem vítima;59;BR-101/RJ;Sul;Colisão Lateral;1;;;;;;;;;1;2;;;;
09/03/2015;18:15:00;159;com vítima;59,95;BR-101/RJ;Norte;Outros - Sequência;1;;1;;1;;;;;;3;1;0;0;0
15/03/2015;14:47:00;81;com vítima;59;BR-101/RJ;Norte;Colisão Frontal;2;;;;;;;;;;1;0;1;0;0
16/03/2015;09:26:00;72;sem vítima;59;BR-101/RJ;Norte;Colisão Traseira;2;;;;;;;;;;2;0;0;0;0
17/03/2015;22:41:00;189;sem vítima;59;BR-101/RJ;Sul;Colisão Lateral;1;;;;;1;;;;;2;0;0;0;0
21/03/2015;23:19:00;173;com vítima;59;BR-101/RJ;Sul;Atropelamento - Ciclista;1;1;;;;;;;;;1;1;0;0;0
15/04/2015;09:58:00;85;sem vítima;59,515;BR-101/RJ;Norte;Colisão Transversal;2;;;;;;;;;;6;;;;
15/04/2015;09:47:00;81;com vítima;59,518;BR-101/RJ;Norte;Colisão Lateral;1;;1;;;;;;;;1;2;;;