data;horario;n_da_ocorrencia;tipo_de_ocorrencia;km;trecho;sentido;tipo_de_acidente;automovel;bicicleta;caminhao;moto;onibus;outros;tracao_animal;transporte_de_cargas_especiais;trator_maquinas;utilitarios;ilesos;levemente_feridos;moderadamente_feridos;gravemente_feridos;mortos
04/05/2015;21:46:00;213;com vítima;59;BR-101/RJ;Sul;Atropelamento - Ciclista;;1;;;;1;;;;;1;1;;;
25/05/2015;08:18:00;56;com vítima;59,551;BR-101/RJ;Norte;Atropelamento - Morador;;;;1;;;;;;;0;;2;;
03/06/2015;21:01:00;203;sem vítima;59,9;BR-101/RJ;Sul;Colisão Lateral;2;;;;;;;;;;3;;;;
16/06/2015;21:07:00;170;com vítima;59,597;BR-101/RJ;Norte;Outros - Sequência;1;;2;;;;;;;;3;1;;;
25/06/2015;12:22:00;110;com vítima;59;BR-101/RJ;Norte;Colisão Transversal;1;;;1;;;;;;;2;1;1;;
25/06/2015;13:01:00;119;com vítima;59,5;BR-101/RJ;Sul;Queda de Moto;;;;1;;;;;;;0;;1;;
26/06/2015;13:44:00;123;sem vítima;59;BR-101/RJ;Sul;Outros - Sequência;5;;;;;;;;;;7;;;;
06/07/2015;20:42:00;209;com vítima;59;BR-101/RJ;Norte;Colisão Transversal;;;1;;;;;;;1;2;1;;;
07/07/2015;07:59:00;46;com vítima;59;BR-101/RJ;Sul;Queda de Moto;;;;1;;;;;;;0;1;;;
09/08/2015;10:18:00;55;sem vítima;59;BR-101/RJ;Norte;Colisão Traseira;1;;;;;1;;;;;4;;;;
14/08/2015;22:02:00;194;sem vítima;59;BR-101/RJ;Sul;Engavetamento;2;;;;;1;;;;;5;;;;
05/09/2015;12:30:00;101;sem vítima;59;BR-101/RJ;Norte;Colisão Traseira;2;;;;;;;;;;2;;;;
10/09/2015;23:44:00;204;sem vítima;59;BR-101/RJ;Sul;Colisão Transversal;2;;;;;;;;;;3;;;;
15/09/2015;06:08:00;31;com vítima;59;BR-101/RJ;Sul;Colisão Transversal;1;1;;;;;;;;;1;;1;;
03/10/2015;11:43:00;91;sem vítima;59;BR-101/RJ;Sul;Saida de Pista;;;1;;;;;;;;2;;;;
09/10/2015;15:30:00;167;com vítima;59;BR-101/RJ;Norte;Colisão Lateral;1;;;1;;;;;;;2;;1;;
13/10/2015;19:41:00;209;sem vítima;59;BR-101/RJ;Norte;Engavetamento;3;;;;;;;;;;3;;;;
05/11/2015;16:41:00;154;sem vítima;59;BR-101/RJ;Norte;Colisão Traseira;1;;;;;;;;;1;2;;;;
05/11/2015;19:09:00;191;com vítima;59,657;BR-101/RJ;Norte;Colisão Transversal;1;1;;;;;;;;;3;1;;;
09/11/2015;17:40:00;183;com vítima;59,5;BR-101/RJ;Norte;Colisão Lateral;1;;;1;;;;;;;1;1;;;
14/11/2015;23:44:00;211;com vítima;59;BR-101/RJ;Norte;Queda de Moto;;;;1;;;;;;;0;1;;;
15/11/2015;23:18:00;187;com vítima;59,383;BR-101/RJ;Norte;Colisão Frontal;1;;1;;;;;;;;1;;1;;
25/11/2015;10:44:00;108;com vítima;59;BR-101/RJ;Norte;Colisão Lateral;1;;;1;;;;;;;2;;1;;
19/12/2015;18:27:00;225;com vítima;59;BR-101/RJ;Norte;Queda de Moto;;;;1;;;;;;;0;2;;;
20/12/2015;00:18:00;1;com vítima;59;BR-101/RJ;Norte;Colisão Transversal;1;;;1;;;;;;;1;;1;;
26/12/2015;08:52:00;57;sem vítima;59;BR-101/RJ;Sul;Colisão Traseira;2;;;;;;;;;;6;;;;
28/01/2010;06:47:00;37;com vítima;60;BR-101/RJ;Sul;Colisão Transversal;;;;1;;1;;;;;1;;1;;
05/02/2010;04:42:00;35;com vítima;60;BR-101/RJ;Sul;Atropelamento - Morador;1;;;;;;;;;;1;;1;;
17/03/2010;19:41:00;157;com vítima;60;BR-101/RJ;Norte;Colisão Lateral;1;;;1;;;;;;;1;;1;;
19/03/2010;07:28:00;57;com vítima;60;BR-101/RJ;Norte;Colisão Lateral;1;;;1;;;;;;;1;1;;;
01/04/2010;06:14:00;37;sem vítima;60;BR-101/RJ;Norte;Saida de Pista;2;;;;;;;;;;3;;;;
14/04/2010;20:35:00;158;sem vítima;60;BR-101/RJ;Norte;Colisão Traseira;2;;;;;;;;;;3;;;;
03/07/2010;00:08:00;3;sem vítima;60;BR-101/RJ;Sul;Colisão Lateral;2;;;;;;;;;;3;;;;
28/07/2010;14:56:00;123;sem vítima;60;BR-101/RJ;Norte;Colisão Traseira;1;;;;;;;;;1;5;;;;
20/09/2010;00:46:00;3;sem vítima;60;BR-101/RJ;Norte;Colisão Lateral;2;;;;;;;;;;2;;;;
16/10/2010;23:44:00;168;com vítima;60;BR-101/RJ;Norte;Atropelamento - Andarilho;1;;;;;;;;;;1;1;;;
23/11/2010;07:29:00;38;com vítima;60;BR-101/RJ;Norte;Atropelamento - Andarilho;;;;;1;;;;;;1;;1;;
25/11/2010;05:52:00;24;com vítima;60;BR-101/RJ;Norte;Atropelamento - Ciclista;1;1;;;;;;;;;1;;;1;
12/12/2010;20:46:00;180;com vítima;60;BR-101/RJ;Sul;Atropelamento - Morador;;;;;;1;;;;;1;1;1;;
18/12/2010;15:04:00;140;com vítima;60;BR-101/RJ;Norte;Atropelamento - Morador;1;;;;;;;;;;4;1;;;
22/12/2010;16:39:00;149;com vítima;60;BR-101/RJ;Sul;Colisão Lateral;;;1;1;;;;;;;1;;1;;
23/12/2010;17:58:00;201;com vítima;60;BR-101/RJ;Norte;Queda de Moto;;;;1;;;;;;;0;;1;;
26/12/2010;17:36:00;145;sem vítima;60;BR-101/RJ;Sul;Colisão Frontal;1;;;;;;;;;1;2;;;;
26/12/2010;22:22:00;202;com vítima;60;BR-101/RJ;Sul;Queda de Moto;;;;1;;;;;;;0;;;2;
10/01/2011;07:30:00;40;com vítima;60;BR-101/RJ;Sul;Colisão Frontal;1;;;1;;;;;;;1;;1;;
16/01/2011;22:17:00;248;com vítima;60;BR-101/RJ;Sul;Atropelamento - Ciclista;1;1;;;;;;;;;3;;;;1
04/03/2011;04:05:00;25;sem vítima;226;BR-101/RJ;Norte;Colisão Lateral;2;;;;;;;;;;4;;;;
07/05/2011;07:38:00;39;com vítima;60;BR-101/RJ;Sul;Queda de Moto;;;;1;;1;;;;;1;;1;;
07/05/2011;14:17:00;100;sem vítima;60;BR-101/RJ;Sul;Colisão Transversal;1;;;;;;;;;1;3;;;;
10/05/2011;16:15:00;142;com vítima;60;BR-101/RJ;Norte;Colisão Lateral;2;;;;;;;;;;1;;3;;
18/05/2011;20:51:00;196;sem vítima;60;BR-101/RJ;Norte;Colisão Transversal;2;;;;;;;;;;2;;;;
20/06/2011;18:01:00;155;com vítima;60;BR-101/RJ;Norte;Atropelamento - Ciclista;;1;;1;;;;;;;1;;1;;
06/08/2011;12:38:00;96;sem vítima;60;BR-101/RJ;Sul;Colisão Traseira;;;;;;;;;;2;6;;;;
24/09/2011;11:03:00;59;com vítima;60;BR-101/RJ;Sul;Colisão Traseira;;;;2;;;;;;;1;;1;;
02/10/2011;05:44:00;27;sem vítima;60;BR-101/RJ;Norte;Saida de Pista;1;;;;;;;;;;1;;;;
08/10/2011;17:11:00;158;com vítima;60;BR-101/RJ;Norte;Colisão Lateral;1;;;1;;;;;;;0;1;1;;
23/10/2011;00:57:00;7;sem vítima;60,29999923706055;BR-101/RJ;Norte;Colisão Lateral;1;;1;;;;;;;;5;;;;
30/10/2011;02:49:00;16;com vítima;60,400001525878906;BR-101/RJ;Sul;Colisão Lateral;1;;1;;;;;;;;2;;;1;
05/12/2011;13:12:00;115;sem vítima;60;BR-101/RJ;Norte;Colisão Traseira;;;2;;;;;;;;3;;;;
05/12/2011;13:34:00;118;sem vítima;60;BR-101/RJ;Sul;Colisão Traseira;2;;;;;;;;;;2;;;;
06/12/2011;20:17:00;201;com vítima;60;BR-101/RJ;Norte;Atropelamento - Morador;1;;;;;;;;;;3;;1;;
18/12/2011;09:31:00;52;sem vítima;60;BR-101/RJ;Sul;Colisão Traseira;1;;;;1;;;;;;6;;;;
23/12/2011;08:11:00;61;sem vítima;60,400001525878906;BR-101/RJ;Sul;Colisão Traseira;;;;;1;;;;;1;2;;;;
13/01/2012;18:35:00;177;com vítima;60;BR-101/RJ;Sul;Colisão Transversal;1;;;1;;;;;;;2;;2;;
27/01/2012;12:31:00;81;sem vítima;60;BR-101/RJ;Norte;Engavetamento;1;;1;;;1;;;;;4;;;;
05/03/2012;19:56:00;176;com vítima;60;BR-101/RJ;Norte;Atropelamento - Morador;1;;;;;;;;;;1;;1;1;
09/03/2012;14:38:00;110;com vítima;60,6;BR-101/RJ;Norte;Colisão Transversal;1;;;1;;;;;;;2;;;1;
27/04/2012;19:18:00;174;sem vítima;60,8;BR-101/RJ;Norte;Colisão Traseira;1;;;;;1;;;;;2;;;;
12/05/2012;05:48:00;29;sem vítima;60;BR-101/RJ;Sul;Colisão Traseira;2;;;;;;;;;;2;;;;
29/05/2012;12:01:00;98;com vítima;60;BR-101/RJ;Norte;Atropelamento - Morador;;;;;;1;;;;;1;;1;;
22/06/2012;19:30:00;137;com vítima;60;BR-101/RJ;Sul;Colisão Lateral;;1;;1;;;;;;;0;2;;;
05/07/2012;11:18:00;91;sem vítima;60;BR-101/RJ;Sul;Colisão Lateral;;;;;;1;;;;1;2;;;;
10/08/2012;21:20:00;221;com vítima;60;BR-101/RJ;Norte;Colisão Traseira;1;;;1;;;;;;;1;;1;;
22/08/2012;13:35:00;127;com vítima;60;BR-101/RJ;Sul;Colisão Lateral;2;;;;;;;;;;2;;1;;
28/08/2012;22:05:00;185;com vítima;60,779;BR-101/RJ;Norte;Colisão Lateral;2;;;;;;;;;;2;1;;;
06/09/2012;12:52:00;85;sem vítima;60,703;BR-101/RJ;Sul;Colisão Traseira;;;;;1;1;;;;;2;;;;
18/09/2012;20:16:00;186;com vítima;60,8;BR-101/RJ;Norte;Colisão Traseira;;;1;1;;;;;;;1;1;;;
22/10/2012;16:46:00;148;com vítima;60;BR-101/RJ;Sul;Queda de Moto;;;;1;;;;;;;0;1;;;
14/11/2012;10:06:00;90;sem vítima;60;BR-101/RJ;Norte;Colisão Traseira;1;;1;;;;;;;;3;;;;
17/11/2012;13:10:00;67;sem vítima;60;BR-101/RJ;Sul;Colisão Traseira;1;;;;;;;;;1;2;;;;
16/01/2013;20:45:00;195;com vítima;60,025;BR-101/RJ;Sul;Colisão Lateral;1;;;1;;;;;;;2;;2;;
27/01/2013;07:02:00;35;sem vítima;60,2;BR-101/RJ;Norte;Capotamento;1;;;;;;;;;;1;;;;
28/01/2013;22:41:00;181;sem vítima;60;BR-101/RJ;Norte;Engavetamento;3;;;;;;;;;;6;;;;
31/01/2013;16:38:00;129;com vítima;60,6;BR-101/RJ;Norte;Colisão Traseira;1;;;1;;;;;;;1;;1;;
08/02/2013;16:12:00;192;com vítima;60;BR-101/RJ;Norte;Atropelamento - Morador;;;;1;;;;;;;1;1;;;
08/02/2013;19:08:00;233;sem vítima;60,9;BR-101/RJ;Norte;Colisão Traseira;1;;1;;;;;;;;2;;;;
08/02/2013;17:58:00;222;sem vítima;60,983;BR-101/RJ;Norte;Colisão Traseira;1;;;1;;;;;;;2;;;;
17/03/2013;02:04:00;13;com vítima;60;BR-101/RJ;Norte;Saida de Pista;1;;;;;;;;;;0;2;;;
10/04/2013;09:24:00;60;sem vítima;60;BR-101/RJ;Sul;Colisão Frontal;2;;;;;;;;;;2;;;;
17/04/2013;12:23:00;90;com vítima;60;BR-101/RJ;Sul;Colisão Lateral;1;;;;1;1;;;;;15;1;;;
22/04/2013;20:46:00;153;sem vítima;60,83;BR-101/RJ;Norte;Colisão Traseira;3;;;;;;;;;;4;;;;
23/04/2013;20:11:00;173;com vítima;60,1;BR-101/RJ;Norte;Atropelamento - Ciclista;;1;;1;;;;;;;0;;2;;
17/05/2013;09:46:00;63;sem vítima;60;BR-101/RJ;Sul;Colisão Lateral;2;;;;;;;;;;2;;;;
19/05/2013;04:52:00;24;com vítima;60,832;BR-101/RJ;Norte;Colisão Transversal;2;;;;;;;;;;0;;1;4;3
02/06/2013;05:00:00;28;com vítima;60,124;BR-101/RJ;Norte;Queda de Moto;;;;1;;;;;;;0;2;;;
05/06/2013;19:01:00;154;com vítima;60;BR-101/RJ;Sul;Colisão Lateral;1;;;1;;;;;;;1;;1;;
22/06/2013;22:41:00;169;com vítima;60;BR-101/RJ;Sul;Atropelamento - Ciclista;;1;;;;1;;;;;1;1;;;
04/08/2013;05:37:00;27;com vítima;60,802;BR-101/RJ;Sul;Colisão Transversal;2;;;;;;;;;;3;;1;;
10/08/2013;08:28:00;44;sem vítima;60;BR-101/RJ;Sul;Colisão Traseira;;;1;;;;;;;1;2;;;;
18/08/2013;01:24:00;9;com vítima;60,01;BR-101/RJ;Norte;Atropelamento - Andarilho;;;;1;;;;;;;0;;1;2;
18/08/2013;19:52:00;124;sem vítima;60,773;BR-101/RJ;Norte;Colisão Traseira;2;;;;;;;;;;5;;;;
24/08/2013;08:03:00;42;com vítima;60,5;BR-101/RJ;Sul;Colisão Transversal;2;;;1;;;;;;;2;1;;;
13/09/2013;17:15:00;160;com vítima;60;BR-101/RJ;Sul;Colisão Lateral;1;;;1;;;;;;;1;;1;;
05/10/2013;15:35:00;111;com vítima;60,896;BR-101/RJ;Norte;Colisão Traseira;2;;;;;;;;;;2;1;;;
18/10/2013;18:49:00;140;sem vítima;60;BR-101/RJ;Sul;Colisão Traseira;2;;;;;;;;;;4;;;;
25/10/2013;05:56:00;28;sem vítima;60,779;BR-101/RJ;Norte;Colisão Transversal;2;;;;;;;;;;3;;;;
09/11/2013;14:16:00;117;com vítima;60,715;BR-101/RJ;Norte;Colisão Lateral;;;1;1;;;;;;;1;1;;;
29/11/2013;10:00:00;98;sem vítima;60;BR-101/RJ;Norte;Colisão Traseira;2;;;;;;;;;;3;;;;
03/12/2013;18:18:00;171;com vítima;60,179;BR-101/RJ;Norte;Colisão Transversal;;;1;1;;;;;;;1;;;1;
19/12/2013;21:39:00;180;sem vítima;60,7;BR-101/RJ;Sul;Colisão Traseira;1;;;;;;;;;1;3;;;;
20/12/2013;00:47:00;4;sem vítima;60,731;BR-101/RJ;Norte;Colisão Traseira;1;;;;1;;;;;;6;;;;
09/01/2014;07:09:00;34;com vítima;60,788;BR-101/RJ;Norte;Colisão Transversal;2;;;1;;;;;;;2;1;1;;
13/01/2014;14:18:00;126;sem vítima;60,55;BR-101/RJ;Sul;Colisão Traseira;1;;1;;;;;;;;5;;;;
13/01/2014;13:10:00;116;com vítima;60,725;BR-101/RJ;Norte;Engavetamento;4;;;;;;;;;;8;1;;;
17/01/2014;20:10:00;163;com vítima;60,176;BR-101/RJ;Norte;Colisão Lateral;1;;;1;;;;;;;1;1;;;
25/01/2014;09:25:00;57;com vítima;60,6;BR-101/RJ;Sul;Engavetamento;2;;1;;;;;;;;3;2;;;
30/01/2014;11:12:00;96;com vítima;60;BR-101/RJ;Sul;Queda de Moto;;;;1;;1;;;;;1;;1;;
16/02/2014;23:07:00;187;sem vítima;60;BR-101/RJ;Norte;Colisão Traseira;1;;;;;;;;;1;5;;;;
16/03/2014;06:18:00;22;sem vítima;60;BR-101/RJ;Sul;Saida de Pista;1;;;;;;;;;;6;;;;
30/03/2014;04:09:00;20;com vítima;60;BR-101/RJ;Sul;Colisão Transversal;;;;;;2;;;;;1;1;;;
17/04/2014;10:12:00;62;com vítima;60;BR-101/RJ;Norte;Colisão Lateral;;;;1;;1;;;;;1;;1;;
11/05/2014;05:55:00;33;com vítima;60;BR-101/RJ;Sul;Engavetamento;3;;;;;;;;;;5;1;;;
26/05/2014;01:06:00;8;com vítima;60;BR-101/RJ;Sul;Choque - Arvore;1;;;;;;;;;;0;1;1;;
09/06/2014;15:52:00;130;sem vítima;60;BR-101/RJ;Norte;Colisão Traseira;1;;1;;;;;;;;5;;;;
10/07/2014;12:00:00;81;com vítima;60;BR-101/RJ;Sul;Queda de Moto;;;;1;;;;;;;0;1;;;
22/08/2014;06:52:00;29;com vítima;60;BR-101/RJ;Sul;Atropelamento - Ciclista;;1;;;;1;;;;;1;;;1;
28/08/2014;11:12:00;58;com vítima;60,076;BR-101/RJ;Sul;Colisão Transversal;1;;1;;;;;;;;2;1;;;
21/10/2014;23:49:00;191;sem vítima;60,181;BR-101/RJ;Norte;Colisão Transversal;1;;1;;;;;;;;2;;;;
20/12/2014;16:05:00;129;com vítima;60;BR-101/RJ;Sul;Colisão Transversal;;;;1;;1;;;;;1;;;1;
14/02/2015;11:40:00;118;sem vítima;60;BR-101/RJ;Norte;Engavetamento;4;;;;;;;;;;13;0;0;0;0
14/02/2015;09:55:00;125;sem vítima;60;BR-101/RJ;Sul;Colisão Transversal;1;;1;;;;;;;;2;0;0;0;0
05/03/2015;10:06:00;72;sem vítima;60;BR-101/RJ;Sul;Engavetamento;3;;;;;;;;;;3;0;0;0;0
14/03/2015;07:29:00;36;sem vítima;60;BR-101/RJ;Norte;Colisão Lateral;1;;;;;;;;;1;3;0;0;0;0
01/04/2015;20:55:00;188;sem vítima;60;BR-101/RJ;Norte;Colisão Traseira;;;;1;;1;;;;;2;;;;
28/05/2015;07:56:00;52;com vítima;60;BR-101/RJ;Sul;Atropelamento - Ciclista;;1;;1;;;;;;;0;;2;;
07/06/2015;08:57:00;43;sem vítima;60;BR-101/RJ;Norte;Colisão Lateral;1;;;;1;;;;;;2;;;;
07/06/2015;06:43:00;25;com vítima;60,718;BR-101/RJ;Sul;Colisão Traseira;1;;;1;;;;;;;1;1;;;
17/06/2015;17:28:00;166;com vítima;60;BR-101/RJ;Sul;Atropelamento - Andarilho;1;;;;;;;;;;1;;1;;
21/07/2015;12:53:00;116;com vítima;60;BR-101/RJ;Norte;Colisão Lateral;;;;1;;;;;;1;1;;1;;
29/08/2015;18:59:00;159;com vítima;60;BR-101/RJ;Norte;Atropelamento - Morador;1;;;;;;;;;;1;;1;;
05/09/2015;13:20:00;113;com vítima;60;BR-101/RJ;Sul;Colisão Transversal;;1;;1;;;;;;;1;1;;;
18/09/2015;15:30:00;200;sem vítima;60,719;BR-101/RJ;Norte;Colisão Traseira;;;1;1;;;;;;;2;;;;
23/10/2015;11:25:00;85;com vítima;60,266;BR-101/RJ;Norte;Queda de Moto;;;;1;;;;;;;0;1;;;
30/10/2015;23:44:00;203;sem vítima;60,729;BR-101/RJ;Norte;Engavetamento;2;;1;;;;;;;;10;;;;
24/11/2015;12:48:00;124;sem vítima;60;BR-101/RJ;Norte;Colisão Traseira;2;;;;;;;;;;3;;;;
26/11/2015;08:20:00;47;com vítima;60,558;BR-101/RJ;Norte;Atropelamento - Ciclista;1;1;;;;;;;;;1;1;;;
05/12/2015;17:15:00;180;com vítima;60,8;BR-101/RJ;Norte;Choque - Defensa, barreira ou "submarino";;;;1;;;;;;;0;1;;;
17/12/2015;09:59:00;109;com vítima;60;BR-101/RJ;Norte;Colisão Transversal;;;;;;1;;;;;1;1;;;
22/12/2015;01:00:00;9;com vítima;60;BR-101/RJ;Sul;Atropelamento - Sem Informação;;;;;;1;;;;;1;;1;;
09/01/2010;13:28:00;119;com vítima;61;BR-101/RJ;Norte;Colisão Lateral;1;;;1;;;;;;;1;;1;;
22/01/2010;21:39:00;208;sem vítima;61;BR-101/RJ;Norte;Colisão Lateral;;;;1;;1;;;;;2;;;;
11/02/2010;07:02:00;31;com vítima;61;BR-101/RJ;Sul;Atropelamento - Morador;;;;;;1;;;;;1;;1;;
22/02/2010;22:53:00;215;sem vítima;61;BR-101/RJ;Norte;Colisão Lateral;1;;1;;;;;;;;3;;;;
26/02/2010;17:02:00;143;com vítima;61;BR-101/RJ;Sul;Atropelamento - Ciclista;;1;;;;1;;;;;1;;1;;
12/03/2010;19:02:00;178;sem vítima;61;BR-101/RJ;Norte;Colisão Lateral;2;;;;;;;;;;2;;;;
21/03/2010;20:52:00;145;com vítima;61;BR-101/RJ;Norte;Atropelamento - Usuário;;;;;;1;;;;;1;;1;;
18/04/2010;04:04:00;12;sem vítima;61;BR-101/RJ;Norte;Saida de Pista;1;;;;;;;;;;1;;;;
09/05/2010;16:02:00;86;sem vítima;61;BR-101/RJ;Norte;Colisão Lateral;2;;;;;;;;;;4;;;;
16/05/2010;07:52:00;38;com vítima;61;BR-101/RJ;Sul;Atropelamento - Ciclista;;1;;1;;;;;;;1;;1;;
21/05/2010;14:43:00;101;sem vítima;61;BR-101/RJ;Norte;Colisão Lateral;2;;;;;;;;;;3;;;;
04/06/2010;23:59:00;194;com vítima;61;BR-101/RJ;Norte;Colisão Transversal;1;;;1;;;;;;;1;;;2;
08/06/2010;05:44:00;25;com vítima;61;BR-101/RJ;Sul;Colisão Lateral;;;;1;;1;;;;;1;1;;;
08/06/2010;07:33:00;39;com vítima;61;BR-101/RJ;Sul;Colisão Transversal;;;;1;;1;;;;;2;1;;;
20/06/2010;19:46:00;129;com vítima;61;BR-101/RJ;Sul;Atropelamento - Morador;1;;;;;;;;;;1;;;1;
23/06/2010;09:12:00;34;sem vítima;61;BR-101/RJ;Norte;Colisão Lateral;1;;1;;;;;;;;2;;;;
29/06/2010;11:30:00;67;sem vítima;61;BR-101/RJ;Sul;Choque - Defensa, barreira ou "submarino";1;;;;;;;;;;2;;;;
12/07/2010;17:08:00;161;com vítima;61;BR-101/RJ;Norte;Colisão Lateral;1;;;1;;;;;;;1;2;;;
12/07/2010;18:13:00;172;com vítima;61,5;BR-101/RJ;Sul;Colisão Traseira;;;;1;;1;;;;;1;1;;;
28/07/2010;12:30:00;93;com vítima;61;BR-101/RJ;Sul;Queda de Moto;;;;1;;;;;;;0;1;;;
29/07/2010;21:27:00;187;com vítima;61;BR-101/RJ;Norte;Atropelamento - Ciclista;1;1;;;;;;;;;1;;1;;
01/08/2010;13:24:00;108;com vítima;61;BR-101/RJ;Sul;Colisão Traseira;2;;;;;;;;;;7;1;1;;
25/08/2010;02:31:00;9;com vítima;61;BR-101/RJ;Norte;Atropelamento - Outros;;;1;;;;;;;;1;;;2;
03/09/2010;16:18:00;147;com vítima;61;BR-101/RJ;Sul;Colisão Lateral;1;;;1;;;;;;;1;1;1;;
12/09/2010;11:46:00;64;com vítima;61;BR-101/RJ;Norte;Colisão Lateral;1;;;1;;;;;;;1;;1;;
27/09/2010;00:07:00;1;com vítima;61;BR-101/RJ;Sul;Colisão Lateral;2;;;;;;;;;;4;;1;;
11/10/2010;18:53:00;125;sem vítima;61;BR-101/RJ;Norte;Colisão Transversal;1;;;;;1;;;;;3;;;;
07/11/2010;12:06:00;72;com vítima;61;BR-101/RJ;Sul;Colisão Lateral;2;;;;;;;;;;3;1;;;
21/11/2010;10:14:00;51;com vítima;61;BR-101/RJ;Norte;Atropelamento - Morador;;;;;;1;;;;;1;;1;;
21/11/2010;14:54:00;114;com vítima;61;BR-101/RJ;Sul;Queda de Moto;;;;1;;1;;;;;1;1;;;
04/12/2010;05:23:00;29;sem vítima;61;BR-101/RJ;Norte;Colisão Frontal;2;;;;;;;;;;3;;;;
04/12/2010;22:36:00;209;com vítima;61;BR-101/RJ;Sul;Queda de Moto;;;;1;;;;;;;0;;1;;
09/12/2010;03:00:00;14;sem vítima;61;BR-101/RJ;Sul;Capotamento;1;;;;;;;;;;1;;;;
19/12/2010;11:38:00;94;com vítima;61;BR-101/RJ;Sul;Colisão Traseira;1;;;1;;;;;;;2;;1;;
23/12/2010;21:14:00;250;com vítima;61;BR-101/RJ;Sul;Engavetamento;2;;1;;;1;;;;;4;;1;;
24/12/2010;15:55:00;133;com vítima;61;BR-101/RJ;Norte;Colisão Transversal;1;;;1;;;;;;;3;;1;;
11/01/2011;16:27:00;139;com vítima;61,5;BR-101/RJ;Norte;Colisão Frontal;;;1;1;;;;;;;1;;1;;
28/01/2011;19:16:00;242;com vítima;61;BR-101/RJ;Sul;Colisão Lateral;1;;1;;;;;;;;1;;1;;
29/01/2011;01:47:00;14;com vítima;61;BR-101/RJ;Norte;Colisão Traseira;;;;1;;1;;;;;1;;;;1
30/01/2011;22:30:00;184;com vítima;61;BR-101/RJ;Norte;Colisão Traseira;1;;;1;;;;;;;1;;1;;
02/02/2011;06:56:00;29;com vítima;61;BR-101/RJ;Norte;Colisão Lateral;;;;1;;1;;;;;1;;1;;
04/03/2011;04:13:00;28;sem vítima;220;BR-101/RJ;Sul;Colisão Traseira;;;1;;;1;;;;;2;;;;
04/03/2011;07:28:00;54;sem vítima;167;BR-101/RJ;Sul;Colisão Lateral;;;;;;;;;;2;3;;;;
01/05/2011;22:19:00;137;com vítima;61;BR-101/RJ;Norte;Queda de Moto;;;;1;;;;;;;0;1;;;
06/05/2011;23:54:00;230;com vítima;61;BR-101/RJ;Sul;Colisão Frontal;1;;;1;;;;;;;1;2;;;
15/05/2011;18:28:00;168;com vítima;61;BR-101/RJ;Sul;Colisão Transversal;1;;;;;1;;;;;1;1;;;
15/05/2011;22:26:00;194;com vítima;61;BR-101/RJ;Sul;Capotamento;1;;;;;;;;;;0;2;;;
24/05/2011;05:12:00;14;com vítima;61;BR-101/RJ;Sul;Choque - Defensa, barreira ou "submarino";1;;;;;;;;;;0;2;;;
25/05/2011;18:54:00;159;com vítima;61;BR-101/RJ;Norte;Colisão Traseira;1;;;1;;;;;;;1;1;;;
03/06/2011;18:00:00;162;com vítima;61;BR-101/RJ;Norte;Colisão Lateral;1;;;1;;;;;;;1;;1;;
04/06/2011;05:18:00;26;com vítima;61;BR-101/RJ;Sul;Colisão Frontal;1;;1;;;1;;;;;3;1;;;
04/06/2011;17:42:00;148;sem vítima;61;BR-101/RJ;Norte;Colisão Lateral;2;;;;;;;;;;2;;;;
05/06/2011;02:37:00;9;sem vítima;61;BR-101/RJ;Sul;Colisão Lateral;2;;;;;;;;;;2;;;;
08/08/2011;14:21:00;139;com vítima;61;BR-101/RJ;Norte;Colisão Transversal;;;;1;;;;;;1;2;;1;;
15/08/2011;21:06:00;203;com vítima;61,099998474121094;BR-101/RJ;Sul;Colisão Lateral;1;;;1;;;;;;;1;1;1;;
21/08/2011;05:39:00;26;com vítima;61;BR-101/RJ;Sul;Colisão Lateral;1;;;1;;;;;;;1;1;;;
27/08/2011;20:20:00;150;com vítima;61;BR-101/RJ;Norte;Colisão Lateral;1;;;1;;;;;;;2;;1;;
20/09/2011;20:49:00;161;com vítima;61;BR-101/RJ;Norte;Colisão Transversal;1;;1;;;;;;;1;2;;;1;
02/10/2011;23:10:00;183;com vítima;61;BR-101/RJ;Norte;Colisão Lateral;1;;;;;;;;;1;2;2;;;
05/10/2011;08:01:00;45;com vítima;61;BR-101/RJ;Norte;Choque - Outros;;;;;;2;;;;;1;;1;;
05/10/2011;12:13:00;84;sem vítima;61;BR-101/RJ;Sul;Colisão Lateral;1;;;;;1;;;;;4;;;;
12/10/2011;17:28:00;123;sem vítima;61;BR-101/RJ;Sul;Colisão Lateral;1;;;1;;;;;;;2;;;;
15/10/2011;20:17:00;170;com vítima;61;BR-101/RJ;Norte;Colisão Lateral;2;;;;;;;;;;2;1;;;
20/10/2011;22:36:00;185;sem vítima;61;BR-101/RJ;Sul;Queda de Moto;;;;1;;;;;;;1;;;;
23/10/2011;15:06:00;87;com vítima;61;BR-101/RJ;Norte;Colisão Transversal;1;;;;;;;;;1;3;3;;;
25/10/2011;12:11:00;96;sem vítima;61;BR-101/RJ;Sul;Colisão Traseira;1;;;;;;;;;1;2;;;;
28/10/2011;12:57:00;81;com vítima;61;BR-101/RJ;Norte;Queda de Moto;;;;1;;;;;;;0;1;;;
01/12/2011;17:48:00;133;com vítima;61,5;BR-101/RJ;Sul;Colisão Transversal;1;;;1;;;;;;;2;;1;;
10/12/2011;23:14:00;234;com vítima;61,099998474121094;BR-101/RJ;Sul;Colisão Transversal;1;;;1;;;;;;;2;;1;;
16/12/2011;14:39:00;144;com vítima;61;BR-101/RJ;Sul;Colisão Transversal;1;;;;;;;;;1;2;1;1;;
16/12/2011;20:16:00;211;sem vítima;61;BR-101/RJ;Norte;Saida de Pista;1;;;;;;;;;;1;;;;
28/12/2011;22:06:00;221;sem vítima;61;BR-101/RJ;Norte;Saida de Pista;1;;;;;;;;;;1;;;;