data;horario;n_da_ocorrencia;tipo_de_ocorrencia;km;trecho;sentido;tipo_de_acidente;automovel;bicicleta;caminhao;moto;onibus;outros;tracao_animal;transporte_de_cargas_especiais;trator_maquinas;utilitarios;ilesos;levemente_feridos;moderadamente_feridos;gravemente_feridos;mortos
13/04/2012;18:26:00;186;com vítima;64;BR-101/RJ;Norte;Colisão Lateral;1;;;1;;;;;;;1;;1;;
14/05/2012;18:04:00;142;sem vítima;64;BR-101/RJ;Sul;Colisão Traseira;1;;;;;1;;;;;2;;;;
26/05/2012;08:09:00;46;com vítima;64;BR-101/RJ;Sul;Colisão Transversal;1;;;1;;;;;;;1;;1;;
17/12/2012;15:23:00;130;sem vítima;64,5;BR-101/RJ;Norte;Colisão Traseira;1;;1;;;;;;;;2;;;;
23/12/2012;17:34:00;151;com vítima;64;BR-101/RJ;Sul;Colisão Transversal;1;;;;1;;;;;;3;1;;;
28/02/2013;15:41:00;107;sem vítima;64;BR-101/RJ;Norte;Engavetamento;;;1;;;;;;;2;3;;;;
07/03/2013;14:42:00;147;sem vítima;64,3;BR-101/RJ;Sul;Colisão Lateral;;;1;;;1;;;;;2;;;;
29/05/2013;12:04:00;85;sem vítima;64;BR-101/RJ;Norte;Colisão Lateral;2;;;;;;;;;;3;;;;
14/07/2013;19:19:00;163;sem vítima;64;BR-101/RJ;Norte;Colisão Lateral;2;;;;;;;;;;2;;;;
28/08/2013;14:23:00;103;com vítima;64,5;BR-101/RJ;Sul;Colisão Transversal;1;;;1;;;;;;;1;;1;;
04/10/2013;17:03:00;140;sem vítima;64;BR-101/RJ;Norte;Colisão Lateral;1;;;1;;;;;;;3;;;;
14/11/2013;06:55:00;38;sem vítima;64;BR-101/RJ;Norte;Colisão Lateral;;;;2;;;;;;;2;;;;
23/11/2013;20:05:00;176;sem vítima;64,5;BR-101/RJ;Sul;Colisão Transversal;2;;;;;;;;;;3;;;;
05/12/2013;19:11:00;190;sem vítima;64,65;BR-101/RJ;Norte;Colisão Lateral;2;;;;;;;;;;4;;;;
24/12/2013;22:41:00;200;sem vítima;64;BR-101/RJ;Norte;Colisão Traseira;1;;1;;;;;;;;5;;;;
27/12/2013;08:29:00;46;com vítima;64;BR-101/RJ;Sul;Colisão Frontal;;1;;1;;;;;;;1;1;;;
17/01/2014;19:35:00;159;sem vítima;64,206;BR-101/RJ;Norte;Colisão Lateral;2;;;;;;;;;;2;;;;
29/01/2014;19:00:00;198;sem vítima;64;BR-101/RJ;Sul;Colisão Frontal;2;;;;;;;;;;2;;;;
19/02/2014;10:47:00;91;sem vítima;64;BR-101/RJ;Sul;Engavetamento;1;;2;;;;;;;;4;;;;
02/05/2014;21:02:00;150;sem vítima;64;BR-101/RJ;Norte;Colisão Traseira;2;;;;;;;;;;3;;;;
12/08/2014;13:15:00;104;sem vítima;64;BR-101/RJ;Norte;Colisão Lateral;1;;1;;;;;;;;4;;;;
17/08/2014;17:37:00;121;com vítima;64,75;BR-101/RJ;Sul;Atropelamento - Morador;;;1;;;;;;;;1;;;;1
31/08/2014;03:51:00;14;com vítima;64;BR-101/RJ;Norte;Colisão Transversal;1;;;;1;;;;;;1;1;;;
03/09/2014;15:41:00;112;com vítima;64,499;BR-101/RJ;Norte;Colisão Transversal;;;;2;;;;;;;0;2;;;
25/09/2014;13:02:00;96;com vítima;64;BR-101/RJ;Norte;Colisão Traseira;1;;;1;;;;;;;1;1;;;
27/09/2014;10:24:00;62;sem vítima;64;BR-101/RJ;Norte;Colisão Traseira;;;;;;;;;;2;2;;;;
10/10/2014;08:51:00;58;com vítima;64,566;BR-101/RJ;Sul;Atropelamento - Ciclista;;1;;1;;;;;;;0;;1;1;
23/11/2014;17:13:00;123;sem vítima;64;BR-101/RJ;Norte;Colisão Transversal;2;;;;;;;;;;5;;;;
24/12/2014;08:17:00;49;sem vítima;64;BR-101/RJ;Norte;Engavetamento;3;;;;;;;;;;15;;;;
30/12/2014;10:18:00;67;com vítima;64;BR-101/RJ;Norte;Colisão Traseira;1;;1;;;;;;;;4;1;;;
17/03/2015;15:24:00;130;sem vítima;64;BR-101/RJ;Sul;Colisão Lateral;1;;1;;;;;;;;3;0;0;0;0
13/04/2015;23:58:00;221;sem vítima;64;BR-101/RJ;Sul;Colisão Lateral;1;;;;;1;;;;;2;;;;
19/04/2015;14:03:00;71;sem vítima;64;BR-101/RJ;Norte;Colisão Traseira;2;;;;;;;;;;2;;;;
26/05/2015;19:26:00;174;com vítima;64,506;BR-101/RJ;Norte;Outros;;;;1;;1;;;;;1;;;;1
31/05/2015;13:05:00;93;sem vítima;64,502;BR-101/RJ;Norte;Colisão Traseira;1;;;;;;;;;1;2;;;;
01/07/2015;12:37:00;129;com vítima;64;BR-101/RJ;Norte;Colisão Traseira;1;;;1;;;;;;;2;;1;;
17/08/2015;09:44:00;90;sem vítima;64,234;BR-101/RJ;Norte;Colisão Lateral;1;;1;;;;;;;;3;;;;
18/09/2015;19:04:00;262;com vítima;64,462;BR-101/RJ;Norte;Colisão Traseira;1;;;1;;;;;;;2;1;;;
21/10/2015;12:38:00;110;sem vítima;64;BR-101/RJ;Norte;Colisão Traseira;2;;;;;;;;;;2;;;;
16/11/2015;23:43:00;221;sem vítima;64;BR-101/RJ;Sul;Choque - Poste;1;;;;;;;;;;1;;;;
14/01/2010;16:55:00;139;sem vítima;65;BR-101/RJ;Sul;Colisão Traseira;2;;1;;;;;;;;10;;;;
14/01/2010;18:17:00;152;com vítima;65;BR-101/RJ;Norte;Colisão Lateral;;;;1;1;;;;;;1;1;;;
25/02/2010;17:07:00;132;sem vítima;65;BR-101/RJ;Norte;Engavetamento;3;;;;;;;;;;3;;;;
24/03/2010;14:22:00;91;sem vítima;65;BR-101/RJ;Sul;Colisão Lateral;2;;;;;;;;;;3;;;;
25/04/2010;03:20:00;7;sem vítima;65;BR-101/RJ;Sul;Colisão Lateral;;;;;1;1;;;;;18;;;;
29/04/2010;09:49:00;74;sem vítima;65;BR-101/RJ;Norte;Colisão Traseira;2;;;;;;;;;;2;;;;
03/05/2010;11:12:00;79;com vítima;65;BR-101/RJ;Sul;Colisão Lateral;1;;;1;;;;;;;2;1;;;
05/05/2010;16:49:00;130;com vítima;65;BR-101/RJ;Norte;Colisão Lateral;2;;;;;;;;;;1;3;;;
24/05/2010;18:20:00;175;com vítima;65;BR-101/RJ;Sul;Colisão Lateral;1;;;1;;;;;;;1;;1;;
15/06/2010;21:50:00;143;sem vítima;65;BR-101/RJ;Norte;Colisão Traseira;1;;;;;1;;;;;2;;;;
23/06/2010;17:13:00;93;com vítima;65;BR-101/RJ;Norte;Colisão Lateral;1;;;1;;;;;;;1;1;;;
13/07/2010;17:54:00;166;sem vítima;65;BR-101/RJ;Norte;Queda de Moto;;;;1;;;;;;;2;;;;
28/07/2010;17:49:00;166;sem vítima;65;BR-101/RJ;Sul;Colisão Traseira;1;;;1;;;;;;;2;;;;
02/08/2010;18:37:00;197;sem vítima;65;BR-101/RJ;Sul;Colisão Traseira;1;;1;;;;;;;;6;;;;
15/08/2010;04:51:00;16;sem vítima;65;BR-101/RJ;Sul;Colisão Traseira;2;;;;;;;;;;2;;;;
16/09/2010;13:48:00;88;sem vítima;65;BR-101/RJ;Norte;Colisão Traseira;1;;;;1;;;;;;2;;;;
20/10/2010;00:59:00;6;sem vítima;65;BR-101/RJ;Sul;Saida de Pista;1;;;;;;;;;;1;;;;
26/10/2010;16:56:00;136;sem vítima;65;BR-101/RJ;Norte;Colisão Traseira;1;;1;;;;;;;;2;;;;
29/11/2010;17:38:00;194;sem vítima;65;BR-101/RJ;Sul;Colisão Traseira;;;2;;;;;;;;2;;;;
23/12/2010;21:30:00;255;sem vítima;65;BR-101/RJ;Sul;Colisão Traseira;2;;;;;;;;;;9;;;;
23/12/2010;23:02:00;273;sem vítima;65;BR-101/RJ;Sul;Colisão Traseira;1;;1;;;;;;;;4;;;;
23/12/2010;23:03:00;274;sem vítima;65;BR-101/RJ;Sul;Engavetamento;3;;;;;;;;;;7;;;;
24/01/2011;17:53:00;200;sem vítima;65;BR-101/RJ;Sul;Colisão Traseira;1;;;1;;;;;;;4;;;;
27/01/2011;22:44:00;231;com vítima;65;BR-101/RJ;Sul;Atropelamento - Ciclista;1;1;;;;;;;;;1;1;;;
13/02/2011;12:40:00;72;sem vítima;65;BR-101/RJ;Norte;Engavetamento;2;;;;;1;;;;;4;;;;
04/03/2011;15:58:00;166;sem vítima;297;BR-101/RJ;Norte;Colisão Traseira;2;;;;;;;;;;4;;;;
04/03/2011;16:05:00;169;com vítima;161;BR-101/RJ;Norte;Queda de Moto;;;;1;;;;;;;0;;1;;
01/05/2011;15:43:00;84;com vítima;65;BR-101/RJ;Sul;Atropelamento - Ciclista;;1;;;;1;;;;;1;;1;;
05/05/2011;11:34:00;82;sem vítima;65;BR-101/RJ;Sul;Colisão Lateral;1;;;1;;;;;;;2;;;;
16/05/2011;22:39:00;167;com vítima;65;BR-101/RJ;Sul;Colisão Lateral;1;;;1;;;;;;;0;2;;;
21/05/2011;13:38:00;99;sem vítima;65;BR-101/RJ;Norte;Queda de Moto;;;;1;;;;;;;1;;;;
29/05/2011;18:40:00;115;sem vítima;65;BR-101/RJ;Sul;Colisão Traseira;1;;;;;;;;;1;7;;;;
02/06/2011;09:13:00;47;sem vítima;65;BR-101/RJ;Sul;Colisão Lateral;1;;;1;;;;;;;2;;;;
08/08/2011;18:39:00;186;com vítima;65;BR-101/RJ;Norte;Colisão Transversal;2;;;;;;;;;;2;1;;;
09/08/2011;17:46:00;132;com vítima;65,36000061035156;BR-101/RJ;Sul;Colisão Lateral;;;;1;1;;;;;;1;1;;1;
12/08/2011;07:50:00;36;com vítima;65;BR-101/RJ;Norte;Queda de Moto;;;;1;;;;;;;0;;1;;
19/08/2011;23:30:00;217;com vítima;65,80000305175781;BR-101/RJ;Norte;Colisão Frontal;1;;;1;;;;;;;1;1;;;
05/09/2011;22:58:00;184;sem vítima;65;BR-101/RJ;Sul;Colisão Lateral;2;;;;;;;;;;4;;;;
11/09/2011;19:24:00;161;sem vítima;65;BR-101/RJ;Norte;Colisão Lateral;1;;1;;;;;;;;2;;;;
07/10/2011;04:25:00;19;sem vítima;65;BR-101/RJ;Sul;Queda de Moto;;;;1;;;;;;;1;;;;
08/10/2011;11:32:00;97;sem vítima;65;BR-101/RJ;Norte;Colisão Traseira;2;;;;;;;;;;3;;;;
04/11/2011;12:53:00;94;sem vítima;65;BR-101/RJ;Norte;Choque - Elemento de Drenagem;1;;;;;;;;;;1;;;;
14/11/2011;15:13:00;85;sem vítima;65;BR-101/RJ;Sul;Colisão Traseira;1;;1;;;;;;;;4;;;;
19/11/2011;21:08:00;127;com vítima;65,5;BR-101/RJ;Sul;Colisão Lateral;2;;;;;;;;;;2;1;;;
19/11/2011;21:45:00;133;com vítima;65,5;BR-101/RJ;Norte;Colisão Lateral;2;;;;;;;;;;2;;1;;
13/12/2011;19:44:00;188;sem vítima;65,4000015258789;BR-101/RJ;Sul;Colisão Lateral;1;;1;;;;;;;;3;;;;
13/12/2011;18:59:00;181;sem vítima;65,5;BR-101/RJ;Norte;Colisão Traseira;1;;1;;;;;;;;4;;;;
15/12/2011;19:10:00;146;sem vítima;65;BR-101/RJ;Sul;Colisão Lateral;1;;1;;;;;;;;2;;;;
20/12/2011;19:05:00;200;com vítima;65;BR-101/RJ;Norte;Colisão Lateral;2;;;;;;;;;;2;3;;;
22/12/2011;08:16:00;51;com vítima;65;BR-101/RJ;Sul;Colisão Lateral;1;;;1;;;;;;;1;1;;;
22/12/2011;19:30:00;202;sem vítima;65;BR-101/RJ;Sul;Colisão Lateral;1;;1;;;;;;;;2;;;;
22/12/2011;19:37:00;204;sem vítima;65;BR-101/RJ;Sul;Queda de Moto;;;;1;;1;;;;;2;;;;
28/12/2011;13:04:00;108;com vítima;65,5;BR-101/RJ;Sul;Colisão Lateral;;;;1;;1;;;;;1;1;;;
28/01/2012;22:00:00;189;sem vítima;65;BR-101/RJ;Sul;;1;;1;;;;;;;;3;;;;
04/02/2012;22:41:00;211;sem vítima;65;BR-101/RJ;Sul;Colisão Lateral;2;;;;;;;;;;2;;;;
10/02/2012;10:04:00;87;com vítima;65;BR-101/RJ;Sul;Colisão Traseira;2;;;;;;;;;;2;2;;;
10/02/2012;18:57:00;178;sem vítima;65;BR-101/RJ;Sul;Colisão Transversal;2;;;;;;;;;;2;;;;
08/03/2012;12:12:00;70;com vítima;65;BR-101/RJ;Sul;Colisão Lateral;1;;;1;;;;;;;2;;1;;
09/03/2012;16:55:00;141;com vítima;65;BR-101/RJ;Norte;Colisão Transversal;1;;;1;;;;;;;3;;1;;
23/03/2012;14:16:00;99;sem vítima;65;BR-101/RJ;Norte;Colisão Transversal;1;;;1;;;;;;;2;;;;
28/03/2012;14:36:00;101;sem vítima;65;BR-101/RJ;Norte;Colisão Lateral;2;;;;;;;;;;2;;;;
11/04/2012;22:31:00;159;com vítima;65;BR-101/RJ;Sul;Colisão Lateral;1;;;1;;;;;;;1;1;;;
20/04/2012;17:14:00;134;sem vítima;65;BR-101/RJ;Sul;Colisão Lateral;1;;;1;;;;;;;2;;;;
27/04/2012;22:22:00;211;com vítima;65,5;BR-101/RJ;Norte;Atropelamento - Andarilho;;;;;;1;;;;;1;1;;;
17/05/2012;17:51:00;137;com vítima;65;BR-101/RJ;Sul;Atropelamento - Outros;;;;;;1;;;;;1;;1;;
05/06/2012;15:11:00;110;com vítima;65;BR-101/RJ;Norte;Colisão Transversal;;;1;;1;;;;;;14;3;;;
25/06/2012;15:23:00;115;com vítima;65,9;BR-101/RJ;Sul;Atropelamento - Ciclista;1;1;;;;;;;;;1;1;;;
29/06/2012;17:03:00;166;com vítima;65,5;BR-101/RJ;Sul;Atropelamento - Ciclista;1;;;;;;;;;;3;;1;;
15/07/2012;17:31:00;130;com vítima;65,9;BR-101/RJ;Norte;Engavetamento;3;;;;;;;;;;5;2;1;;
20/07/2012;12:37:00;95;sem vítima;65;BR-101/RJ;Sul;Colisão Traseira;1;;2;;;;;;;;4;;;;
27/08/2012;17:30:00;141;com vítima;65,3;BR-101/RJ;Norte;Atropelamento - Morador;1;;;;;;;;;;1;;1;;
03/09/2012;18:43:00;152;sem vítima;65,15;BR-101/RJ;Norte;Colisão Traseira;1;;;;;;;;;1;3;;;;
25/09/2012;10:15:00;77;com vítima;65;BR-101/RJ;Sul;Atropelamento - Morador;;;;1;;;;;;;0;1;1;;
04/10/2012;14:18:00;122;sem vítima;65;BR-101/RJ;Sul;Colisão Lateral;1;;;1;;;;;;;2;;;;
10/10/2012;19:41:00;241;sem vítima;65;BR-101/RJ;Sul;Colisão Lateral;1;;1;;;;;;;;2;;;;
29/10/2012;11:29:00;93;sem vítima;65;BR-101/RJ;Sul;Colisão Traseira;2;;;;;;;;;;5;;;;
24/11/2012;22:18:00;186;sem vítima;65,342;BR-101/RJ;Norte;Colisão Lateral;2;;;;;;;;;;2;;;;
14/12/2012;17:33:00;158;sem vítima;65;BR-101/RJ;Norte;Colisão Lateral;1;;;1;;;;;;;2;;;;
21/12/2012;11:21:00;117;com vítima;65;BR-101/RJ;Norte;Colisão Transversal;1;;;1;;;;;;;1;;1;;
04/01/2013;16:37:00;142;sem vítima;65;BR-101/RJ;Sul;Colisão Traseira;2;;;;;;;;;;2;;;;
03/02/2013;21:37:00;186;sem vítima;65;BR-101/RJ;Norte;Colisão Frontal;1;;;1;;;;;;;2;;;;
19/02/2013;11:09:00;100;sem vítima;65,3;BR-101/RJ;Sul;Colisão Traseira;1;;;;;1;;;;;4;;;;
20/02/2013;12:42:00;115;com vítima;65;BR-101/RJ;Sul;Colisão Frontal;1;;;1;;;;;;;1;;;;1
15/03/2013;19:44:00;170;sem vítima;65;BR-101/RJ;Norte;Colisão Traseira;2;;;;;;;;;;3;;;;
17/03/2013;23:01:00;197;com vítima;65;BR-101/RJ;Sul;Colisão Lateral;;;1;1;;;;;;;1;;;1;
27/03/2013;17:14:00;136;sem vítima;65;BR-101/RJ;Norte;Colisão Lateral;1;;;1;;;;;;;4;;;;
05/04/2013;17:14:00;132;sem vítima;65;BR-101/RJ;Norte;Colisão Lateral;2;;;;;;;;;;2;;;;
16/05/2013;12:15:00;74;com vítima;65;BR-101/RJ;Norte;Colisão Lateral;;;;1;;1;;;;;1;;1;;
28/05/2013;17:33:00;135;sem vítima;65,3;BR-101/RJ;Sul;Colisão Lateral;1;;;1;;;;;;;2;;;;
01/06/2013;00:03:00;1;sem vítima;65,5;BR-101/RJ;Norte;Colisão Lateral;1;;;;;1;;;;;3;;;;
05/07/2013;08:36:00;48;sem vítima;65;BR-101/RJ;Norte;Colisão Transversal;1;;1;;;;;;;;4;;;;
28/07/2013;15:44:00;119;sem vítima;65;BR-101/RJ;Sul;Colisão Lateral;;;;1;;1;;;;;2;;;;
01/08/2013;22:58:00;171;com vítima;65,8;BR-101/RJ;Sul;Colisão Lateral;;;1;;;;;;;1;2;2;;;
04/08/2013;19:25:00;177;sem vítima;65;BR-101/RJ;Sul;Colisão Frontal;1;;;;1;;;;;;2;;;;
08/08/2013;10:50:00;67;sem vítima;65;BR-101/RJ;Sul;Colisão Frontal;1;;;;;1;;;;;3;;;;
27/08/2013;12:35:00;83;sem vítima;65;BR-101/RJ;Sul;Engavetamento;3;;;;;;;;;;9;;;;
19/09/2013;18:59:00;154;sem vítima;65;BR-101/RJ;Sul;Colisão Traseira;;;1;;;;;;;1;3;;;;
24/09/2013;09:42:00;61;sem vítima;65;BR-101/RJ;Norte;Engavetamento;2;;1;;;;;;;;4;;;;
29/09/2013;19:19:00;140;sem vítima;65,3;BR-101/RJ;Norte;Colisão Transversal;2;;;;;;;;;;2;;;;
03/10/2013;16:33:00;120;com vítima;65;BR-101/RJ;Sul;Colisão Transversal;;;;1;;1;;;;;1;;1;;
06/10/2013;18:32:00;112;sem vítima;65;BR-101/RJ;Sul;Colisão Lateral;2;;;;;;;;;;2;;;;
07/10/2013;20:02:00;147;sem vítima;65;BR-101/RJ;Sul;Colisão Lateral;1;;1;;;;;;;;3;;;;
22/10/2013;13:37:00;123;sem vítima;65,131;BR-101/RJ;Sul;Colisão Traseira;1;;1;;;;;;;;2;;;;
21/11/2013;09:50:00;79;sem vítima;65;BR-101/RJ;Sul;Colisão Traseira;1;;1;;;;;;;;4;;;;
25/11/2013;07:36:00;39;com vítima;65,34;BR-101/RJ;Sul;Colisão Frontal;2;;;;;;;;;;0;2;;;
26/11/2013;18:41:00;161;com vítima;65,392;BR-101/RJ;Norte;Colisão Lateral;1;;;1;;;;;;;3;;1;;
28/11/2013;03:57:00;20;sem vítima;65,4;BR-101/RJ;Sul;Saida de Pista;1;;;;;;;;;;1;;;;
29/11/2013;18:52:00;221;sem vítima;65;BR-101/RJ;Sul;Engavetamento;2;;1;;;;;;;;3;;;;
05/12/2013;19:07:00;189;com vítima;65,3;BR-101/RJ;Norte;Colisão Frontal;2;;;;;;;;;;2;1;;;
12/12/2013;15:22:00;145;sem vítima;65,51;BR-101/RJ;Sul;Colisão Lateral;1;;1;;;;;;;;2;;;;
16/01/2014;08:50:00;55;sem vítima;65,347;BR-101/RJ;Norte;Saida de Pista;1;;;;;;;;;;1;;;;
18/01/2014;18:07:00;188;com vítima;65,324;BR-101/RJ;Norte;Colisão Frontal;3;;;;;;;;;;3;2;;;
05/02/2014;15:31:00;141;sem vítima;65;BR-101/RJ;Sul;Colisão Lateral;1;;1;;;;;;;;2;;;;
12/02/2014;14:48:00;125;sem vítima;65,77;BR-101/RJ;Norte;Colisão Traseira;1;;1;;;;;;;;3;;;;
18/03/2014;09:39:00;61;com vítima;65;BR-101/RJ;Norte;Colisão Lateral;1;;;1;;;;;;;1;1;;;
28/03/2014;16:35:00;142;sem vítima;65;BR-101/RJ;Sul;Colisão Lateral;1;;1;;;;;;;;2;;;;
02/05/2014;13:56:00;79;sem vítima;65,9;BR-101/RJ;Sul;Colisão Traseira;1;;;;;;;;;1;2;;;;
08/05/2014;16:42:00;165;sem vítima;65;BR-101/RJ;Norte;Colisão Lateral;2;;;;;;;;;;2;;;;
08/05/2014;17:35:00;170;sem vítima;65;BR-101/RJ;Norte;Colisão Traseira;1;;1;;;;;;;;4;;;;
29/05/2014;09:18:00;65;sem vítima;65,8;BR-101/RJ;Sul;Colisão Traseira;2;;;;;;;;;;4;;;;
10/06/2014;20:42:00;166;com vítima;65,88;BR-101/RJ;Sul;Colisão Traseira;1;;;1;;;;;;;2;1;;;
01/07/2014;04:49:00;19;com vítima;65,675;BR-101/RJ;Sul;Atropelamento - Ciclista;1;1;;;;;;;;;1;;1;;
06/07/2014;16:58:00;100;com vítima;65;BR-101/RJ;Norte;Colisão Transversal;2;;;;;;;;;;0;2;1;;
09/07/2014;11:12:00;82;com vítima;65;BR-101/RJ;Norte;Atropelamento - Ciclista;1;1;;;;;;;;;1;1;;;
10/07/2014;16:43:00;118;sem vítima;65;BR-101/RJ;Sul;Colisão Traseira;1;;1;;;;;;;;2;;;;
27/07/2014;19:48:00;150;com vítima;65,6;BR-101/RJ;Norte;Atropelamento - Morador;;;;;;1;;;;;1;;1;;
31/07/2014;18:06:00;148;com vítima;65;BR-101/RJ;Norte;Colisão Lateral;1;;;1;;;;;;;1;1;;;
23/08/2014;16:30:00;135;sem vítima;65;BR-101/RJ;Norte;Engavetamento;3;;;;;;;;;;4;;;;
25/08/2014;16:11:00;123;sem vítima;65;BR-101/RJ;Sul;Colisão Lateral;2;;1;;;;;;;;3;;;;
25/08/2014;16:34:00;127;sem vítima;65;BR-101/RJ;Sul;Engavetamento;1;;1;;;1;;;;;5;;;;
12/09/2014;12:17:00;83;sem vítima;65;BR-101/RJ;Norte;Engavetamento;2;;1;;;;;;;;4;;;;
23/09/2014;15:44:00;118;sem vítima;65;BR-101/RJ;Sul;Engavetamento;2;;1;;;;;;;;4;;;;
21/10/2014;23:18:00;187;sem vítima;65,813;BR-101/RJ;Norte;Colisão Transversal;2;;;;;;;;;;3;;;;
23/10/2014;14:16:00;107;com vítima;65;BR-101/RJ;Norte;Colisão Traseira;1;;;1;;;;;;;2;1;;;
24/11/2014;18:28:00;156;sem vítima;65,266;BR-101/RJ;Sul;Colisão Transversal;1;;;;;;;;;1;2;;;;
05/12/2014;21:29:00;182;sem vítima;65;BR-101/RJ;Norte;Engavetamento;4;;;;;;;;;;4;;;;
11/12/2014;19:56:00;178;com vítima;65;BR-101/RJ;Sul;Queda de Moto;;;;1;;;;;;;0;1;;;
07/02/2015;09:47:00;48;com vítima;65;BR-101/RJ;Norte;Colisão Traseira;1;;;1;;;;;;;1;0;1;0;0
22/02/2015;08:08:00;37;com vítima;65;BR-101/RJ;Sul;Colisão Traseira;1;;;1;;;;;;;1;1;;;
15/03/2015;01:55:00;6;com vítima;65;BR-101/RJ;Norte;Choque - Arvore;1;;;;;;;;;;0;2;0;0;0
21/03/2015;04:29:00;19;com vítima;65,523;BR-101/RJ;Norte;Atropelamento - Morador;;;;;;1;;;;;1;0;0;0;1
01/04/2015;22:09:00;198;com vítima;65;BR-101/RJ;Sul;Colisão Transversal;1;;;1;;;;;;;2;1;;;
14/06/2015;21:09:00;154;com vítima;65,9;BR-101/RJ;Norte;Colisão Transversal;1;;;1;;;;;;;3;1;1;;
23/06/2015;17:13:00;143;sem vítima;65;BR-101/RJ;Sul;Colisão Traseira;1;;1;;;;;;;;2;;;;
29/06/2015;17:44:00;192;sem vítima;65;BR-101/RJ;Norte;Colisão Lateral;1;;1;;;;;;;;2;;;;
07/09/2015;07:10:00;22;sem vítima;65,403;BR-101/RJ;Norte;Choque - Outros;1;;;;;;;;;;1;;;;
11/09/2015;18:41:00;187;sem vítima;65,012;BR-101/RJ;Norte;Colisão Traseira;1;;;;;;;;;1;2;;;;
11/09/2015;23:07:00;241;com vítima;65,6;BR-101/RJ;Sul;Colisão Lateral;1;;1;;;;;;;;0;2;;;
16/10/2015;21:12:00;263;com vítima;65;BR-101/RJ;Sul;Colisão Frontal;1;;;1;;;;;;;1;;1;;
02/11/2015;13:53:00;77;sem vítima;65;BR-101/RJ;Sul;Colisão Transversal;2;;;;;;;;;;8;;;;
02/11/2015;21:01:00;172;sem vítima;65;BR-101/RJ;Sul;Colisão Traseira;2;;;;;;;;;;2;;;;
08/11/2015;06:59:00;47;com vítima;65;BR-101/RJ;Sul;Saida de Pista;1;;;;;;;;;;1;1;;;
17/11/2015;22:39:00;209;com vítima;65;BR-101/RJ;Sul;Colisão Transversal;2;;;;;;;;;;2;2;;;
27/11/2015;20:31:00;241;com vítima;65,5;BR-101/RJ;Sul;Colisão Traseira;1;;;1;;;;;;;2;;1;;
03/12/2015;06:07:00;148;com vítima;65,617;BR-101/RJ;Sul;Colisão Lateral;1;;;1;;;;;;;1;;1;;
14/12/2015;20:52:00;229;sem vítima;65,8;BR-101/RJ;Sul;Colisão Traseira;1;;;1;;;;;;;3;;;;
16/12/2015;09:57:00;105;sem vítima;65,306;BR-101/RJ;Sul;Colisão Traseira;;;1;;;;;;;1;2;;;;
16/12/2015;09:42:00;102;com vítima;65,342;BR-101/RJ;Norte;Colisão Frontal;;;1;1;;;;;;;1;;1;;
19/12/2015;09:55:00;108;sem vítima;65;BR-101/RJ;Norte;Colisão Traseira;2;;;;;;;;;;6;;;;
19/12/2015;18:59:00;234;sem vítima;65,5;BR-101/RJ;Norte;Choque - Poste;1;;;;;;;;;;1;;;;
22/12/2015;19:14:00;224;com vítima;65;BR-101/RJ;Sul;Colisão Transversal;2;;;;;;;;;;1;1;;;
26/12/2015;17:15:00;177;com vítima;65;BR-101/RJ;Sul;Colisão Transversal;;;;1;;1;;;;;1;2;;;
23/01/2010;01:13:00;6;sem vítima;66;BR-101/RJ;Sul;Saida de Pista;1;;;;;;;;;;1;;;;
14/02/2010;17:31:00;194;sem vítima;66;BR-101/RJ;Norte;Colisão Traseira;2;;;;;;;;;;2;;;;
24/02/2010;19:41:00;187;com vítima;66;BR-101/RJ;Norte;Colisão Lateral;1;;;1;;;;;;;1;;2;;
04/03/2010;17:34:00;148;sem vítima;66;BR-101/RJ;Sul;Colisão Traseira;;;2;;;;;;;;4;;;;
19/03/2010;13:25:00;121;com vítima;66;BR-101/RJ;Norte;Atropelamento - Ciclista;1;1;;;;;;;;;1;;1;;
05/04/2010;11:57:00;78;sem vítima;66;BR-101/RJ;Sul;Colisão Lateral;;;1;1;;;;;;;2;;;;
21/04/2010;22:10:00;179;com vítima;66;BR-101/RJ;Norte;Colisão Frontal;1;;;1;;;;;;;1;;1;;
01/05/2010;12:58:00;88;sem vítima;66;BR-101/RJ;Norte;Colisão Traseira;2;;;;;;;;;;3;;;;
24/05/2010;00:50:00;5;com vítima;66;BR-101/RJ;Sul;Saida de Pista;1;;;;;;;;;;0;;1;;
24/06/2010;12:27:00;102;com vítima;66;BR-101/RJ;Norte;Colisão Lateral;;;;1;;1;;;;;1;;1;;
19/07/2010;17:22:00;152;sem vítima;66;BR-101/RJ;Sul;Colisão Lateral;1;;;;1;;;;;;3;;;;
22/07/2010;11:59:00;83;com vítima;66;BR-101/RJ;Sul;Choque - Outros;2;;;;;;;;;;4;;2;;
30/08/2010;18:24:00;162;com vítima;66;BR-101/RJ;Norte;Engavetamento;3;;;;;;;;;;3;1;;;
03/09/2010;19:23:00;198;sem vítima;66;BR-101/RJ;Norte;Engavetamento;4;;;;;;;;;;7;;;;
12/09/2010;05:57:00;23;sem vítima;66;BR-101/RJ;Sul;Capotamento;1;;;;;;;;;;2;;;;
16/09/2010;14:22:00;96;sem vítima;66;BR-101/RJ;Norte;Colisão Lateral;2;;;;;;;;;;2;;;;
28/09/2010;21:30:00;184;sem vítima;66;BR-101/RJ;Sul;Colisão Traseira;1;;;;;1;;;;;2;;;;
06/10/2010;03:36:00;19;com vítima;66;BR-101/RJ;Norte;Capotamento;1;;;;;;;;;;3;;1;;
08/10/2010;05:16:00;20;sem vítima;66;BR-101/RJ;Sul;Colisão Lateral;1;;1;;;;;;;;6;;;;
13/10/2010;20:21:00;187;com vítima;66;BR-101/RJ;Norte;Queda de Moto;1;;;1;;;;;;;1;;1;;
18/10/2010;19:32:00;135;sem vítima;66;BR-101/RJ;Sul;Colisão Lateral;2;;;;;;;;;;2;;;;
23/10/2010;17:13:00;126;com vítima;66;BR-101/RJ;Sul;Atropelamento - Andarilho;1;1;;;;;;;;;1;;;1;
26/10/2010;20:42:00;175;sem vítima;66;BR-101/RJ;Sul;Engavetamento;2;;1;;;;;;;;6;;;;