data;horario;n_da_ocorrencia;tipo_de_ocorrencia;km;trecho;sentido;tipo_de_acidente;automovel;bicicleta;caminhao;moto;onibus;outros;tracao_animal;transporte_de_cargas_especiais;trator_maquinas;utilitarios;ilesos;levemente_feridos;moderadamente_feridos;gravemente_feridos;mortos
27/10/2010;01:36:00;13;sem vítima;66;BR-101/RJ;Norte;Saida de Pista;1;;;;;;;;;;1;;;;
31/10/2010;18:02:00;143;sem vítima;66;BR-101/RJ;Norte;Colisão Lateral;2;;;;;;;;;;9;;;;
06/11/2010;01:43:00;10;com vítima;66;BR-101/RJ;Sul;Colisão Transversal;2;;;;;;;;;;4;;1;;
13/11/2010;15:26:00;160;sem vítima;66;BR-101/RJ;Sul;Colisão Traseira;1;;1;;;;;;;;4;;;;
15/11/2010;14:02:00;92;sem vítima;66;BR-101/RJ;Sul;Engavetamento;4;;;;;1;;;;;13;;;;
18/12/2010;06:22:00;39;sem vítima;66;BR-101/RJ;Sul;Colisão Lateral;1;;;;;1;;;;;5;;;;
22/12/2010;07:53:00;47;com vítima;66;BR-101/RJ;Norte;Colisão Lateral;;;;1;;1;;;;;1;1;;;
28/12/2010;18:15:00;158;sem vítima;66;BR-101/RJ;Norte;Colisão Traseira;2;;;;;;;;;;2;;;;
28/12/2010;19:06:00;170;sem vítima;66;BR-101/RJ;Sul;Colisão Traseira;1;;;;1;;;;;;2;;;;
03/01/2011;18:44:00;249;sem vítima;66;BR-101/RJ;Norte;Colisão Traseira;2;;;;;;;;;;2;;;;
12/01/2011;10:58:00;62;sem vítima;66;BR-101/RJ;Norte;Colisão Lateral;2;;;;;;;;;;2;;;;
15/01/2011;11:49:00;75;sem vítima;66;BR-101/RJ;Sul;Colisão Frontal;1;;;;;;;;;;1;;;;
22/02/2011;17:02:00;124;com vítima;66;BR-101/RJ;Norte;Atropelamento - Ciclista;1;1;;;;;;;;;2;;1;;
04/03/2011;17:53:00;192;sem vítima;209;BR-101/RJ;Norte;Colisão Traseira;2;;;;;;;;;;2;;;;
04/03/2011;18:32:00;198;sem vítima;207;BR-101/RJ;Norte;Colisão Traseira;2;;;;;;;;;;4;;;;
04/03/2011;19:28:00;221;com vítima;256;BR-101/RJ;Norte;Colisão Transversal;1;;;1;;;;;;;2;;1;;
04/03/2011;20:02:00;228;sem vítima;60;BR-101/RJ;Norte;Engavetamento;3;;;;;1;;;;;4;;;;
04/03/2011;20:38:00;238;sem vítima;305;BR-101/RJ;Sul;Saida de Pista;1;;;;;;;;;;1;;;;
04/03/2011;21:58:00;252;sem vítima;295;BR-101/RJ;Sul;Colisão Traseira;2;;;;;;;;;;2;;;;
04/03/2011;22:23:00;257;sem vítima;320;BR-101/RJ;Norte;Colisão Traseira;2;;;;;;;;;;2;;;;
03/05/2011;23:35:00;172;com vítima;66;BR-101/RJ;Sul;Colisão Lateral;1;;;1;;;;;;;1;1;;;
06/05/2011;12:24:00;90;sem vítima;66;BR-101/RJ;Norte;Atropelamento - Ciclista;1;1;;;;;;;;;2;;;;
06/05/2011;16:23:00;136;com vítima;66;BR-101/RJ;Sul;Colisão Traseira;1;;;;1;;;;;;1;3;;;
29/05/2011;00:11:00;3;com vítima;66;BR-101/RJ;Norte;Queda de Moto;;;;1;;;;;;;0;;1;;
02/06/2011;08:43:00;42;com vítima;66;BR-101/RJ;Sul;Colisão Lateral;2;;;;;;;;;;2;2;;;
19/06/2011;01:43:00;6;sem vítima;66;BR-101/RJ;Norte;Saida de Pista;1;;;;;;;;;;2;;;;
20/06/2011;19:29:00;170;sem vítima;66;BR-101/RJ;Norte;Colisão Lateral;2;;;;;;;;;;2;;;;
03/08/2011;20:41:00;141;com vítima;66;BR-101/RJ;Norte;Colisão Transversal;;;;1;;1;;;;;1;1;;;
13/08/2011;13:34:00;125;sem vítima;66;BR-101/RJ;Sul;Colisão Transversal;2;;;;;;;;;;3;;;;
23/08/2011;19:49:00;167;sem vítima;66;BR-101/RJ;Norte;Colisão Lateral;;;1;;;;;;;1;2;;;;
24/08/2011;02:45:00;10;sem vítima;66;BR-101/RJ;Norte;Colisão Lateral;;;1;;1;;;;;;2;;;;
15/09/2011;05:29:00;15;sem vítima;66;BR-101/RJ;Sul;Saida de Pista;1;;;;;;;;;;1;;;;
23/09/2011;17:14:00;138;sem vítima;66;BR-101/RJ;Norte;Colisão Traseira;1;;;;2;;;;;;6;;;;
27/09/2011;17:57:00;143;sem vítima;66;BR-101/RJ;Sul;Colisão Traseira;2;;;;;;;;;;2;;;;
29/09/2011;15:39:00;106;sem vítima;66;BR-101/RJ;Sul;Colisão Traseira;2;;;;;;;;;;2;;;;
10/10/2011;09:37:00;62;com vítima;66,5;BR-101/RJ;Norte;Engavetamento;3;;;;;;;;;;2;;1;;
21/10/2011;14:44:00;102;com vítima;66;BR-101/RJ;Norte;Colisão Traseira;1;;;1;;;;;;;1;;1;;
28/10/2011;19:39:00;158;com vítima;66;BR-101/RJ;Sul;Colisão Traseira;2;;;;;;;;;;1;2;;;
04/11/2011;16:12:00;128;com vítima;66;BR-101/RJ;Norte;Engavetamento;3;;;;;;;;;;2;;1;;
14/11/2011;06:21:00;19;sem vítima;66;BR-101/RJ;Norte;Saida de Pista;1;;;;;;;;;;1;;;;
29/11/2011;17:25:00;144;sem vítima;66;BR-101/RJ;Norte;Colisão Traseira;1;;;;;1;;;;;3;;;;
17/12/2011;23:30:00;212;sem vítima;66,80000305175781;BR-101/RJ;Sul;Saida de Pista;1;;;;;;;;;;5;;;;
24/12/2011;22:41:00;218;sem vítima;66;BR-101/RJ;Norte;Colisão Lateral;2;;;;;1;;;;;6;;;;
05/01/2012;15:07:00;140;sem vítima;66;BR-101/RJ;Norte;Colisão Lateral;2;;;;;;;;;;4;;;;
05/01/2012;22:28:00;216;com vítima;66;BR-101/RJ;Norte;Colisão Lateral;;;;1;;1;;;;;1;;2;;
20/01/2012;21:50:00;261;sem vítima;66;BR-101/RJ;Norte;;1;;;;;;;;;;1;;;;
26/01/2012;22:17:00;176;sem vítima;66;BR-101/RJ;Norte;Colisão Traseira;1;;;1;;;;;;;2;;;;
06/02/2012;17:00:00;144;sem vítima;66;BR-101/RJ;Norte;Colisão Traseira;2;;;;;;;;;;2;;;;
09/02/2012;15:36:00;99;sem vítima;66;BR-101/RJ;Norte;Colisão Lateral;1;;1;;;;;;;;2;;;;
23/02/2012;06:20:00;43;sem vítima;66;BR-101/RJ;Norte;Colisão Traseira;2;;;;;;;;;;7;;;;
02/03/2012;17:00:00;158;sem vítima;66;BR-101/RJ;Norte;Engavetamento;3;;;;;;;;;;6;;;;
07/03/2012;08:28:00;57;sem vítima;66;BR-101/RJ;Norte;Colisão Frontal;;;2;;;;;;;;3;;;;
01/04/2012;14:18:00;88;com vítima;66;BR-101/RJ;Norte;Colisão Lateral;;;;1;;;;;;1;3;2;;;
10/04/2012;17:28:00;130;com vítima;66;BR-101/RJ;Norte;Colisão Traseira;;;;1;;;;;;1;1;1;;;
18/04/2012;15:10:00;83;com vítima;66;BR-101/RJ;Sul;Choque - Poste;1;;;;;;;;;;0;1;;;
21/04/2012;11:45:00;79;sem vítima;66;BR-101/RJ;Norte;Engavetamento;3;;;;;;;;;;8;;;;
09/05/2012;19:04:00;160;com vítima;66;BR-101/RJ;Norte;Colisão Traseira;1;;;1;;;;;;;1;;2;;
14/05/2012;01:37:00;6;sem vítima;66;BR-101/RJ;Norte;Saida de Pista;1;;;;;;;;;;5;;;;
14/05/2012;05:10:00;15;sem vítima;66;BR-101/RJ;Norte;Saida de Pista;1;;;;;;;;;;1;;;;
14/05/2012;18:11:00;143;sem vítima;66;BR-101/RJ;Sul;Engavetamento;3;;;;;;;;;;3;;;;
16/05/2012;22:07:00;190;sem vítima;66,3;BR-101/RJ;Sul;Colisão Lateral;2;;;;;;;;;;3;;;;
02/06/2012;12:24:00;106;sem vítima;66;BR-101/RJ;Sul;Colisão Traseira;2;;;;;;;;;;3;;;;
07/06/2012;10:56:00;76;sem vítima;66;BR-101/RJ;Norte;Colisão Traseira;3;;;;;;;;;;4;;;;
12/06/2012;18:09:00;186;sem vítima;66;BR-101/RJ;Norte;Colisão Traseira;2;;;;;;;;;;5;;;;
13/06/2012;16:27:00;148;sem vítima;66;BR-101/RJ;Norte;Colisão Traseira;1;;;;1;;;;;;2;;;;
22/06/2012;17:34:00;118;sem vítima;66,5;BR-101/RJ;Norte;Colisão Transversal;1;;1;;;;;;;;2;;;;
24/06/2012;00:54:00;11;sem vítima;66;BR-101/RJ;Norte;Saida de Pista;1;;;;;;;;;;2;;;;
29/06/2012;19:23:00;198;sem vítima;66;BR-101/RJ;Norte;Engavetamento;3;;;;;1;;;;;6;;;;
29/06/2012;19:43:00;202;sem vítima;66;BR-101/RJ;Sul;Colisão Traseira;1;;;;;1;;;;;4;;;;
11/07/2012;18:00:00;146;com vítima;66,252;BR-101/RJ;Norte;Colisão Transversal;1;;;1;;;;;;;1;;1;;
14/07/2012;18:32:00;150;com vítima;66;BR-101/RJ;Sul;Colisão Lateral;1;;;1;;;;;;;1;;1;;
15/07/2012;16:41:00;118;sem vítima;66,5;BR-101/RJ;Norte;Saida de Pista;1;;;;;;;;;;1;;;;
16/07/2012;17:19:00;146;com vítima;66,6;BR-101/RJ;Norte;Atropelamento - Ciclista;1;1;;;;;;;;;2;;;1;
19/07/2012;20:28:00;179;com vítima;66;BR-101/RJ;Norte;Colisão Traseira;;;;1;;;;;;1;3;;1;;
20/07/2012;12:08:00;89;sem vítima;66;BR-101/RJ;Sul;Colisão Traseira;3;;;;;;;;;;6;;;;
26/07/2012;09:37:00;64;sem vítima;66;BR-101/RJ;Norte;Colisão Lateral;1;;1;;;;;;;;3;;;;
02/08/2012;11:37:00;87;sem vítima;66,5;BR-101/RJ;Sul;Colisão Lateral;1;;1;;;;;;;;2;;;;
07/08/2012;07:00:00;32;com vítima;66;BR-101/RJ;Norte;Colisão Transversal;1;;;;1;;;;;;2;;1;;
19/08/2012;07:59:00;42;com vítima;66,6;BR-101/RJ;Norte;Colisão Lateral;1;;1;;;;;;;;3;1;1;;
21/08/2012;12:35:00;88;sem vítima;66;BR-101/RJ;Sul;Colisão Lateral;1;;;;1;;;;;;2;;;;
12/09/2012;16:21:00;139;sem vítima;66;BR-101/RJ;Norte;Colisão Lateral;1;;1;;;;;;;;2;;;;
21/09/2012;11:00:00;78;sem vítima;66;BR-101/RJ;Norte;Colisão Traseira;1;;1;;;;;;;;3;;;;
01/10/2012;13:13:00;96;sem vítima;66;BR-101/RJ;Norte;Engavetamento;;;2;;;;;;;1;3;;;;
01/10/2012;13:52:00;103;sem vítima;66;BR-101/RJ;Norte;Colisão Traseira;2;;;;;;;;;;2;;;;
02/10/2012;14:10:00;122;sem vítima;66;BR-101/RJ;Sul;Colisão Traseira;;;;;;;;;;2;3;;;;
11/10/2012;22:21:00;229;sem vítima;66,114;BR-101/RJ;Sul;Colisão Lateral;2;;;;;;;;;;2;;;;
12/10/2012;23:04:00;230;com vítima;66,959;BR-101/RJ;Norte;Colisão Traseira;;;;1;;1;;;;;1;;2;;
23/10/2012;21:08:00;198;com vítima;66,08;BR-101/RJ;Norte;Colisão Lateral;1;;;1;;;;;;;1;1;1;;
28/10/2012;13:58:00;109;sem vítima;66;BR-101/RJ;Sul;Choque - Outros;1;;;;;;;;;;2;;;;
31/10/2012;15:14:00;151;sem vítima;66;BR-101/RJ;Sul;Engavetamento;1;;;;1;;;;;1;3;;;;
11/11/2012;05:27:00;24;sem vítima;66;BR-101/RJ;Norte;Saida de Pista;1;;;;;;;;;;3;;;;
13/11/2012;16:20:00;128;sem vítima;66,3;BR-101/RJ;Sul;Colisão Traseira;1;;;;;;;;;1;3;;;;
16/11/2012;17:40:00;117;sem vítima;66;BR-101/RJ;Norte;Engavetamento;3;;;;;;;;;;4;;;;
28/11/2012;18:07:00;153;sem vítima;66;BR-101/RJ;Norte;Queda de Moto;;;;1;;;;;;;1;;;;
29/11/2012;08:13:00;47;com vítima;66,461;BR-101/RJ;Norte;Colisão Lateral;1;;1;;;;;;;;1;1;;;
01/12/2012;21:38:00;176;sem vítima;66;BR-101/RJ;Norte;Engavetamento;3;;;;;1;;;;;10;;;;
11/12/2012;09:56:00;91;sem vítima;66;BR-101/RJ;Sul;Colisão Lateral;1;;;;;1;;;;;2;;;;
22/12/2012;18:30:00;232;com vítima;66,5;BR-101/RJ;Norte;Colisão Lateral;;;1;1;;;;;;;1;1;;;
02/01/2013;10:29:00;94;sem vítima;66,3;BR-101/RJ;Norte;Colisão Traseira;2;;;;;;;;;;4;;;;
02/01/2013;07:17:00;52;com vítima;66,629;BR-101/RJ;Norte;Queda de Moto;;;;1;;;;;;;0;1;;;
14/01/2013;12:57:00;100;sem vítima;66;BR-101/RJ;Sul;Colisão Traseira;2;;;;;;;;;;2;;;;
19/01/2013;00:43:00;5;sem vítima;66;BR-101/RJ;Norte;Colisão Lateral;;;1;;;1;;;;;2;;;;
20/01/2013;18:15:00;149;com vítima;66;BR-101/RJ;Sul;Queda de Moto;;;;1;;;;;;;0;;1;;
26/01/2013;01:43:00;10;com vítima;66;BR-101/RJ;Norte;Colisão Transversal;1;;;1;;;;;;;2;1;;;
29/01/2013;21:10:00;163;sem vítima;66;BR-101/RJ;Norte;Colisão Transversal;;;2;;;;;;;;3;;;;
04/02/2013;06:16:00;34;sem vítima;66;BR-101/RJ;Sul;Choque - Poste;1;;;;;;;;;;1;;;;
04/02/2013;20:38:00;169;sem vítima;66;BR-101/RJ;Norte;Colisão Traseira;2;;;;;;;;;;2;;;;
07/02/2013;08:16:00;70;com vítima;66;BR-101/RJ;Norte;Queda de Moto;;;;;;1;;;;;0;1;;;
09/02/2013;10:11:00;134;sem vítima;66,3;BR-101/RJ;Sul;Colisão Traseira;1;;;1;;;;;;;2;;;;
22/02/2013;06:58:00;44;sem vítima;66;BR-101/RJ;Sul;Colisão Traseira;2;;;;;;;;;;4;;;;
23/02/2013;22:29:00;199;sem vítima;66,5;BR-101/RJ;Sul;Colisão Traseira;2;;;;;;;;;;2;;;;
06/03/2013;17:22:00;177;com vítima;66;BR-101/RJ;Norte;Colisão Frontal;;;;2;;;;;;;0;;2;;
09/03/2013;22:25:00;210;com vítima;66;BR-101/RJ;Norte;Atropelamento - Ciclista;;1;;;;1;;;;;1;1;;;
12/04/2013;04:51:00;25;sem vítima;66,5;BR-101/RJ;Sul;Capotamento;1;;;;;;;;;;1;;;;
23/04/2013;12:40:00;96;sem vítima;66;BR-101/RJ;Sul;Colisão Lateral;2;;;;;;;;;;2;;;;
30/04/2013;15:24:00;117;sem vítima;66;BR-101/RJ;Norte;Colisão Lateral;2;;;;;;;;;;3;;;;
01/05/2013;18:07:00;110;com vítima;66,516;BR-101/RJ;Norte;Colisão Traseira;2;;;;;;;;;;2;2;;;
04/05/2013;16:11:00;128;sem vítima;66;BR-101/RJ;Norte;Engavetamento;3;;;;;1;;;;;4;;;;
15/05/2013;19:25:00;170;sem vítima;66,5;BR-101/RJ;Sul;Colisão Lateral;1;;1;;;;;;;;2;;;;
03/06/2013;10:23:00;74;com vítima;66;BR-101/RJ;Norte;Colisão Traseira;1;;;1;;;;;;;1;1;;;
26/06/2013;17:39:00;139;com vítima;66,437;BR-101/RJ;Norte;Colisão Traseira;1;;;;1;;;;;;2;1;;;
07/07/2013;19:14:00;150;sem vítima;66,5;BR-101/RJ;Norte;Colisão Traseira;1;;;;1;;;;;;2;;;;
17/07/2013;22:42:00;169;com vítima;66,918;BR-101/RJ;Norte;Colisão Lateral;1;;;1;;;;;;;1;1;;;
18/07/2013;16:09:00;142;sem vítima;66;BR-101/RJ;Norte;Colisão Traseira;2;;;;;;;;;;2;;;;
18/07/2013;17:46:00;154;sem vítima;66;BR-101/RJ;Norte;Colisão Lateral;1;;1;;;;;;;;2;;;;
19/07/2013;16:37:00;155;sem vítima;66;BR-101/RJ;Sul;Engavetamento;3;;;;;;;;;;3;;;;
30/07/2013;18:33:00;131;com vítima;66;BR-101/RJ;Sul;Queda de Moto;;;;1;;;;;;;0;1;;;
01/08/2013;18:25:00;142;sem vítima;66;BR-101/RJ;Norte;Colisão Traseira;1;;1;;;;;;;;3;;;;
01/08/2013;18:57:00;149;sem vítima;66;BR-101/RJ;Sul;Colisão Lateral;1;;1;;;;;;;;2;;;;
02/08/2013;17:01:00;138;com vítima;66;BR-101/RJ;Sul;Colisão Lateral;1;;;1;;;;;;;2;2;;;
07/08/2013;12:33:00;86;com vítima;66;BR-101/RJ;Sul;Atropelamento - Ciclista;;1;;;;1;;;;;1;;1;;
10/08/2013;20:22:00;182;sem vítima;66;BR-101/RJ;Norte;Engavetamento;2;;;;;1;;;;;5;;;;
13/08/2013;12:09:00;83;sem vítima;66;BR-101/RJ;Norte;Colisão Traseira;2;;;;;;;;;;2;;;;
25/08/2013;09:38:00;57;sem vítima;66,3;BR-101/RJ;Sul;Colisão Traseira;1;;;;;;;;;;1;;;;
09/09/2013;02:26:00;19;sem vítima;66,506;BR-101/RJ;Norte;Saida de Pista;1;;;;;;;;;;1;;;;
21/09/2013;12:17:00;87;com vítima;66,54;BR-101/RJ;Norte;Colisão Lateral;1;;;1;;;;;;;1;1;1;;
04/10/2013;16:22:00;131;sem vítima;66;BR-101/RJ;Sul;Colisão Traseira;1;;1;;;;;;;;2;;;;
09/10/2013;20:03:00;168;sem vítima;66;BR-101/RJ;Norte;Colisão Lateral;1;;1;;;;;;;;2;;;;
14/10/2013;12:00:00;98;sem vítima;66,467;BR-101/RJ;Sul;Colisão Lateral;1;;1;;;;;;;;2;;;;
14/10/2013;11:22:00;90;com vítima;66,527;BR-101/RJ;Sul;Colisão Traseira;2;;;;;;;;;;2;1;;;
03/11/2013;22:35:00;219;sem vítima;66;BR-101/RJ;Norte;Colisão Traseira;2;;;;;;;;;;4;;;;
04/11/2013;12:38:00;103;sem vítima;66;BR-101/RJ;Sul;Colisão Traseira;2;;;;;;;;;;3;;;;
06/11/2013;14:12:00;110;com vítima;66;BR-101/RJ;Sul;Colisão Transversal;;;1;1;;;;;;;1;;;1;
06/11/2013;14:36:00;115;com vítima;66;BR-101/RJ;Sul;Colisão Lateral;1;;;1;;;;;;;2;1;;;
08/11/2013;17:09:00;161;sem vítima;66;BR-101/RJ;Norte;Colisão Lateral;1;;1;;;;;;;;3;;;;
08/11/2013;18:28:00;175;sem vítima;66,124;BR-101/RJ;Norte;Colisão Traseira;1;;1;;;;;;;;2;;;;
08/11/2013;10:02:00;79;sem vítima;66,457;BR-101/RJ;Norte;Colisão Traseira;2;;;;;;;;;;2;;;;
21/11/2013;07:25:00;40;com vítima;66;BR-101/RJ;Norte;Colisão Lateral;1;;;1;;;;;;;1;2;;;
07/12/2013;22:14:00;216;com vítima;66;BR-101/RJ;Norte;Queda de Moto;;;;1;;;;;;;0;1;;;
13/12/2013;23:13:00;204;com vítima;66;BR-101/RJ;Norte;Colisão Transversal;;;;1;;1;;;;;1;1;;;
20/12/2013;20:14:00;188;sem vítima;66,5;BR-101/RJ;Norte;Colisão Lateral;1;;1;;;;;;;;2;;;;
23/12/2013;14:36:00;148;com vítima;66;BR-101/RJ;Sul;Colisão Traseira;1;;;1;;;;;;;1;;;1;
27/12/2013;17:19:00;162;com vítima;66;BR-101/RJ;Norte;Colisão Traseira;2;;;;;;;;;;6;2;;;
12/01/2014;17:54:00;170;com vítima;66,7;BR-101/RJ;Sul;Queda de Moto;;;;1;;;;;;;0;;1;;
22/01/2014;08:32:00;41;com vítima;66;BR-101/RJ;Sul;Atropelamento - Ciclista;;1;;1;;;;;;;0;2;;;
25/01/2014;00:29:00;4;com vítima;66,5;BR-101/RJ;Norte;Choque - Poste;1;;;;;;;;;;0;1;;;
07/02/2014;13:42:00;119;com vítima;66,692;BR-101/RJ;Norte;Tombamento;;;1;;;;;;;;0;1;;;
27/02/2014;19:27:00;220;sem vítima;66;BR-101/RJ;Sul;Colisão Lateral;1;;1;;;;;;;;4;;;;
27/02/2014;19:44:00;222;sem vítima;66,837;BR-101/RJ;Sul;Colisão Traseira;1;;1;;;;;;;;4;;;;
06/03/2014;10:04:00;90;com vítima;66,917;BR-101/RJ;Norte;Colisão Lateral;1;;;1;;;;;;;0;1;1;;
07/03/2014;07:28:00;43;com vítima;66;BR-101/RJ;Sul;Queda de Moto;;;;1;;1;;;;;1;;1;;
11/03/2014;17:35:00;131;com vítima;66;BR-101/RJ;Norte;Queda de Moto;;;;1;;;;;;;0;1;;;
21/03/2014;00:42:00;2;sem vítima;66,459;BR-101/RJ;Norte;Colisão Traseira;2;;;;;;;;;;3;;;;
22/03/2014;12:36:00;85;sem vítima;66;BR-101/RJ;Norte;Queda de Moto;;;;1;;;;;;;1;;;;
24/03/2014;17:08:00;134;sem vítima;66;BR-101/RJ;Sul;Colisão Lateral;1;;1;;;;;;;;3;;;;
28/03/2014;16:48:00;146;sem vítima;66;BR-101/RJ;Sul;Colisão Traseira;2;;;;;;;;;;5;;;;
29/03/2014;18:41:00;188;sem vítima;66;BR-101/RJ;Norte;Colisão Traseira;2;;;;;;;;;;7;;;;
07/04/2014;22:34:00;215;com vítima;66;BR-101/RJ;Sul;Atropelamento - Ciclista;1;1;;;;;;;;;1;1;;;
13/04/2014;23:53:00;190;sem vítima;66;BR-101/RJ;Norte;Colisão Traseira;1;;;;1;;;;;;2;;;;
03/05/2014;19:43:00;116;sem vítima;66;BR-101/RJ;Norte;Colisão Lateral;1;;1;;;;;;;;2;;;;
09/05/2014;20:13:00;174;sem vítima;66;BR-101/RJ;Norte;Colisão Lateral;1;;1;;;;;;;;3;;;;
13/05/2014;16:34:00;145;sem vítima;66;BR-101/RJ;Norte;Colisão Transversal;2;;;;;;;;;;4;;;;
17/05/2014;09:43:00;54;sem vítima;66,884;BR-101/RJ;Sul;Colisão Traseira;1;;;;;;;;;1;2;;;;
31/05/2014;20:25:00;158;sem vítima;66;BR-101/RJ;Sul;Colisão Traseira;1;;;;;1;;;;;3;;;;
03/06/2014;05:17:00;18;sem vítima;66;BR-101/RJ;Norte;Saida de Pista;1;;;;;;;;;;1;;;;
11/06/2014;19:18:00;175;sem vítima;66;BR-101/RJ;Sul;Engavetamento;2;;1;;;;;;;;5;;;;
28/06/2014;22:55:00;152;sem vítima;66;BR-101/RJ;Norte;Colisão Traseira;2;;;;;;;;;;2;;;;
02/09/2014;18:28:00;143;sem vítima;66;BR-101/RJ;Norte;Engavetamento;3;;;;;;;;;;6;;;;
03/09/2014;14:30:00;104;sem vítima;66;BR-101/RJ;Sul;Colisão Lateral;1;;1;;;;;;;;2;;;;
04/09/2014;19:16:00;114;sem vítima;66;BR-101/RJ;Norte;Colisão Lateral;1;;;;1;;;;;;3;;;;
04/09/2014;14:00:00;74;com vítima;66,025;BR-101/RJ;Norte;Colisão Lateral;1;;;1;;;;;;;2;;1;;
05/09/2014;10:00:00;60;com vítima;66;BR-101/RJ;Norte;Colisão Traseira;1;;;1;;;;;;;1;1;;;
05/09/2014;12:37:00;81;sem vítima;66;BR-101/RJ;Sul;Colisão Transversal;1;;;1;;;;;;;4;;;;
06/09/2014;05:25:00;20;com vítima;66;BR-101/RJ;Norte;Choque - Poste;1;;;;;;;;;;0;1;;;
05/10/2014;01:34:00;6;sem vítima;66;BR-101/RJ;Norte;Saida de Pista;1;;;;;;;;;;1;;;;
05/10/2014;12:59:00;67;sem vítima;66;BR-101/RJ;Norte;Choque - Outros;1;;;;;;;;;;1;;;;
11/10/2014;20:37:00;199;com vítima;66,349;BR-101/RJ;Norte;Colisão Lateral;1;;1;;;1;;;;;3;1;;;
15/10/2014;19:16:00;144;com vítima;66,016;BR-101/RJ;Norte;Colisão Traseira;1;;;1;;;;;;;2;;1;;
16/10/2014;10:43:00;87;com vítima;66;BR-101/RJ;Norte;Queda de Moto;;;;1;;;;;;;0;1;;;
18/10/2014;14:20:00;115;sem vítima;66;BR-101/RJ;Norte;Engavetamento;3;;;;;;;;;;5;;;;
27/10/2014;07:05:00;38;com vítima;66,8;BR-101/RJ;Norte;Atropelamento - Ciclista;;1;;;;;;;;1;1;1;;;
01/11/2014;10:26:00;74;com vítima;66,15;BR-101/RJ;Sul;Colisão Frontal;1;;1;;;;;;;;2;1;;;
09/12/2014;14:32:00;113;com vítima;66;BR-101/RJ;Norte;Colisão Transversal;1;;;1;;;;;;;1;;1;;
13/12/2014;12:32:00;105;sem vítima;66;BR-101/RJ;Norte;Colisão Traseira;;;;;;;;;;2;2;;;;
19/12/2014;23:08:00;205;sem vítima;66;BR-101/RJ;Norte;Colisão Traseira;1;;;;;1;;;;;4;;;;
21/12/2014;16:26:00;124;com vítima;66;BR-101/RJ;Norte;Engavetamento;4;;;;;;;;;;9;1;;;
23/12/2014;13:36:00;107;sem vítima;66;BR-101/RJ;Norte;Colisão Lateral;1;;1;;;;;;;;2;;;;
30/12/2014;12:51:00;98;sem vítima;66;BR-101/RJ;Sul;Colisão Transversal;2;;;;;;;;;;2;;;;
06/01/2015;17:59:00;115;sem vítima;66;BR-101/RJ;Sul;Colisão Traseira;2;;;;;;;;;;2;;;;
06/02/2015;06:26:00;20;sem vítima;66;BR-101/RJ;Sul;Tombamento;;;1;;;;;;;;1;0;0;0;0
19/02/2015;17:29:00;170;sem vítima;66;BR-101/RJ;Norte;Colisão Lateral;1;;;;1;;;;;;3;0;0;0;0
20/02/2015;09:43:00;64;com vítima;66;BR-101/RJ;Norte;Colisão Traseira;1;;;1;;;;;;;2;0;1;0;0
04/03/2015;19:15:00;171;sem vítima;66;BR-101/RJ;Norte;Colisão Traseira;2;;;;;;;;;;2;0;0;0;0
30/03/2015;05:01:00;13;sem vítima;66;BR-101/RJ;Norte;Saida de Pista;;;;;;;;;;1;1;0;0;0;0
01/04/2015;18:33:00;163;sem vítima;66;BR-101/RJ;Norte;Colisão Lateral;1;;1;;;;;;;;2;;;;
17/05/2015;11:59:00;61;com vítima;66,913;BR-101/RJ;Norte;Colisão Transversal;2;;;;;;;;;;1;2;;;
19/05/2015;06:45:00;29;sem vítima;66;BR-101/RJ;Sul;Engavetamento;3;;;;;;;;;;3;;;;
19/05/2015;14:30:00;125;com vítima;66;BR-101/RJ;Norte;Engavetamento;3;;;;;;;;;;4;1;;;
06/06/2015;14:31:00;96;sem vítima;66;BR-101/RJ;Sul;Colisão Traseira;2;;;;;;;;;;2;;;;
08/06/2015;10:05:00;86;com vítima;66;BR-101/RJ;Norte;Colisão Traseira;2;;;;;;;;;;2;1;;;
01/07/2015;02:27:00;17;sem vítima;66;BR-101/RJ;Norte;Capotamento;1;;;;;;;;;;1;;;;
03/07/2015;15:50:00;155;com vítima;66;BR-101/RJ;Sul;Colisão Lateral;;;1;1;;;;;;;1;1;;;
04/07/2015;14:51:00;118;sem vítima;66;BR-101/RJ;Sul;Colisão Lateral;2;;;;;;;;;;4;;;;
08/07/2015;04:08:00;17;sem vítima;66,435;BR-101/RJ;Norte;Capotamento;1;;;;;;;;;;1;;;;
11/07/2015;17:22:00;161;sem vítima;66;BR-101/RJ;Norte;Colisão Lateral;1;;1;;;;;;;;2;;;;
18/07/2015;02:55:00;12;sem vítima;66,77;BR-101/RJ;Sul;Saida de Pista;1;;;;;;;;;;1;;;;
19/07/2015;17:43:00;146;com vítima;66;BR-101/RJ;Sul;Colisão Transversal;1;;;1;;;;;;;5;;1;;
22/07/2015;07:50:00;41;com vítima;66,02;BR-101/RJ;Norte;Colisão Lateral;;;;1;;1;;;;;1;1;1;;
25/07/2015;13:08:00;117;com vítima;66;BR-101/RJ;Norte;Colisão Traseira;;;;1;;;;;;1;1;1;;;
31/07/2015;05:57:00;22;com vítima;66,22;BR-101/RJ;Norte;Colisão Transversal;;;;1;;1;;;;;1;;1;;
03/08/2015;17:56:00;168;com vítima;66;BR-101/RJ;Norte;Colisão Lateral;;;1;1;;;;;;;2;;;1;
19/08/2015;08:08:00;63;com vítima;66,613;BR-101/RJ;Norte;Queda de Moto;;;;1;;;;;;;0;1;;;
28/08/2015;14:58:00;130;com vítima;66;BR-101/RJ;Norte;Outros - Sequência;1;1;1;;;;;;;1;3;1;;;
11/09/2015;15:47:00;153;sem vítima;66;BR-101/RJ;Norte;Colisão Traseira;2;;;;;;;;;;3;;;;
14/09/2015;18:00:00;203;sem vítima;66;BR-101/RJ;Norte;Colisão Lateral;1;;1;;;;;;;;2;;;;
06/10/2015;06:36:00;24;sem vítima;66,546;BR-101/RJ;Norte;Choque - Arvore;1;;;;;;;;;;2;;;;