data;horario;n_da_ocorrencia;tipo_de_ocorrencia;km;trecho;sentido;tipo_de_acidente;automovel;bicicleta;caminhao;moto;onibus;outros;tracao_animal;transporte_de_cargas_especiais;trator_maquinas;utilitarios;ilesos;levemente_feridos;moderadamente_feridos;gravemente_feridos;mortos
10/10/2015;22:17:00;273;sem vítima;66;BR-101/RJ;Sul;Colisão Traseira;2;;;;;;;;;;2;;;;
12/10/2015;20:35:00;178;sem vítima;66;BR-101/RJ;Norte;Colisão Traseira;1;;;;;1;;;;;3;;;;
23/10/2015;09:39:00;74;sem vítima;66,937;BR-101/RJ;Norte;Colisão Transversal;2;;;;;;;;;;2;;;;
21/11/2015;19:35:00;168;sem vítima;66;BR-101/RJ;Norte;Colisão Traseira;;;1;;;1;;;;;2;;;;
22/11/2015;13:10:00;88;com vítima;66,457;BR-101/RJ;Norte;Colisão Transversal;2;;;;;;;;;;2;;2;;
26/11/2015;17:10:00;173;sem vítima;66;BR-101/RJ;Sul;Engavetamento;1;;1;;1;;;;;;4;;;;
29/11/2015;21:36:00;201;sem vítima;66;BR-101/RJ;Sul;Colisão Lateral;2;;;;;;;;;;3;;;;
05/12/2015;16:16:00;161;com vítima;66;BR-101/RJ;Norte;Atropelamento - Ciclista;;1;;1;;;;;;;1;1;;;
13/12/2015;15:37:00;147;sem vítima;66;BR-101/RJ;Sul;Colisão Lateral;1;;;;1;;;;;;2;;;;
17/12/2015;19:55:00;240;sem vítima;66;BR-101/RJ;Norte;Colisão Lateral;1;;1;;;;;;;;2;;;;
23/12/2015;14:34:00;155;sem vítima;66;BR-101/RJ;Sul;Engavetamento;1;;;;;2;;;;;4;;;;
03/01/2010;14:10:00;124;sem vítima;67;BR-101/RJ;Norte;Colisão Traseira;2;;;;;;;;;;6;;;;
03/01/2010;15:06:00;136;com vítima;67;BR-101/RJ;Sul;Colisão Traseira;2;;;;;;;;;;3;;3;;
04/02/2010;00:45:00;4;sem vítima;67;BR-101/RJ;Sul;Colisão Traseira;2;;;;;;;;;;2;;;;
13/02/2010;15:49:00;323;com vítima;67;BR-101/RJ;Norte;Engavetamento;2;;1;;;;;;;;6;1;;;
02/03/2010;04:26:00;22;sem vítima;67;BR-101/RJ;Norte;Colisão Traseira;2;;;;;;;;;;5;;;;
03/03/2010;16:33:00;139;sem vítima;67;BR-101/RJ;Sul;Colisão Lateral;2;;;;;;;;;;2;;;;
12/03/2010;14:58:00;117;sem vítima;67;BR-101/RJ;Sul;Colisão Lateral;2;;;;;;;;;;5;;;;
18/03/2010;07:17:00;55;sem vítima;67;BR-101/RJ;Norte;Colisão Lateral;1;;;1;;;;;;;2;;;;
01/04/2010;11:49:00;112;sem vítima;67;BR-101/RJ;Norte;Colisão Lateral;2;;;;;;;;;;2;;;;
28/04/2010;17:41:00;148;sem vítima;67;BR-101/RJ;Norte;Colisão Lateral;1;;;1;;;;;;;2;;;;
07/05/2010;18:37:00;202;com vítima;67;BR-101/RJ;Sul;Atropelamento - Andarilho;1;;;;;;;;;;1;1;;;
08/06/2010;17:47:00;137;sem vítima;67;BR-101/RJ;Norte;Colisão Traseira;;;2;;;;;;;;2;;;;
19/06/2010;23:20:00;188;com vítima;67;BR-101/RJ;Sul;Queda de Moto;;;1;1;;;;;;;1;;1;;
28/06/2010;06:54:00;22;sem vítima;67;BR-101/RJ;Norte;Colisão Traseira;1;;1;;;1;;;;;6;;;;
04/08/2010;19:22:00;139;sem vítima;67;BR-101/RJ;Norte;Colisão Lateral;1;;;;;1;;;;;2;;;;
28/08/2010;05:22:00;22;com vítima;67;BR-101/RJ;Norte;Colisão Lateral;1;;;;1;;;;;;1;;1;;
07/09/2010;05:59:00;21;sem vítima;67;BR-101/RJ;Norte;Saida de Pista;1;;;;;;;;;;1;;;;
28/09/2010;10:53:00;65;sem vítima;67;BR-101/RJ;Norte;Colisão Traseira;2;;;;;;;;;;2;;;;
30/09/2010;20:47:00;167;com vítima;67;BR-101/RJ;Norte;Queda de Moto;;;;1;;;;;;;0;1;;;
08/10/2010;00:04:00;1;com vítima;67;BR-101/RJ;Norte;Colisão Traseira;1;;1;;;;;;;;0;1;1;;
30/10/2010;12:38:00;122;com vítima;67;BR-101/RJ;Sul;Atropelamento - Andarilho;;;;;;1;;;;;1;1;;;
06/11/2010;23:56:00;184;sem vítima;67;BR-101/RJ;Norte;Colisão Traseira;2;;;;;;;;;;2;;;;
14/11/2010;08:23:00;43;sem vítima;67;BR-101/RJ;Norte;Colisão Transversal;2;;;;;;;;;;3;;;;
17/11/2010;09:31:00;70;sem vítima;67;BR-101/RJ;Norte;Colisão Traseira;;;;;1;;;;;1;2;;;;
03/12/2010;23:23:00;210;sem vítima;67;BR-101/RJ;Norte;Colisão Traseira;2;;;;;;;;;;5;;;;
09/12/2010;09:46:00;54;sem vítima;67;BR-101/RJ;Sul;Colisão Lateral;1;;;;1;;;;;;2;;;;
09/12/2010;18:40:00;146;sem vítima;67;BR-101/RJ;Norte;Colisão Traseira;1;;;;1;;;;;;2;;;;
23/12/2010;10:32:00;94;sem vítima;67;BR-101/RJ;Norte;Engavetamento;3;;;;;;;;;;7;;;;
07/01/2011;23:33:00;235;sem vítima;67;BR-101/RJ;Norte;Colisão Traseira;2;;;;;;;;;;4;;;;
09/01/2011;16:15:00;121;sem vítima;67;BR-101/RJ;Norte;Colisão Transversal;3;;;;;;;;;;5;;;;
10/01/2011;15:41:00;152;sem vítima;67;BR-101/RJ;Sul;Colisão Traseira;1;;1;;;;;;;;7;;;;
14/02/2011;13:36:00;130;com vítima;67;BR-101/RJ;Norte;Queda de Moto;;;;1;;;;;;;0;1;;;
04/03/2011;22:27:00;260;com vítima;51;BR-101/RJ;Norte;Queda de Moto;;;;1;;1;;;;;1;1;;;
04/03/2011;22:35:00;263;com vítima;299;BR-101/RJ;Norte;Atropelamento - Ambulante;;;;;;1;;;;;1;;;1;
08/06/2011;22:14:00;174;com vítima;67;BR-101/RJ;Norte;Colisão Traseira;;;2;;;;;;;;1;;1;;
10/06/2011;16:55:00;151;sem vítima;67;BR-101/RJ;Norte;Colisão Traseira;2;;;;;;;;;;2;;;;
17/06/2011;12:36:00;100;sem vítima;67;BR-101/RJ;Norte;Colisão Traseira;;;;;1;1;;;;;2;;;;
27/06/2011;10:30:00;69;sem vítima;67;BR-101/RJ;Sul;Colisão Lateral;1;;1;;;;;;;;3;;;;
05/08/2011;18:35:00;152;sem vítima;67,80000305175781;BR-101/RJ;Norte;Colisão Traseira;1;;;;;;;;;1;2;;;;
10/08/2011;19:48:00;151;sem vítima;67;BR-101/RJ;Norte;Colisão Lateral;1;;;;1;;;;;;2;;;;
22/08/2011;07:14:00;33;sem vítima;67,5;BR-101/RJ;Norte;Colisão Traseira;1;;;;;;;;;1;3;;;;
23/08/2011;13:00:00;101;sem vítima;67;BR-101/RJ;Norte;Engavetamento;1;;1;;;;;;;1;3;;;;
26/08/2011;09:06:00;50;sem vítima;67;BR-101/RJ;Sul;Colisão Traseira;1;;1;;;;;;;;5;;;;
08/09/2011;14:59:00;89;sem vítima;67;BR-101/RJ;Sul;Colisão Traseira;2;;;;;;;;;;2;;;;
11/09/2011;02:45:00;19;com vítima;67;BR-101/RJ;Norte;Choque - Poste;1;;;;;;;;;;1;1;;;
17/09/2011;11:08:00;90;sem vítima;67;BR-101/RJ;Norte;Colisão Lateral;1;;;;1;;;;;;3;;;;
03/10/2011;10:15:00;69;sem vítima;67;BR-101/RJ;Norte;Colisão Traseira;2;;;;;;;;;;2;;;;
08/10/2011;07:07:00;40;sem vítima;67;BR-101/RJ;Norte;Colisão Traseira;2;;;;;;;;;;2;;;;
11/10/2011;12:33:00;92;com vítima;67;BR-101/RJ;Sul;Atropelamento - Andarilho;1;1;;;;;;;;;4;1;;;
18/10/2011;20:08:00;182;sem vítima;67;BR-101/RJ;Norte;Colisão Lateral;2;;;;;;;;;;4;;;;
27/10/2011;05:36:00;21;com vítima;67;BR-101/RJ;Norte;Colisão Traseira;2;;1;;;;;;;;4;2;;;
11/11/2011;09:55:00;53;sem vítima;67;BR-101/RJ;Norte;Colisão Lateral;1;;;;1;;;;;;2;;;;
11/11/2011;10:30:00;61;sem vítima;67;BR-101/RJ;Norte;Colisão Traseira;;;2;;;;;;;;3;;;;
12/11/2011;12:40:00;117;sem vítima;67;BR-101/RJ;Norte;Colisão Traseira;;;2;;;;;;;;2;;;;
12/11/2011;13:58:00;131;com vítima;67;BR-101/RJ;Sul;Queda de Moto;;;;1;;;;;;;0;1;;;
02/12/2011;10:16:00;81;sem vítima;67;BR-101/RJ;Sul;Colisão Traseira;3;;;;;;;;;;4;;;;
22/12/2011;20:32:00;213;sem vítima;67;BR-101/RJ;Sul;Colisão Transversal;2;;;;;;;;;;7;;;;
25/12/2011;23:03:00;180;sem vítima;67;BR-101/RJ;Norte;Saida de Pista;1;;;;;;;;;;1;;;;
29/12/2011;12:25:00;91;sem vítima;67;BR-101/RJ;Sul;Colisão Traseira;2;;;;;;;;;;4;;;;
29/12/2011;00:49:00;5;com vítima;67,5;BR-101/RJ;Sul;Colisão Traseira;1;;;;1;;;;;;24;;2;;
02/01/2012;12:02:00;101;sem vítima;67;BR-101/RJ;Sul;Engavetamento;3;;;;;;;;;;6;;;;
02/01/2012;12:24:00;105;sem vítima;67;BR-101/RJ;Norte;Colisão Traseira;1;;;;;1;;;;;4;;;;
02/01/2012;06:17:00;20;sem vítima;67,5;BR-101/RJ;Norte;Saida de Pista;;;2;;;;;;;;2;;;;
15/02/2012;07:32:00;35;sem vítima;67;BR-101/RJ;Norte;Colisão Traseira;;;2;;;;;;;;2;;;;
16/02/2012;20:29:00;210;sem vítima;67;BR-101/RJ;Norte;Colisão Traseira;4;;;;;;;;;;4;;;;
28/02/2012;09:19:00;57;sem vítima;67;BR-101/RJ;Norte;Colisão Lateral;2;;;;;;;;;;3;;;;
28/02/2012;22:07:00;192;sem vítima;67;BR-101/RJ;Norte;Colisão Lateral;2;;;;;;;;;;2;;;;
07/03/2012;11:07:00;81;sem vítima;67;BR-101/RJ;Norte;Saida de Pista;1;;;;;;;;;;1;;;;
15/03/2012;19:18:00;161;sem vítima;67;BR-101/RJ;Sul;Colisão Traseira;2;;;;;;;;;;2;;;;
17/03/2012;20:13:00;168;sem vítima;67;BR-101/RJ;Sul;Colisão Lateral;2;;;;;;;;;;5;;;;
02/04/2012;03:17:00;13;sem vítima;67;BR-101/RJ;Norte;Saida de Pista;1;;;;;;;;;;1;;;;
05/04/2012;19:01:00;189;com vítima;67;BR-101/RJ;Sul;Queda de Moto;;;;1;;;;;;;0;1;;;
06/04/2012;06:32:00;31;sem vítima;67;BR-101/RJ;Sul;Colisão Traseira;2;;;;;;;;;;2;;;;
08/04/2012;12:34:00;92;sem vítima;67;BR-101/RJ;Norte;Colisão Traseira;1;;;;;1;;;;;5;;;;
08/04/2012;14:14:00;111;sem vítima;67;BR-101/RJ;Norte;Colisão Traseira;4;;;;;;;;;;4;;;;
08/04/2012;15:25:00;130;sem vítima;67;BR-101/RJ;Norte;Engavetamento;3;;;;;;;;;;3;;;;
17/04/2012;16:32:00;137;sem vítima;67;BR-101/RJ;Norte;Colisão Traseira;;;;;1;;;;;1;3;;;;
14/05/2012;17:13:00;133;com vítima;67;BR-101/RJ;Norte;Colisão Transversal;1;;;1;;;;;;;1;1;;;
25/05/2012;18:51:00;143;sem vítima;67,803;BR-101/RJ;Norte;Colisão Traseira;2;;;;;;;;;;2;;;;
27/05/2012;06:30:00;29;sem vítima;67;BR-101/RJ;Norte;Colisão Lateral;1;;;;;1;;;;;3;;;;
29/05/2012;16:10:00;135;sem vítima;67;BR-101/RJ;Sul;Colisão Lateral;1;;1;;;;;;;;3;;;;
06/06/2012;17:36:00;148;sem vítima;67;BR-101/RJ;Norte;Colisão Traseira;2;;;;;;;;;;2;;;;
29/06/2012;16:39:00;156;sem vítima;67;BR-101/RJ;Norte;Colisão Traseira;1;;;;1;;;;;;2;;;;
16/07/2012;18:20:00;157;sem vítima;67;BR-101/RJ;Sul;Colisão Transversal;1;;1;;;;;;;;2;;;;
23/07/2012;11:01:00;82;sem vítima;67;BR-101/RJ;Sul;Colisão Lateral;1;;;;;;;;;;1;;;;
25/07/2012;12:41:00;94;sem vítima;67;BR-101/RJ;Norte;Engavetamento;4;;;;;;;;;;6;;;;
30/07/2012;17:33:00;142;sem vítima;67;BR-101/RJ;Norte;Colisão Traseira;1;;;;1;;;;;;5;;;;
04/09/2012;11:31:00;82;sem vítima;67;BR-101/RJ;Sul;Colisão Transversal;1;;;1;;;;;;;2;;;;
05/09/2012;03:45:00;24;com vítima;67,5;BR-101/RJ;Norte;Colisão Traseira;;;1;;;1;;;;1;2;1;1;;
19/09/2012;23:15:00;218;sem vítima;67;BR-101/RJ;Norte;Saida de Pista;1;;;;;;;;;;1;;;;
06/10/2012;10:45:00;87;sem vítima;67;BR-101/RJ;Sul;Colisão Lateral;2;;;;;;;;;;2;;;;
09/10/2012;06:49:00;42;sem vítima;67;BR-101/RJ;Norte;Colisão Traseira;;;2;;;;;;;;2;;;;
09/12/2012;23:17:00;217;sem vítima;67;BR-101/RJ;Sul;Colisão Transversal;1;;;;;1;;;;;4;;;;
22/12/2012;14:16:00;153;sem vítima;67;BR-101/RJ;Norte;Colisão Lateral;2;;;;;;;;;;6;;;;
11/01/2013;16:59:00;141;com vítima;67;BR-101/RJ;Sul;Colisão Traseira;3;;;;;;;;;;2;1;;;
31/01/2013;19:26:00;154;com vítima;67,7;BR-101/RJ;Norte;Colisão Traseira;1;;1;;;;;;;;3;1;;;
01/02/2013;14:06:00;122;sem vítima;67;BR-101/RJ;Sul;Engavetamento;3;;;;;;;;;;11;;;;
13/02/2013;18:26:00;221;com vítima;67;BR-101/RJ;Norte;Engavetamento;4;;;;;;;;;;8;2;;;
22/02/2013;05:15:00;21;sem vítima;67,2;BR-101/RJ;Norte;Colisão Traseira;;;2;;;;;;;;2;;;;
27/02/2013;10:55:00;82;sem vítima;67,11;BR-101/RJ;Sul;Colisão Lateral;1;;1;;;;;;;;3;;;;
27/02/2013;08:14:00;53;com vítima;67,51;BR-101/RJ;Norte;Colisão Traseira;;;1;;1;;;;;;37;4;;;
27/02/2013;08:44:00;62;sem vítima;67,808;BR-101/RJ;Norte;Saida de Pista;1;;;;;;;;;;1;;;;
05/03/2013;11:12:00;85;sem vítima;67;BR-101/RJ;Sul;Colisão Lateral;1;;1;;;;;;;;2;;;;
06/04/2013;09:13:00;71;sem vítima;67;BR-101/RJ;Norte;Colisão Transversal;2;;;;;;;;;;3;;;;
10/04/2013;12:12:00;87;com vítima;67;BR-101/RJ;Sul;Queda de Moto;;;;1;;;;;;;0;;1;;
18/04/2013;20:05:00;168;com vítima;67;BR-101/RJ;Sul;Saida de Pista;1;;;;;;;;;;0;2;;;
25/04/2013;18:03:00;142;com vítima;67,7;BR-101/RJ;Norte;Colisão Traseira;1;;;1;;;;;;;3;;1;;
19/05/2013;18:48:00;148;com vítima;67;BR-101/RJ;Norte;Colisão Traseira;1;;1;;;;;;;;5;1;;;
19/06/2013;08:06:00;45;sem vítima;67;BR-101/RJ;Norte;Colisão Traseira;1;;1;;;;;;;;3;;;;
24/06/2013;15:10:00;99;com vítima;67;BR-101/RJ;Norte;Colisão Lateral;1;;;1;;;;;;;1;;1;;
28/06/2013;17:43:00;130;sem vítima;67;BR-101/RJ;Norte;Colisão Traseira;1;;;;1;;;;;;3;;;;
03/07/2013;18:15:00;129;sem vítima;67;BR-101/RJ;Norte;Colisão Traseira;1;;;;1;;;;;;2;;;;
07/07/2013;20:44:00;168;com vítima;67,7;BR-101/RJ;Norte;Queda de Moto;;;;1;;;;;;;0;;1;;
09/07/2013;11:01:00;75;sem vítima;67;BR-101/RJ;Norte;Colisão Traseira;1;;;;;;;;;1;2;;;;
11/07/2013;19:42:00;140;sem vítima;67;BR-101/RJ;Sul;Colisão Traseira;2;;;;;;;;;;3;;;;
13/07/2013;14:18:00;124;sem vítima;67;BR-101/RJ;Norte;Colisão Traseira;2;;;;;;;;;;2;;;;
16/07/2013;12:54:00;98;sem vítima;67;BR-101/RJ;Norte;Colisão Traseira;2;;;;;;;;;;2;;;;
17/07/2013;15:40:00;112;sem vítima;67;BR-101/RJ;Norte;Colisão Traseira;2;;;;;;;;;;2;;;;
18/07/2013;16:00:00;139;sem vítima;67;BR-101/RJ;Norte;Colisão Traseira;2;;;;;;;;;;2;;;;
20/07/2013;10:07:00;82;com vítima;67;BR-101/RJ;Sul;Colisão Transversal;1;;;1;;;;;;;2;2;;;
03/08/2013;08:47:00;52;sem vítima;67;BR-101/RJ;Norte;Colisão Traseira;2;;;;;;;;;;3;;;;
12/08/2013;02:20:00;12;sem vítima;67;BR-101/RJ;Sul;Saida de Pista;1;;;;;;;;;;1;;;;
22/08/2013;08:38:00;55;sem vítima;67;BR-101/RJ;Sul;Colisão Lateral;1;;1;;;;;;;;2;;;;
22/08/2013;23:06:00;179;sem vítima;67;BR-101/RJ;Norte;Colisão Traseira;2;;;;;;;;;;2;;;;
24/08/2013;10:42:00;88;com vítima;67;BR-101/RJ;Sul;Colisão Traseira;1;;;1;;;;;;;2;1;;;
25/08/2013;19:13:00;150;sem vítima;67,8;BR-101/RJ;Norte;Colisão Traseira;1;;;;;1;;;;;4;;;;
30/08/2013;10:09:00;59;sem vítima;67;BR-101/RJ;Sul;Engavetamento;1;;1;;;;;;;1;5;;;;
07/09/2013;20:21:00;177;sem vítima;67;BR-101/RJ;Sul;Engavetamento;3;;1;;;;;;;;4;;;;
08/09/2013;18:55:00;168;com vítima;67,8;BR-101/RJ;Norte;Engavetamento;2;;;;;1;;;;;7;1;;;
11/09/2013;13:39:00;81;sem vítima;67;BR-101/RJ;Sul;Colisão Traseira;;;2;;;;;;;;2;;;;
15/09/2013;20:50:00;196;com vítima;67,719;BR-101/RJ;Norte;Colisão Frontal;2;;;;;;;;;;1;2;1;;
08/10/2013;06:49:00;33;com vítima;67,439;BR-101/RJ;Sul;Colisão Lateral;1;;;1;;;;;;;1;2;;;
18/10/2013;08:23:00;36;sem vítima;67;BR-101/RJ;Norte;Engavetamento;1;;;;;2;;;;;4;;;;
21/10/2013;10:59:00;73;sem vítima;67;BR-101/RJ;Sul;Colisão Traseira;2;;;;;;;;;;3;;;;
07/11/2013;07:23:00;27;com vítima;67;BR-101/RJ;Sul;Colisão Traseira;;;1;1;;;;;;;1;1;;;
07/11/2013;10:44:00;72;sem vítima;67;BR-101/RJ;Norte;Colisão Traseira;2;;;;;;;;;;2;;;;
10/11/2013;19:47:00;177;sem vítima;67;BR-101/RJ;Norte;Colisão Traseira;1;;;;;1;;;;;2;;;;
18/11/2013;20:17:00;209;sem vítima;67;BR-101/RJ;Norte;Colisão Transversal;2;;;;;1;;;;;3;;;;
21/11/2013;11:30:00;98;sem vítima;67;BR-101/RJ;Sul;Colisão Traseira;2;;;;;;;;;;2;;;;
29/11/2013;17:32:00;202;sem vítima;67;BR-101/RJ;Norte;Colisão Traseira;1;;;;;;;;;1;3;;;;
01/12/2013;21:49:00;184;sem vítima;67;BR-101/RJ;Sul;Choque - Outros;;;;;;1;;;;2;6;;;;
15/12/2013;04:15:00;22;com vítima;67,49;BR-101/RJ;Norte;Queda de Moto;;;;1;;;;;;;0;1;;;
19/12/2013;19:27:00;163;sem vítima;67;BR-101/RJ;Norte;Colisão Transversal;2;;;;;;;;;;2;;;;
24/12/2013;15:45:00;134;sem vítima;67;BR-101/RJ;Norte;Colisão Traseira;2;;;;;;;;;;6;;;;
23/01/2014;16:30:00;142;sem vítima;67;BR-101/RJ;Norte;Colisão Traseira;;;2;;;;;;;;2;;;;
23/01/2014;20:18:00;181;sem vítima;67;BR-101/RJ;Sul;Colisão Transversal;1;;;1;;;;;;;2;;;;
26/01/2014;15:59:00;110;com vítima;67,203;BR-101/RJ;Sul;Colisão Traseira;1;;;1;;;;;;;5;;1;;
29/01/2014;07:07:00;29;com vítima;67;BR-101/RJ;Norte;Colisão Lateral;1;;;1;;;;;;;1;;1;;
09/02/2014;18:38:00;142;com vítima;67;BR-101/RJ;Sul;Colisão Traseira;;;;2;;;;;;;1;1;;;
18/02/2014;12:40:00;104;sem vítima;67;BR-101/RJ;Norte;Colisão Frontal;1;;;;1;;;;;;4;;;;
21/02/2014;17:09:00;177;sem vítima;67;BR-101/RJ;Norte;Colisão Traseira;2;;;;;;;;;;2;;;;
21/02/2014;06:56:00;40;com vítima;67,4;BR-101/RJ;Sul;Colisão Lateral;1;;;1;;;;;;;1;1;;;
14/03/2014;22:56:00;212;sem vítima;67;BR-101/RJ;Norte;Colisão Lateral;2;;;;;;;;;;3;;;;
14/05/2014;23:18:00;193;sem vítima;67,678;BR-101/RJ;Norte;Saida de Pista;1;;;;;;;;;;1;;;;
24/05/2014;03:37:00;19;sem vítima;67;BR-101/RJ;Norte;Saida de Pista;1;;;;;;;;;;3;;;;
13/06/2014;08:26:00;47;com vítima;67;BR-101/RJ;Sul;Colisão Traseira;;;;1;;1;;;;;1;1;;;
20/06/2014;14:57:00;111;sem vítima;67;BR-101/RJ;Norte;Colisão Traseira;2;;;;;;;;;;2;;;;
04/07/2014;09:02:00;48;sem vítima;67;BR-101/RJ;Norte;Engavetamento;3;;;;;;;;;;7;;;;
11/07/2014;12:35:00;95;sem vítima;67;BR-101/RJ;Sul;Colisão Traseira;2;;;;;;;;;;5;;;;
15/07/2014;18:31:00;132;sem vítima;67;BR-101/RJ;Norte;Colisão Lateral;1;;1;;;;;;;;3;;;;
18/07/2014;14:13:00;119;sem vítima;67;BR-101/RJ;Sul;Colisão Lateral;2;;;;;;;;;;3;;;;
27/07/2014;05:52:00;25;sem vítima;67,5;BR-101/RJ;Norte;Saida de Pista;1;;;;;;;;;;4;;;;
08/08/2014;18:36:00;176;com vítima;67;BR-101/RJ;Norte;Colisão Traseira;1;;;1;;;;;;;1;1;;;
08/08/2014;21:21:00;210;com vítima;67;BR-101/RJ;Sul;Colisão Lateral;1;;;1;;;;;;;1;2;;;
19/08/2014;05:53:00;19;com vítima;67;BR-101/RJ;Norte;Colisão Transversal;1;;;1;;;;;;;1;;1;;
05/09/2014;17:45:00;146;sem vítima;67;BR-101/RJ;Sul;Colisão Traseira;;;;1;;1;;;;;2;;;;
19/09/2014;14:28:00;116;com vítima;67,395;BR-101/RJ;Norte;Colisão Lateral;;;1;1;;;;;;;1;1;;;
23/09/2014;14:58:00;109;com vítima;67;BR-101/RJ;Norte;Engavetamento;3;;;;;;;;;;4;1;;;
09/10/2014;01:37:00;9;sem vítima;67;BR-101/RJ;Norte;Saida de Pista;1;;;;;;;;;;1;;;;
10/10/2014;05:31:00;21;sem vítima;67;BR-101/RJ;Norte;Colisão Traseira;;;1;;;1;;;;;3;;;;
19/10/2014;14:24:00;77;sem vítima;67;BR-101/RJ;Norte;Choque - Outros;1;;;;;;;;;;2;;;;
23/10/2014;09:02:00;56;sem vítima;67;BR-101/RJ;Norte;Colisão Traseira;1;;;;;1;;;;;2;;;;
25/10/2014;04:30:00;23;sem vítima;67;BR-101/RJ;Sul;Atropelamento de Animal;;;1;;;;;;;;1;;;;
26/10/2014;06:01:00;22;com vítima;67,297;BR-101/RJ;Sul;Outros - Sequência;3;;;;;;;;;;0;6;;1;
28/10/2014;17:21:00;115;sem vítima;67,407;BR-101/RJ;Norte;Colisão Traseira;1;;1;;;;;;;;2;;;;
17/11/2014;13:00:00;100;sem vítima;67;BR-101/RJ;Sul;Engavetamento;2;;;;;1;;;;;4;;;;
20/11/2014;07:21:00;35;sem vítima;67;BR-101/RJ;Norte;Colisão Traseira;1;;;;;1;;;;;4;;;;
02/12/2014;00:32:00;7;com vítima;67,6;BR-101/RJ;Norte;Colisão Traseira;1;;1;;;;;;;;2;1;;;
09/12/2014;13:48:00;110;sem vítima;67;BR-101/RJ;Norte;Colisão Traseira;2;;;;;;;;;;2;;;;
09/12/2014;20:37:00;173;sem vítima;67;BR-101/RJ;Norte;Colisão Lateral;2;;;;;;;;;;3;;;;
21/12/2014;07:17:00;38;sem vítima;67;BR-101/RJ;Norte;Colisão Traseira;1;;;;;;;;;1;10;;;;
23/12/2014;16:18:00;137;sem vítima;67;BR-101/RJ;Norte;Colisão Traseira;2;;;;;;;;;;5;;;;
26/12/2014;09:43:00;47;com vítima;67,3;BR-101/RJ;Norte;Colisão Traseira;2;;;;;;;;;;0;4;;;
01/01/2015;06:17:00;18;sem vítima;67;BR-101/RJ;Sul;Colisão Traseira;2;;;;;;;;;;2;;;;
04/01/2015;17:27:00;147;sem vítima;67;BR-101/RJ;Norte;Colisão Traseira;2;;;;;;;;;;7;;;;
09/01/2015;22:00:00;192;sem vítima;67;BR-101/RJ;Sul;Colisão Traseira;;;;1;1;;;;;;2;;;;
17/01/2015;09:55:00;77;sem vítima;67;BR-101/RJ;Norte;Colisão Traseira;2;;;;;;;;;;7;;;;
17/02/2015;17:51:00;118;sem vítima;67;BR-101/RJ;Norte;Engavetamento;2;;;;;;;;;1;9;0;0;0;0
01/03/2015;22:27:00;161;sem vítima;67;BR-101/RJ;Norte;Colisão Lateral;2;;;;;;;;;;3;0;0;0;0
03/03/2015;18:41:00;138;sem vítima;67;BR-101/RJ;Norte;Colisão Lateral;2;;;;;;;;;;2;0;0;0;0
12/03/2015;10:18:00;77;sem vítima;67;BR-101/RJ;Norte;Engavetamento;2;;;;;1;;;;;3;0;0;0;0
12/03/2015;14:31:00;107;sem vítima;67,6;BR-101/RJ;Sul;Colisão Transversal;2;;;;;;;;;;3;0;0;0;0
21/03/2015;06:35:00;38;com vítima;67;BR-101/RJ;Norte;Colisão Traseira;1;;;1;;;;;;;1;1;0;0;0
22/03/2015;10:06:00;54;sem vítima;67;BR-101/RJ;Sul;Colisão Transversal;1;;;;1;;;;;;2;0;0;0;0
23/03/2015;17:03:00;177;sem vítima;67;BR-101/RJ;Norte;Colisão Lateral;1;;;;;1;;;;;2;0;0;0;0
04/04/2015;16:16:00;98;sem vítima;67;BR-101/RJ;Norte;Choque - Suporte de Sinalização;1;;;;;1;;;;;2;;;;
15/04/2015;15:44:00;136;sem vítima;67;BR-101/RJ;Norte;Saida de Pista;1;;;;;;;;;;1;;;;
15/04/2015;10:33:00;93;sem vítima;67,35;BR-101/RJ;Sul;Colisão Traseira;2;;;;;;;;;;2;;;;
20/04/2015;12:04:00;82;sem vítima;67;BR-101/RJ;Norte;Engavetamento;3;;;;;;;;;;5;;;;
30/04/2015;08:02:00;43;sem vítima;67,258;BR-101/RJ;Norte;Colisão Traseira;2;;;;;;;;;;3;;;;
09/05/2015;18:14:00;166;sem vítima;67;BR-101/RJ;Norte;Colisão Traseira;2;;;;;;;;;;2;;;;
16/05/2015;06:41:00;28;com vítima;67,523;BR-101/RJ;Norte;Colisão Traseira;2;;;;;;;;;;4;1;;;
19/05/2015;08:59:00;55;sem vítima;67;BR-101/RJ;Norte;Colisão Traseira;2;;;;;;;;;;2;;;;
22/05/2015;17:46:00;175;sem vítima;67;BR-101/RJ;Sul;Colisão Transversal;2;;;;;;;;;;2;;;;
23/05/2015;05:32:00;19;sem vítima;67,8;BR-101/RJ;Norte;Choque - Elemento de Drenagem;1;;;;;;;;;;2;;;;
25/05/2015;17:36:00;182;com vítima;67;BR-101/RJ;Norte;Colisão Transversal;1;;;1;;;;;;;2;;1;;
27/05/2015;16:41:00;124;sem vítima;67;BR-101/RJ;Sul;Colisão Lateral;1;;1;;;;;;;;2;;;;
30/05/2015;15:10:00;141;com vítima;67;BR-101/RJ;Norte;Colisão Traseira;2;;;;;;;;;;3;1;;;
03/06/2015;04:31:00;21;sem vítima;67;BR-101/RJ;Sul;Atropelamento de Animal;1;;;;;;;;;;1;;;;
26/06/2015;20:02:00;197;com vítima;67;BR-101/RJ;Sul;Colisão Lateral;2;;;;;;;;;;1;1;;;
12/07/2015;22:26:00;185;com vítima;67;BR-101/RJ;Norte;Outros;;1;;;;;;;;;0;1;;;
17/07/2015;11:11:00;109;sem vítima;67;BR-101/RJ;Norte;Colisão Transversal;2;;;;;;;;;;3;;;;
17/07/2015;12:55:00;128;sem vítima;67;BR-101/RJ;Norte;Colisão Frontal;2;;;;;;;;;;5;;;;
18/07/2015;08:16:00;42;sem vítima;67;BR-101/RJ;Norte;Engavetamento;3;;;;;;;;;;6;;;;
25/07/2015;02:39:00;14;com vítima;67;BR-101/RJ;Norte;Colisão Traseira;2;;;;;;;;;;1;1;;;