data;horario;n_da_ocorrencia;tipo_de_ocorrencia;km;trecho;sentido;tipo_de_acidente;automovel;bicicleta;caminhao;moto;onibus;outros;tracao_animal;transporte_de_cargas_especiais;trator_maquinas;utilitarios;ilesos;levemente_feridos;moderadamente_feridos;gravemente_feridos;mortos
25/07/2015;12:02:00;96;sem vítima;67;BR-101/RJ;Norte;Colisão Traseira;2;;;;;;;;;;6;;;;
27/07/2015;15:01:00;133;sem vítima;67;BR-101/RJ;Norte;Colisão Transversal;2;;;;;;;;;;2;;;;
11/08/2015;10:36:00;104;sem vítima;67,849;BR-101/RJ;Norte;Colisão Traseira;2;;;;;;;;;;5;;;;
28/08/2015;20:56:00;195;com vítima;67,691;BR-101/RJ;Norte;Colisão Traseira;4;;;;;;;;;;2;3;1;;
07/09/2015;15:36:00;106;sem vítima;67;BR-101/RJ;Norte;Engavetamento;1;;;;;3;;;;;6;;;;
12/09/2015;19:49:00;139;sem vítima;67;BR-101/RJ;Norte;Colisão Traseira;1;;;;;1;;;;;2;;;;
04/10/2015;17:39:00;113;sem vítima;67,337;BR-101/RJ;Norte;Colisão Traseira;2;;;;;;;;;;3;;;;
05/10/2015;12:31:00;108;sem vítima;67;BR-101/RJ;Norte;Colisão Lateral;1;;1;;;;;;;;2;;;;
03/11/2015;08:57:00;79;sem vítima;67,53;BR-101/RJ;Sul;Colisão Traseira;2;;;;;;;;;;3;;;;
13/12/2015;22:17:00;238;com vítima;67;BR-101/RJ;Sul;Atropelamento - Andarilho;;;;;;1;;;;;1;1;;;
15/12/2015;18:34:00;235;sem vítima;67;BR-101/RJ;Sul;Colisão Traseira;1;;;;1;;;;;;5;;;;
19/12/2015;19:10:00;237;sem vítima;67;BR-101/RJ;Norte;Choque - Outros;1;;;;;;;;;;1;;;;
11/02/2010;06:36:00;28;sem vítima;68;BR-101/RJ;Norte;Saida de Pista;1;;;;;;;;;;3;;;;
13/03/2010;09:07:00;59;sem vítima;68;BR-101/RJ;Norte;Colisão Lateral;1;;1;;;;;;;;4;;;;
07/05/2010;03:05:00;23;com vítima;68;BR-101/RJ;Sul;Colisão Traseira;1;;1;;;;;;;;1;4;;;
19/10/2010;08:24:00;42;sem vítima;68;BR-101/RJ;Norte;Colisão Traseira;;;1;;1;;;;;;2;;;;
23/10/2010;03:25:00;21;sem vítima;68;BR-101/RJ;Norte;Colisão Traseira;1;;1;;;;;;;;2;;;;
23/12/2010;20:53:00;246;sem vítima;68;BR-101/RJ;Sul;Engavetamento;2;;1;;;;;;;;6;;;;
27/05/2011;18:17:00;158;com vítima;68;BR-101/RJ;Norte;Atropelamento - Ciclista;;1;;1;;;;;;;0;;2;;
17/06/2011;08:02:00;54;sem vítima;68;BR-101/RJ;Sul;Colisão Transversal;;;;1;1;;;;;;3;;;;
23/08/2011;19:54:00;168;sem vítima;68;BR-101/RJ;Sul;Objeto lançado contra veículo;2;;;;;;;;;;2;;;;
02/09/2011;09:38:00;62;sem vítima;68;BR-101/RJ;Sul;Colisão Lateral;1;;1;;;;;;;;2;;;;
24/10/2011;20:49:00;156;com vítima;68,5;BR-101/RJ;Norte;Colisão Traseira;;;1;1;;;;;;;1;;1;;
01/12/2011;20:29:00;160;com vítima;68,5;BR-101/RJ;Sul;Atropelamento - Ciclista;;1;;;;1;;;;;1;;1;;
08/01/2012;04:07:00;15;sem vítima;68;BR-101/RJ;Norte;Atropelamento de Animal;;;;;1;;;;;;1;;;;
09/01/2012;17:37:00;156;sem vítima;68;BR-101/RJ;Norte;Colisão Lateral;3;;;;;;;;;;11;;;;
12/01/2012;17:22:00;168;sem vítima;68;BR-101/RJ;Norte;Engavetamento;3;;;;;;;;;;8;;;;
08/04/2012;18:41:00;186;sem vítima;68;BR-101/RJ;Norte;Engavetamento;4;;;;;;;;;;10;;;;
29/06/2012;17:56:00;171;sem vítima;68,8;BR-101/RJ;Norte;Colisão Traseira;2;;1;;;;;;;;5;;;;
10/08/2012;18:17:00;182;sem vítima;68;BR-101/RJ;Norte;Colisão Traseira;1;;;;;1;;;;;3;;;;
15/08/2012;15:12:00;115;com vítima;68,688;BR-101/RJ;Sul;Colisão Lateral;1;;1;;;;;;;;0;;1;1;
19/08/2012;13:00:00;81;com vítima;68,548;BR-101/RJ;Norte;Saida de Pista;1;;;;;;;;;;1;3;;;
15/09/2012;19:13:00;175;sem vítima;68,275;BR-101/RJ;Norte;Saida de Pista;1;;;;;;;;;;1;;;;
28/12/2012;15:16:00;155;com vítima;68,8;BR-101/RJ;Sul;Colisão Transversal;;;1;1;;;;;;;1;;1;;
10/01/2013;13:17:00;119;com vítima;68,5;BR-101/RJ;Norte;Colisão Traseira;2;;;;;;;;;;3;1;1;;
01/03/2013;19:12:00;157;sem vítima;68,2;BR-101/RJ;Norte;Colisão Traseira;1;;;;;;;;;1;2;;;;
17/05/2013;18:28:00;156;sem vítima;68;BR-101/RJ;Norte;Colisão Traseira;2;;;;;;;;;;2;;;;
24/05/2013;17:33:00;132;com vítima;68;BR-101/RJ;Sul;Atropelamento - Morador;1;;;;;;;;;;3;;1;;
16/09/2013;08:47:00;53;sem vítima;68,6;BR-101/RJ;Sul;Colisão Lateral;1;;1;;;;;;;;3;;;;
26/09/2013;07:20:00;34;com vítima;68;BR-101/RJ;Norte;Queda de Moto;;;;;;1;;;;;0;1;;;
21/11/2013;07:56:00;48;com vítima;68,37;BR-101/RJ;Sul;Colisão Lateral;;1;;1;;;;;;;0;2;;;
12/12/2013;06:19:00;27;sem vítima;68,5;BR-101/RJ;Norte;Colisão Traseira;1;;1;;;;;;;;5;;;;
24/01/2014;04:02:00;6;sem vítima;68;BR-101/RJ;Norte;Atropelamento de Animal;;;;;1;;;;;;20;;;;
30/01/2014;18:09:00;183;com vítima;68;BR-101/RJ;Sul;Queda de Moto;;;;1;;;;;;;0;;1;;
17/04/2014;20:40:00;211;sem vítima;68;BR-101/RJ;Norte;Engavetamento;2;;;;;1;;;;;6;;;;
22/05/2014;01:07:00;7;com vítima;68,3;BR-101/RJ;Sul;Saida de Pista;;;;;;;;;;1;0;1;;;
27/05/2014;13:58:00;107;sem vítima;68;BR-101/RJ;Norte;Colisão Traseira;;;2;;;;;;;;2;;;;
14/07/2014;06:21:00;33;com vítima;68;BR-101/RJ;Sul;Colisão Frontal;1;;1;;;;;;;;6;1;;;1
07/10/2014;06:52:00;34;com vítima;68;BR-101/RJ;Norte;Saida de Pista;;;;;;;;;;1;0;1;;;
24/10/2014;18:03:00;141;sem vítima;68,399;BR-101/RJ;Norte;Engavetamento;3;;;;;;;;;;8;;;;
12/12/2014;17:43:00;135;sem vítima;68;BR-101/RJ;Norte;Colisão Traseira;2;;;;;;;;;;3;;;;
25/12/2014;01:24:00;6;com vítima;68;BR-101/RJ;Sul;Atropelamento de Animal;;;;1;;;;;;;0;1;;;
06/02/2015;05:39:00;13;com vítima;68;BR-101/RJ;Sul;Atropelamento de Animal;1;;;;;;;;;;0;1;0;0;0
05/04/2015;16:49:00;122;sem vítima;68;BR-101/RJ;Norte;Colisão Traseira;2;;;;;;;;;;7;;;;
30/04/2015;17:56:00;172;com vítima;68,8;BR-101/RJ;Norte;Outros - Sequência;;1;1;;;;;;;1;2;1;;;
03/06/2015;14:23:00;121;com vítima;68;BR-101/RJ;Norte;Colisão Transversal;1;;;1;;;;;;;1;;1;;
06/06/2015;14:20:00;95;com vítima;68,459;BR-101/RJ;Norte;Colisão Frontal;2;;;;;;;;;;2;1;;;
26/06/2015;18:50:00;186;com vítima;68;BR-101/RJ;Sul;Colisão Lateral;1;;;1;;;;;;;1;1;;;
22/07/2015;07:12:00;31;com vítima;68,505;BR-101/RJ;Norte;Colisão Traseira;;;;1;;1;;;;;1;;1;;
03/09/2015;06:26:00;30;com vítima;68,651;BR-101/RJ;Norte;Choque - Outros;1;;;;;;;;;;0;1;;;
08/09/2015;07:13:00;61;com vítima;68,373;BR-101/RJ;Sul;Colisão Frontal;1;;1;;;;;;;;2;;;2;2
09/11/2015;01:46:00;15;com vítima;68;BR-101/RJ;Norte;Atropelamento de Animal;1;;;;;;;;;;0;1;;;
09/01/2010;17:54:00;183;com vítima;69;BR-101/RJ;Norte;Colisão Traseira;;;;2;;;;;;;1;;1;;
02/03/2010;20:47:00;160;com vítima;69;BR-101/RJ;Norte;Colisão Lateral;1;;;;;1;;;;;1;2;;;
24/04/2010;02:58:00;10;sem vítima;69,5;BR-101/RJ;Norte;Atropelamento de Animal;;;;;1;;;;;;1;;;;
12/06/2010;23:02:00;182;sem vítima;69,5;BR-101/RJ;Norte;Colisão Traseira;;;1;;;1;;;;;2;;;;
10/07/2010;22:29:00;181;com vítima;69;BR-101/RJ;Sul;Colisão Frontal;2;;;;;;;;;;2;;3;;
23/07/2010;23:11:00;210;sem vítima;69;BR-101/RJ;Norte;Atropelamento de Animal;2;;;;;;;;;;2;;;;
21/08/2010;15:54:00;127;sem vítima;69;BR-101/RJ;Norte;Colisão Traseira;1;;;;;1;;;;;2;;;;
23/12/2010;22:00:00;259;sem vítima;69;BR-101/RJ;Norte;Colisão Traseira;2;;;;;;;;;;2;;;;
04/03/2011;23:10:00;273;com vítima;298;BR-101/RJ;Sul;Engavetamento;1;;1;;1;;;;;;3;;1;;
15/05/2011;21:25:00;188;sem vítima;69;BR-101/RJ;Sul;Colisão Lateral;2;;;;;;;;;;2;;;;
21/08/2011;21:01:00;152;sem vítima;69;BR-101/RJ;Sul;Atropelamento de Animal;1;;;;;;;;;;4;;;;
15/09/2011;09:59:00;65;sem vítima;69;BR-101/RJ;Sul;Colisão Traseira;1;;;;;1;;;;;2;;;;
18/10/2011;22:22:00;195;sem vítima;69,0999984741211;BR-101/RJ;Norte;Colisão Lateral;;;1;;1;;;;;;2;;;;
22/10/2011;19:39:00;123;sem vítima;69,9000015258789;BR-101/RJ;Sul;Saida de Pista;1;;;;;;;;;;1;;;;
06/04/2012;17:19:00;159;sem vítima;69;BR-101/RJ;Norte;Colisão Lateral;1;;1;;;;;;;;2;;;;
22/05/2012;07:29:00;39;sem vítima;69,5;BR-101/RJ;Sul;Colisão Traseira;2;;;;;;;;;;2;;;;
14/06/2012;18:28:00;173;sem vítima;69,3;BR-101/RJ;Sul;Saida de Pista;1;;;;1;2;;;;;4;;;;
05/08/2012;04:43:00;17;sem vítima;69;BR-101/RJ;Norte;Saida de Pista;1;;;;;;;;;;3;;;;
16/10/2012;07:55:00;45;sem vítima;69;BR-101/RJ;Sul;Colisão Traseira;2;;;;;;;;;;3;;;;
06/11/2012;05:35:00;22;com vítima;69,628;BR-101/RJ;Norte;Atropelamento de Animal;1;;;;;;;;;;0;2;1;;
17/11/2012;22:31:00;149;com vítima;69;BR-101/RJ;Norte;Saida de Pista;1;;;;;;;;;;0;1;1;;
03/02/2013;22:56:00;203;sem vítima;69;BR-101/RJ;Norte;Colisão Traseira;1;;;;;1;;;;;2;;;;
18/02/2013;12:19:00;121;com vítima;69,62;BR-101/RJ;Norte;Colisão Lateral;1;;;1;;;;;;;1;;1;;
20/02/2013;17:44:00;156;sem vítima;69;BR-101/RJ;Sul;Engavetamento;3;;;;;;;;;;3;;;;
03/03/2013;20:15:00;154;sem vítima;69;BR-101/RJ;Sul;Colisão Frontal;2;;;;;;;;;;2;;;;
04/05/2013;18:36:00;151;sem vítima;69,4;BR-101/RJ;Sul;Atropelamento de Animal;1;;;;;;;;;;2;;;;
14/05/2013;10:48:00;62;sem vítima;69;BR-101/RJ;Sul;Colisão Traseira;1;;1;;;;;;;;3;;;;
07/09/2013;18:51:00;165;com vítima;69,5;BR-101/RJ;Norte;Outros - Sequência;1;;2;;;;;;;3;5;17;;;1
09/09/2013;21:17:00;199;sem vítima;69,805;BR-101/RJ;Norte;Colisão Transversal;1;;1;;;;;;;;4;;;;
23/09/2013;18:42:00;157;com vítima;69,29;BR-101/RJ;Norte;Atropelamento - Outros;;;;;1;;;;;;40;;;;1
02/10/2013;21:40:00;161;com vítima;69;BR-101/RJ;Sul;Queda de Moto;;;;1;;;;;;;0;2;;;
09/12/2013;09:56:00;77;sem vítima;69;BR-101/RJ;Sul;Engavetamento;2;;;;;1;;;;;3;;;;
21/01/2014;11:23:00;106;sem vítima;69;BR-101/RJ;Norte;Colisão Traseira;2;;;;;;;;;;2;;;;
15/02/2014;20:40:00;188;com vítima;69,7;BR-101/RJ;Sul;Colisão Lateral;2;;;;;;;;;;2;2;;;
22/02/2014;19:44:00;162;sem vítima;69;BR-101/RJ;Sul;Saida de Pista;1;;;;;;;;;;1;;;;
10/03/2014;22:15:00;203;sem vítima;69;BR-101/RJ;Sul;Atropelamento de Animal;;;1;;;;;;;;1;;;;
06/04/2014;08:11:00;40;com vítima;69;BR-101/RJ;Norte;Outros - Sequência;2;;;;;;;;;1;8;1;;;
12/05/2014;23:44:00;211;sem vítima;69;BR-101/RJ;Norte;Atropelamento de Animal;;;;;1;;;;;;32;;;;
29/06/2014;13:52:00;87;com vítima;69;BR-101/RJ;Sul;Atropelamento - Ciclista;;1;;;;1;;;;;1;;1;;
15/11/2014;18:08:00;138;sem vítima;69,705;BR-101/RJ;Norte;Colisão Transversal;2;;;;;;;;;;2;;;;
20/11/2014;14:51:00;116;sem vítima;69,73;BR-101/RJ;Norte;Colisão Traseira;1;;1;;;;;;;;6;;;;
24/11/2014;10:23:00;70;sem vítima;69;BR-101/RJ;Sul;Colisão Lateral;1;;1;;;;;;;;3;;;;
07/02/2015;03:46:00;20;sem vítima;69;BR-101/RJ;Norte;Capotamento;1;;;;;;;;;;1;0;0;0;0
27/02/2015;15:34:00;124;sem vítima;69;BR-101/RJ;Norte;Colisão Frontal;1;;1;;;;;;;;2;;;;
17/04/2015;00:17:00;5;sem vítima;69;BR-101/RJ;Norte;Saida de Pista;1;;;;;;;;;;1;;;;
08/06/2015;06:35:00;28;com vítima;69,5;BR-101/RJ;Norte;Colisão Traseira;1;;;1;;;;;;;2;1;;;
21/10/2015;19:26:00;178;sem vítima;69,154;BR-101/RJ;Sul;Colisão Lateral;1;;1;;;;;;;;2;;;;
02/05/2010;01:26:00;5;sem vítima;70;BR-101/RJ;Norte;Saida de Pista;1;;1;;;;;;;;6;;;;
25/07/2010;01:49:00;7;sem vítima;70;BR-101/RJ;Sul;Saida de Pista;1;;;;;;;;;;2;;;;
11/09/2010;16:18:00;129;sem vítima;70;BR-101/RJ;Norte;Saida de Pista;2;;;;;;;;;;2;;;;
02/12/2010;18:41:00;160;sem vítima;70;BR-101/RJ;Norte;Colisão Traseira;1;;1;;;;;;;;4;;;;
23/12/2010;12:33:00;128;sem vítima;70;BR-101/RJ;Sul;Colisão Frontal;1;;1;;;;;;;;3;;;;
27/01/2011;02:22:00;13;sem vítima;70;BR-101/RJ;Norte;Choque - Poste;;;;;1;;;;;;1;;;;
30/06/2011;06:41:00;21;sem vítima;70;BR-101/RJ;Sul;Saida de Pista;;;;;1;;;;;;2;;;;
19/08/2011;11:32:00;92;sem vítima;70;BR-101/RJ;Sul;Colisão Traseira;;;1;;;;;;;1;3;;;;
26/10/2011;01:30:00;5;sem vítima;70;BR-101/RJ;Norte;Colisão Traseira;;;2;;;;;;;;2;;;;
11/11/2011;23:27:00;223;com vítima;70,0999984741211;BR-101/RJ;Norte;Capotamento;1;;;;;;;;;;0;;1;;
15/03/2012;17:10:00;137;com vítima;70;BR-101/RJ;Norte;Queda de Moto;;;;1;;;;;;;0;;1;;
07/04/2012;18:32:00;120;com vítima;70;BR-101/RJ;Sul;Atropelamento - Andarilho;;;;1;;;;;;;0;;2;;
22/05/2012;06:45:00;29;sem vítima;70;BR-101/RJ;Sul;Outros - Sequência;;;3;;;;;;;;3;;;;
04/06/2012;18:28:00;140;com vítima;70;BR-101/RJ;Sul;Queda de Moto;;;;1;;1;;;;;1;2;;;
10/09/2012;12:07:00;123;sem vítima;70;BR-101/RJ;Sul;Colisão Traseira;1;;;;;1;;;;;3;;;;
06/10/2012;19:33:00;173;com vítima;70,9;BR-101/RJ;Norte;Colisão Frontal;1;;1;;;;;;;;2;;1;;
22/10/2012;07:20:00;52;com vítima;70;BR-101/RJ;Norte;Colisão Lateral;;;1;1;;;;;;;1;1;;;
20/11/2012;15:38:00;120;sem vítima;70;BR-101/RJ;Norte;Colisão Traseira;2;;;;;;;;;;7;;;;
03/01/2013;11:41:00;98;com vítima;70,2;BR-101/RJ;Sul;Colisão Traseira;;;;1;1;;;;;;50;;1;;
05/02/2013;19:47:00;138;sem vítima;70;BR-101/RJ;Norte;Colisão Transversal;1;;;;1;;;;;;2;;;;
09/02/2013;03:10:00;45;com vítima;70;BR-101/RJ;Sul;Colisão Lateral;;;;;;2;;;;;1;;4;;
17/02/2013;14:11:00;110;com vítima;70,966;BR-101/RJ;Norte;Saida de Pista;1;;;;;;;;;;0;1;1;;
09/03/2013;09:03:00;65;sem vítima;70,955;BR-101/RJ;Norte;Colisão Transversal;2;;;;;;;;;;3;;;;
20/03/2013;00:30:00;5;com vítima;70,34;BR-101/RJ;Sul;Atropelamento - Ciclista;;1;1;;;;;;;;1;;;;1
07/04/2013;03:04:00;23;sem vítima;70,96;BR-101/RJ;Norte;Atropelamento de Animal;1;;;;;;;;;;1;;;;
20/05/2013;06:55:00;23;com vítima;70;BR-101/RJ;Norte;Atropelamento - Morador;;;1;;;;;;;;3;;;1;
21/09/2013;10:53:00;72;com vítima;70,48;BR-101/RJ;Norte;Capotamento;1;;;;;;;;;;0;;1;3;3
29/09/2013;21:56:00;164;com vítima;70;BR-101/RJ;Sul;Colisão Lateral;1;;;;;1;;;;;1;5;;;
01/12/2013;14:22:00;100;sem vítima;70,964;BR-101/RJ;Norte;Colisão Lateral;1;;;;;1;;;;;3;;;;
12/12/2013;16:28:00;159;com vítima;70,775;BR-101/RJ;Norte;Colisão Traseira;;;;1;;;;;;1;1;;1;;
26/12/2013;06:58:00;46;com vítima;70;BR-101/RJ;Norte;Colisão Lateral;1;;;;1;;;;;;26;1;;;
28/04/2014;18:36:00;133;com vítima;70;BR-101/RJ;Norte;Colisão Lateral;;;;1;;1;;;;;1;1;;;
08/06/2014;05:52:00;35;com vítima;70,933;BR-101/RJ;Sul;Saida de Pista;1;;;;;;;;;;0;1;;2;1
10/06/2014;18:06:00;143;com vítima;70;BR-101/RJ;Norte;Atropelamento - Ciclista;;1;;;;1;;;;;1;;1;;
15/07/2014;08:37:00;48;com vítima;70;BR-101/RJ;Sul;Colisão Traseira;1;;;;;;;;;1;2;1;;;
20/10/2014;13:05:00;121;com vítima;70,207;BR-101/RJ;Norte;Queda de Moto;;;;1;;;;;;;0;2;;;
11/11/2014;19:59:00;153;sem vítima;70;BR-101/RJ;Norte;Colisão Lateral;;;2;;;;;;;;3;;;;
01/12/2014;06:50:00;32;sem vítima;70,8;BR-101/RJ;Sul;Atropelamento de Animal;1;;;;;;;;;;3;;;;
10/01/2015;22:07:00;210;com vítima;70;BR-101/RJ;Norte;Atropelamento - Ciclista;1;1;;;;;;;;;2;;;;1
11/02/2015;09:47:00;63;sem vítima;70;BR-101/RJ;Norte;Colisão Traseira;1;;;;;;;;;1;4;0;0;0;0
18/03/2015;00:19:00;4;sem vítima;70,05;BR-101/RJ;Sul;Atropelamento de Animal;1;;;;;1;;;;;2;0;0;0;0
30/03/2015;18:34:00;166;sem vítima;70;BR-101/RJ;Norte;Atropelamento de Animal;;;1;;;;;;;;1;0;0;0;0
30/04/2015;18:18:00;177;sem vítima;70;BR-101/RJ;Norte;Engavetamento;2;;1;;;;;;;;4;;;;
13/05/2015;21:48:00;171;com vítima;70,3;BR-101/RJ;Sul;Atropelamento - Morador;;;;;;1;;;;;1;1;;;
14/05/2015;21:23:00;193;com vítima;70,995;BR-101/RJ;Norte;Colisão Frontal;;;1;1;;;;;;;1;;;;1
08/06/2015;07:10:00;37;sem vítima;70;BR-101/RJ;Norte;Colisão Traseira;1;;;;;1;;;;;2;;;;
08/06/2015;06:40:00;29;com vítima;70,537;BR-101/RJ;Norte;Atropelamento - Morador;;;;;;;;;;1;1;1;;;
13/06/2015;17:58:00;181;sem vítima;70,245;BR-101/RJ;Sul;Colisão Transversal;2;;;;;;;;;;3;;;;
27/06/2015;23:44:00;187;sem vítima;70;BR-101/RJ;Norte;Colisão Traseira;1;;;;;1;;;;;2;;;;
27/06/2015;06:11:00;18;sem vítima;70,769;BR-101/RJ;Sul;Tombamento;;;;;;1;;;;1;4;;;;
11/07/2015;18:11:00;172;com vítima;70,95;BR-101/RJ;Norte;Atropelamento - Andarilho;;;;;;1;;;;;1;;1;;
18/07/2015;02:16:00;10;sem vítima;70;BR-101/RJ;Norte;Colisão Lateral;;;1;;;1;;;;;2;;;;
11/08/2015;07:00:00;33;com vítima;70,784;BR-101/RJ;Sul;Atropelamento de Animal;;;;1;;;;;;;0;1;;;
24/08/2015;09:30:00;82;sem vítima;70;BR-101/RJ;Sul;Colisão Traseira;2;;;;;;;;;;4;;;;
24/08/2015;13:16:00;122;com vítima;70;BR-101/RJ;Sul;Colisão Transversal;1;;;1;;;;;;;1;2;;;
08/10/2015;07:03:00;38;com vítima;70,596;BR-101/RJ;Norte;Colisão Lateral;;;;1;;1;;;;;1;;1;;
07/11/2015;22:53:00;186;com vítima;70,845;BR-101/RJ;Sul;Colisão Frontal;1;;;;1;;;;;;8;;;1;
21/11/2015;18:42:00;155;com vítima;70,717;BR-101/RJ;Sul;Atropelamento - Morador;;;;;;1;;;;;1;;2;;
23/11/2015;08:21:00;58;com vítima;70,494;BR-101/RJ;Norte;Colisão Transversal;1;;1;;;;;;;;1;3;2;;
27/11/2015;21:14:00;246;com vítima;70;BR-101/RJ;Norte;Queda de Moto;;;;;1;;;;;;0;1;;;
03/12/2015;20:31:00;223;sem vítima;70,5;BR-101/RJ;Sul;Colisão Traseira;1;;;;;;;;;1;2;;;;
09/12/2015;22:35:00;228;com vítima;70,787;BR-101/RJ;Norte;Colisão Transversal;1;1;;;;;;;;;1;1;1;;
29/01/2010;21:08:00;200;sem vítima;71;BR-101/RJ;Sul;Outros;;;;1;;1;;;;;2;;;;
07/03/2010;11:49:00;70;com vítima;71;BR-101/RJ;Norte;Colisão Lateral;2;;;;;;;;;;3;2;;;
07/03/2010;11:20:00;65;com vítima;71,30000305175781;BR-101/RJ;Sul;Colisão Lateral;1;;1;;;;;;;;0;1;;1;
28/03/2010;18:51:00;145;sem vítima;71;BR-101/RJ;Norte;Saida de Pista;1;;;;;;;;;;1;;;;
24/05/2010;07:39:00;59;sem vítima;71;BR-101/RJ;Norte;Colisão Traseira;2;;;;;;;;;;3;;;;
19/07/2010;18:23:00;159;com vítima;71;BR-101/RJ;Sul;Atropelamento - Morador;;;;1;;;;;;;0;2;;;
12/08/2010;02:08:00;18;sem vítima;71;BR-101/RJ;Norte;Atropelamento de Animal;;;1;;;1;;;;;2;;;;
15/08/2010;12:09:00;71;com vítima;71;BR-101/RJ;Norte;Colisão Frontal;1;;;1;;;;;;;1;1;;;
01/09/2010;09:31:00;50;sem vítima;71;BR-101/RJ;Sul;Colisão Lateral;1;;;;;1;;;;;2;;;;
26/10/2010;13:48:00;98;com vítima;71;BR-101/RJ;Sul;Colisão Frontal;;;1;;1;;;;;;0;7;1;2;
15/01/2011;00:56:00;2;com vítima;71;BR-101/RJ;Sul;Queda de Moto;;;;1;;;;;;;0;;1;;
07/02/2011;20:14:00;199;sem vítima;71;BR-101/RJ;Sul;Colisão Traseira;1;;1;;;;;;;;3;;;;
04/03/2011;23:30:00;278;sem vítima;242;BR-101/RJ;Norte;Saida de Pista;1;;;;;;;;;;4;;;;
18/05/2011;16:50:00;160;com vítima;71;BR-101/RJ;Norte;Queda de Moto;;;;1;;;;;;;0;1;;;
19/06/2011;18:25:00;142;sem vítima;71;BR-101/RJ;Sul;Colisão Traseira;1;;;1;;;;;;;3;;;;
10/09/2011;23:35:00;175;com vítima;71;BR-101/RJ;Sul;Colisão Frontal;2;;;;;;;;;;0;1;1;;
05/10/2011;06:59:00;26;com vítima;71,5;BR-101/RJ;Sul;Outros - Sequência;;;1;1;;;;;;1;2;;;;1
26/10/2011;14:45:00;90;com vítima;71;BR-101/RJ;Sul;Saida de Pista;1;;;;;;;;;;0;1;;;
02/12/2011;18:06:00;175;com vítima;71;BR-101/RJ;Sul;Atropelamento - Andarilho;1;;;;;;;;;;1;1;;;
14/02/2012;17:51:00;133;com vítima;71;BR-101/RJ;Norte;Queda de Moto;;;;1;;;;;;;0;2;;;
29/04/2012;05:20:00;17;sem vítima;71;BR-101/RJ;Sul;Saida de Pista;1;;;;;;;;;;2;;;;
09/05/2012;12:51:00;99;sem vítima;71;BR-101/RJ;Norte;Colisão Traseira;;;2;;;;;;;;2;;;;
13/05/2012;11:29:00;75;com vítima;71;BR-101/RJ;Sul;Atropelamento - Ciclista;;1;;1;;;;;;;0;;3;;
06/06/2012;06:11:00;28;sem vítima;71;BR-101/RJ;Sul;Colisão Lateral;1;;;;1;;;;;;2;;;;
22/08/2012;16:03:00;151;com vítima;71;BR-101/RJ;Norte;Colisão Lateral;2;;;;;;;;;;2;1;;;
20/09/2012;12:42:00;90;com vítima;71,65;BR-101/RJ;Norte;Queda de Moto;;;;1;;;;;;;0;;1;;
21/10/2012;03:59:00;16;sem vítima;71,2;BR-101/RJ;Norte;Choque - Defensa, barreira ou "submarino";1;;;;;;;;;;1;;;;
18/11/2012;05:03:00;17;com vítima;71,8;BR-101/RJ;Norte;Outros - Sequência;1;;;;;;;;;;0;;;1;
22/12/2012;11:59:00;125;sem vítima;71;BR-101/RJ;Norte;Colisão Traseira;2;;;;;;;;;;5;;;;
08/02/2013;15:28:00;182;com vítima;71;BR-101/RJ;Norte;Capotamento;1;;;;;;;;;;0;1;1;1;
08/02/2013;16:45:00;201;sem vítima;71;BR-101/RJ;Norte;Engavetamento;1;;1;;;1;;;;;5;;;;
03/03/2013;19:04:00;143;com vítima;71,05;BR-101/RJ;Sul;Colisão Transversal;1;;1;;;;;;;;1;;2;;
16/03/2013;18:35:00;175;com vítima;71;BR-101/RJ;Sul;Colisão Lateral;1;;;;;1;;;;;1;;1;;
03/04/2013;08:26:00;51;sem vítima;71,95;BR-101/RJ;Norte;Colisão Traseira;2;;;;;;;;;;3;;;;
29/04/2013;12:42:00;97;sem vítima;71;BR-101/RJ;Sul;Engavetamento;3;;;;;;;;;;10;;;;
27/05/2013;13:34:00;106;sem vítima;71;BR-101/RJ;Norte;Colisão Lateral;3;;;;;;;;;;2;;;;
15/06/2013;17:30:00;149;com vítima;71;BR-101/RJ;Sul;Colisão Lateral;2;;;;;;;;;;1;;1;;
26/06/2013;17:07:00;128;sem vítima;71,081;BR-101/RJ;Sul;Colisão Lateral;2;;;;;;;;;;4;;;;
29/06/2013;08:47:00;53;sem vítima;71;BR-101/RJ;Sul;Engavetamento;1;;2;;;;;;;;4;;;;
07/07/2013;22:18:00;178;com vítima;71,05;BR-101/RJ;Sul;Colisão Transversal;1;;;1;;;;;;;1;;2;;
03/08/2013;09:00:00;55;sem vítima;71;BR-101/RJ;Sul;Engavetamento;3;;;;;;;;;;9;;;;
04/08/2013;01:38:00;13;com vítima;71,059;BR-101/RJ;Norte;Colisão Lateral;2;;;;;;;;;;3;1;1;;
07/08/2013;23:21:00;162;sem vítima;71,9;BR-101/RJ;Norte;Saida de Pista;1;;;;;;;;;;1;;;;
13/08/2013;23:22:00;163;sem vítima;71;BR-101/RJ;Sul;Atropelamento de Animal;;;1;;;;;;;;1;;;;
19/08/2013;07:27:00;43;sem vítima;71;BR-101/RJ;Norte;Colisão Frontal;2;;;;;;;;;;2;;;;
25/08/2013;21:54:00;182;com vítima;71,338;BR-101/RJ;Norte;Capotamento;1;;;;;;;;;;0;;1;1;
27/08/2013;18:09:00;130;com vítima;71;BR-101/RJ;Norte;Colisão Transversal;1;;;1;;;;;;;1;;1;;
03/09/2013;11:21:00;83;sem vítima;71;BR-101/RJ;Norte;Engavetamento;3;;;;;;;;;;5;;;;
15/09/2013;02:57:00;16;com vítima;71,29;BR-101/RJ;Sul;Queda de Moto;;;;1;;;;;;;0;1;;;
15/10/2013;16:13:00;150;sem vítima;71;BR-101/RJ;Sul;Colisão Lateral;1;;1;;;;;;;;3;;;;
23/10/2013;19:19:00;147;sem vítima;71;BR-101/RJ;Sul;Colisão Frontal;2;;;;;;;;;;2;;;;