data;horario;n_da_ocorrencia;tipo_de_ocorrencia;km;trecho;sentido;tipo_de_acidente;automovel;bicicleta;caminhao;moto;onibus;outros;tracao_animal;transporte_de_cargas_especiais;trator_maquinas;utilitarios;ilesos;levemente_feridos;moderadamente_feridos;gravemente_feridos;mortos
30/11/2013;15:54:00;146;sem vítima;71,09;BR-101/RJ;Norte;Colisão Lateral;2;;;;;;;;;;5;;;;
27/02/2014;20:22:00;235;com vítima;71,99;BR-101/RJ;Norte;Atropelamento - Morador;;;;;;;;;;;0;;;1;
30/05/2014;20:05:00;175;com vítima;71,3;BR-101/RJ;Norte;Colisão Transversal;1;;;1;;;;;;;4;;1;;
18/06/2014;16:41:00;126;com vítima;71,1;BR-101/RJ;Norte;Colisão Transversal;1;;;1;;;;;;;2;;1;;
09/07/2014;00:11:00;3;com vítima;71,05;BR-101/RJ;Sul;Colisão Transversal;2;;;;;;;;;;2;1;;;
26/08/2014;16:59:00;122;sem vítima;71,092;BR-101/RJ;Norte;Colisão Traseira;;;2;;;;;;;;2;;;;
02/09/2014;17:39:00;133;sem vítima;71;BR-101/RJ;Sul;Colisão Traseira;1;;;;;;;;;1;2;;;;
07/09/2014;13:57:00;78;com vítima;71;BR-101/RJ;Sul;Queda de Moto;;;;1;;;;;;;0;1;;;
10/11/2014;21:05:00;170;sem vítima;71;BR-101/RJ;Sul;Colisão Lateral;2;;;;;;;;;;2;;;;
14/11/2014;20:13:00;205;sem vítima;71;BR-101/RJ;Norte;Colisão Traseira;1;;;;;1;;;;;4;;;;
19/11/2014;09:56:00;62;sem vítima;71;BR-101/RJ;Sul;Engavetamento;3;;;;;;;;;;10;;;;
19/12/2014;07:29:00;40;com vítima;71;BR-101/RJ;Norte;Colisão Transversal;;;;1;;1;;;;;1;;1;;
05/03/2015;09:43:00;66;com vítima;71;BR-101/RJ;Sul;Queda de Moto;;;;1;;;;;;;0;1;0;0;0
25/03/2015;21:59:00;185;com vítima;71;BR-101/RJ;Sul;Choque - Outros;;;;;1;;;;;;1;0;1;0;0
28/03/2015;19:45:00;165;com vítima;71;BR-101/RJ;Norte;Colisão Transversal;;;;2;;;;;;;0;2;0;0;0
17/04/2015;07:29:00;41;com vítima;71;BR-101/RJ;Sul;Colisão Lateral;1;;1;;;;;;;;1;1;;;
04/07/2015;20:34:00;176;sem vítima;71;BR-101/RJ;Norte;Colisão Transversal;2;;;;;;;;;;3;;;;
20/07/2015;15:08:00;138;sem vítima;71;BR-101/RJ;Norte;Choque - Arvore;1;;;;;;;;;;1;;;;
23/07/2015;20:04:00;198;com vítima;71;BR-101/RJ;Norte;Colisão Transversal;1;;1;;;;;;;;1;1;;;
30/07/2015;16:05:00;140;com vítima;71;BR-101/RJ;Norte;Colisão Transversal;2;;;;;;;;;;2;1;;;
04/08/2015;20:02:00;171;com vítima;71,6;BR-101/RJ;Sul;Colisão Lateral;;1;;;;1;;;;;1;1;;;
11/08/2015;16:32:00;174;com vítima;71,432;BR-101/RJ;Norte;Engavetamento;3;;1;;;;;;;;6;1;;;
28/11/2015;15:27:00;133;com vítima;71;BR-101/RJ;Norte;Colisão Transversal;1;;;1;;;;;;;2;;;1;
19/12/2015;07:57:00;75;com vítima;71;BR-101/RJ;Sul;Colisão Traseira;2;;;;;;;;;;9;1;;;
11/02/2010;11:18:00;84;sem vítima;72;BR-101/RJ;Norte;Colisão Traseira;2;;;;;;;;;;2;;;;
28/03/2010;05:15:00;26;sem vítima;72;BR-101/RJ;Sul;Colisão Traseira;2;;;;;;;;;;9;;;;
10/05/2010;18:10:00;167;com vítima;72;BR-101/RJ;Sul;Colisão Lateral;;1;;1;;;;;;;0;;2;;
09/10/2010;19:41:00;185;com vítima;72;BR-101/RJ;Sul;Atropelamento - Ciclista;;1;;;;1;;;;;1;1;;;
23/12/2010;15:04:00;158;sem vítima;72;BR-101/RJ;Norte;Colisão Traseira;2;;;;;;;;;;4;;;;
23/01/2011;20:29:00;167;com vítima;72;BR-101/RJ;Sul;Colisão Transversal;2;;;;;;;;;;1;1;;;
23/01/2011;21:24:00;177;com vítima;72,5;BR-101/RJ;Norte;Colisão Transversal;2;;1;;;;;;;;3;1;;;
29/05/2011;17:46:00;102;com vítima;72;BR-101/RJ;Norte;Queda de Moto;;;;1;;;;;;;0;2;;;
01/10/2011;18:46:00;172;sem vítima;72;BR-101/RJ;Sul;Colisão Frontal;2;;;;;;;;;;2;;;;
04/11/2011;13:45:00;104;sem vítima;72,69999694824219;BR-101/RJ;Norte;Colisão Traseira;2;;;;;;;;;;2;;;;
12/11/2011;11:18:00;95;sem vítima;72;BR-101/RJ;Norte;Engavetamento;4;;;;;;;;;;8;;;;
16/12/2011;13:56:00;130;sem vítima;72;BR-101/RJ;Norte;Colisão Traseira;1;;;;1;;;;;;2;;;;
16/12/2011;20:46:00;216;sem vítima;72;BR-101/RJ;Norte;Colisão Transversal;2;;;;;;;;;;2;;;;
22/12/2011;20:14:00;211;sem vítima;72;BR-101/RJ;Sul;Colisão Lateral;;;1;;;;1;;;;2;;;;
03/01/2012;17:04:00;191;com vítima;72;BR-101/RJ;Norte;Colisão Lateral;1;;;1;;;;;;;1;;;1;
26/03/2012;02:06:00;8;com vítima;72;BR-101/RJ;Sul;Atropelamento - Andarilho;;;;;;1;;;;;1;1;;;
19/04/2012;19:52:00;156;com vítima;72;BR-101/RJ;Sul;Atropelamento - Morador;;;;;;1;;;;;1;;1;;
14/05/2012;10:40:00;79;sem vítima;72,8;BR-101/RJ;Norte;Colisão Traseira;;;2;;;;;;;;2;;;;
25/07/2012;09:04:00;53;sem vítima;72;BR-101/RJ;Norte;Colisão Traseira;2;;;;;;;;;;5;;;;
27/07/2012;16:16:00;150;sem vítima;72,95;BR-101/RJ;Norte;Colisão Traseira;2;;;;;;;;;;3;;;;
24/08/2012;09:44:00;66;com vítima;72;BR-101/RJ;Sul;Queda de Moto;;;;1;;;;;;;0;;1;;
16/09/2012;17:11:00;145;com vítima;72;BR-101/RJ;Norte;Atropelamento - Morador;;;;;;1;;;;;1;;1;;
27/09/2012;13:53:00;130;sem vítima;72,9;BR-101/RJ;Sul;Colisão Traseira;1;;;;;;;;1;;2;;;;
30/09/2012;21:54:00;178;com vítima;72,5;BR-101/RJ;Norte;Colisão Frontal;1;;1;;;;;;;;1;;;;1
14/03/2013;01:10:00;9;com vítima;72,7;BR-101/RJ;Norte;Colisão Frontal;;;2;;;;;;;;1;1;;;
21/04/2013;21:28:00;143;com vítima;72,7;BR-101/RJ;Norte;Saida de Pista;;;;;;;;;;1;0;2;;;
20/12/2013;20:29:00;195;com vítima;72,4;BR-101/RJ;Norte;Atropelamento - Ciclista;;1;;1;;;;;;;0;;2;;
20/01/2014;15:08:00;126;com vítima;72;BR-101/RJ;Norte;Saida de Pista;;;;;1;;;;;;2;1;;;
27/01/2014;10:08:00;82;sem vítima;72;BR-101/RJ;Sul;Colisão Frontal;2;;;;;;;;;;2;;;;
04/07/2014;16:43:00;129;sem vítima;72;BR-101/RJ;Norte;Colisão Traseira;1;;;;1;;;;;;2;;;;
03/10/2014;00:51:00;4;sem vítima;72;BR-101/RJ;Norte;Colisão Lateral;1;;1;;;;;;;;2;;;;
01/11/2014;23:25:00;216;com vítima;72,839;BR-101/RJ;Sul;Colisão Lateral;;;;1;1;;;;;;2;;1;;
14/12/2014;18:53:00;139;sem vítima;72;BR-101/RJ;Norte;Objeto lançado contra veículo;3;;;;;;;;;;3;;;;
14/12/2014;19:11:00;147;sem vítima;72;BR-101/RJ;Norte;Colisão Traseira;2;;;;;;;;;;4;;;;
03/01/2015;07:15:00;23;sem vítima;72;BR-101/RJ;Norte;Colisão Lateral;1;;1;;;;;;;;3;;;;
29/01/2015;09:04:00;41;sem vítima;72;BR-101/RJ;Norte;Engavetamento;3;;1;;;;;;;;6;;;;
22/02/2015;20:25:00;150;com vítima;72;BR-101/RJ;Norte;Atropelamento - Ciclista;;1;;1;;;;;;;1;;;1;
24/03/2015;20:04:00;165;sem vítima;72;BR-101/RJ;Norte;Colisão Traseira;;;1;;;1;;;;;2;0;0;0;0
12/04/2015;19:09:00;140;com vítima;72;BR-101/RJ;Norte;Colisão Frontal;1;;;1;;;;;;;1;;2;;
22/06/2015;08:43:00;66;com vítima;72,833;BR-101/RJ;Norte;Colisão Transversal;2;;;;;;;;;;0;3;;;
18/07/2015;12:23:00;98;com vítima;72;BR-101/RJ;Norte;Queda de Moto;;;;1;;;;;;;0;1;;;
31/07/2015;18:11:00;171;com vítima;72,553;BR-101/RJ;Sul;Engavetamento;2;;;;;1;;;;;1;3;;;
03/10/2015;08:41:00;57;com vítima;72;BR-101/RJ;Norte;Choque - Arvore;1;;;;;;;;;;0;1;1;;
10/12/2015;21:09:00;247;com vítima;72,8;BR-101/RJ;Norte;Colisão Transversal;1;;;1;;;;;;;1;1;1;;
19/12/2015;06:00:00;35;sem vítima;72,633;BR-101/RJ;Norte;Colisão Traseira;;;;;;1;;;;1;2;;;;
03/01/2010;21:08:00;263;sem vítima;73;BR-101/RJ;Sul;Colisão Traseira;2;;;;;;;;;;11;;;;
12/01/2010;15:12:00;133;sem vítima;73;BR-101/RJ;Sul;Colisão Traseira;2;;;;;;;;;;6;;;;
21/01/2010;17:36:00;177;sem vítima;73;BR-101/RJ;Norte;Colisão Traseira;2;;;;;;;;;;3;;;;
12/02/2010;16:16:00;182;sem vítima;73;BR-101/RJ;Norte;Engavetamento;3;;;;;1;;;;;6;;;;
01/05/2010;18:54:00;137;com vítima;73;BR-101/RJ;Sul;Atropelamento - Morador;;;;;;;;;;;0;1;;;
16/05/2010;01:59:00;9;com vítima;73;BR-101/RJ;Norte;Queda de Moto;;;;1;;1;;;;;1;1;1;;
13/11/2010;05:14:00;27;com vítima;73;BR-101/RJ;Sul;Colisão Lateral;1;;;1;;;;;;;1;1;1;;
02/01/2011;12:12:00;78;sem vítima;73;BR-101/RJ;Sul;Colisão Traseira;2;;;;;;;;;;2;;;;
06/02/2011;08:29:00;38;com vítima;73;BR-101/RJ;Norte;Colisão Frontal;;;;1;;1;;;;;1;;;2;
05/03/2011;00:33:00;7;com vítima;92;BR-101/RJ;Sul;Tombamento;;;1;;;;;;;;1;;1;;
14/05/2011;23:21:00;184;com vítima;73;BR-101/RJ;Sul;Atropelamento - Andarilho;;;;;;1;;;;;1;;1;;
05/03/2011;03:06:00;39;com vítima;145;BR-101/RJ;Sul;Choque - Defensa, barreira ou "submarino";1;;;;;;;;;;1;1;1;;
15/06/2011;02:47:00;13;sem vítima;73;BR-101/RJ;Norte;Colisão Traseira;;;1;;;;;;;1;2;;;;
23/06/2011;13:12:00;103;com vítima;73;BR-101/RJ;Norte;Atropelamento - Ciclista;1;1;;;;;;;;;1;1;;;
22/08/2011;21:16:00;160;com vítima;73,30000305175781;BR-101/RJ;Norte;Colisão Traseira;;;2;;;;;;;;1;;2;;
26/08/2011;12:07:00;79;com vítima;73;BR-101/RJ;Sul;Colisão Traseira;;;1;;;;;;;1;0;2;;;
17/10/2011;10:16:00;65;com vítima;73,5;BR-101/RJ;Norte;Colisão Traseira;2;;;;;1;;;;;5;2;;;
23/10/2011;14:04:00;75;com vítima;73;BR-101/RJ;Norte;Colisão Lateral;;;;1;;1;;;;;1;;1;;
03/11/2011;08:01:00;54;sem vítima;73;BR-101/RJ;Norte;Colisão Traseira;2;;;;;;;;;;6;;;;
06/11/2011;06:51:00;16;com vítima;73,80000305175781;BR-101/RJ;Sul;Colisão Lateral;;;;1;;1;;;;;1;1;;;
23/11/2011;22:24:00;160;sem vítima;73;BR-101/RJ;Norte;Colisão Lateral;1;;1;;;;;;;;3;;;;
01/12/2011;22:16:00;175;sem vítima;73;BR-101/RJ;Norte;Colisão Traseira;;;1;;;;;;;1;4;;;;
04/12/2011;05:17:00;17;com vítima;73;BR-101/RJ;Norte;Atropelamento - Morador;;;;;;1;;;;;1;1;;;
04/12/2011;12:55:00;89;com vítima;73,80000305175781;BR-101/RJ;Norte;Colisão Lateral;2;;;;;;;;;;5;;1;;
31/12/2011;01:35:00;9;sem vítima;73;BR-101/RJ;Sul;Colisão Transversal;2;;;;;;;;;;3;;;;
01/01/2012;04:57:00;28;sem vítima;73;BR-101/RJ;Norte;Saida de Pista;1;;;;;;;;;;1;;;;
15/01/2012;11:35:00;73;com vítima;73;BR-101/RJ;Norte;Colisão Traseira;2;;;;;;;;;;4;1;;;
09/03/2012;18:19:00;157;com vítima;73;BR-101/RJ;Norte;Engavetamento;2;;;;;1;;;;;2;;1;;
25/03/2012;19:57:00;144;sem vítima;73;BR-101/RJ;Norte;Colisão Traseira;2;;;;;;;;;;5;;;;
04/04/2012;06:42:00;27;com vítima;73;BR-101/RJ;Norte;Colisão Traseira;;;;1;;;;;;1;1;;1;;
05/04/2012;06:48:00;42;com vítima;73;BR-101/RJ;Sul;Engavetamento;1;;1;1;;;;;;;3;4;;;
12/05/2012;01:38:00;13;com vítima;73;BR-101/RJ;Norte;Colisão Frontal;;;1;1;;;;;;;1;;;;2
28/05/2012;07:38:00;40;com vítima;73;BR-101/RJ;Norte;Atropelamento - Outros;;;;1;;;;;;;1;1;;;
06/06/2012;15:24:00;124;sem vítima;73;BR-101/RJ;Sul;Colisão Transversal;1;;1;;;;;;;;2;;;;
15/07/2012;12:10:00;69;sem vítima;73,4;BR-101/RJ;Norte;Colisão Traseira;2;;;;;;;;;;13;;;;
25/07/2012;04:54:00;17;sem vítima;73;BR-101/RJ;Sul;Choque - Arvore;1;;;;;;;;;;1;;;;
24/08/2012;20:44:00;172;sem vítima;73;BR-101/RJ;Sul;Colisão Traseira;1;;;;;1;;;;;3;;;;
23/12/2012;16:03:00;133;com vítima;73,625;BR-101/RJ;Sul;Atropelamento - Ciclista;;1;;;1;;;;;;60;;;;1
23/12/2012;17:55:00;153;com vítima;73,625;BR-101/RJ;Sul;Atropelamento - Outros;;;;1;;1;;;;;0;3;;;
15/02/2013;23:42:00;245;sem vítima;73;BR-101/RJ;Norte;Colisão Lateral;1;;;;;;;;;;1;;;;
14/04/2013;19:55:00;152;com vítima;73;BR-101/RJ;Norte;Atropelamento - Morador;;;;;;1;;;;;1;1;;;
26/04/2013;22:44:00;232;com vítima;73;BR-101/RJ;Norte;Atropelamento - Ciclista;;1;;1;;;;;;;0;1;1;;
03/05/2013;05:14:00;26;com vítima;73;BR-101/RJ;Norte;Colisão Frontal;;;2;;;;;;;;2;1;;;
16/06/2013;19:27:00;143;sem vítima;73;BR-101/RJ;Norte;Colisão Lateral;2;;;;;;;;;;2;;;;
09/12/2013;01:38:00;6;sem vítima;73;BR-101/RJ;Norte;Atropelamento de Animal;;;;;1;;;;;;36;;;;
09/12/2013;01:46:00;7;sem vítima;73;BR-101/RJ;Sul;Atropelamento de Animal;;;1;;;;;;;;1;;;;
10/01/2014;18:46:00;203;sem vítima;73,917;BR-101/RJ;Norte;Colisão Transversal;2;;;;;;;;;;2;;;;
25/01/2014;18:34:00;173;sem vítima;73,9;BR-101/RJ;Norte;Choque - Outros;1;;;;;;;;;;4;;;;
01/02/2014;10:23:00;72;com vítima;73,164;BR-101/RJ;Sul;Atropelamento - Ciclista;1;1;;;;;;;;;1;;1;;
16/03/2014;01:01:00;4;com vítima;73;BR-101/RJ;Norte;Atropelamento de Animal;1;;;;;;;;;;0;1;;;
18/03/2014;11:28:00;80;com vítima;73;BR-101/RJ;Sul;Atropelamento - Morador;;;;;1;;;;;;1;1;;;
12/04/2014;15:00:00;114;sem vítima;73;BR-101/RJ;Norte;Colisão Traseira;2;;;;;;;;;;5;;;;
20/04/2014;17:54:00;109;com vítima;73,335;BR-101/RJ;Norte;Colisão Lateral;1;;;1;;;;;;;0;3;;;
20/04/2014;19:02:00;122;sem vítima;73,388;BR-101/RJ;Sul;Colisão Traseira;2;;;;;;;;;;4;;;;
27/04/2014;05:22:00;19;sem vítima;73;BR-101/RJ;Sul;Choque - Arvore;1;;;;;;;;;;2;;;;
17/06/2014;02:03:00;16;com vítima;73;BR-101/RJ;Sul;Choque - Poste;2;;;;;;;;;;1;;1;;
26/06/2014;13:55:00;92;sem vítima;73;BR-101/RJ;Sul;Saida de Pista;;;1;;;;;;;;1;;;;
15/07/2014;18:14:00;128;com vítima;73,771;BR-101/RJ;Norte;Queda de Moto;;;;1;;;;;;;0;1;;;
05/08/2014;03:14:00;18;com vítima;73;BR-101/RJ;Sul;Queda de Moto;;;;1;;;;;;;1;1;;;
13/10/2014;13:33:00;110;com vítima;73,308;BR-101/RJ;Sul;Saida de Pista;1;;;;;;;;;;0;1;;;
05/11/2014;20:04:00;154;com vítima;73,9;BR-101/RJ;Norte;Colisão Transversal;1;;;1;;;;;;;3;1;;;
27/06/2015;21:21:00;169;com vítima;73;BR-101/RJ;Norte;Atropelamento - Ciclista;;1;;;;1;;;;;1;1;;;
16/07/2015;22:29:00;221;sem vítima;73,766;BR-101/RJ;Sul;Choque - Outros;1;;;;;;;;;;1;;;;
08/08/2015;22:10:00;201;com vítima;73,8;BR-101/RJ;Sul;Atropelamento de Animal;;;;1;;;;;;;0;;1;1;
29/08/2015;19:14:00;162;sem vítima;73,9;BR-101/RJ;Norte;Colisão Transversal;2;;;;;;;;;;3;;;;
10/10/2015;05:48:00;30;com vítima;73,45;BR-101/RJ;Norte;Colisão Frontal;1;;;;1;;;;;;1;;2;;2
04/11/2015;18:13:00;192;com vítima;73,5;BR-101/RJ;Sul;Colisão Transversal;;1;;1;;;;;;;0;2;;;
29/11/2015;10:23:00;73;com vítima;73,688;BR-101/RJ;Norte;Queda de Moto;;;;1;;;;;;;0;;1;;
09/01/2010;18:08:00;189;sem vítima;74;BR-101/RJ;Norte;Choque - Outros;1;;;;;;;;;;1;;;;
25/01/2010;03:21:00;16;sem vítima;74;BR-101/RJ;Norte;Colisão Traseira;2;;;;;;;;;;3;;;;
06/02/2010;08:40:00;65;sem vítima;74;BR-101/RJ;Norte;Colisão Traseira;1;;;1;;;;;;;2;;;;
14/02/2010;07:08:00;62;sem vítima;74;BR-101/RJ;Norte;Colisão Lateral;2;;;;;;;;;;3;;;;
03/05/2010;08:34:00;46;sem vítima;74;BR-101/RJ;Norte;Colisão Traseira;2;;;;;;;;;;3;;;;
04/06/2010;15:44:00;117;sem vítima;74;BR-101/RJ;Norte;Colisão Lateral;2;;;;;;;;;;2;;;;
05/08/2010;13:10:00;88;sem vítima;74;BR-101/RJ;Sul;Colisão Frontal;;;;;;2;;;;;2;;;;
19/08/2010;07:46:00;36;sem vítima;74;BR-101/RJ;Norte;Engavetamento;1;;;;1;;;;;;3;;;;
17/12/2010;15:02:00;126;sem vítima;74;BR-101/RJ;Norte;Colisão Traseira;2;;;;;;;;;;2;;;;
12/01/2011;10:46:00;59;sem vítima;74;BR-101/RJ;Sul;Colisão Traseira;2;;;;;;;;;;3;;;;
31/01/2011;00:44:00;5;com vítima;74;BR-101/RJ;Norte;Colisão Frontal;1;;;1;;;;;;;4;;;2;
06/02/2011;22:38:00;215;com vítima;74;BR-101/RJ;Sul;Atropelamento - Morador;1;;;;;;;;;;1;1;1;;
14/02/2011;00:48:00;4;com vítima;74;BR-101/RJ;Sul;Atropelamento - Andarilho;;;;;;1;;;;;1;;1;;
16/02/2011;18:35:00;178;sem vítima;74;BR-101/RJ;Sul;Colisão Frontal;2;;;;;;;;;;3;;;;
15/05/2011;21:33:00;189;com vítima;74;BR-101/RJ;Sul;Engavetamento;1;;2;;;;;;;;4;;1;;
02/06/2011;23:03:00;169;com vítima;74;BR-101/RJ;Sul;Colisão Lateral;1;;;1;;;;;;;1;;2;;
23/06/2011;10:27:00;69;com vítima;74;BR-101/RJ;Sul;Atropelamento - Ciclista;1;1;;;;;;;;;1;;1;;
22/08/2011;18:42:00;141;com vítima;74;BR-101/RJ;Sul;Atropelamento - Morador;1;;;;;;;;;;1;;1;;
23/08/2011;14:39:00;112;sem vítima;74;BR-101/RJ;Sul;Colisão Traseira;;;;;;1;;;;1;2;;;;
29/09/2011;01:10:00;5;sem vítima;74,5;BR-101/RJ;Sul;Colisão Lateral;;;2;;;;;;;;2;;;;
08/10/2011;20:16:00;190;sem vítima;74;BR-101/RJ;Sul;Colisão Traseira;;;2;;;;;;;;2;;;;
21/11/2011;20:38:00;174;com vítima;74;BR-101/RJ;Sul;Atropelamento - Morador;;;;;1;;;;;;1;1;;;
22/12/2011;08:24:00;54;sem vítima;74;BR-101/RJ;Norte;Colisão Traseira;2;;;;;;;;;;3;;;;
03/01/2012;05:05:00;25;sem vítima;74;BR-101/RJ;Norte;Colisão Traseira;1;;;;;1;;;;;6;;;;
24/01/2012;02:06:00;8;sem vítima;74;BR-101/RJ;Sul;Colisão Traseira;;;1;;1;;;;;;3;;;;
07/02/2012;19:47:00;160;sem vítima;74;BR-101/RJ;Norte;Colisão Lateral;2;;;;;;;;;;2;;;;
12/02/2012;14:07:00;90;com vítima;74;BR-101/RJ;Sul;Atropelamento - Morador;1;;;;;;;;;;3;1;;;
07/03/2012;04:58:00;16;sem vítima;74;BR-101/RJ;Sul;Colisão Traseira;;;2;;;;;;;;2;;;;
01/05/2012;14:26:00;85;sem vítima;74;BR-101/RJ;Norte;Colisão Traseira;1;;;1;;;;;;;4;;;;
30/06/2012;22:46:00;194;com vítima;74;BR-101/RJ;Norte;Colisão Transversal;1;;;1;;;;;;;4;1;;;
04/08/2012;18:44:00;173;sem vítima;74,579;BR-101/RJ;Norte;Colisão Lateral;2;;;;;;;;;;2;;;;
10/08/2012;07:47:00;38;com vítima;74,51;BR-101/RJ;Norte;Colisão Transversal;1;;;1;;;;;;;1;1;;;
18/08/2012;09:28:00;50;sem vítima;74;BR-101/RJ;Norte;Colisão Traseira;3;;;;;;;;;;7;;;;
30/08/2012;08:50:00;43;sem vítima;74;BR-101/RJ;Norte;Colisão Lateral;1;;1;;;;;;;;2;;;;
01/12/2012;22:36:00;184;com vítima;74;BR-101/RJ;Norte;Colisão Frontal;;;1;1;;;;;;;2;;1;;
01/01/2013;05:26:00;36;sem vítima;74;BR-101/RJ;Norte;Colisão Traseira;2;;;;;;;;;;6;;;;
26/01/2013;01:53:00;12;com vítima;74;BR-101/RJ;Norte;Atropelamento - Morador;1;;;;;;;;;;1;1;;;
19/02/2013;19:51:00;190;sem vítima;74;BR-101/RJ;Norte;Colisão Lateral;1;;;1;;;;;;;4;;;;
09/03/2013;21:29:00;205;com vítima;74,643;BR-101/RJ;Sul;Atropelamento - Morador;;;;1;;;;;;;1;;;1;
21/04/2013;12:17:00;61;sem vítima;74;BR-101/RJ;Norte;Colisão Traseira;2;;;;;;;;;;4;;;;
22/05/2013;11:12:00;73;sem vítima;74;BR-101/RJ;Norte;Colisão Traseira;1;;1;;;;;;;;2;;;;
30/05/2013;03:36:00;19;com vítima;74,1;BR-101/RJ;Sul;Colisão Traseira;;;;;2;;;;;;79;2;;;
24/07/2013;17:10:00;123;com vítima;74;BR-101/RJ;Sul;Atropelamento - Ciclista;;1;;;;1;;;;;1;;1;;
28/08/2013;18:37:00;152;com vítima;74;BR-101/RJ;Norte;Colisão Lateral;1;;;1;;;;;;;1;;1;;
18/09/2013;15:48:00;137;sem vítima;74;BR-101/RJ;Sul;Engavetamento;1;;2;;;;;;;;7;;;;
20/09/2013;19:40:00;171;com vítima;74;BR-101/RJ;Sul;Choque - Outros;;;;;1;;;;;;1;1;;;
26/10/2013;08:36:00;48;com vítima;74,679;BR-101/RJ;Norte;Capotamento;1;;1;;;;;;;;1;;1;;
26/11/2013;08:18:00;52;com vítima;74;BR-101/RJ;Sul;Colisão Lateral;1;;1;;;;;;;;2;1;;;
05/01/2014;18:02:00;143;com vítima;74,75;BR-101/RJ;Norte;Colisão Traseira;2;;;;;;;;;;8;2;;;
14/01/2014;20:42:00;180;com vítima;74;BR-101/RJ;Norte;Atropelamento - Morador;;;;;;1;;;;;1;;1;;
19/01/2014;02:38:00;12;sem vítima;74;BR-101/RJ;Sul;Saida de Pista;1;;;;;;;;;;1;;;;
06/02/2014;14:03:00;120;sem vítima;74,5;BR-101/RJ;Norte;Colisão Lateral;2;;;;;;;;;;5;;;;
20/03/2014;12:08:00;101;com vítima;74;BR-101/RJ;Norte;Atropelamento - Ciclista;;1;;;;1;;;;;1;1;;;
05/04/2014;23:48:00;188;com vítima;74,645;BR-101/RJ;Sul;Colisão Transversal;;;;;;2;;;;;1;;1;;
05/05/2014;09:49:00;65;sem vítima;74,23;BR-101/RJ;Sul;Engavetamento;3;;;;;;;;;;10;;;;
26/07/2014;23:34:00;139;sem vítima;74;BR-101/RJ;Norte;Colisão Transversal;1;;;;;1;;;;;3;;;;
27/07/2014;18:36:00;125;com vítima;74,2;BR-101/RJ;Sul;Atropelamento - Morador;;;;1;;;;;;;0;1;;1;
02/08/2014;12:42:00;68;sem vítima;74;BR-101/RJ;Norte;Colisão Lateral;2;;;;;;;;;;2;;;;
13/10/2014;12:16:00;95;com vítima;74,74;BR-101/RJ;Norte;Saida de Pista;1;;;;;;;;;;0;;1;;
18/10/2014;20:42:00;175;com vítima;74;BR-101/RJ;Sul;Atropelamento - Morador;1;;;;;;;;;;4;;;1;
15/11/2014;06:58:00;24;com vítima;74;BR-101/RJ;Norte;Colisão Transversal;1;;1;;;;;;;;1;1;;;
24/12/2014;10:36:00;72;com vítima;74;BR-101/RJ;Norte;Colisão Lateral;1;;;1;;;;;;;1;1;1;;
01/02/2015;16:50:00;86;com vítima;74;BR-101/RJ;Norte;Colisão Traseira;2;;;;;;;;;;8;2;0;0;0
15/02/2015;22:18:00;191;sem vítima;74;BR-101/RJ;Sul;Colisão Transversal;1;;1;;;;;;;;2;0;0;0;0
23/02/2015;13:43:00;94;com vítima;74;BR-101/RJ;Norte;Atropelamento - Morador;1;;;;;;;;;;4;;1;;
14/04/2015;00:30:00;4;com vítima;74;BR-101/RJ;Norte;Saida de Pista;1;;;;;;;;;;0;1;;;
10/05/2015;11:15:00;66;com vítima;74,755;BR-101/RJ;Norte;Atropelamento - Morador;;;;1;;;;;;;0;3;;;
12/05/2015;07:59:00;38;com vítima;74;BR-101/RJ;Norte;Choque - Defensa, barreira ou "submarino";;;;1;;;;;;;1;1;1;;
31/05/2015;18:57:00;153;sem vítima;74;BR-101/RJ;Sul;Colisão Traseira;2;;;;;;;;;;4;;;;
02/07/2015;10:14:00;93;com vítima;74;BR-101/RJ;Sul;Queda de Moto;;;;1;;;;;;;0;;1;;
03/07/2015;18:45:00;203;com vítima;74;BR-101/RJ;Norte;Colisão Frontal;;;;1;;1;;;;;1;;1;;
06/07/2015;12:50:00;107;com vítima;74;BR-101/RJ;Norte;Colisão Lateral;;;;1;1;;;;;;1;1;;;
11/07/2015;17:42:00;165;com vítima;74,5;BR-101/RJ;Norte;Colisão Traseira;1;;;1;;;;;;;1;1;;;
14/07/2015;17:54:00;174;com vítima;74;BR-101/RJ;Norte;Colisão Transversal;1;;;1;;;;;;;1;;1;;
21/09/2015;19:11:00;178;sem vítima;74,5;BR-101/RJ;Sul;Colisão Lateral;2;;;;;;;;;;3;;;;
12/10/2015;14:12:00;92;com vítima;74,743;BR-101/RJ;Norte;Colisão Transversal;1;;;1;;;;;;;1;;1;;
02/11/2015;15:03:00;90;sem vítima;74;BR-101/RJ;Norte;Engavetamento;3;;;;;;;;;;5;;;;
04/11/2015;02:41:00;13;sem vítima;74;BR-101/RJ;Norte;Colisão Traseira;;;1;;1;;;;;;2;;;;
05/11/2015;03:36:00;13;com vítima;74;BR-101/RJ;Sul;Colisão Transversal;;;;1;;;;;;1;1;;1;;
30/12/2015;08:35:00;65;com vítima;74;BR-101/RJ;Norte;Colisão Transversal;1;;;1;;;;;;;1;1;;;
15/01/2010;06:34:00;21;sem vítima;75;BR-101/RJ;Norte;Colisão Lateral;1;;1;;;;;;;;2;;;;
12/02/2010;08:37:00;75;com vítima;75;BR-101/RJ;Norte;Queda de Moto;;;;1;;;;;;;0;;1;;
21/03/2010;17:25:00;111;sem vítima;75;BR-101/RJ;Norte;Colisão Lateral;1;;1;;;;;;;;3;;;;
19/04/2010;13:44:00;101;com vítima;75;BR-101/RJ;Norte;Atropelamento - Ciclista;1;1;;;;;;;;;1;;;1;