data;horario;n_da_ocorrencia;tipo_de_ocorrencia;km;trecho;sentido;tipo_de_acidente;automovel;bicicleta;caminhao;moto;onibus;outros;tracao_animal;transporte_de_cargas_especiais;trator_maquinas;utilitarios;ilesos;levemente_feridos;moderadamente_feridos;gravemente_feridos;mortos
25/04/2010;03:05:00;8;com vítima;75;BR-101/RJ;Norte;Atropelamento - Morador;;;;;;1;;;;;1;;;1;
02/07/2010;07:48:00;43;sem vítima;75;BR-101/RJ;Norte;Colisão Lateral;1;;;;;;;;;;1;;;;
02/07/2010;11:04:00;76;com vítima;75;BR-101/RJ;Sul;Tombamento;;;;;1;;;;;;0;4;;;
02/09/2010;10:07:00;70;sem vítima;75;BR-101/RJ;Norte;Colisão Traseira;2;;;;;;;;;;2;;;;
31/10/2010;06:26:00;31;com vítima;75;BR-101/RJ;Norte;Queda de Moto;;;;1;;;;;;;0;1;;;
26/12/2010;21:19:00;190;com vítima;75;BR-101/RJ;Norte;Atropelamento - Morador;;;;1;;;;;;;0;;1;1;
20/02/2011;08:33:00;51;sem vítima;75;BR-101/RJ;Norte;Colisão Lateral;;;;;1;;;;;1;4;;;;
28/02/2011;21:43:00;220;sem vítima;75;BR-101/RJ;Norte;Saida de Pista;1;;;;;;;;;;1;;;;
15/11/2011;16:25:00;114;sem vítima;75,0999984741211;BR-101/RJ;Norte;Saida de Pista;1;;;;;;;;;;4;;;;
01/12/2011;23:47:00;185;sem vítima;75;BR-101/RJ;Norte;Saida de Pista;1;;;;;;;;;;1;;;;
21/12/2011;09:26:00;67;sem vítima;75;BR-101/RJ;Sul;Colisão Lateral;;;1;;1;;;;;;3;;;;
27/12/2011;01:09:00;5;com vítima;75;BR-101/RJ;Norte;Capotamento;1;;;;;;;;;;0;1;2;;
28/12/2011;17:10:00;163;com vítima;75;BR-101/RJ;Norte;Queda de Moto;;;;1;;;;;;;0;1;1;;
16/01/2012;11:51:00;94;com vítima;75;BR-101/RJ;Norte;Atropelamento - Morador;;;;;;1;;;;;1;;;1;
10/02/2012;14:15:00;123;sem vítima;75;BR-101/RJ;Sul;Saida de Pista;1;;;;;;;;;;1;;;;
04/03/2012;22:49:00;175;sem vítima;75;BR-101/RJ;Sul;Colisão Traseira;1;;;;;1;;;;;3;;;;
07/04/2012;07:05:00;27;sem vítima;75;BR-101/RJ;Norte;Colisão Traseira;1;;1;;;;;;;;2;;;;
13/04/2012;21:56:00;214;sem vítima;75;BR-101/RJ;Norte;Saida de Pista;1;;;;;;;;;;2;;;;
20/04/2012;10:24:00;64;sem vítima;75;BR-101/RJ;Sul;Colisão Traseira;2;;;;;;;;;;2;;;;
22/05/2012;17:04:00;132;sem vítima;75;BR-101/RJ;Sul;Colisão Lateral;1;;1;;;;;;;;2;;;;
04/06/2012;08:26:00;44;sem vítima;75;BR-101/RJ;Norte;Saida de Pista;1;;;;;;;;;;1;;;;
13/08/2012;03:51:00;18;sem vítima;75;BR-101/RJ;Sul;Tombamento;;;;;;;;;;1;1;;;;
30/09/2012;17:07:00;121;com vítima;75;BR-101/RJ;Norte;Capotamento;1;;;;;;;;;;2;1;1;;
23/10/2012;12:56:00;107;sem vítima;75;BR-101/RJ;Sul;Capotamento;1;;;;;;;;;;1;;;;
28/10/2012;19:25:00;166;com vítima;75;BR-101/RJ;Norte;Colisão Lateral;1;;1;;;;;;;;1;1;;;
17/11/2012;12:40:00;64;sem vítima;75,6;BR-101/RJ;Sul;Colisão Traseira;2;;;;;;;;;;2;;;;
30/01/2013;06:45:00;31;sem vítima;75;BR-101/RJ;Norte;Capotamento;1;;;;;;;;;;1;;;;
15/02/2013;17:08:00;167;sem vítima;75;BR-101/RJ;Sul;Colisão Lateral;2;;;;;;;;;;6;;;;
23/04/2013;19:11:00;163;sem vítima;75;BR-101/RJ;Norte;Saida de Pista;1;;;;;;;;;;2;;;;
15/06/2013;22:20:00;193;sem vítima;75,25;BR-101/RJ;Sul;Capotamento;1;;;;;;;;;;1;;;;
24/07/2013;17:53:00;131;sem vítima;75;BR-101/RJ;Norte;Engavetamento;3;;;;;;;;;;3;;;;
01/08/2013;09:04:00;62;sem vítima;75;BR-101/RJ;Norte;Colisão Traseira;;;1;;;;;;;1;4;;;;
18/08/2013;11:38:00;53;sem vítima;75;BR-101/RJ;Sul;Saida de Pista;1;;;;;;;;;;2;;;;
20/08/2013;19:15:00;146;sem vítima;75;BR-101/RJ;Norte;Choque - Poste;1;;;;;;;;;;1;;;;
20/09/2013;14:45:00;121;sem vítima;75;BR-101/RJ;Sul;Colisão Traseira;1;;;1;;;;;;;3;;;;
04/10/2013;18:16:00;151;sem vítima;75;BR-101/RJ;Sul;Choque - Defensa, barreira ou "submarino";1;;;;;;;;;;4;;;;
09/10/2013;20:13:00;169;sem vítima;75;BR-101/RJ;Norte;Saida de Pista;;;1;;;;;;;;1;;;;
24/12/2013;18:56:00;169;sem vítima;75;BR-101/RJ;Norte;Choque - Poste;1;;;;;;;;;;4;;;;
22/03/2014;04:52:00;23;com vítima;75,086;BR-101/RJ;Sul;Capotamento;1;;;;;;;;;;1;2;1;;
28/03/2014;12:41:00;97;sem vítima;75;BR-101/RJ;Sul;Colisão Traseira;2;;;;;;;;;;3;;;;
28/03/2014;07:37:00;45;sem vítima;75,2;BR-101/RJ;Norte;Tombamento;;;1;;;;;;;;1;;;;
27/05/2014;07:12:00;33;sem vítima;75,397;BR-101/RJ;Sul;Saida de Pista;;;1;;;;;;;;1;;;;
17/07/2014;05:08:00;26;sem vítima;75,39;BR-101/RJ;Sul;Capotamento;;;1;;;;;;;;1;;;;
03/09/2014;06:25:00;23;sem vítima;75,309;BR-101/RJ;Sul;Saida de Pista;1;;;;;;;;;;1;;;;
22/09/2014;11:14:00;71;sem vítima;75;BR-101/RJ;Norte;Saida de Pista;1;;;;;;;;;;1;;;;
22/09/2014;11:14:00;73;sem vítima;75;BR-101/RJ;Norte;Saida de Pista;1;;;;;;;;;;2;;;;
02/10/2014;02:35:00;8;sem vítima;75;BR-101/RJ;Norte;Tombamento;;;1;;;;;;;;1;;;;
25/10/2014;06:35:00;29;sem vítima;75;BR-101/RJ;Norte;Saida de Pista;1;;;;;;;;;;1;;;;
25/11/2014;21:20:00;149;com vítima;75;BR-101/RJ;Sul;Queda de Moto;;;;1;;;;;;;0;;2;;
14/12/2014;18:58:00;141;sem vítima;75;BR-101/RJ;Norte;Saida de Pista;1;;;;;;;;;;1;;;;
20/01/2015;10:30:00;71;sem vítima;75;BR-101/RJ;Norte;Saida de Pista;;;;;;;;;;1;1;;;;
18/02/2015;14:28:00;112;sem vítima;75;BR-101/RJ;Sul;Colisão Traseira;1;;;;;;;;;1;9;0;0;0;0
23/03/2015;08:14:00;59;com vítima;75,165;BR-101/RJ;Sul;Saida de Pista;1;;;;1;;;;;;1;1;0;0;0
12/04/2015;08:08:00;41;com vítima;75,508;BR-101/RJ;Norte;Queda de Moto;;;;1;;;;;;;0;1;;;
08/05/2015;13:29:00;117;sem vítima;75;BR-101/RJ;Norte;Colisão Traseira;2;;;;;;;;;;4;;;;
06/06/2015;20:36:00;163;sem vítima;75;BR-101/RJ;Norte;Saida de Pista;1;;;;;;;;;;2;;;;
03/07/2015;16:32:00;165;sem vítima;75,3;BR-101/RJ;Norte;Tombamento;;;1;;;;;;;;1;;;;
02/09/2015;05:29:00;18;sem vítima;75,461;BR-101/RJ;Sul;Choque - Suporte de Sinalização;1;;;;;;;;;;1;;;;
05/09/2015;09:58:00;75;com vítima;75;BR-101/RJ;Norte;Queda de Moto;;;;1;;;;;;;0;;1;;
13/09/2015;22:07:00;167;sem vítima;75;BR-101/RJ;Norte;Saida de Pista;1;;;;;;;;;;1;;;;
19/09/2015;05:55:00;29;sem vítima;75;BR-101/RJ;Norte;Saida de Pista;1;;;;;;;;;;1;;;;
05/10/2015;04:36:00;15;com vítima;75,412;BR-101/RJ;Sul;Choque - Outros;1;;;;;;;;;;0;1;;;
29/10/2015;22:41:00;207;sem vítima;75;BR-101/RJ;Norte;Choque - Outros;1;;;;;;;;;;1;;;;
30/10/2015;09:18:00;50;sem vítima;75,171;BR-101/RJ;Sul;Capotamento;1;;;;;;;;;;3;;;;
14/11/2015;06:28:00;33;sem vítima;75,398;BR-101/RJ;Norte;Colisão Lateral;1;;1;;;;;;;;2;;;;
29/11/2015;19:35:00;176;sem vítima;75;BR-101/RJ;Sul;Saida de Pista;1;;;;;;;;;;2;;;;
03/12/2015;21:22:00;231;sem vítima;75;BR-101/RJ;Sul;Choque - Outros;1;;;;;;;;;;2;;;;
16/12/2015;09:48:00;104;com vítima;75,383;BR-101/RJ;Sul;Capotamento;1;;;;;;;;;;3;1;;;
26/12/2015;01:41:00;10;com vítima;75,203;BR-101/RJ;Norte;Capotamento;1;;;;;;;;;;0;1;;;
03/01/2010;11:18:00;71;sem vítima;76;BR-101/RJ;Norte;Colisão Traseira;2;;;;;;;;;;7;;;;
10/01/2010;03:34:00;18;com vítima;76;BR-101/RJ;Norte;Queda de Moto;;;;1;;;;;;;0;1;;;
26/02/2010;07:01:00;32;sem vítima;76;BR-101/RJ;Sul;Colisão Traseira;;;2;;;;;;;;2;;;;
10/05/2010;09:51:00;76;sem vítima;76;BR-101/RJ;Norte;Colisão Lateral;1;;;1;;;;;;;2;;;;
11/05/2010;12:50:00;114;com vítima;76;BR-101/RJ;Norte;Saida de Pista;1;;;;;;;;;;0;1;;;
17/05/2010;10:39:00;62;sem vítima;76;BR-101/RJ;Norte;Saida de Pista;1;;;;1;;;;;;2;;;;
21/05/2010;19:05:00;141;com vítima;76;BR-101/RJ;Norte;Colisão Lateral;;;;2;;;;;;;0;;3;;
16/06/2010;08:04:00;43;sem vítima;76;BR-101/RJ;Sul;Colisão Traseira;2;;;;;;;;;;5;;;;
06/09/2010;18:14:00;128;sem vítima;76;BR-101/RJ;Sul;Saida de Pista;1;;;;;;;;;;2;;;;
18/10/2010;10:45:00;55;sem vítima;76;BR-101/RJ;Sul;Colisão Lateral;2;;;;;;;;;;2;;;;
29/12/2010;13:45:00;128;sem vítima;76;BR-101/RJ;Norte;Colisão Lateral;2;;;;;;;;;;9;;;;
11/01/2011;17:01:00;146;sem vítima;76;BR-101/RJ;Norte;Colisão Traseira;1;;;;;2;;;;;4;;;;
08/02/2011;10:00:00;63;com vítima;76;BR-101/RJ;Norte;Choque - Arvore;;;1;;;1;;;;;1;;;1;
05/03/2011;04:03:00;57;sem vítima;286;BR-101/RJ;Sul;Colisão Traseira;;;1;;1;;;;;;2;;;;
04/05/2011;00:52:00;4;com vítima;76;BR-101/RJ;Norte;Colisão Traseira;1;;;;;;;;;1;5;1;;;
16/10/2011;19:10:00;129;com vítima;76;BR-101/RJ;Sul;Colisão Traseira;3;;;;;1;;;;;2;2;;1;
15/11/2011;19:29:00;157;sem vítima;76,5;BR-101/RJ;Sul;Colisão Traseira;1;;;;1;;;;;;6;;;;
24/11/2011;11:27:00;76;sem vítima;76;BR-101/RJ;Sul;Colisão Traseira;;;1;;;;;;;1;2;;;;
14/12/2011;14:15:00;105;sem vítima;76;BR-101/RJ;Norte;Colisão Traseira;1;;;;;;;;;1;3;;;;
02/03/2012;17:44:00;166;sem vítima;76;BR-101/RJ;Sul;Colisão Lateral;1;;1;;;;;;;;2;;;;
25/03/2012;15:01:00;88;sem vítima;76;BR-101/RJ;Norte;Colisão Traseira;2;;;;;;;;;;2;;;;
06/05/2012;22:04:00;137;com vítima;76,8;BR-101/RJ;Sul;Colisão Traseira;;;2;;;;;;;;1;1;;;
14/05/2012;09:49:00;72;sem vítima;76;BR-101/RJ;Norte;Colisão Traseira;1;;1;;;;;;;;4;;;;
06/09/2012;08:02:00;37;sem vítima;76,6;BR-101/RJ;Sul;Colisão Traseira;2;;;;;;;;;;5;;;;
11/11/2012;20:01:00;166;com vítima;76;BR-101/RJ;Norte;Atropelamento - Andarilho;;;;;;1;;;;;1;;;1;
31/03/2013;15:47:00;113;sem vítima;76;BR-101/RJ;Norte;Engavetamento;2;;;;;1;;;;;6;;;;
31/03/2013;16:17:00;119;sem vítima;76;BR-101/RJ;Norte;Atropelamento de Animal;1;;;;;;;;;;5;;;;
02/06/2013;10:00:00;61;sem vítima;76;BR-101/RJ;Sul;Colisão Traseira;2;;;;;;;;;;3;;;;
02/06/2013;18:04:00;143;sem vítima;76;BR-101/RJ;Norte;Colisão Traseira;1;;;;;;;;;;4;;;;
13/07/2013;21:05:00;199;com vítima;76;BR-101/RJ;Sul;Colisão Traseira;1;;;;;1;;;;;1;1;1;;
21/07/2013;19:48:00;187;sem vítima;76;BR-101/RJ;Norte;Colisão Traseira;2;;;;;;;;;;2;;;;
20/08/2013;14:15:00;99;sem vítima;76;BR-101/RJ;Norte;Colisão Traseira;2;;;;;;;;;;3;;;;
20/08/2013;18:35:00;143;sem vítima;76,8;BR-101/RJ;Sul;Colisão Traseira;;;2;;;;;;;;3;;;;
17/10/2013;20:10:00;167;sem vítima;76,5;BR-101/RJ;Sul;Saida de Pista;1;;;;;;;;;;3;;;;
02/01/2014;06:54:00;35;sem vítima;76;BR-101/RJ;Norte;Colisão Traseira;2;;;;;;;;;;4;;;;
18/04/2014;08:06:00;69;sem vítima;76;BR-101/RJ;Sul;Colisão Traseira;2;;;;;;;;;;9;;;;
25/06/2014;18:23:00;136;sem vítima;76;BR-101/RJ;Sul;Colisão Traseira;1;;;;;;;;;1;2;;;;
20/08/2014;22:19:00;189;com vítima;76,644;BR-101/RJ;Sul;Colisão Traseira;;;2;;;;;;;;2;;1;;
23/08/2014;17:45:00;149;com vítima;76;BR-101/RJ;Sul;Saida de Pista;;;1;;;;;;;;0;1;;;
26/08/2014;10:43:00;68;sem vítima;76;BR-101/RJ;Norte;Colisão Traseira;2;;;;;;;;;;2;;;;
20/09/2014;16:25:00;126;com vítima;76;BR-101/RJ;Norte;Atropelamento - Ciclista;;1;;;;1;;;;;1;;1;;
03/10/2014;23:33:00;181;sem vítima;76;BR-101/RJ;Norte;Colisão Traseira;;;1;;1;;;;;;2;;;;
05/04/2015;17:14:00;134;sem vítima;76;BR-101/RJ;Norte;Saida de Pista;1;;;;;;;;;;2;;;;
17/05/2015;18:46:00;113;com vítima;76,63;BR-101/RJ;Norte;Queda de Moto;;;;1;;;;;;;0;1;;;
01/07/2015;12:46:00;130;sem vítima;76;BR-101/RJ;Sul;Colisão Traseira;2;;;;;;;;;;2;;;;
18/07/2015;03:49:00;13;sem vítima;76,5;BR-101/RJ;Norte;Colisão Traseira;1;;1;;;;;;;;2;;;;
23/08/2015;17:13:00;136;sem vítima;76,9;BR-101/RJ;Norte;Engavetamento;2;;;;;1;;;;;6;;;;
27/11/2015;16:08:00;174;com vítima;76;BR-101/RJ;Norte;Colisão Traseira;2;;;;;;;;;;2;1;;;
08/12/2015;21:05:00;238;com vítima;76;BR-101/RJ;Sul;Engavetamento;3;;;;;;;;;;4;1;;;
12/01/2010;21:57:00;213;sem vítima;77;BR-101/RJ;Sul;Colisão Traseira;;;1;;;1;;;;;2;;;;
16/01/2010;19:56:00;187;sem vítima;77;BR-101/RJ;Sul;Colisão Traseira;1;;;;;1;;;;;3;;;;
05/06/2010;12:31:00;89;sem vítima;77;BR-101/RJ;Sul;Colisão Traseira;2;;;;;;;;;;2;;;;
23/09/2010;20:15:00;160;sem vítima;77;BR-101/RJ;Norte;Colisão Traseira;1;;1;;;;;;;;4;;;;
18/10/2010;16:07:00;100;com vítima;77;BR-101/RJ;Sul;Saida de Pista;;;1;;;1;;;;;5;2;;;
18/10/2010;18:11:00;121;com vítima;77;BR-101/RJ;Norte;Colisão Traseira;1;;;;1;;;;;;12;1;;;
13/12/2010;23:48:00;247;sem vítima;77;BR-101/RJ;Sul;Atropelamento de Animal;1;;;;;;;;;;5;;;;
11/09/2011;13:00:00;86;sem vítima;77;BR-101/RJ;Norte;Engavetamento;4;;;;;;;;;;16;;;;
11/10/2011;11:53:00;84;sem vítima;77;BR-101/RJ;Norte;Colisão Traseira;2;;;;;;;;;;8;;;;
29/10/2011;10:18:00;54;sem vítima;77;BR-101/RJ;Norte;Colisão Traseira;2;;;;;;;;;;6;;;;
17/11/2011;00:27:00;2;sem vítima;77;BR-101/RJ;Sul;Colisão Traseira;;;1;;;1;;;;;3;;;;
21/01/2012;17:07:00;120;sem vítima;77;BR-101/RJ;Norte;Colisão Traseira;2;;;;;;;;;;6;;;;
10/02/2012;05:52:00;26;sem vítima;77;BR-101/RJ;Sul;Colisão Traseira;1;;1;;;;;;;;2;;;;
19/02/2012;07:46:00;259;sem vítima;77,8;BR-101/RJ;Norte;Colisão Lateral;1;;;;1;;;;;;2;;;;
02/04/2012;06:19:00;22;sem vítima;77,1;BR-101/RJ;Sul;Saida de Pista;1;;;;;;;;;;1;;;;
05/04/2012;17:48:00;167;com vítima;77;BR-101/RJ;Norte;Atropelamento - Morador;1;;;;;;;;;;1;;1;;
06/04/2012;09:41:00;81;sem vítima;77;BR-101/RJ;Norte;Colisão Traseira;2;;;;;;;;;;8;;;;
09/04/2012;21:12:00;185;sem vítima;77;BR-101/RJ;Sul;Colisão Traseira;1;;1;;;;;;;;3;;;;
30/05/2012;11:28:00;75;sem vítima;77;BR-101/RJ;Sul;Engavetamento;2;;1;;;;;;;;5;;;;
01/07/2012;07:38:00;35;sem vítima;77;BR-101/RJ;Sul;Colisão Traseira;;;2;;;;;;;;2;;;;
29/09/2012;12:57:00;103;sem vítima;77;BR-101/RJ;Sul;Queda de Moto;;;;1;;;;;;;1;;;;
16/12/2012;19:09:00;166;sem vítima;77;BR-101/RJ;Norte;Colisão Traseira;3;;;;;;;;;;3;;;;
09/01/2013;11:50:00;111;com vítima;77;BR-101/RJ;Norte;Colisão Traseira;;;;1;;1;;;;;1;;1;;
25/01/2013;18:58:00;185;sem vítima;77;BR-101/RJ;Norte;Colisão Traseira;3;;;;;;;;;;4;;;;
26/01/2013;02:39:00;19;sem vítima;77;BR-101/RJ;Sul;Colisão Traseira;;;1;;1;;;;;;2;;;;
17/03/2013;21:11:00;178;sem vítima;77;BR-101/RJ;Sul;Colisão Traseira;2;;;;;;;;;;6;;;;
28/03/2013;20:04:00;218;com vítima;77;BR-101/RJ;Norte;Colisão Traseira;2;;;1;;;;;;;4;2;;;
19/04/2013;18:21:00;173;sem vítima;77;BR-101/RJ;Norte;Colisão Traseira;1;;;;;;;;;1;2;;;;
31/05/2013;23:44:00;153;sem vítima;77,6;BR-101/RJ;Norte;Atropelamento de Animal;1;;;;;;;;;;2;;;;
10/06/2013;08:19:00;55;sem vítima;77;BR-101/RJ;Sul;Colisão Traseira;1;;1;;;;;;;;5;;;;
02/09/2013;17:53:00;142;sem vítima;77;BR-101/RJ;Sul;Colisão Lateral;;;2;;;;;;;;4;;;;
06/09/2013;06:39:00;28;sem vítima;77,584;BR-101/RJ;Norte;Colisão Lateral;1;;1;;;;;;;;2;;;;
12/10/2013;04:32:00;27;sem vítima;77;BR-101/RJ;Norte;Colisão Traseira;2;;;;;;;;;;2;;;;
18/10/2013;09:50:00;54;com vítima;77;BR-101/RJ;Norte;Colisão Lateral;1;;1;;;;;;;;3;1;1;;
20/10/2013;09:25:00;41;sem vítima;77;BR-101/RJ;Norte;Colisão Traseira;2;;;;;;;;;;7;;;;
31/10/2013;09:47:00;46;sem vítima;77;BR-101/RJ;Norte;Saida de Pista;1;;;;;;;;;;3;;;;
10/11/2013;16:22:00;127;sem vítima;77;BR-101/RJ;Norte;Colisão Traseira;2;;;;;;;;;;5;;;;
08/02/2014;03:35:00;21;com vítima;77,865;BR-101/RJ;Norte;Colisão Frontal;1;;;1;;;;;;;1;;1;;
28/05/2014;01:11:00;5;sem vítima;77,254;BR-101/RJ;Norte;Atropelamento de Animal;;;1;;;;;;;;1;;;;
14/09/2014;16:31:00;112;sem vítima;77;BR-101/RJ;Sul;Colisão Traseira;2;;;;;;;;;;2;;;;
25/09/2014;13:09:00;97;sem vítima;77;BR-101/RJ;Sul;Engavetamento;2;;1;;;;;;;;3;;;;
10/05/2015;19:12:00;153;com vítima;77;BR-101/RJ;Sul;Engavetamento;3;;;;;;;;;;4;1;;;
15/06/2015;18:15:00;168;com vítima;77;BR-101/RJ;Sul;Queda de Moto;;;;1;;;;;;;0;1;;;
05/07/2015;18:37:00;134;sem vítima;77;BR-101/RJ;Sul;Colisão Traseira;2;;;;;;;;;;3;;;;
05/09/2015;10:52:00;84;sem vítima;77;BR-101/RJ;Norte;Engavetamento;3;;;;;;;;;;4;;;;
11/09/2015;17:33:00;177;com vítima;77;BR-101/RJ;Sul;Queda de Moto;;;;1;;;;;;;0;2;;;
13/09/2015;04:21:00;22;sem vítima;77;BR-101/RJ;Norte;Colisão Traseira;1;;;;;1;;;;;5;;;;
25/05/2010;15:34:00;107;com vítima;78;BR-101/RJ;Sul;Atropelamento - Morador;;;;;1;;;;;;1;;1;;
07/01/2011;20:40:00;203;sem vítima;78;BR-101/RJ;Sul;Engavetamento;3;;;;;;;;;;12;;;;
12/01/2011;21:41:00;168;sem vítima;78;BR-101/RJ;Norte;Colisão Traseira;1;;1;;;;;;;;2;;;;
05/03/2011;05:46:00;76;sem vítima;305;BR-101/RJ;Norte;Colisão Traseira;2;;;;;;;;;;2;;;;
06/05/2011;17:38:00;155;sem vítima;78;BR-101/RJ;Norte;Colisão Traseira;1;;1;;;;;;;;2;;;;
23/12/2011;14:23:00;136;sem vítima;78;BR-101/RJ;Norte;Colisão Traseira;3;;;;;;;;;;6;;;;
02/01/2012;17:58:00;181;sem vítima;78;BR-101/RJ;Norte;Colisão Traseira;1;;;;1;;;;;;4;;;;
29/03/2012;18:30:00;138;com vítima;78;BR-101/RJ;Norte;Atropelamento - Ciclista;;1;;;;1;;;;;1;1;;;
19/07/2012;21:04:00;187;sem vítima;78,85;BR-101/RJ;Sul;Colisão Traseira;1;;1;;;1;;;;;5;;;;
02/09/2012;14:20:00;79;com vítima;78;BR-101/RJ;Sul;Colisão Traseira;2;;;;;;;;;;2;1;;;
20/11/2012;16:53:00;134;sem vítima;78,8;BR-101/RJ;Sul;Colisão Traseira;;;1;;;1;;;;;2;;;;
01/03/2013;17:11:00;135;sem vítima;78,6;BR-101/RJ;Norte;Colisão Traseira;;;2;;;;;;;;2;;;;
07/03/2013;16:50:00;167;sem vítima;78;BR-101/RJ;Norte;Colisão Traseira;2;;;;;;;;;;3;;;;
24/03/2013;18:18:00;138;com vítima;78,3;BR-101/RJ;Norte;Colisão Traseira;1;;;;1;;;;;;2;;3;;
20/04/2013;08:07:00;52;sem vítima;78;BR-101/RJ;Norte;Colisão Traseira;2;;;;;;;;;;6;;;;
09/06/2013;15:48:00;91;sem vítima;78;BR-101/RJ;Sul;Colisão Lateral;2;;;;;;;;;;6;;;;
07/11/2013;12:21:00;85;com vítima;78;BR-101/RJ;Norte;Queda de Moto;1;;;;;;;;;;0;1;;;
01/12/2013;09:03:00;52;sem vítima;78;BR-101/RJ;Sul;Colisão Traseira;2;;;;;;;;;;4;;;;
28/12/2013;07:37:00;57;com vítima;78;BR-101/RJ;Norte;Queda de Moto;;;;1;;;;;;;0;1;;;
14/02/2014;10:33:00;93;sem vítima;78;BR-101/RJ;Sul;Colisão Traseira;2;;;;;;;;;;6;;;;
21/04/2014;12:35:00;79;sem vítima;78;BR-101/RJ;Sul;Colisão Traseira;2;;;;;;;;;;5;;;;
28/04/2014;15:58:00;101;sem vítima;78;BR-101/RJ;Norte;Colisão Traseira;1;;1;;;;;;;;5;;;;
29/04/2014;17:14:00;130;sem vítima;78;BR-101/RJ;Norte;Engavetamento;1;;3;;;1;;;;;6;;;;
22/06/2014;14:42:00;85;sem vítima;78;BR-101/RJ;Sul;Engavetamento;3;;;;;;;;;;3;;;;
22/06/2014;15:03:00;89;sem vítima;78;BR-101/RJ;Norte;Engavetamento;3;;;;;;;;;;7;;;;
17/08/2014;03:55:00;19;com vítima;78,441;BR-101/RJ;Norte;Colisão Frontal;1;;;;1;;;;;;28;;;;1
25/08/2014;06:39:00;38;sem vítima;78;BR-101/RJ;Norte;Colisão Traseira;1;;;;;1;;;;;2;;;;
04/01/2015;16:57:00;137;sem vítima;78;BR-101/RJ;Norte;Engavetamento;3;;;;;;;;;;9;;;;
05/09/2015;11:06:00;89;sem vítima;78;BR-101/RJ;Norte;Engavetamento;4;;;;;;;;;;10;;;;
03/07/2010;08:40:00;33;com vítima;79;BR-101/RJ;Norte;Colisão Traseira;;;1;1;;;;;;;1;;;;1
03/11/2010;14:29:00;111;com vítima;79;BR-101/RJ;Norte;Colisão Lateral;1;;;1;;;;;;;2;1;;;
10/01/2011;22:58:00;233;com vítima;79;BR-101/RJ;Sul;Atropelamento - Andarilho;1;;;;;;;;;;1;;;1;
28/01/2011;11:18:00;113;com vítima;79;BR-101/RJ;Norte;Colisão Lateral;1;;;1;;;;;;;2;;1;;
15/05/2011;05:13:00;31;com vítima;79;BR-101/RJ;Sul;Atropelamento - Andarilho;;;;;;1;;;;;1;;1;;
12/08/2011;19:47:00;172;com vítima;79;BR-101/RJ;Sul;Atropelamento - Andarilho;1;;;;;1;;;;;2;;1;;
25/08/2011;03:27:00;21;com vítima;79,80000305175781;BR-101/RJ;Norte;Colisão Lateral;1;;1;;;;;;;;0;1;1;;
14/09/2011;19:40:00;140;com vítima;79;BR-101/RJ;Sul;Colisão Lateral;1;;;;;;;;;1;8;3;;;
05/12/2011;19:36:00;169;sem vítima;79;BR-101/RJ;Norte;Colisão Traseira;1;;1;;;;;;;;6;;;;
09/12/2011;19:05:00;161;sem vítima;79,5;BR-101/RJ;Norte;Engavetamento;2;;1;;;;;;;;5;;;;
18/07/2012;18:52:00;153;sem vítima;79;BR-101/RJ;Norte;Capotamento;1;;;;;;;;;;2;;;;
07/12/2012;19:09:00;237;com vítima;79;BR-101/RJ;Sul;Atropelamento - Andarilho;;;;1;;1;;;;;2;;1;;
21/12/2012;19:33:00;231;sem vítima;79;BR-101/RJ;Norte;Colisão Traseira;3;;;;;;;;;;8;;;;
24/08/2013;04:07:00;18;com vítima;79,22;BR-101/RJ;Norte;Colisão Frontal;2;;;;;;;;;;0;1;1;;
26/08/2013;20:49:00;154;com vítima;79;BR-101/RJ;Norte;Queda de Moto;;;;1;;;;;;;0;;1;;
30/08/2013;19:00:00;172;sem vítima;79;BR-101/RJ;Sul;Colisão Traseira;;;2;;;;;;;;2;;;;
09/11/2013;12:08:00;88;com vítima;79,892;BR-101/RJ;Norte;Queda de Moto;1;;;1;;;;;;;1;2;;;
26/11/2013;17:18:00;142;com vítima;79,052;BR-101/RJ;Sul;Colisão Lateral;1;;1;;;;;;;;0;4;;;
29/11/2013;08:05:00;68;com vítima;79;BR-101/RJ;Sul;Colisão Transversal;1;;;;1;;;;;;40;2;1;;
18/12/2013;16:52:00;145;com vítima;79,855;BR-101/RJ;Sul;Colisão Frontal;2;;;;;;;;;;0;3;1;;
03/01/2014;22:11:00;253;com vítima;79,777;BR-101/RJ;Norte;Colisão Lateral;1;;;1;;;;;;;2;1;;;
12/02/2014;11:00:00;89;sem vítima;79;BR-101/RJ;Sul;Colisão Traseira;2;;;;;;;;;;4;;;;
03/03/2014;21:10:00;161;com vítima;79;BR-101/RJ;Norte;Atropelamento - Morador;;;;;;1;;;;;1;;1;;
04/04/2014;19:44:00;167;com vítima;79,621;BR-101/RJ;Norte;Colisão Traseira;;;;1;;1;;;;;1;1;;;
28/05/2014;14:24:00;95;com vítima;79,497;BR-101/RJ;Norte;Colisão Frontal;2;;;;;;;;;;0;1;1;;
02/08/2014;22:26:00;161;com vítima;79;BR-101/RJ;Norte;Colisão Transversal;1;;;;;1;;;;;3;2;;;
10/12/2014;11:16:00;84;sem vítima;79;BR-101/RJ;Sul;Colisão Transversal;2;;;;;;;;;;2;;;;
24/01/2015;11:06:00;57;com vítima;79,808;BR-101/RJ;Norte;Colisão Frontal;;;1;1;;;;;;;1;;;;1
19/02/2015;21:59:00;212;sem vítima;79;BR-101/RJ;Norte;Colisão Traseira;1;;;;;;;;;;1;0;0;0;0
02/03/2015;10:25:00;73;sem vítima;79,6;BR-101/RJ;Sul;Saida de Pista;;;1;;;;;;;;2;0;0;0;0
12/03/2015;09:41:00;69;sem vítima;79;BR-101/RJ;Norte;Colisão Lateral;1;;1;;;;;;;;2;0;0;0;0
31/03/2015;19:42:00;198;sem vítima;79;BR-101/RJ;Sul;Colisão Transversal;1;;;;;;;;;1;6;0;0;0;0
10/04/2015;11:50:00;108;sem vítima;79;BR-101/RJ;Sul;Capotamento;;;1;;;;;;;;1;;;;