data;horario;n_da_ocorrencia;tipo_de_ocorrencia;km;trecho;sentido;tipo_de_acidente;automovel;bicicleta;caminhao;moto;onibus;outros;tracao_animal;transporte_de_cargas_especiais;trator_maquinas;utilitarios;ilesos;levemente_feridos;moderadamente_feridos;gravemente_feridos;mortos
08/02/2010;03:49:00;23;com vítima;80;BR-101/RJ;Norte;Saida de Pista;1;;;;;;;;;;0;;1;;
01/04/2010;00:09:00;2;com vítima;80;BR-101/RJ;Norte;Colisão Frontal;2;;;;;;;;;;1;3;;;
03/04/2010;21:37:00;128;sem vítima;80;BR-101/RJ;Sul;Colisão Traseira;2;;;;;;;;;;2;;;;
16/05/2010;04:48:00;24;sem vítima;80;BR-101/RJ;Sul;Atropelamento de Animal;1;;;;;1;;;;;4;;;;
31/05/2010;18:44:00;157;com vítima;80;BR-101/RJ;Norte;Atropelamento - Morador;1;;;;;1;;;;;2;;;;1
08/06/2010;09:46:00;61;sem vítima;80;BR-101/RJ;Sul;Outros - Sequência;1;;;;;;;;;;1;;;;
11/06/2010;19:47:00;149;com vítima;80;BR-101/RJ;Sul;Atropelamento - Andarilho;1;;;;;;;;;;1;;;;1
20/07/2010;18:21:00;162;com vítima;80;BR-101/RJ;Norte;Atropelamento - Morador;;;;;;1;;;;;1;;1;;
28/08/2010;16:48:00;131;sem vítima;80;BR-101/RJ;Sul;Colisão Lateral;1;;;;;;;;;1;5;;;;
04/09/2010;08:46:00;60;sem vítima;80;BR-101/RJ;Sul;Engavetamento;5;;;;;;;;;;20;;;;
19/09/2010;16:51:00;114;com vítima;80;BR-101/RJ;Norte;Colisão Traseira;1;;;;1;;;;;;5;1;;;
23/10/2010;07:56:00;47;com vítima;80;BR-101/RJ;Sul;Colisão Traseira;;;2;;;;;;;;1;;1;;
27/11/2010;03:35:00;20;com vítima;80;BR-101/RJ;Sul;Colisão Frontal;;;2;;;;;;;;0;1;;;1
28/12/2010;22:23:00;200;com vítima;80;BR-101/RJ;Sul;Atropelamento - Morador;;;;;;1;;;;;1;;1;;
05/03/2011;06:11:00;78;sem vítima;286;BR-101/RJ;Norte;Engavetamento;4;;;;;;;;;;4;;;;
29/05/2011;00:26:00;6;com vítima;80;BR-101/RJ;Sul;Colisão Lateral;;;;1;1;;;;;;1;;;;1
17/09/2011;09:51:00;72;sem vítima;80;BR-101/RJ;Sul;Colisão Traseira;;;2;;;;;;;;2;;;;
11/10/2011;09:52:00;59;sem vítima;80;BR-101/RJ;Norte;Colisão Traseira;1;;1;;;;;;;;4;;;;
27/10/2011;18:05:00;151;com vítima;80;BR-101/RJ;Norte;Colisão Transversal;1;;1;;;;;;;;1;;1;;
12/11/2011;16:00:00;151;sem vítima;80;BR-101/RJ;Norte;Colisão Traseira;1;;1;;;;;;;;3;;;;
28/05/2012;08:16:00;49;com vítima;80;BR-101/RJ;Sul;Colisão Traseira;2;;;;;;;;;;1;1;;;
03/06/2012;16:10:00;133;com vítima;80;BR-101/RJ;Norte;Colisão Traseira;1;;1;;;;;;;;2;1;2;;
23/06/2012;00:42:00;6;sem vítima;80;BR-101/RJ;Norte;Colisão Lateral;;;1;;;;;;;1;2;;;;
19/08/2012;06:41:00;32;sem vítima;80;BR-101/RJ;Sul;Engavetamento;3;;;;;;;;;;4;;;;
07/09/2012;23:45:00;252;com vítima;80;BR-101/RJ;Norte;Saida de Pista;1;;;;;;;;;;0;1;;;
11/01/2013;06:29:00;38;com vítima;80;BR-101/RJ;Sul;Colisão Lateral;1;;1;;;;;;;;1;;;1;
09/02/2013;08:26:00;104;sem vítima;80;BR-101/RJ;Norte;Colisão Traseira;2;;;;;;;;;;5;;;;
16/04/2013;20:10:00;166;com vítima;80;BR-101/RJ;Sul;Colisão Lateral;;;;1;1;;;;;;1;;2;;
03/05/2013;21:22:00;178;com vítima;80;BR-101/RJ;Norte;Atropelamento - Morador;1;;;;;;;;;;3;;1;;
03/05/2013;21:22:00;185;sem vítima;80;BR-101/RJ;Norte;Colisão Traseira;1;;;1;;;;;;;3;;;;
28/05/2013;18:20:00;142;com vítima;80,3;BR-101/RJ;Sul;Choque - Poste;1;;;;;;;;;;0;1;;;
17/08/2013;03:28:00;26;com vítima;80,254;BR-101/RJ;Norte;Colisão Lateral;;;1;;1;;;;;;57;1;;;
10/11/2013;19:07:00;166;sem vítima;80,23;BR-101/RJ;Norte;Capotamento;1;;;;;;;;;;4;;;;
29/11/2013;18:38:00;218;com vítima;80;BR-101/RJ;Norte;Colisão Lateral;;;1;1;;;;;;;0;3;;;
04/12/2013;16:54:00;147;sem vítima;80;BR-101/RJ;Sul;Colisão Traseira;;;2;;;;;;;;2;;;;
07/02/2014;11:12:00;84;sem vítima;80;BR-101/RJ;Norte;Colisão Traseira;2;;;;;;;;;;2;;;;
04/04/2014;08:57:00;47;sem vítima;80;BR-101/RJ;Sul;Choque - Outros;1;;;;;;;;;;2;;;;
02/05/2014;02:07:00;14;sem vítima;80;BR-101/RJ;Sul;Colisão Lateral;;;1;;;1;;;;;3;;;;
18/05/2014;23:55:00;176;sem vítima;80;BR-101/RJ;Sul;Colisão Lateral;1;;1;;;;;;;;3;;;;
06/07/2014;03:53:00;10;com vítima;80;BR-101/RJ;Norte;Colisão Traseira;;;;2;;;;;;;0;;3;;
29/07/2014;14:18:00;107;com vítima;80;BR-101/RJ;Sul;Queda de Moto;1;;;1;;;;;;;1;;1;;
27/08/2014;07:17:00;25;sem vítima;80;BR-101/RJ;Sul;Colisão Lateral;2;;;;;;;;;;6;;;;
16/09/2014;02:41:00;15;sem vítima;80;BR-101/RJ;Norte;Colisão Lateral;1;;1;;;;;;;;7;;;;
10/10/2014;21:32:00;206;com vítima;80;BR-101/RJ;Norte;Colisão Frontal;1;;;;1;;;;;;1;1;;2;
17/10/2014;22:06:00;202;com vítima;80;BR-101/RJ;Norte;Colisão Frontal;1;;1;;;;;;;;1;;;1;
26/03/2015;15:01:00;126;sem vítima;80;BR-101/RJ;Norte;Saida de Pista;1;;;;;;;;;;1;0;0;0;0
22/04/2015;12:23:00;94;sem vítima;80,288;BR-101/RJ;Norte;Colisão Lateral;2;;;;;;;;;;4;;;;
21/05/2015;15:50:00;141;com vítima;80;BR-101/RJ;Norte;Atropelamento - Ciclista;1;1;;;;;;;;;4;;1;;
16/07/2015;11:46:00;120;sem vítima;80;BR-101/RJ;Sul;Colisão Traseira;2;;;;;;;;;;4;;;;
17/07/2015;14:45:00;151;sem vítima;80,8;BR-101/RJ;Sul;Colisão Traseira;2;;;;;;;;;;4;;;;
19/07/2015;04:46:00;27;com vítima;80;BR-101/RJ;Norte;Outros - Sequência;;;1;;1;;;;;1;3;1;;;
23/07/2015;11:30:00;107;com vítima;80,4;BR-101/RJ;Sul;Atropelamento de Animal;1;;;;;;;;;;1;1;;;
01/08/2015;12:50:00;86;sem vítima;80;BR-101/RJ;Sul;Engavetamento;3;;;;;;;;;;6;;;;
07/09/2015;14:20:00;93;sem vítima;80;BR-101/RJ;Norte;Engavetamento;3;;;;;;;;;;13;;;;
25/10/2015;03:20:00;13;com vítima;80,1;BR-101/RJ;Sul;Colisão Lateral;2;;;;;;;;;;2;2;;;
31/12/2015;11:06:00;119;com vítima;80;BR-101/RJ;Norte;Queda de Moto;;;;1;;;;;;;0;1;1;;
31/12/2015;08:18:00;82;sem vítima;80,2;BR-101/RJ;Sul;Colisão Frontal;1;;1;;;;;;;;2;;;;
04/01/2010;05:22:00;34;com vítima;81;BR-101/RJ;Norte;Atropelamento - Andarilho;;;;;;1;;;;;1;;;;1
08/01/2010;18:04:00;157;com vítima;81;BR-101/RJ;Norte;Colisão Traseira;2;;;;;;;;;;5;2;;;
13/01/2010;05:30:00;22;com vítima;81;BR-101/RJ;Norte;Saida de Pista;1;;;;;;;;;;0;;;2;1
15/01/2010;23:14:00;219;com vítima;81;BR-101/RJ;Sul;Saida de Pista;1;;;;;;;;;;0;1;2;;
26/03/2010;11:07:00;91;sem vítima;81;BR-101/RJ;Norte;Saida de Pista;1;;;;;;;;;;1;;;;
03/05/2010;09:29:00;57;com vítima;81;BR-101/RJ;Sul;Saida de Pista;;;;1;;;;;;;0;1;;;
19/07/2010;06:19:00;24;com vítima;81,80000305175781;BR-101/RJ;Sul;Capotamento;1;;;;;;;;;;0;1;;;
25/07/2010;04:57:00;21;com vítima;81;BR-101/RJ;Sul;Colisão Frontal;1;;;1;;;;;;;3;;;;1
18/05/2011;06:55:00;22;com vítima;81;BR-101/RJ;Norte;Saida de Pista;1;;;;;;;;;;0;1;;;
23/06/2011;08:24:00;45;com vítima;81,6500015258789;BR-101/RJ;Norte;Colisão Frontal;1;;;;;;;;;1;2;2;1;2;
16/09/2011;17:12:00;120;com vítima;81,5;BR-101/RJ;Norte;Capotamento;1;;;;;;;;;;0;2;;;
03/10/2011;14:58:00;115;sem vítima;81;BR-101/RJ;Norte;Colisão Transversal;1;;1;;;;;;;;4;;;;
08/02/2012;15:01:00;128;sem vítima;81,5;BR-101/RJ;Sul;Colisão Lateral;1;;1;;;;;;;;4;;;;
01/05/2012;16:46:00;108;com vítima;81;BR-101/RJ;Sul;Colisão Lateral;1;;1;;;;;;;;3;2;;1;
01/05/2012;17:43:00;115;sem vítima;81;BR-101/RJ;Norte;Engavetamento;3;;;;;;;;;;9;;;;
04/05/2012;15:40:00;131;com vítima;81;BR-101/RJ;Norte;Saida de Pista;;;1;;;;;;;;0;1;1;;
17/05/2012;07:22:00;29;sem vítima;81;BR-101/RJ;Sul;Tombamento;1;;;;;;;;;;2;;;;
26/05/2012;03:42:00;19;com vítima;81,5;BR-101/RJ;Sul;Queda de Moto;;;;1;;;;;;;0;;1;;
08/06/2012;11:59:00;94;sem vítima;81;BR-101/RJ;Norte;Saida de Pista;1;;;;;;;;;;2;;;;
09/06/2012;15:21:00;103;com vítima;81,6;BR-101/RJ;Norte;Outros;2;;1;;;;;;;;3;;2;;
06/08/2012;02:11:00;10;sem vítima;81;BR-101/RJ;Norte;Saida de Pista;1;;;;;;;;;;1;;;;
30/09/2012;06:22:00;26;sem vítima;81,494;BR-101/RJ;Norte;Saida de Pista;1;;;;;;;;;;1;;;;
06/12/2012;22:39:00;231;com vítima;81;BR-101/RJ;Norte;Colisão Traseira;;;1;1;;;;;;;1;1;;;
22/12/2012;11:22:00;112;sem vítima;81,5;BR-101/RJ;Norte;Colisão Traseira;2;;;;;;;;;;6;;;;
14/02/2013;16:54:00;171;com vítima;81,5;BR-101/RJ;Norte;Colisão Lateral;1;;1;;;;;;;;1;3;;;
23/02/2013;04:13:00;28;sem vítima;81;BR-101/RJ;Norte;Saida de Pista;1;;;;;;;;;;1;;;;
22/03/2013;10:02:00;75;com vítima;81,5;BR-101/RJ;Sul;Saida de Pista;;;;1;;;;;;;1;1;;;
17/05/2013;09:11:00;56;sem vítima;81;BR-101/RJ;Norte;Colisão Lateral;1;;;;;;;;;;1;;;;
15/06/2013;22:47:00;198;com vítima;81,9;BR-101/RJ;Norte;Atropelamento de Animal;1;;;;;;;;;;2;1;;;
16/06/2013;06:41:00;26;sem vítima;81,7;BR-101/RJ;Sul;Capotamento;1;;;;;;;;;;1;;;;
19/06/2013;09:11:00;56;com vítima;81;BR-101/RJ;Norte;Colisão Traseira;2;;;;;;;;;;3;1;;;
30/08/2013;09:38:00;49;com vítima;81;BR-101/RJ;Norte;Queda de Moto;;;;1;;;;;;;0;1;;;
30/08/2013;20:07:00;183;com vítima;81,8;BR-101/RJ;Norte;Queda de Moto;;;;1;;;;;;;0;;1;;
02/09/2013;13:38:00;107;com vítima;81;BR-101/RJ;Sul;Engavetamento;3;;;;;;;;;;6;1;;;
02/11/2013;00:49:00;11;sem vítima;81,841;BR-101/RJ;Sul;Saida de Pista;1;;;;;;;;;;1;;;;
17/11/2013;15:42:00;132;sem vítima;81;BR-101/RJ;Norte;Colisão Traseira;1;;;;;1;;;;;4;;;;
22/11/2013;10:02:00;81;sem vítima;81,5;BR-101/RJ;Sul;Colisão Traseira;1;;1;;;;;;;;2;;;;
03/12/2013;17:39:00;166;com vítima;81,4;BR-101/RJ;Sul;Saida de Pista;1;;;;;;;;;;0;1;1;;
14/12/2013;05:44:00;29;com vítima;81;BR-101/RJ;Sul;Queda de Moto;;;;1;;;;;;;0;;;1;
10/02/2014;01:47:00;20;com vítima;81,75;BR-101/RJ;Norte;Saida de Pista;;;1;;;;;;;;0;;;;1
15/03/2014;09:54:00;80;com vítima;81,741;BR-101/RJ;Sul;Tombamento;;;1;;;;;;;;0;1;;;1
23/05/2014;07:41:00;41;sem vítima;81;BR-101/RJ;Norte;Colisão Traseira;2;;;;;;;;;;4;;;;
01/06/2014;10:38:00;67;com vítima;81;BR-101/RJ;Sul;Colisão Lateral;2;;;;;;;;;;2;2;;;
08/08/2014;05:59:00;20;com vítima;81;BR-101/RJ;Sul;Saida de Pista;;;1;;;;;;;;1;2;;;
25/08/2014;22:30:00;172;sem vítima;81,5;BR-101/RJ;Norte;Saida de Pista;1;;;;;;;;;;1;;;;
15/09/2014;20:39:00;189;com vítima;81,97;BR-101/RJ;Norte;Colisão Frontal;1;;1;;;;;;;;0;3;;;
18/09/2014;18:58:00;150;sem vítima;81,936;BR-101/RJ;Norte;Colisão Traseira;;;1;;1;;;;;;4;;;;
20/10/2014;06:42:00;38;sem vítima;81;BR-101/RJ;Norte;Colisão Transversal;2;;;;;;;;;;3;;;;
16/11/2014;15:31:00;82;com vítima;81,962;BR-101/RJ;Norte;Colisão Frontal;2;;;;;;;;;;0;5;3;;
05/04/2015;06:35:00;27;com vítima;81,3;BR-101/RJ;Sul;Saida de Pista;1;;;;;;;;;;0;3;2;;
15/09/2015;18:23:00;213;com vítima;81,15;BR-101/RJ;Norte;Colisão Frontal;;;2;;;;;;;;0;;1;;1
27/10/2015;17:44:00;141;sem vítima;81,777;BR-101/RJ;Norte;Colisão Lateral;1;;1;;;;;;;;5;;;;
28/12/2015;17:15:00;180;com vítima;81;BR-101/RJ;Sul;Colisão Frontal;5;;;;;;;;;;4;2;2;;
15/02/2010;13:14:00;82;com vítima;82,5;BR-101/RJ;Sul;Capotamento;1;;;;;;;;;;8;;;;1
17/02/2010;05:15:00;33;sem vítima;82,5;BR-101/RJ;Norte;Saida de Pista;1;;;;;;;;;;1;;;;
09/03/2010;13:07:00;111;com vítima;82;BR-101/RJ;Norte;Colisão Lateral;1;;1;;;;;;;;2;1;;;
17/03/2010;09:09:00;63;sem vítima;82;BR-101/RJ;Norte;Saida de Pista;;;;;;;;;;1;1;;;;
29/04/2010;22:09:00;176;sem vítima;82;BR-101/RJ;Sul;Saida de Pista;1;;;;;;;;;;1;;;;
15/07/2010;06:26:00;25;sem vítima;82;BR-101/RJ;Sul;Capotamento;1;;;;;;;;;;1;;;;
05/08/2010;16:37:00;146;com vítima;82;BR-101/RJ;Norte;Colisão Traseira;;;;1;;1;;;;;1;1;;;
18/09/2010;07:48:00;52;sem vítima;82;BR-101/RJ;Norte;Colisão Traseira;2;;;;;;;;;;6;;;;
24/09/2010;07:50:00;36;sem vítima;82;BR-101/RJ;Norte;Colisão Lateral;1;;1;;;;;;;;2;;;;
18/10/2010;08:06:00;40;sem vítima;82;BR-101/RJ;Norte;Saida de Pista;1;;;;;;;;;;2;;;;
22/10/2010;17:55:00;146;com vítima;82;BR-101/RJ;Sul;Colisão Frontal;1;;1;;;;;;;;1;;;1;
21/12/2010;10:03:00;89;com vítima;82;BR-101/RJ;Norte;Queda de Moto;;;;1;;1;;;;;1;1;;;
01/01/2011;19:33:00;141;com vítima;82;BR-101/RJ;Sul;Capotamento;;;;;;;;;;1;0;1;2;;
07/01/2011;09:23:00;58;com vítima;82;BR-101/RJ;Norte;Tombamento;;;1;;;;;;;;0;;1;;
16/02/2011;02:17:00;13;sem vítima;82;BR-101/RJ;Norte;Tombamento;;;1;;;;;;;;1;;;;
23/02/2011;22:16:00;171;sem vítima;82;BR-101/RJ;Sul;Tombamento;;;1;;;;;;;;1;;;;
05/03/2011;06:19:00;81;sem vítima;320;BR-101/RJ;Norte;Colisão Traseira;1;;;;;1;;;;;2;;;;
07/05/2011;10:45:00;72;com vítima;82,5;BR-101/RJ;Norte;Tombamento;;;1;;;;;;;;0;;1;;
09/05/2011;17:04:00;137;com vítima;82;BR-101/RJ;Norte;Colisão Lateral;1;;1;;;;;;;;1;;1;;
14/06/2011;12:26:00;71;sem vítima;82;BR-101/RJ;Norte;Colisão Traseira;2;;;;;;;;;;3;;;;
14/06/2011;08:15:00;43;com vítima;82,30000305175781;BR-101/RJ;Sul;Colisão Frontal;;;2;;1;;;;;;1;30;12;2;
21/08/2011;05:42:00;27;com vítima;82,9000015258789;BR-101/RJ;Sul;Outros - Sequência;1;;;;;;;;;;0;1;;;
27/09/2011;10:52:00;62;sem vítima;82;BR-101/RJ;Norte;Saida de Pista;;;1;;;;;;;;1;;;;
17/10/2011;06:51:00;35;sem vítima;82,5;BR-101/RJ;Norte;Saida de Pista;1;;;;;;;;;;2;;;;
29/10/2011;13:34:00;94;com vítima;82;BR-101/RJ;Norte;Saida de Pista;1;;;;;;;;;;0;1;3;;
03/12/2011;16:33:00;130;sem vítima;82;BR-101/RJ;Norte;Saida de Pista;1;;;;;;;;;;1;;;;
05/12/2011;11:46:00;102;sem vítima;82,69999694824219;BR-101/RJ;Norte;Saida de Pista;1;;;;;;;;;;1;;;;
25/12/2011;20:44:00;151;com vítima;82,5;BR-101/RJ;Sul;Colisão Frontal;;;;1;1;;;;;;37;;;;1
29/01/2012;20:31:00;152;sem vítima;82,38;BR-101/RJ;Norte;Saida de Pista;1;;;;;;;;;;1;;;;
16/03/2012;06:19:00;27;sem vítima;82,5;BR-101/RJ;Sul;Saida de Pista;1;;;;;;;;;;1;;;;
16/03/2012;18:24:00;161;sem vítima;82,5;BR-101/RJ;Norte;Colisão Lateral;2;;;;;;;;;;2;;;;
14/04/2012;17:13:00;132;sem vítima;82,5;BR-101/RJ;Norte;Tombamento;;;1;;;;;;;;1;;;;
18/04/2012;20:02:00;137;com vítima;82,6;BR-101/RJ;Norte;Saida de Pista;1;;;;;;;;;;0;2;;;
30/05/2012;02:45:00;11;sem vítima;82;BR-101/RJ;Sul;Tombamento;;;1;;;;;;;;1;;;;
01/08/2012;10:39:00;87;sem vítima;82,8;BR-101/RJ;Sul;Saida de Pista;1;;;;;;;;;;2;;;;
29/08/2012;16:26:00;123;sem vítima;82,616;BR-101/RJ;Norte;Saida de Pista;1;;;;;;;;;;1;;;;
19/10/2012;06:06:00;29;com vítima;82,593;BR-101/RJ;Norte;Tombamento;;;1;;;;;;;;0;1;;;
21/10/2012;19:40:00;174;com vítima;82;BR-101/RJ;Sul;Colisão Frontal;2;;;;;;;;;;2;1;1;;
02/01/2013;06:38:00;49;com vítima;82,609;BR-101/RJ;Sul;Saida de Pista;1;;;;;;;;;;0;;2;;
29/01/2013;06:33:00;19;sem vítima;82,9;BR-101/RJ;Sul;Choque - Defensa, barreira ou "submarino";1;;;;;;;;;;1;;;;
06/02/2013;03:09:00;18;sem vítima;82;BR-101/RJ;Norte;Atropelamento de Animal;;;1;;;;;;;;1;;;;
27/02/2013;07:02:00;37;com vítima;82,9;BR-101/RJ;Sul;Capotamento;1;;;;;;;;;;0;;1;;
10/03/2013;06:13:00;31;com vítima;82;BR-101/RJ;Sul;Queda de Moto;;;;1;;;;;;;0;1;;;
03/04/2013;08:18:00;50;sem vítima;82,3;BR-101/RJ;Sul;Saida de Pista;1;;;;;;;;;;1;;;;
19/05/2013;23:10:00;179;sem vítima;82;BR-101/RJ;Norte;Atropelamento de Animal;1;;;;;;;;;;2;;;;
01/06/2013;09:36:00;57;sem vítima;82;BR-101/RJ;Sul;Saida de Pista;1;;;;;;;;;;5;;;;
16/06/2013;06:40:00;25;sem vítima;82;BR-101/RJ;Norte;Saida de Pista;1;;;;;;;;;;1;;;;
26/06/2013;00:21:00;4;com vítima;82,645;BR-101/RJ;Norte;Tombamento;;;1;;;;;;;;0;;1;;
08/08/2013;06:03:00;20;sem vítima;82;BR-101/RJ;Norte;Saida de Pista;1;;;;;;;;;;1;;;;
22/08/2013;07:49:00;42;sem vítima;82;BR-101/RJ;Norte;Colisão Lateral;1;;1;;;;;;;;2;;;;
05/09/2013;14:02:00;105;com vítima;82,5;BR-101/RJ;Sul;Saida de Pista;1;;;;;;;;;;0;1;;;
17/09/2013;06:37:00;28;sem vítima;82,459;BR-101/RJ;Norte;Saida de Pista;;;1;;;;;;;;1;;;;
24/09/2013;07:07:00;39;com vítima;82,783;BR-101/RJ;Norte;Colisão Frontal;;;2;;;;;;;;2;;1;2;
02/10/2013;06:05:00;19;sem vítima;82,6;BR-101/RJ;Sul;Tombamento;;;1;;;;;;;;1;;;;
12/10/2013;07:40:00;46;sem vítima;82;BR-101/RJ;Norte;Engavetamento;4;;;;;;;;;;11;;;;
31/10/2013;13:51:00;81;sem vítima;82,95;BR-101/RJ;Norte;Saida de Pista;1;;;;;;;;;;1;;;;
25/11/2013;13:10:00;93;sem vítima;82,593;BR-101/RJ;Sul;Capotamento;1;;;;;;;;;;1;;;;
21/12/2013;10:44:00;73;sem vítima;82;BR-101/RJ;Norte;Colisão Traseira;1;;1;;;;;;;;2;;;;
26/12/2013;05:12:00;33;sem vítima;82,435;BR-101/RJ;Norte;Saida de Pista;;;;;;;;;;1;1;;;;
12/01/2014;21:21:00;216;com vítima;82,345;BR-101/RJ;Sul;Colisão Lateral;1;;1;;1;;;;;;1;2;1;;
06/02/2014;16:08:00;142;sem vítima;82,7;BR-101/RJ;Norte;Tombamento;;;1;;;;;;;;1;;;;
03/04/2014;13:08:00;108;com vítima;82;BR-101/RJ;Sul;Saida de Pista;;;;;;;;;;1;0;1;;;
03/06/2014;01:25:00;10;sem vítima;82;BR-101/RJ;Sul;Saida de Pista;1;;;;;;;;;;1;;;;
16/06/2014;14:32:00;126;sem vítima;82,617;BR-101/RJ;Sul;Colisão Frontal;1;;1;;;;;;;;2;;;;
20/06/2014;05:50:00;21;sem vítima;82;BR-101/RJ;Norte;Saida de Pista;1;;;;;;;;;;1;;;;
20/06/2014;06:26:00;23;sem vítima;82;BR-101/RJ;Sul;Colisão Traseira;2;;;;;;;;;;6;;;;
03/07/2014;18:27:00;155;sem vítima;82;BR-101/RJ;Norte;Saida de Pista;1;;;;;;;;;;1;;;;
13/07/2014;17:02:00;98;sem vítima;82,4;BR-101/RJ;Sul;Saida de Pista;1;;;;;1;;;;;3;;;;
17/08/2014;06:53:00;26;sem vítima;82;BR-101/RJ;Norte;Saida de Pista;1;;;;;;;;;;3;;;;
27/10/2014;19:46:00;153;sem vítima;82;BR-101/RJ;Sul;Saida de Pista;;;1;;;;;;;;3;;;;
07/11/2014;21:46:00;182;sem vítima;82;BR-101/RJ;Norte;Saida de Pista;2;;;;;;;;;;2;;;;
14/12/2014;03:16:00;24;sem vítima;82;BR-101/RJ;Norte;Colisão Traseira;2;;;;;;;;;;4;;;;
17/01/2015;07:51:00;48;sem vítima;82;BR-101/RJ;Norte;Colisão Lateral;1;;;;;1;;;;;4;;;;
15/03/2015;19:25:00;146;sem vítima;82;BR-101/RJ;Sul;Atropelamento de Animal;;;1;;;;;;;;1;0;0;0;0
13/04/2015;00:02:00;1;com vítima;82;BR-101/RJ;Sul;Choque - Defensa, barreira ou "submarino";1;;;;;;;;;;1;1;;;
25/04/2015;15:56:00;111;sem vítima;82;BR-101/RJ;Sul;Saida de Pista;1;;;;;;;;;;1;;;;
30/04/2015;09:15:00;62;sem vítima;82,133;BR-101/RJ;Norte;Colisão Traseira;;;2;;;;;;;;6;;;;
09/06/2015;23:22:00;183;com vítima;82,3;BR-101/RJ;Sul;Colisão Traseira;;;2;;;;;;;;0;2;;1;
15/06/2015;00:31:00;3;sem vítima;82,64;BR-101/RJ;Sul;Choque - Defensa, barreira ou "submarino";;;1;;;;;;;;1;;;;
05/09/2015;16:54:00;157;com vítima;82;BR-101/RJ;Norte;Queda de Moto;;;;1;;;;;;;0;2;;;
19/10/2015;09:07:00;51;com vítima;82;BR-101/RJ;Sul;Choque - Defensa, barreira ou "submarino";1;;;;;;;;;;1;1;;;
15/01/2010;08:08:00;46;sem vítima;83;BR-101/RJ;Norte;Colisão Lateral;;;1;;;;;;;1;3;;;;
17/01/2010;23:25:00;201;com vítima;83;BR-101/RJ;Sul;Capotamento;1;;;;;;;;;;0;4;1;;
10/02/2010;17:13:00;171;sem vítima;83;BR-101/RJ;Sul;Choque - Objeto sobre a pista;2;;1;;;;;;;;5;;;;
13/03/2010;04:43:00;17;com vítima;83;BR-101/RJ;Norte;Outros;;1;;;;1;;;;;1;;1;;
14/05/2010;11:15:00;82;com vítima;83;BR-101/RJ;Norte;Saida de Pista;1;;;;;;;;;;0;1;;;
16/05/2010;21:37:00;159;com vítima;83;BR-101/RJ;Norte;Colisão Lateral;1;;1;;;;;;;;2;;;1;
25/05/2010;19:46:00;152;com vítima;83;BR-101/RJ;Sul;Colisão Traseira;1;;2;;;1;;;;;1;1;2;;
04/06/2010;20:11:00;168;com vítima;83;BR-101/RJ;Sul;Tombamento;;;1;;;;;;;;1;;;;1
09/08/2010;17:16:00;142;sem vítima;83;BR-101/RJ;Norte;Choque - Poste;;;1;;;;;;;;2;;;;
15/08/2010;15:01:00;99;sem vítima;83;BR-101/RJ;Norte;Tombamento;1;;1;;;;;;;;3;;;;
17/08/2010;06:59:00;29;sem vítima;83;BR-101/RJ;Norte;Colisão Lateral;;;2;;;1;;;;;3;;;;
20/08/2010;21:25:00;187;sem vítima;83;BR-101/RJ;Norte;Engavetamento;4;;;;;;;;;;5;;;;
07/09/2010;16:18:00;129;sem vítima;83;BR-101/RJ;Sul;Colisão Lateral;1;;;;;1;;;;;2;;;;
26/09/2010;04:42:00;17;sem vítima;83;BR-101/RJ;Norte;Choque - Suporte de Sinalização;;;;;;;;;;1;2;;;;
08/10/2010;07:20:00;34;sem vítima;83;BR-101/RJ;Sul;Saida de Pista;;;;;;;;;;1;3;;;;
27/12/2010;14:09:00;114;com vítima;83;BR-101/RJ;Norte;Colisão Lateral;2;;;;;;;;;;5;1;;;
31/12/2010;09:22:00;94;sem vítima;83;BR-101/RJ;Sul;Colisão Lateral;1;;;;;1;;;;;4;;;;
05/03/2011;07:33:00;95;sem vítima;303;BR-101/RJ;Sul;Saida de Pista;1;;;;;;;;;;1;;;;
06/10/2011;02:39:00;17;com vítima;83;BR-101/RJ;Sul;Saida de Pista;1;;;;;;;;;;0;1;;;
04/12/2011;20:05:00;145;com vítima;83;BR-101/RJ;Sul;Atropelamento - Andarilho;;;;;;1;;;;;1;;;1;
06/12/2011;22:04:00;217;sem vítima;83,5;BR-101/RJ;Norte;Queda de Moto;;;;1;;;;;;;1;;;;
24/12/2011;11:42:00;93;com vítima;83;BR-101/RJ;Sul;Queda de Moto;;;;1;;;;;;;0;1;;;
31/12/2011;04:44:00;22;com vítima;83;BR-101/RJ;Norte;Queda de Moto;;;;1;;;;;;;0;;;1;
31/12/2011;23:09:00;164;sem vítima;83;BR-101/RJ;Norte;Saida de Pista;1;;;;;;;;;;1;;;;
19/03/2012;08:08:00;37;sem vítima;83,9;BR-101/RJ;Norte;Choque - Arvore;;;;;;;;;;1;1;;;;
10/05/2012;03:00:00;14;sem vítima;83,5;BR-101/RJ;Norte;Atropelamento de Animal;;;1;;;;;;;;1;;;;
06/06/2012;01:12:00;4;com vítima;83;BR-101/RJ;Sul;Colisão Lateral;1;;2;;;;;;;;2;1;;;
15/06/2012;11:56:00;96;sem vítima;83,6;BR-101/RJ;Sul;Saida de Pista;1;;;;;;;;;;1;;;;
30/07/2012;07:39:00;43;sem vítima;83,05;BR-101/RJ;Sul;Colisão Traseira;2;;;;;;;;;;6;;;;
09/08/2012;12:28:00;79;com vítima;83,7;BR-101/RJ;Norte;Tombamento;;;1;;;;;;;;0;;1;;
21/08/2012;17:02:00;132;com vítima;83,837;BR-101/RJ;Norte;Colisão Lateral;;;1;1;;;;;;;1;2;;;
26/08/2012;18:13:00;128;com vítima;83,697;BR-101/RJ;Sul;Saida de Pista;1;;;;;;;;;;0;2;;;
27/08/2012;23:05:00;180;sem vítima;83;BR-101/RJ;Sul;Saida de Pista;1;;;;;;;;;;1;;;;
25/11/2012;23:41:00;181;sem vítima;83,757;BR-101/RJ;Norte;Saida de Pista;1;;;;;;;;;;4;;;;
27/01/2013;09:54:00;62;com vítima;83,787;BR-101/RJ;Norte;Tombamento;;;1;;;;;;;;0;1;;;
02/06/2013;23:55:00;210;sem vítima;83,553;BR-101/RJ;Sul;Saida de Pista;1;;;;;;;;;;1;;;;