data;horario;n_da_ocorrencia;tipo_de_ocorrencia;km;trecho;sentido;tipo_de_acidente;automovel;bicicleta;caminhao;moto;onibus;outros;tracao_animal;transporte_de_cargas_especiais;trator_maquinas;utilitarios;ilesos;levemente_feridos;moderadamente_feridos;gravemente_feridos;mortos
18/10/2012;11:48:00;100;sem vítima;105;BR-101/RJ;Norte;Tombamento;;;1;;;;;;;;1;;;;
02/07/2013;13:57:00;84;com vítima;105,2;BR-101/RJ;Norte;Colisão Frontal;3;;;;;;;;;;3;2;1;3;
10/12/2013;13:42:00;136;sem vítima;105;BR-101/RJ;Norte;Saida de Pista;1;;;;;;;;;;3;;;;
10/05/2014;14:20:00;100;sem vítima;105,74;BR-101/RJ;Sul;Colisão Traseira;1;;;;;1;;;;;2;;;;
16/06/2014;10:56:00;96;sem vítima;105,5;BR-101/RJ;Sul;Choque - Defensa, barreira ou "submarino";;;;;;;;;;1;1;;;;
25/10/2014;21:45:00;150;com vítima;105,159;BR-101/RJ;Sul;Saida de Pista;;;1;;;;;;;;0;1;;;
19/11/2014;17:41:00;131;sem vítima;105;BR-101/RJ;Norte;Colisão Traseira;1;;1;;;;;;;;2;;;;
01/12/2014;23:53:00;218;sem vítima;105;BR-101/RJ;Sul;Saida de Pista;1;;;;;;;;;;4;;;;
23/12/2014;17:00:00;143;com vítima;105;BR-101/RJ;Norte;Tombamento;;;1;;;;;;;;0;1;1;;
12/10/2015;10:57:00;61;sem vítima;105,86;BR-101/RJ;Sul;Choque - Defensa, barreira ou "submarino";1;;;;;;;;;;1;;;;
11/12/2010;17:14:00;151;sem vítima;106;BR-101/RJ;Norte;Saida de Pista;;;1;;;;;;;;1;;;;
12/12/2010;09:40:00;51;com vítima;106;BR-101/RJ;Norte;Colisão Traseira;2;;;;;;;;;;0;3;2;;
05/03/2011;11:34:00;157;sem vítima;313;BR-101/RJ;Norte;Colisão Lateral;;;;;1;1;;;;;2;;;;
21/10/2011;19:12:00;156;com vítima;106;BR-101/RJ;Norte;Choque - Talude;1;;;;;;;;;;0;1;;;
24/11/2011;21:02:00;164;sem vítima;106;BR-101/RJ;Norte;Saida de Pista;1;;;;;;;;;;2;;;;
29/01/2012;13:15:00;88;sem vítima;106,5;BR-101/RJ;Norte;Colisão Lateral;2;;;;;;;;;;7;;;;
09/04/2012;06:59:00;43;sem vítima;106;BR-101/RJ;Norte;Colisão Traseira;1;;;;;2;;;;;3;;;;
27/08/2012;15:13:00;119;sem vítima;106;BR-101/RJ;Sul;Colisão Lateral;;;1;;;1;;;;;2;;;;
11/10/2012;12:49:00;116;com vítima;106,4;BR-101/RJ;Norte;Colisão Traseira;;;;;1;;;;;1;2;;1;2;
25/04/2014;20:35:00;143;sem vítima;106;BR-101/RJ;Sul;Saida de Pista;1;;;;;;;;;;1;;;;
19/03/2015;18:37:00;152;sem vítima;106;BR-101/RJ;Sul;Atropelamento de Animal;;;1;;;;;;;;1;0;0;0;0
29/06/2015;10:52:00;120;com vítima;106,55;BR-101/RJ;Sul;Queda de Moto;;;;1;;;;;;;0;;2;;
10/10/2015;07:16:00;48;sem vítima;106;BR-101/RJ;Norte;Choque - Defensa, barreira ou "submarino";;;1;;;;;;;;2;;;;
25/07/2010;01:02:00;4;com vítima;107;BR-101/RJ;Norte;Colisão Lateral;1;;2;;;;;;;;2;1;1;1;1
05/03/2011;11:40:00;159;sem vítima;143;BR-101/RJ;Sul;Colisão Traseira;2;;;;;;;;;;2;;;;
05/03/2012;08:02:00;51;com vítima;107;BR-101/RJ;Norte;Capotamento;1;;;;;;;;;;0;;;1;
15/03/2012;10:58:00;73;sem vítima;107,1;BR-101/RJ;Norte;Engavetamento;1;;2;;;;;;;;5;;;;
19/09/2012;20:57:00;206;sem vítima;107;BR-101/RJ;Norte;Choque - Objeto sobre a pista;;;2;;;;;;;;2;;;;
17/02/2013;11:42:00;80;com vítima;107,756;BR-101/RJ;Sul;Queda de Moto;;;;1;;;;;;;0;1;1;;
03/03/2013;19:02:00;141;sem vítima;107;BR-101/RJ;Sul;Colisão Traseira;1;;1;;;;;;;;4;;;;
14/03/2013;12:26:00;90;com vítima;107,86;BR-101/RJ;Sul;Engavetamento;2;;1;;1;;;;;;31;;1;;1
14/04/2013;20:58:00;165;sem vítima;107,133;BR-101/RJ;Sul;Saida de Pista;1;;;;;;;;;;2;;;;
26/07/2013;23:11:00;205;sem vítima;107,3;BR-101/RJ;Sul;Outros;;;1;;;;;;;;2;;;;
28/10/2013;19:47:00;153;sem vítima;107,564;BR-101/RJ;Norte;Colisão Lateral;1;;;;;1;;;;;6;;;;
26/12/2013;11:29:00;112;sem vítima;107;BR-101/RJ;Norte;Engavetamento;1;;1;;1;;;;;;3;;;;
26/03/2014;16:31:00;141;sem vítima;107;BR-101/RJ;Sul;Colisão Traseira;;;1;;;1;;;;;4;;;;
17/04/2014;12:18:00;86;sem vítima;107,575;BR-101/RJ;Norte;Choque - Defensa, barreira ou "submarino";1;;;;;;;;;;1;;;;
27/04/2015;19:04:00;167;sem vítima;107;BR-101/RJ;Sul;Atropelamento de Animal;1;;1;;;;;;;1;4;;;;
19/11/2015;16:12:00;164;sem vítima;107;BR-101/RJ;Sul;Colisão Lateral;1;;1;;;;;;;;2;;;;
06/06/2011;19:16:00;169;com vítima;108;BR-101/RJ;Norte;Colisão Lateral;1;;2;;;;;;;;2;1;;;
07/01/2012;18:32:00;148;sem vítima;108;BR-101/RJ;Norte;Saida de Pista;;;;;;;;;;1;3;;;;
27/01/2012;20:36:00;163;com vítima;108,7;BR-101/RJ;Sul;Saida de Pista;;;1;;;;;;;;0;;1;;
17/06/2012;09:07:00;46;sem vítima;108;BR-101/RJ;Norte;Colisão Lateral;2;;;;;;;;;;2;;;;
05/09/2012;06:42:00;48;sem vítima;108;BR-101/RJ;Sul;Colisão Lateral;2;;;;;;;;;;2;;;;
17/11/2012;04:37:00;11;sem vítima;108;BR-101/RJ;Norte;Saida de Pista;;;1;;;;;;;;1;;;;
01/04/2013;14:55:00;140;com vítima;108,5;BR-101/RJ;Norte;Colisão Frontal;;;;;1;;;;;1;44;1;;;1
16/04/2013;12:51:00;96;sem vítima;108;BR-101/RJ;Norte;Saida de Pista;1;;;;;;;;;;2;;;;
29/04/2013;01:29:00;8;sem vítima;108,6;BR-101/RJ;Sul;Atropelamento de Animal;2;;;;;;;;;;7;;;;
06/07/2013;15:48:00;126;com vítima;108,229;BR-101/RJ;Norte;Colisão Traseira;1;;;;;;;;;1;1;2;2;;
04/08/2013;18:51:00;170;com vítima;108,5;BR-101/RJ;Norte;Colisão Transversal;;;;1;;;;;;;0;1;;;
23/11/2013;07:51:00;39;sem vítima;108,8;BR-101/RJ;Sul;Colisão Lateral;1;;;;;1;;;;;2;;;;
14/09/2014;20:41:00;182;sem vítima;108;BR-101/RJ;Norte;Colisão Traseira;;;2;;;;;;;;2;;;;
26/09/2014;18:49:00;155;sem vítima;108,137;BR-101/RJ;Sul;Choque - Defensa, barreira ou "submarino";1;;;;;;;;;;1;;;;
23/12/2014;17:04:00;144;sem vítima;108;BR-101/RJ;Norte;Saida de Pista;1;;;;;;;;;;1;;;;
14/06/2015;09:50:00;56;com vítima;108,958;BR-101/RJ;Sul;Saida de Pista;1;;;;;;;;;;0;2;;;
16/11/2015;14:52:00;146;com vítima;108;BR-101/RJ;Sul;Choque - Suporte de Sinalização;1;;;;;;;;;;0;1;;;
08/12/2015;15:57:00;184;sem vítima;108,304;BR-101/RJ;Norte;Colisão Lateral;2;;;;;;;;;;4;;;;
11/04/2010;06:41:00;43;com vítima;109;BR-101/RJ;Sul;Colisão Frontal;1;;1;;;;;;;;1;;;;2
11/04/2010;11:30:00;84;sem vítima;109,30000305175781;BR-101/RJ;Sul;Colisão Traseira;2;;;;;;;;;;2;;;;
10/10/2010;17:49:00;144;com vítima;109;BR-101/RJ;Norte;Capotamento;1;;;;;;;;;;2;3;;;
22/01/2011;06:29:00;40;com vítima;109;BR-101/RJ;Norte;Saida de Pista;;;1;;;;;;;;0;;2;;
22/01/2011;07:06:00;45;com vítima;109;BR-101/RJ;Sul;Colisão Traseira;1;;;;;1;;;;;1;;1;;
22/01/2011;07:23:00;47;com vítima;109;BR-101/RJ;Norte;Colisão Traseira;2;;;;;1;;;;;7;1;;;
18/05/2011;17:28:00;171;com vítima;109;BR-101/RJ;Norte;Colisão Frontal;2;;;;;;;;;;1;;1;1;
19/06/2011;18:37:00;144;sem vítima;109;BR-101/RJ;Sul;Colisão Lateral;2;;;;;1;;;;;6;;;;
02/12/2012;05:55:00;28;com vítima;109,5;BR-101/RJ;Norte;Choque - Arvore;;;;;;;;;;1;1;;1;;
08/01/2013;13:19:00;110;sem vítima;109,4;BR-101/RJ;Norte;Colisão Transversal;2;;;;;;;;;;2;;;;
09/01/2013;12:34:00;119;sem vítima;109,2;BR-101/RJ;Sul;Saida de Pista;;;;;;;;;;1;1;;;;
12/06/2013;17:54:00;137;com vítima;109;BR-101/RJ;Norte;Saida de Pista;1;;;;;;;;;;0;1;1;;
11/02/2014;11:48:00;104;com vítima;109,8;BR-101/RJ;Norte;Colisão Traseira;1;;;;1;;;;;;3;;1;;
12/02/2014;10:44:00;86;sem vítima;109;BR-101/RJ;Norte;Colisão Traseira;;;1;;;1;;;;;2;;;;
13/02/2014;08:27:00;62;sem vítima;109,8;BR-101/RJ;Norte;Colisão Lateral;1;;1;;;;;;;;2;;;;
13/03/2014;17:04:00;188;sem vítima;109;BR-101/RJ;Norte;Colisão Traseira;;;;;;1;;;;1;2;;;;
01/05/2014;22:23:00;138;com vítima;109;BR-101/RJ;Norte;Saida de Pista;1;;;;;;;;;;0;2;1;;
03/07/2014;09:20:00;59;sem vítima;109,455;BR-101/RJ;Sul;Colisão Traseira;1;;1;;;;;;;;5;;;;
22/01/2015;05:02:00;13;sem vítima;109,639;BR-101/RJ;Norte;Tombamento;;;1;;;;;;;;1;;;;
23/05/2015;17:49:00;146;com vítima;109,635;BR-101/RJ;Norte;Saida de Pista;1;;;;;;;;;;2;1;;;
06/12/2010;17:08:00;177;com vítima;110;BR-101/RJ;Sul;Colisão Lateral;2;;;;;;;;;;2;1;1;;
10/05/2011;21:25:00;183;sem vítima;110;BR-101/RJ;Norte;Colisão Traseira;;;2;;;;;;;;2;;;;
06/12/2011;12:59:00;121;sem vítima;110;BR-101/RJ;Norte;Colisão Lateral;2;;;;;;;;;;2;;;;
19/02/2012;08:48:00;264;sem vítima;110;BR-101/RJ;Sul;Colisão Traseira;2;;;;;;;;;;2;;;;
31/03/2012;13:23:00;91;com vítima;110;BR-101/RJ;Norte;Queda de Moto;;;;1;;;;;;;0;1;;;
27/06/2012;12:14:00;109;sem vítima;110;BR-101/RJ;Norte;Colisão Traseira;1;;1;;;;;;;;3;;;;
02/10/2012;07:22:00;39;sem vítima;110;BR-101/RJ;Sul;Colisão Traseira;1;;1;;;;;;;;2;;;;
14/03/2014;19:42:00;182;sem vítima;110;BR-101/RJ;Norte;Colisão Lateral;1;;1;;;;;;;;6;;;;
03/04/2014;11:48:00;92;com vítima;110;BR-101/RJ;Norte;Colisão Traseira;;;1;;;;;;;1;2;;1;;
08/06/2014;08:48:00;54;sem vítima;110;BR-101/RJ;Sul;Saida de Pista;1;;;;1;;;;;;2;;;;
21/07/2014;06:56:00;36;sem vítima;110;BR-101/RJ;Norte;Saida de Pista;;;1;;;;;;;;3;;;;
16/08/2014;14:05:00;68;sem vítima;110,03;BR-101/RJ;Norte;Colisão Traseira;2;;;;;;;;;;3;;;;
16/08/2014;14:13:00;73;sem vítima;110,03;BR-101/RJ;Norte;Colisão Traseira;2;;;;;;;;;;8;;;;
21/08/2014;11:58:00;89;sem vítima;110;BR-101/RJ;Norte;Colisão Traseira;;;2;;;;;;;;3;;;;
10/09/2014;13:48:00;95;sem vítima;110,032;BR-101/RJ;Sul;Saida de Pista;;;1;;;;;;;;1;;;;
15/09/2014;05:50:00;18;sem vítima;110;BR-101/RJ;Norte;Saida de Pista;1;;;;;;;;;;1;;;;
21/10/2014;08:06:00;47;sem vítima;110;BR-101/RJ;Norte;Saida de Pista;1;;;;;;;;;;2;;;;
05/11/2014;07:02:00;23;sem vítima;110;BR-101/RJ;Norte;Colisão Traseira;;;2;;;;;;;;3;;;;
11/11/2014;07:38:00;36;sem vítima;110;BR-101/RJ;Norte;Colisão Traseira;1;;1;;;;;;;;2;;;;
05/12/2014;19:20:00;158;sem vítima;110;BR-101/RJ;Norte;Colisão Traseira;2;;;;;;;;;;7;;;;
10/05/2015;17:22:00;124;com vítima;110;BR-101/RJ;Sul;Engavetamento;3;;;;;;;;;;2;;2;;
20/05/2015;16:07:00;153;sem vítima;110,3;BR-101/RJ;Sul;Choque - Talude;1;;;;;;;;;;1;;;;
01/07/2015;16:49:00;165;sem vítima;110;BR-101/RJ;Norte;Choque - Suporte de Sinalização;1;;;;;;;;;;2;;;;
06/07/2015;08:23:00;54;com vítima;110,148;BR-101/RJ;Norte;Colisão Traseira;2;;;;;;;;;;2;1;;;
01/08/2015;04:04:00;15;com vítima;110,335;BR-101/RJ;Norte;Tombamento;;;1;;;;;;;;0;;1;1;
09/08/2015;16:09:00;106;sem vítima;110;BR-101/RJ;Norte;Colisão Traseira;2;;;;;;;;;;2;;;;
18/08/2015;20:39:00;188;sem vítima;110;BR-101/RJ;Sul;Choque - Defensa, barreira ou "submarino";;;1;;;;;;;;1;;;;
04/09/2015;18:43:00;181;sem vítima;110;BR-101/RJ;Sul;Colisão Traseira;2;;;;;;;;;;8;;;;
05/09/2015;10:12:00;79;sem vítima;110;BR-101/RJ;Norte;Choque - Defensa, barreira ou "submarino";1;;;;;;;;;;4;;;;
29/11/2015;20:17:00;186;com vítima;110;BR-101/RJ;Sul;Colisão Traseira;2;;;;;;;;;;6;;2;;
03/12/2015;13:49:00;145;sem vítima;110;BR-101/RJ;Sul;Choque - Suporte de Sinalização;;;1;;;;;;;;3;;;;
04/09/2010;11:04:00;106;sem vítima;111;BR-101/RJ;Sul;Colisão Traseira;2;;;;;;;;;;3;;;;
28/01/2011;17:32:00;218;sem vítima;111;BR-101/RJ;Norte;Colisão Transversal;;;;1;;;;;;1;2;;;;
02/02/2011;15:06:00;119;sem vítima;111;BR-101/RJ;Norte;Colisão Traseira;1;;;;;1;;;;;2;;;;
24/02/2011;14:40:00;115;sem vítima;111;BR-101/RJ;Sul;Colisão Traseira;2;;;;;;;;;;4;;;;
11/10/2011;12:35:00;93;com vítima;111,5;BR-101/RJ;Norte;Saida de Pista;1;;;;;;;;;;0;;;;1
27/07/2012;15:27:00;136;sem vítima;111,543;BR-101/RJ;Norte;Choque - Outros;;;1;;;;;;;1;2;;;;
13/05/2013;20:43:00;174;com vítima;111,4;BR-101/RJ;Norte;Colisão Lateral;;;1;;;;;;;1;1;1;;;
09/07/2013;10:44:00;70;sem vítima;111,664;BR-101/RJ;Norte;Colisão Traseira;2;;;;;;;;;;2;;;;
06/11/2013;06:56:00;28;com vítima;111,975;BR-101/RJ;Sul;Colisão Frontal;1;;1;;;;;;;;2;;;;1
22/11/2013;09:40:00;77;sem vítima;111;BR-101/RJ;Norte;Colisão Lateral;2;;;;;;;;;;2;;;;
18/01/2014;01:57:00;29;sem vítima;111,5;BR-101/RJ;Sul;Atropelamento de Animal;;;1;;;;;;;;1;;;;
13/02/2014;11:29:00;101;sem vítima;111;BR-101/RJ;Norte;Choque - Outros;;;;;;2;;;;;2;;;;
22/02/2014;15:33:00;121;sem vítima;111;BR-101/RJ;Sul;Colisão Lateral;2;;;;;;;;;;7;;;;
23/02/2014;03:34:00;15;sem vítima;111,586;BR-101/RJ;Norte;Saida de Pista;1;;;;;;;;;;2;;;;
03/04/2014;20:47:00;192;sem vítima;111,6;BR-101/RJ;Norte;Saida de Pista;;;;;;;;;;1;1;;;;
09/04/2014;16:44:00;152;sem vítima;111,5;BR-101/RJ;Sul;Saida de Pista;1;;;;;;;;;;1;;;;
12/07/2014;23:28:00;166;sem vítima;111;BR-101/RJ;Norte;Saida de Pista;1;;;;;;;;;;1;;;;
24/10/2014;16:46:00;123;sem vítima;111,485;BR-101/RJ;Norte;Colisão Traseira;1;;;;1;;;;;;6;;;;
12/12/2014;15:02:00;108;com vítima;111;BR-101/RJ;Norte;Atropelamento - Andarilho;;;1;;;;;;;;1;;;1;
30/05/2015;07:04:00;42;com vítima;111;BR-101/RJ;Norte;Capotamento;1;;;;;;;;;;0;1;;;
27/04/2010;19:07:00;147;sem vítima;112;BR-101/RJ;Sul;Colisão Traseira;2;;;;;;;;;;6;;;;
23/10/2010;07:17:00;41;com vítima;112;BR-101/RJ;Norte;Colisão Lateral;1;;1;;;;;;;;1;1;;;
08/06/2011;02:01:00;9;sem vítima;112;BR-101/RJ;Norte;Atropelamento de Animal;;;3;;;;;;;;4;;;;
08/06/2011;14:13:00;104;com vítima;112;BR-101/RJ;Norte;Colisão Traseira;;;3;;;2;;;;;4;;1;;
30/09/2011;23:17:00;217;com vítima;112,5;BR-101/RJ;Sul;Colisão Lateral;;;2;;;;;;;;1;2;;;
13/08/2012;07:33:00;43;com vítima;112;BR-101/RJ;Norte;Colisão Frontal;;;1;;;;;;;1;3;1;;;
29/08/2012;18:16:00;144;sem vítima;112,508;BR-101/RJ;Norte;Colisão Traseira;1;;;;1;1;;;;;4;;;;
30/10/2012;00:18:00;2;sem vítima;112,195;BR-101/RJ;Norte;Tombamento;;;1;;;;;;;;1;;;;
23/01/2013;20:22:00;178;com vítima;112;BR-101/RJ;Norte;Queda de Moto;;;;1;;;;;;;0;1;;;
17/05/2013;08:06:00;45;com vítima;112;BR-101/RJ;Norte;Colisão Frontal;;;;;;;;;;2;0;2;2;;
09/09/2013;04:54:00;29;com vítima;112,499;BR-101/RJ;Sul;Colisão Frontal;4;;;;;;;;;;5;;1;2;
15/03/2014;06:19:00;29;sem vítima;112;BR-101/RJ;Norte;Colisão Traseira;;;2;;;;;;;;2;;;;
16/01/2015;11:48:00;82;com vítima;112;BR-101/RJ;Norte;Capotamento;1;;;;;;;;;;0;;;;1
13/02/2010;10:37:00;191;sem vítima;113;BR-101/RJ;Norte;Saida de Pista;1;;;;;;;;;;6;;;;
16/06/2010;18:10:00;144;sem vítima;113;BR-101/RJ;Norte;Saida de Pista;1;;1;;;;;;;;5;;;;
08/09/2011;15:21:00;93;com vítima;113;BR-101/RJ;Norte;Colisão Lateral;;;1;1;;;;;;;1;;1;;
02/01/2013;11:34:00;100;com vítima;113,5;BR-101/RJ;Norte;Saida de Pista;1;;;;;;;;;;4;;1;;
22/01/2013;13:13:00;116;sem vítima;113;BR-101/RJ;Sul;Colisão Lateral;2;;;;;;;;;;5;;;;
18/08/2013;23:51:00;152;sem vítima;113,678;BR-101/RJ;Norte;Queda de Moto;;;;1;;;;;;;1;;;;
03/04/2014;19:25:00;181;sem vítima;113;BR-101/RJ;Sul;Saida de Pista;1;;;;;;;;;;2;;;;
19/05/2014;19:53:00;161;com vítima;113,05;BR-101/RJ;Norte;Colisão Frontal;1;;2;;;;;;;;3;1;;;
05/06/2014;10:42:00;90;sem vítima;113;BR-101/RJ;Sul;Colisão Traseira;;;1;;;;;;;1;2;;;;
07/06/2014;23:00:00;175;com vítima;113;BR-101/RJ;Sul;Queda de Moto;;;;1;;;;;;;0;;;1;
11/06/2014;06:10:00;34;sem vítima;113;BR-101/RJ;Norte;Colisão Lateral;;;2;;;;;;;;2;;;;
10/07/2014;11:46:00;79;sem vítima;113;BR-101/RJ;Norte;Colisão Traseira;;;1;;1;;;;;;2;;;;
25/08/2014;12:12:00;89;com vítima;113,117;BR-101/RJ;Sul;Capotamento;1;;;;;;;;;;0;3;;;
27/08/2014;17:07:00;120;sem vítima;113;BR-101/RJ;Sul;Colisão Traseira;2;;;;;;;;;;8;;;;
23/09/2014;20:34:00;163;sem vítima;113;BR-101/RJ;Sul;Colisão Lateral;2;;;;;;;;;;3;;;;
28/09/2014;19:32:00;125;sem vítima;113;BR-101/RJ;Sul;Engavetamento;1;;1;;;1;;;;;3;;;;
08/10/2014;17:33:00;133;sem vítima;113,524;BR-101/RJ;Norte;Colisão Traseira;1;;1;;;;;;;;5;;;;
18/11/2014;22:27:00;189;sem vítima;113;BR-101/RJ;Norte;Colisão Traseira;;;2;;;;;;;;2;;;;
23/11/2014;15:09:00;97;sem vítima;113;BR-101/RJ;Norte;Colisão Traseira;1;;;;;1;;;;;2;;;;
12/02/2015;11:31:00;91;sem vítima;113;BR-101/RJ;Sul;Colisão Traseira;1;;1;;;;;;;;5;0;0;0;0
15/02/2015;12:45:00;96;sem vítima;113;BR-101/RJ;Norte;Colisão Traseira;1;;1;;;;;;;;6;0;0;0;0
23/06/2015;09:28:00;64;sem vítima;113;BR-101/RJ;Norte;Colisão Traseira;;;1;;;;;;;1;5;;;;
06/09/2015;18:52:00;122;com vítima;113,531;BR-101/RJ;Norte;Queda de Moto;;;;1;;;;;;;0;1;;;
05/11/2015;13:41:00;124;com vítima;113;BR-101/RJ;Norte;Queda de Moto;;;;1;;;;;;;0;2;;;
16/11/2015;12:28:00;128;sem vítima;113;BR-101/RJ;Sul;Colisão Traseira;2;;;;;;;;;;5;;;;
27/12/2015;05:34:00;29;sem vítima;113,52;BR-101/RJ;Sul;Choque - Defensa, barreira ou "submarino";1;;;;;;;;;;1;;;;
04/06/2011;13:24:00;100;sem vítima;114,80000305175781;BR-101/RJ;Norte;Tombamento;;;1;;;;;;;;1;;;;
02/08/2011;06:21:00;38;sem vítima;114,5;BR-101/RJ;Sul;Colisão Lateral;1;;;;1;;;;;;3;;;;
15/11/2011;23:53:00;184;com vítima;114,5999984741211;BR-101/RJ;Sul;Colisão Frontal;1;;1;;;;;;;;1;;1;;2
27/11/2011;03:46:00;23;sem vítima;114;BR-101/RJ;Sul;Saida de Pista;1;;;;;;;;;;1;;;;
15/08/2012;07:44:00;38;sem vítima;114;BR-101/RJ;Sul;Saida de Pista;1;;;;;;;;;;2;;;;
25/10/2012;17:06:00;157;sem vítima;114;BR-101/RJ;Sul;Tombamento;;;1;;;;;;;;1;;;;
28/11/2012;10:22:00;77;sem vítima;114;BR-101/RJ;Sul;Saida de Pista;1;;;;;;;;;;2;;;;
03/06/2013;05:14:00;18;sem vítima;114,215;BR-101/RJ;Norte;Queda de Moto;;;;1;;;;;;;1;;;;
10/06/2013;12:46:00;98;com vítima;114,3;BR-101/RJ;Sul;Outros - Sequência;2;;1;;;;;;;;3;3;;;
05/09/2013;20:52:00;174;sem vítima;114,7;BR-101/RJ;Norte;Saida de Pista;;;1;;;;;;;;1;;;;
19/11/2013;20:23:00;173;com vítima;114,331;BR-101/RJ;Norte;Atropelamento - Andarilho;;;;;;1;;;;;1;;;;1
26/06/2014;08:18:00;29;sem vítima;114;BR-101/RJ;Norte;Choque - Defensa, barreira ou "submarino";1;;;;;;;;;;1;;;;
20/07/2014;09:22:00;47;com vítima;114;BR-101/RJ;Sul;Queda de Moto;;;;1;;;;;;;0;2;;;
29/04/2015;15:44:00;136;com vítima;114,48;BR-101/RJ;Sul;Capotamento;1;;;;;;;;;;0;1;;;
01/09/2015;14:31:00;152;sem vítima;114,9;BR-101/RJ;Norte;Choque - Defensa, barreira ou "submarino";1;;;;;;;;;;1;;;;
01/11/2015;09:20:00;64;com vítima;114,731;BR-101/RJ;Sul;Colisão Traseira;2;;;;;;;;;;2;2;;;
08/01/2010;16:26:00;135;sem vítima;115;BR-101/RJ;Norte;Objeto lançado contra veículo;1;;;;;;;;;;2;;;;
14/04/2010;02:57:00;15;com vítima;115;BR-101/RJ;Norte;Saida de Pista;;;1;;;;;;;;0;1;;;
06/06/2010;21:02:00;156;sem vítima;115;BR-101/RJ;Sul;Saida de Pista;1;;;;;;;;;;1;;;;
26/10/2010;06:13:00;14;sem vítima;115;BR-101/RJ;Sul;Saida de Pista;1;;;;;;;;;;1;;;;
22/12/2010;17:58:00;160;sem vítima;115;BR-101/RJ;Sul;Colisão Lateral;1;;;;;1;;;;;2;;;;
12/01/2011;15:40:00;104;com vítima;115;BR-101/RJ;Norte;Colisão Frontal;2;;;;;;;;;;0;;1;1;1
06/05/2011;09:00:00;45;sem vítima;115;BR-101/RJ;Norte;Colisão Traseira;;;2;;;;;;;;5;;;;
26/06/2011;13:20:00;72;sem vítima;115;BR-101/RJ;Norte;Colisão Traseira;2;;;;;1;;;;;5;;;;
29/10/2011;22:16:00;187;com vítima;115,9000015258789;BR-101/RJ;Norte;Queda de Moto;;;;1;;;;;;;0;;1;1;
01/11/2011;21:32:00;161;com vítima;115;BR-101/RJ;Norte;Queda de Moto;;;;1;;;;;;;0;;1;;
14/11/2011;02:55:00;14;sem vítima;115;BR-101/RJ;Sul;Colisão Lateral;;;1;;;1;;;;;2;;;;
05/12/2011;14:57:00;128;sem vítima;115;BR-101/RJ;Norte;Saida de Pista;;;1;;;;;;;;1;;;;
26/12/2011;15:26:00;124;sem vítima;115;BR-101/RJ;Norte;Saida de Pista;1;;;;;;;;;;1;;;;
17/03/2012;13:59:00;98;com vítima;115;BR-101/RJ;Norte;Colisão Traseira;1;;1;;;;;;;;3;2;;;
20/06/2012;09:04:00;62;com vítima;115,2;BR-101/RJ;Sul;Colisão Traseira;;;1;;1;;;;;;41;4;;;
15/07/2012;16:17:00;111;sem vítima;115;BR-101/RJ;Norte;Colisão Traseira;1;;;;;1;;;;;2;;;;
11/03/2013;07:11:00;46;sem vítima;115;BR-101/RJ;Sul;Colisão Traseira;2;;;;;;;;;;2;;;;
16/03/2013;07:08:00;55;sem vítima;115;BR-101/RJ;Sul;Colisão Traseira;2;;;;;;;;;;2;;;;
06/04/2013;05:45:00;22;com vítima;115,8;BR-101/RJ;Norte;Capotamento;1;;;;;;;;;;0;1;;;
28/07/2013;00:28:00;3;sem vítima;115,628;BR-101/RJ;Norte;Atropelamento de Animal;1;;;;;;;;;;1;;;;
10/08/2013;06:57:00;28;sem vítima;115;BR-101/RJ;Sul;Colisão Lateral;1;;1;;;;;;;;3;;;;
10/10/2013;23:28:00;177;com vítima;115,8;BR-101/RJ;Sul;Colisão Frontal;;;1;;1;;;;;;2;1;;;
09/11/2013;19:17:00;159;sem vítima;115;BR-101/RJ;Sul;Saida de Pista;1;;;;;;;;;;1;;;;
15/02/2014;10:57:00;93;sem vítima;115;BR-101/RJ;Norte;Capotamento;1;;;;;;;;;;2;;;;
08/03/2014;07:11:00;28;sem vítima;115;BR-101/RJ;Sul;Colisão Lateral;1;;;;1;;;;;;2;;;;
13/05/2014;22:31:00;198;com vítima;115,52;BR-101/RJ;Norte;Tombamento;;;3;;;;;;;;2;;1;;
04/06/2014;06:37:00;31;com vítima;115,1;BR-101/RJ;Norte;Saida de Pista;2;;;;1;;;;;1;33;11;1;;
04/06/2014;09:01:00;59;sem vítima;115,1;BR-101/RJ;Norte;Colisão Traseira;;;2;;;;;;;;2;;;;
11/11/2014;00:17:00;3;sem vítima;115;BR-101/RJ;Sul;Choque - Defensa, barreira ou "submarino";1;;;;;1;;;;;3;;;;
28/12/2014;14:01:00;85;sem vítima;115;BR-101/RJ;Norte;Saida de Pista;1;;;;;;;;;;3;;;;
21/06/2015;18:08:00;139;com vítima;115;BR-101/RJ;Sul;Colisão Lateral;1;;;1;;;;;;;2;2;1;;
12/04/2010;11:38:00;90;com vítima;116;BR-101/RJ;Norte;Colisão Frontal;2;;;;;;;;;;0;;;1;1
01/06/2010;18:14:00;141;com vítima;116;BR-101/RJ;Norte;Atropelamento - Ciclista;;1;;;;;;;;1;3;;;;1
19/08/2010;18:14:00;152;sem vítima;116;BR-101/RJ;Sul;Saida de Pista;1;;;;;;;;;;1;;;;
01/02/2011;12:51:00;102;sem vítima;116;BR-101/RJ;Norte;Colisão Traseira;1;;1;;;;;;;;2;;;;
02/06/2012;09:31:00;67;sem vítima;116;BR-101/RJ;Sul;Engavetamento;3;;;;;;;;;;5;;;;
13/08/2013;10:43:00;67;sem vítima;116;BR-101/RJ;Sul;Capotamento;;;1;;;;;;;;1;;;;