data;horario;n_da_ocorrencia;tipo_de_ocorrencia;km;trecho;sentido;tipo_de_acidente;automovel;bicicleta;caminhao;moto;onibus;outros;tracao_animal;transporte_de_cargas_especiais;trator_maquinas;utilitarios;ilesos;levemente_feridos;moderadamente_feridos;gravemente_feridos;mortos
02/05/2013;18:41:00;123;sem vítima;123;BR-101/RJ;Norte;Colisão Frontal;2;;1;;;;;;;;8;;;;
04/05/2013;14:24:00;106;sem vítima;123;BR-101/RJ;Norte;Colisão Traseira;;;2;;;;;;;;2;;;;
12/05/2013;19:14:00;137;com vítima;123;BR-101/RJ;Sul;Colisão Traseira;2;;;;;;;;;;5;2;;;
16/05/2013;16:14:00;109;sem vítima;123;BR-101/RJ;Sul;Colisão Traseira;;;2;;;;;;;;2;;;;
29/05/2013;07:08:00;31;sem vítima;123;BR-101/RJ;Norte;Colisão Traseira;1;;1;;;;;;;;6;;;;
07/06/2013;07:24:00;32;com vítima;123,088;BR-101/RJ;Sul;Colisão Traseira;1;;1;;;;;;;;8;1;;;
09/06/2013;17:13:00;104;sem vítima;123;BR-101/RJ;Sul;Colisão Traseira;;;1;;;1;;;;;2;;;;
16/07/2013;09:01:00;66;sem vítima;123;BR-101/RJ;Norte;Colisão Traseira;;;2;;;;;;;;2;;;;
17/07/2013;15:30:00;110;sem vítima;123;BR-101/RJ;Sul;Colisão Traseira;2;;;;;;;;;;3;;;;
20/07/2013;17:07:00;161;sem vítima;123;BR-101/RJ;Norte;Colisão Traseira;1;;1;;;;;;;;2;;;;
23/07/2013;15:34:00;106;sem vítima;123;BR-101/RJ;Sul;Colisão Traseira;2;;;;;;;;;;2;;;;
27/07/2013;14:27:00;103;sem vítima;123;BR-101/RJ;Norte;Colisão Traseira;1;;1;;;;;;;;4;;;;
28/07/2013;16:58:00;141;sem vítima;123;BR-101/RJ;Sul;Colisão Traseira;;;2;;;;;;;;4;;;;
22/08/2013;07:21:00;34;sem vítima;123;BR-101/RJ;Sul;Colisão Traseira;;;2;;;;;;;;5;;;;
27/08/2013;07:15:00;25;sem vítima;123;BR-101/RJ;Sul;Colisão Traseira;;;2;;;;;;;;2;;;;
06/09/2013;00:55:00;6;sem vítima;123,1;BR-101/RJ;Sul;Choque - Suporte de Sinalização;;;;;;;;;;1;2;;;;
16/09/2013;09:15:00;55;sem vítima;123;BR-101/RJ;Sul;Engavetamento;3;;;;;;;;;;11;;;;
23/09/2013;13:19:00;102;com vítima;123,1;BR-101/RJ;Sul;Colisão Traseira;;;1;;1;;;;;;1;;1;;
23/10/2013;01:34:00;7;sem vítima;123;BR-101/RJ;Sul;Choque - Defensa, barreira ou "submarino";;;1;;;;;;;;1;;;;
23/10/2013;09:57:00;63;sem vítima;123,111;BR-101/RJ;Sul;Colisão Traseira;1;;1;;;;;;;;2;;;;
02/12/2013;20:26:00;232;sem vítima;123;BR-101/RJ;Norte;Colisão Traseira;1;;1;;;;;;;;4;;;;
18/12/2013;17:23:00;151;sem vítima;123,1;BR-101/RJ;Sul;Colisão Traseira;1;;1;;;;;;;;5;;;;
22/12/2013;02:08:00;17;sem vítima;123;BR-101/RJ;Sul;Engavetamento;3;;;;;1;;;;;10;;;;
05/01/2014;07:40:00;34;sem vítima;123;BR-101/RJ;Norte;Colisão Lateral;1;;1;;;;;;;;2;;;;
10/01/2014;17:39:00;182;sem vítima;123,1;BR-101/RJ;Sul;Colisão Traseira;2;;;;;;;;;;2;;;;
12/01/2014;16:07:00;148;sem vítima;123;BR-101/RJ;Sul;Colisão Traseira;2;;;;;;;;;;2;;;;
18/01/2014;11:35:00;123;sem vítima;123;BR-101/RJ;Sul;Colisão Traseira;2;;;;;;;;;;2;;;;
04/02/2014;10:17:00;77;sem vítima;123;BR-101/RJ;Sul;Colisão Traseira;1;;1;;;;;;;;3;;;;
05/02/2014;19:06:00;186;sem vítima;123;BR-101/RJ;Sul;Colisão Traseira;;;2;;;;;;;;2;;;;
14/02/2014;08:02:00;60;sem vítima;123;BR-101/RJ;Sul;Colisão Traseira;1;;;;1;;;;;;3;;;;
27/02/2014;12:24:00;119;sem vítima;123;BR-101/RJ;Sul;Colisão Traseira;1;;1;;;;;;;;2;;;;
14/03/2014;10:32:00;74;sem vítima;123;BR-101/RJ;Sul;Colisão Traseira;2;;1;;;;;;;;3;;;;
08/04/2014;11:28:00;87;sem vítima;123,1;BR-101/RJ;Norte;Colisão Lateral;1;;1;;;;;;;;3;;;;
20/05/2014;02:43:00;12;sem vítima;123,151;BR-101/RJ;Sul;Colisão Traseira;;;2;;;;;;;;2;;;;
12/06/2014;06:11:00;33;sem vítima;123;BR-101/RJ;Sul;Colisão Traseira;;;2;;;;;;;;2;;;;
13/06/2014;07:54:00;38;sem vítima;123;BR-101/RJ;Norte;Colisão Traseira;1;;1;;;;;;;;4;;;;
07/07/2014;13:28:00;102;sem vítima;123;BR-101/RJ;Sul;Colisão Traseira;1;;1;;;;;;;;3;;;;
16/07/2014;15:27:00;112;sem vítima;123,1;BR-101/RJ;Sul;Colisão Traseira;2;;;;;;;;;;7;;;;
20/08/2014;14:05:00;100;sem vítima;123,12;BR-101/RJ;Sul;Colisão Traseira;;;1;;;;;;;1;3;;;;
29/08/2014;15:09:00;108;com vítima;123,613;BR-101/RJ;Sul;Saida de Pista;1;;;;;;;;;;0;1;;;
02/09/2014;17:58:00;137;sem vítima;123;BR-101/RJ;Norte;Colisão Traseira;;;1;;1;;;;;;2;;;;
06/09/2014;13:05:00;95;sem vítima;123;BR-101/RJ;Sul;Colisão Traseira;;;1;;1;;;;;;2;;;;
11/09/2014;06:43:00;27;sem vítima;123;BR-101/RJ;Norte;Colisão Traseira;1;;1;;;;;;;;2;;;;
09/10/2014;18:12:00;177;com vítima;123,4;BR-101/RJ;Sul;Colisão Frontal;1;;1;;;;;;;;1;;;1;
13/11/2014;16:33:00;144;sem vítima;123,1;BR-101/RJ;Norte;Colisão Lateral;1;;1;;;;;;;;3;;;;
18/11/2014;12:34:00;97;sem vítima;123;BR-101/RJ;Norte;Choque - Defensa, barreira ou "submarino";;;1;;;;;;;;1;;;;
04/12/2014;00:50:00;4;sem vítima;123;BR-101/RJ;Sul;Colisão Traseira;;;2;;;;;;;;2;;;;
14/12/2014;07:59:00;40;sem vítima;123;BR-101/RJ;Norte;Colisão Traseira;2;;;;;;;;;;9;;;;
21/01/2015;10:15:00;72;sem vítima;123;BR-101/RJ;Sul;Colisão Lateral;1;;1;;;;;;;;2;;;;
25/01/2015;15:43:00;90;com vítima;123;BR-101/RJ;Norte;Colisão Traseira;;;;1;;1;;;;;1;;1;;
25/01/2015;20:10:00;132;sem vítima;123;BR-101/RJ;Norte;Colisão Traseira;1;;;;;1;;;;;3;;;;
01/03/2015;15:18:00;89;sem vítima;123;BR-101/RJ;Sul;Colisão Traseira;2;;;;;;;;;;10;0;0;0;0
20/03/2015;14:15:00;106;sem vítima;123;BR-101/RJ;Sul;Colisão Traseira;;;1;;1;;;;;;2;0;0;0;0
20/03/2015;08:33:00;54;com vítima;123,1;BR-101/RJ;Sul;Colisão Traseira;;;1;;;;;;;1;0;5;0;0;0
02/04/2015;06:45:00;34;com vítima;123;BR-101/RJ;Sul;Queda de Moto;;;;1;;;;;;;0;1;;;
19/05/2015;12:09:00;101;sem vítima;123;BR-101/RJ;Norte;Colisão Traseira;2;;;;;;;;;;2;;;;
29/05/2015;15:18:00;104;sem vítima;123;BR-101/RJ;Sul;Colisão Traseira;;;1;;1;;;;;;2;;;;
15/06/2015;08:28:00;47;sem vítima;123;BR-101/RJ;Norte;Colisão Traseira;;;1;;1;;;;;;3;;;;
07/09/2015;18:45:00;168;sem vítima;123;BR-101/RJ;Norte;Colisão Traseira;;;;;2;;;;;;82;;;;
29/11/2015;12:11:00;91;sem vítima;123;BR-101/RJ;Sul;Colisão Traseira;1;;1;;;;;;;;6;;;;
07/01/2010;13:25:00;111;sem vítima;124;BR-101/RJ;Sul;Colisão Traseira;2;;;;;;;;;;5;;;;
15/08/2010;12:13:00;72;com vítima;124;BR-101/RJ;Norte;Queda de Moto;;;;1;;;;;;;0;1;;;
26/10/2010;08:52:00;49;sem vítima;124;BR-101/RJ;Norte;Saida de Pista;1;;;;;1;;;;;2;;;;
05/03/2011;12:11:00;166;com vítima;290;BR-101/RJ;Norte;Colisão Lateral;1;;;1;;;;;;;2;2;;;
13/11/2011;19:36:00;133;com vítima;124,9000015258789;BR-101/RJ;Norte;Colisão Frontal;1;;1;;;;;;;;0;;1;1;
14/06/2012;17:38:00;164;com vítima;124,2;BR-101/RJ;Norte;Atropelamento - Andarilho;;;;;;1;;;;;1;;;1;
28/10/2012;04:17:00;21;com vítima;124,964;BR-101/RJ;Sul;Colisão Traseira;2;;;;;;;;;;7;;1;;
22/04/2013;17:45:00;125;com vítima;124,463;BR-101/RJ;Sul;Colisão Traseira;2;;;;;1;;;;;7;1;;;
10/06/2013;09:03:00;64;com vítima;124;BR-101/RJ;Sul;Colisão Frontal;;;;;2;;;;;;1;1;;;
30/06/2013;14:56:00;90;com vítima;124,879;BR-101/RJ;Norte;Atropelamento - Outros;;;;1;;;;;;;0;3;;;
03/04/2014;16:03:00;147;sem vítima;124;BR-101/RJ;Sul;Colisão Traseira;1;;1;;;;;;;;3;;;;
04/04/2014;07:18:00;28;sem vítima;124,848;BR-101/RJ;Norte;Colisão Traseira;2;;;;;;;;;;2;;;;
14/12/2014;18:52:00;138;com vítima;124,913;BR-101/RJ;Norte;Colisão Traseira;2;;;;;;;;;;5;4;;;
20/04/2015;18:08:00;132;sem vítima;124;BR-101/RJ;Norte;Capotamento;1;;;;;;;;;;1;;;;
19/05/2015;06:45:00;27;sem vítima;124;BR-101/RJ;Sul;Colisão Traseira;2;;;;;;;;;;2;;;;
10/02/2010;08:21:00;72;sem vítima;125;BR-101/RJ;Sul;Colisão Transversal;1;;;;;;;;;1;4;;;;
02/08/2010;14:53:00;140;com vítima;125;BR-101/RJ;Sul;Colisão Lateral;;;;1;;1;;;;;1;2;;;
06/12/2010;10:46:00;112;sem vítima;125;BR-101/RJ;Sul;Saida de Pista;1;;;;;;;;;;1;;;;
23/12/2010;16:25:00;172;sem vítima;125;BR-101/RJ;Norte;Colisão Traseira;1;;1;;;;;;;;2;;;;
10/01/2011;17:30:00;174;sem vítima;125;BR-101/RJ;Norte;Colisão Traseira;2;;;;;;;;;;6;;;;
25/02/2011;22:30:00;205;com vítima;125;BR-101/RJ;Sul;Colisão Lateral;1;;;;;1;;;;;1;1;1;;
16/06/2011;12:32:00;94;com vítima;125;BR-101/RJ;Sul;Colisão Transversal;2;;;;;;;;;;2;3;;;
03/08/2011;19:43:00;133;sem vítima;125;BR-101/RJ;Norte;Engavetamento;1;;1;;1;;;;;;35;;;;
03/08/2011;20:41:00;142;com vítima;125,47599792480469;BR-101/RJ;Sul;Colisão Frontal;;;1;;;;;;;1;1;;1;;
16/09/2011;19:20:00;159;com vítima;125,30000305175781;BR-101/RJ;Norte;Capotamento;1;;;;;;;;;;0;2;;;
13/11/2011;13:18:00;76;com vítima;125;BR-101/RJ;Norte;Colisão Frontal;2;;;;;;;;;;2;2;;;
24/02/2012;14:04:00;97;sem vítima;125;BR-101/RJ;Sul;Choque - Defensa, barreira ou "submarino";1;;;;;;;;;;5;;;;
18/06/2012;04:27:00;24;com vítima;125;BR-101/RJ;Norte;Queda de Moto;;;;1;;;;;;;0;1;;;
22/07/2013;14:15:00;102;com vítima;125,763;BR-101/RJ;Sul;Capotamento;1;;;;;1;;;;;1;1;;;
07/11/2013;12:29:00;88;sem vítima;125,7;BR-101/RJ;Norte;Colisão Traseira;2;;;;;;;;;;3;;;;
21/11/2013;18:42:00;180;com vítima;125,055;BR-101/RJ;Sul;Colisão Transversal;1;;1;;;;;;;;1;;1;;
30/11/2013;18:09:00;179;sem vítima;125;BR-101/RJ;Norte;Colisão Lateral;1;;;;;1;;;;;2;;;;
16/12/2013;12:22:00;119;sem vítima;125,757;BR-101/RJ;Norte;Colisão Traseira;1;;1;;;;;;;;4;;;;
25/12/2013;22:37:00;197;sem vítima;125;BR-101/RJ;Sul;Colisão Transversal;2;;;;;;;;;;2;;;;
18/01/2014;23:16:00;218;sem vítima;125;BR-101/RJ;Norte;Colisão Traseira;2;;;;;;;;;;4;;;;
02/02/2014;12:30:00;78;sem vítima;125;BR-101/RJ;Sul;Colisão Traseira;1;;;1;;;;;;;2;;;;
13/02/2014;17:04:00;160;sem vítima;125;BR-101/RJ;Sul;Colisão Traseira;;;;;;;;;;2;2;;;;
17/02/2014;16:49:00;135;sem vítima;125;BR-101/RJ;Norte;Colisão Traseira;1;;1;;;;;;;;2;;;;
01/03/2014;01:39:00;27;sem vítima;125;BR-101/RJ;Sul;Colisão Traseira;2;;;;;;;;;;3;;;;
24/04/2014;09:37:00;70;sem vítima;125;BR-101/RJ;Norte;Engavetamento;;;2;;1;;;;;;4;;;;
07/06/2014;15:51:00;104;sem vítima;125;BR-101/RJ;Norte;Colisão Traseira;1;;1;;;;;;;;4;;;;
12/07/2014;02:51:00;21;sem vítima;125;BR-101/RJ;Norte;Saida de Pista;1;;;;;;;;;;5;;;;
25/07/2014;18:41:00;159;com vítima;125,05;BR-101/RJ;Norte;Colisão Traseira;1;;1;;;;;;;;1;;3;1;1
13/08/2014;03:49:00;14;sem vítima;125;BR-101/RJ;Norte;Colisão Traseira;;;1;;1;;;;;;2;;;;
15/08/2014;17:04:00;123;com vítima;125;BR-101/RJ;Sul;Engavetamento;3;;;;;;;;;;6;2;;;
03/09/2014;07:28:00;27;sem vítima;125;BR-101/RJ;Sul;Colisão Traseira;1;;1;;;;;;;;3;;;;
06/12/2014;06:11:00;20;sem vítima;125;BR-101/RJ;Norte;Colisão Traseira;2;;;;;;;;;;5;;;;
21/12/2014;07:40:00;43;sem vítima;125;BR-101/RJ;Norte;Colisão Traseira;1;;;;;;;;;1;6;;;;
22/01/2015;15:17:00;92;com vítima;125;BR-101/RJ;Sul;Tombamento;;;1;;;;;;;;0;1;;;
29/01/2015;07:34:00;24;sem vítima;125;BR-101/RJ;Sul;Colisão Traseira;2;;;;;;;;;;6;;;;
10/02/2015;02:08:00;7;com vítima;125;BR-101/RJ;Norte;Saida de Pista;1;;;;;;;;;;0;1;0;0;0
13/04/2015;18:57:00;178;com vítima;125;BR-101/RJ;Norte;Colisão Traseira;2;;;;;;;;;;6;2;1;;
22/05/2015;01:25:00;7;sem vítima;125;BR-101/RJ;Sul;Colisão Traseira;1;;;;1;;;;;;2;;;;
16/06/2015;17:32:00;144;sem vítima;125;BR-101/RJ;Norte;Engavetamento;3;;;;;;;;;;3;;;;
30/08/2015;16:36:00;106;sem vítima;125;BR-101/RJ;Sul;Colisão Traseira;2;;;;;;;;;;7;;;;
03/10/2015;12:45:00;103;com vítima;125,157;BR-101/RJ;Norte;Queda de Moto;;;;1;;;;;;;0;1;;;
13/10/2015;12:33:00;123;com vítima;125;BR-101/RJ;Norte;Saida de Pista;1;;;;;;;;;;1;;;1;
20/10/2015;12:20:00;133;com vítima;125,173;BR-101/RJ;Norte;Colisão Lateral;1;;1;;;;;;;;3;3;;;
25/07/2010;13:30:00;79;com vítima;126;BR-101/RJ;Norte;Choque - Outros;1;;;;;2;;;;;3;1;;;
26/12/2010;21:14:00;189;com vítima;126;BR-101/RJ;Sul;Objeto lançado contra veículo;2;;1;;1;;;;;;8;1;;;
02/01/2011;14:50:00;105;com vítima;126;BR-101/RJ;Sul;Colisão Frontal;1;;;;;1;;;;;1;;1;;
11/10/2011;09:44:00;58;sem vítima;126;BR-101/RJ;Sul;Saida de Pista;1;;;;;;;;;;3;;;;
23/12/2012;16:29:00;140;com vítima;126,8;BR-101/RJ;Sul;Colisão Frontal;3;;;;;;;;;;0;;3;1;6
17/04/2013;06:48:00;28;com vítima;126;BR-101/RJ;Sul;Engavetamento;2;;1;;1;;;;;;20;;1;;
24/09/2013;17:20:00;127;com vítima;126,452;BR-101/RJ;Sul;Saida de Pista;;;;;;;;;;1;0;2;;;
10/02/2014;17:03:00;152;sem vítima;126;BR-101/RJ;Sul;Choque - Arvore;1;;;;;;;;;;1;;;;
03/04/2014;15:29:00;138;sem vítima;126,3;BR-101/RJ;Sul;Saida de Pista;1;;;;;;;;;;1;;;;
07/11/2014;19:06:00;160;sem vítima;126;BR-101/RJ;Norte;Colisão Traseira;2;;;;;;;;;;4;;;;
24/02/2010;01:04:00;10;sem vítima;127;BR-101/RJ;Sul;Saida de Pista;1;;;;;;;;;;5;;;;
03/08/2010;23:04:00;178;com vítima;127;BR-101/RJ;Norte;Colisão Frontal;;;2;;;;;;;;0;;;;2
21/08/2010;14:02:00;101;com vítima;127;BR-101/RJ;Norte;Queda de Moto;;;;1;;;;;;;1;1;;;
18/10/2010;06:28:00;24;sem vítima;127;BR-101/RJ;Norte;Saida de Pista;1;;;;;;;;;;2;;;;
17/12/2011;09:57:00;56;com vítima;127;BR-101/RJ;Norte;Colisão Lateral;;;3;;;;;;;;2;1;;;
03/02/2012;18:47:00;173;sem vítima;127;BR-101/RJ;Norte;Colisão Traseira;2;;;;;;;;;;2;;;;
12/03/2012;15:43:00;138;sem vítima;127;BR-101/RJ;Sul;Colisão Frontal;2;;;;;;;;;;2;;;;
25/06/2012;17:12:00;132;sem vítima;127;BR-101/RJ;Sul;Engavetamento;;;4;;;;;;;;4;;;;
04/08/2012;09:48:00;70;sem vítima;127,5;BR-101/RJ;Sul;Saida de Pista;1;;;;;;;;;;1;;;;
13/08/2012;20:26:00;197;sem vítima;127;BR-101/RJ;Norte;Colisão Lateral;1;;1;;;;;;;;3;;;;
17/08/2012;04:44:00;13;com vítima;127,615;BR-101/RJ;Norte;Colisão Lateral;;;2;;;;;;;;1;;;;1
10/09/2012;05:36:00;29;com vítima;127;BR-101/RJ;Norte;Colisão Lateral;1;;;;1;;;;;;2;;;1;
04/01/2013;19:13:00;171;sem vítima;127;BR-101/RJ;Sul;Colisão Lateral;;;1;;;1;;;;;2;;;;
09/08/2013;10:00:00;53;com vítima;127;BR-101/RJ;Sul;Outros - Sequência;1;;;;;;;;;;0;1;;;
23/09/2013;12:16:00;90;sem vítima;127,172;BR-101/RJ;Sul;Colisão Traseira;;;2;;;;;;;;2;;;;
13/10/2013;16:00:00;120;sem vítima;127,78;BR-101/RJ;Sul;Engavetamento;2;;;;;1;;;;;7;;;;
15/11/2013;16:12:00;155;sem vítima;127;BR-101/RJ;Sul;Colisão Traseira;1;;1;;;;;;;;4;;;;
30/08/2014;06:52:00;20;com vítima;127,5;BR-101/RJ;Norte;Tombamento;;;1;;;;;;;;1;1;;;
11/09/2014;20:38:00;176;sem vítima;127,605;BR-101/RJ;Norte;Tombamento;;;1;;;;;;;;2;;;;
19/09/2014;05:08:00;20;sem vítima;127;BR-101/RJ;Norte;Atropelamento de Animal;1;;;;;;;;;1;6;;;;
29/09/2014;12:41:00;95;sem vítima;127;BR-101/RJ;Norte;Colisão Lateral;;;1;;;;;;;1;2;;;;
08/01/2015;16:51:00;127;com vítima;127,545;BR-101/RJ;Norte;Capotamento;1;;;;;;;;;;0;1;1;;
22/07/2015;06:16:00;20;com vítima;127,19;BR-101/RJ;Sul;Atropelamento - Usuário;1;;;;;1;;;;;5;;1;;
18/02/2010;04:43:00;36;com vítima;128;BR-101/RJ;Norte;Colisão Frontal;;;4;;;;;;;;4;2;;;1
29/08/2010;05:54:00;16;com vítima;128,60000610351562;BR-101/RJ;Sul;Colisão Frontal;1;;1;;;;;;;;1;;;;2
12/12/2010;20:04:00;170;com vítima;128;BR-101/RJ;Norte;Colisão Traseira;2;;;;;1;;;;;4;;1;;
19/12/2010;14:42:00;119;sem vítima;128;BR-101/RJ;Norte;Saida de Pista;1;;;;;;;;;;3;;;;
20/09/2011;11:02:00;60;com vítima;128,1999969482422;BR-101/RJ;Norte;Queda de Moto;;;1;1;;;;;;;1;;1;;
27/12/2011;10:39:00;75;com vítima;128,39999389648438;BR-101/RJ;Sul;Capotamento;2;;;;;;;;;;4;;1;;
18/02/2012;14:14:00;211;com vítima;128,8;BR-101/RJ;Sul;Saida de Pista;;;;;;;;;;1;0;;1;;
05/04/2012;18:18:00;173;sem vítima;128;BR-101/RJ;Norte;Colisão Lateral;1;;;;;1;;;;;4;;;;
01/07/2012;18:44:00;140;sem vítima;128;BR-101/RJ;Norte;Colisão Traseira;2;;;;;;;;;;5;;;;
29/09/2012;06:58:00;38;sem vítima;128;BR-101/RJ;Sul;Colisão Lateral;1;;2;;;1;;;;;6;;;;
20/11/2012;16:28:00;129;sem vítima;128;BR-101/RJ;Sul;Saida de Pista;1;;;;;;;;;;1;;;;
12/01/2013;21:01:00;143;sem vítima;128,883;BR-101/RJ;Norte;Colisão Transversal;1;;1;;;;;;;;2;;;;
26/03/2013;06:33:00;33;sem vítima;128;BR-101/RJ;Sul;Queda de Moto;;;;1;;;;;;;2;;;;
26/05/2013;09:25:00;48;com vítima;128;BR-101/RJ;Sul;Saida de Pista;1;;;;;;;;;;0;;1;;
26/07/2013;08:29:00;56;sem vítima;128;BR-101/RJ;Sul;Colisão Traseira;2;;;;;;;;;;2;;;;
06/10/2014;03:35:00;29;com vítima;128;BR-101/RJ;Norte;Saida de Pista;1;;;;;;;;;;0;1;;;
27/12/2014;06:41:00;21;com vítima;128,7;BR-101/RJ;Norte;Choque - Veiculo parado no acostamento;;;1;;;1;;;;;3;;;;1
16/12/2015;05:13:00;32;com vítima;128,381;BR-101/RJ;Sul;Capotamento;1;;;;;;;;;;5;;2;;
19/01/2010;11:13:00;93;sem vítima;129;BR-101/RJ;Sul;Choque - Defensa, barreira ou "submarino";1;;1;;;;;;;;4;;;;
17/01/2011;16:28:00;168;sem vítima;129;BR-101/RJ;Sul;Engavetamento;;;3;;;;;;;;4;;;;
03/05/2011;07:33:00;28;com vítima;129,6999969482422;BR-101/RJ;Sul;Colisão Frontal;1;;3;;;;;;;;3;;1;;2
03/08/2011;10:27:00;55;com vítima;129,8000030517578;BR-101/RJ;Norte;Tombamento;;;1;;;;;;;;0;1;1;1;
11/11/2011;06:15:00;20;sem vítima;129;BR-101/RJ;Norte;Colisão Lateral;1;;;;;1;;;;;4;;;;
11/11/2011;01:02:00;5;com vítima;129,5;BR-101/RJ;Sul;Colisão Lateral;;;;;1;1;;;;;1;;;1;
21/12/2011;12:17:00;104;sem vítima;129;BR-101/RJ;Norte;Saida de Pista;1;;;;;;;;;1;2;;;;
23/02/2012;07:25:00;53;com vítima;129,9;BR-101/RJ;Sul;Colisão Frontal;1;;1;1;;;;;;;5;;;;1
18/10/2012;23:07:00;192;com vítima;129,163;BR-101/RJ;Sul;Saida de Pista;1;;;;;;;;;;0;2;;;
26/10/2012;23:12:00;226;sem vítima;129,129;BR-101/RJ;Norte;Saida de Pista;1;;;;;;;;;;1;;;;
15/12/2012;16:09:00;134;sem vítima;129;BR-101/RJ;Sul;Colisão Traseira;2;;;;;;;;;;4;;;;
04/02/2013;16:49:00;145;com vítima;129;BR-101/RJ;Norte;Queda de Moto;;;;1;;;;;;;0;1;1;;
02/03/2013;23:14:00;182;sem vítima;129;BR-101/RJ;Norte;Capotamento;1;;;;;;;;;;1;;;;
02/06/2013;21:41:00;192;com vítima;129,95;BR-101/RJ;Norte;Colisão Lateral;1;;;;;1;;;;;3;1;1;;
26/08/2013;08:04:00;61;sem vítima;129,9;BR-101/RJ;Norte;Choque - Talude;1;;;;;;;;;;5;;;;
18/09/2013;10:12:00;83;sem vítima;129;BR-101/RJ;Norte;Saida de Pista;1;;1;;;;;;;;2;;;;
21/12/2013;02:14:00;13;com vítima;129,398;BR-101/RJ;Sul;Capotamento;1;;;;;;;;;;0;1;1;1;
28/12/2013;16:56:00;211;com vítima;129;BR-101/RJ;Norte;Saida de Pista;1;;;;;;;;;;1;;1;;
27/06/2015;09:07:00;59;com vítima;129,922;BR-101/RJ;Norte;Capotamento;1;;;;;;;;;;0;;;1;
12/09/2015;22:06:00;152;com vítima;129;BR-101/RJ;Norte;Choque - Defensa, barreira ou "submarino";1;;;;1;;;;;;1;1;;;
23/02/2010;06:36:00;34;sem vítima;130;BR-101/RJ;Sul;Colisão Lateral;1;;3;;;;;;;;7;;;;
09/06/2010;16:41:00;136;sem vítima;130;BR-101/RJ;Norte;Colisão Lateral;2;;;;;;;;;;3;;;;
10/11/2010;16:42:00;119;sem vítima;130;BR-101/RJ;Norte;Colisão Traseira;2;;;;;;;;;;2;;;;
07/11/2011;10:12:00;77;sem vítima;130;BR-101/RJ;Sul;Capotamento;1;;;;;;;;;;2;;;;
29/12/2011;22:52:00;201;com vítima;130,60000610351562;BR-101/RJ;Sul;Saida de Pista;1;;;;;;;;;;0;1;1;;
30/12/2011;12:41:00;97;sem vítima;130;BR-101/RJ;Sul;Saida de Pista;1;;1;;;;;;;;5;;;;
30/12/2011;13:04:00;102;sem vítima;130;BR-101/RJ;Sul;Colisão Traseira;1;;1;;;;;;;;2;;;;
28/02/2012;05:45:00;23;sem vítima;130;BR-101/RJ;Sul;Colisão Lateral;;;2;;;;;;;;5;;;;
15/03/2012;18:21:00;151;sem vítima;130;BR-101/RJ;Norte;Colisão Frontal;1;;1;;;;;;;;2;;;;
24/08/2012;15:48:00;120;sem vítima;130,2;BR-101/RJ;Norte;Engavetamento;;;3;;;;;;;;5;;;;
15/10/2012;07:52:00;30;sem vítima;130,2;BR-101/RJ;Norte;Queda de Moto;;;;1;;;;;;;1;;;;
08/02/2013;00:38:00;6;sem vítima;130;BR-101/RJ;Norte;Colisão Lateral;;;1;;;;;;;;1;;;;
28/02/2013;10:18:00;64;sem vítima;130;BR-101/RJ;Sul;Colisão Traseira;2;;;;;;;;;;5;;;;
18/09/2013;17:13:00;150;sem vítima;130,6;BR-101/RJ;Sul;Saida de Pista;;;;;;;;;;1;1;;;;
12/10/2013;09:14:00;71;sem vítima;130;BR-101/RJ;Sul;Colisão Lateral;1;;;;;1;;;;;2;;;;
24/10/2013;19:38:00;162;sem vítima;130;BR-101/RJ;Sul;Colisão Traseira;1;;;;;1;;;;;5;;;;
16/03/2014;14:52:00;106;com vítima;130;BR-101/RJ;Sul;Colisão Lateral;1;;;;;1;;;;;5;;1;;
27/07/2014;08:33:00;36;com vítima;130;BR-101/RJ;Norte;Saida de Pista;1;;;;;;;;;;0;;1;;
18/09/2014;03:01:00;12;sem vítima;130;BR-101/RJ;Norte;Colisão Lateral;1;;;;;1;;;;;3;;;;
01/01/2015;09:38:00;46;com vítima;130;BR-101/RJ;Norte;Choque - Talude;1;;;;;;;;;;0;2;;;
07/11/2015;21:26:00;175;sem vítima;130,7;BR-101/RJ;Sul;Choque - Outros;;;1;;;;;;;;1;;;;
29/07/2010;08:05:00;48;com vítima;131;BR-101/RJ;Norte;Saida de Pista;1;;;;;;;;;;0;2;;;
17/01/2011;14:42:00;147;com vítima;131;BR-101/RJ;Sul;Colisão Frontal;2;;;;;;;;;;1;2;2;2;
11/11/2012;21:34:00;177;sem vítima;131,961;BR-101/RJ;Norte;Tombamento;;;1;;;;;;;;1;;;;
13/11/2012;08:13:00;41;com vítima;131;BR-101/RJ;Sul;Colisão Frontal;2;;;;;;;;;;0;;1;;3
26/11/2012;16:19:00;142;com vítima;131,089;BR-101/RJ;Norte;Colisão Frontal;1;;1;;;;;;;;0;;3;;3
03/01/2013;14:10:00;127;sem vítima;131;BR-101/RJ;Norte;Colisão Traseira;2;;;;;;;;;;4;;;;
01/10/2013;15:06:00;100;sem vítima;131,179;BR-101/RJ;Sul;Colisão Lateral;1;;1;;1;;;;;;4;;;;
24/10/2013;18:01:00;144;sem vítima;131,9;BR-101/RJ;Norte;Engavetamento;1;;1;;1;;;;;;7;;;;
25/10/2013;17:07:00;162;sem vítima;131,887;BR-101/RJ;Norte;Engavetamento;1;;1;;;1;;;;;4;;;;
31/10/2013;07:47:00;25;sem vítima;131,771;BR-101/RJ;Norte;Engavetamento;1;;1;;;;;;;1;8;;;;
15/11/2013;01:14:00;11;com vítima;131,3;BR-101/RJ;Norte;Saida de Pista;1;;;;;;;;;;0;;1;;
28/12/2013;20:54:00;264;sem vítima;131,267;BR-101/RJ;Norte;Saida de Pista;1;;;;;;;;;;1;;;;