data;horario;n_da_ocorrencia;tipo_de_ocorrencia;km;trecho;sentido;tipo_de_acidente;automovel;bicicleta;caminhao;moto;onibus;outros;tracao_animal;transporte_de_cargas_especiais;trator_maquinas;utilitarios;ilesos;levemente_feridos;moderadamente_feridos;gravemente_feridos;mortos
09/11/2014;16:42:00;88;sem vítima;131,783;BR-101/RJ;Norte;Saida de Pista;1;;;;;;;;;;5;;;;
05/01/2015;00:21:00;2;com vítima;131;BR-101/RJ;Norte;Saida de Pista;1;;;;;;;;;;3;1;;;
23/02/2015;09:43:00;56;com vítima;131;BR-101/RJ;Sul;Capotamento;1;;;;;;;;;;0;2;;;
03/03/2015;09:33:00;56;com vítima;131;BR-101/RJ;Norte;Outros - Sequência;1;;;;;;;;;;0;1;0;0;0
11/04/2015;10:21:00;78;sem vítima;131;BR-101/RJ;Norte;Saida de Pista;1;;;;;;;;;;2;;;;
20/05/2015;07:43:00;46;sem vítima;131,4;BR-101/RJ;Sul;Colisão Traseira;;;1;;;;;;;;1;;;;
24/10/2015;03:25:00;21;sem vítima;131;BR-101/RJ;Norte;Capotamento;1;;;;;;;;;;1;;;;
21/12/2015;15:09:00;147;com vítima;131;BR-101/RJ;Sul;Capotamento;1;;;;;;;;;;1;1;;;
12/10/2010;10:48:00;55;sem vítima;132;BR-101/RJ;Norte;Colisão Lateral;1;;1;;;;;;;;5;;;;
05/10/2011;09:24:00;60;sem vítima;132;BR-101/RJ;Norte;Saida de Pista;1;;;;;;;;;;1;;;;
16/09/2012;13:02:00;83;sem vítima;132;BR-101/RJ;Norte;Colisão Traseira;2;;;;;;;;;;3;;;;
10/11/2012;17:31:00;138;sem vítima;132;BR-101/RJ;Sul;Colisão Traseira;1;;;;;;;;;;4;;;;
03/07/2013;09:52:00;56;com vítima;132,385;BR-101/RJ;Sul;Queda de Moto;;;;1;;;;;;;0;1;;;
05/07/2013;09:57:00;69;sem vítima;132,416;BR-101/RJ;Sul;Colisão Traseira;1;;;;;;;;;1;6;;;;
05/07/2013;13:33:00;106;sem vítima;132,8;BR-101/RJ;Sul;Colisão Traseira;;;;;;2;;;;;2;;;;
16/07/2013;11:18:00;83;com vítima;132,8;BR-101/RJ;Norte;Colisão Transversal;2;;;;;;;;;;2;5;;;
21/07/2013;09:05:00;51;com vítima;132,9;BR-101/RJ;Norte;Saida de Pista;1;;;;;;;;;;1;3;1;;
19/10/2013;09:58:00;74;sem vítima;132,124;BR-101/RJ;Sul;Colisão Traseira;1;;;;;1;;;;;2;;;;
04/12/2013;12:16:00;100;sem vítima;132,352;BR-101/RJ;Norte;Colisão Lateral;;;1;;;;;;;1;2;;;;
07/12/2013;11:26:00;117;sem vítima;132;BR-101/RJ;Norte;Colisão Traseira;2;;;;;;;;;;8;;;;
23/12/2013;19:17:00;211;com vítima;132,563;BR-101/RJ;Sul;Colisão Transversal;1;;1;;;;;;;;0;3;1;;
23/03/2015;08:41:00;68;com vítima;132;BR-101/RJ;Norte;Saida de Pista;1;;;;;;;;;;1;2;0;0;0
30/08/2015;11:27:00;60;com vítima;132;BR-101/RJ;Norte;Choque - Defensa, barreira ou "submarino";1;;;;;;;;;;0;1;;;
22/05/2011;12:37:00;82;com vítima;133;BR-101/RJ;Sul;Colisão Traseira;1;;1;;;;;;;;3;;1;;
07/06/2011;11:52:00;96;sem vítima;133;BR-101/RJ;Norte;Saida de Pista;1;;;;;;;;;;1;;;;
15/06/2011;06:14:00;33;sem vítima;133;BR-101/RJ;Sul;Saida de Pista;;;1;;;;;;;;2;;;;
16/08/2011;21:55:00;183;sem vítima;133,8000030517578;BR-101/RJ;Sul;Colisão Lateral;;;2;;;;;;;;2;;;;
07/09/2011;10:58:00;68;com vítima;133;BR-101/RJ;Norte;Queda de Moto;;;;1;;;;;;;0;2;;;
18/09/2011;17:48:00;124;com vítima;133;BR-101/RJ;Sul;Saida de Pista;1;;;;;;;;;;0;;1;;
06/12/2011;06:53:00;28;com vítima;133;BR-101/RJ;Sul;Saida de Pista;;;1;;;;;;;;0;1;1;;
20/12/2011;12:22:00;123;sem vítima;133;BR-101/RJ;Norte;Colisão Traseira;;;2;;;;;;;;2;;;;
21/01/2012;16:29:00;117;sem vítima;133;BR-101/RJ;Norte;Colisão Traseira;1;;1;;;;;;;;5;;;;
17/06/2012;21:26:00;164;com vítima;133;BR-101/RJ;Sul;Colisão Frontal;2;;;;;;;;;;0;1;;;2
12/08/2012;20:33:00;171;com vítima;133,045;BR-101/RJ;Sul;Colisão Traseira;;;1;1;;;;;;;1;;;;2
14/09/2012;04:18:00;15;sem vítima;133,655;BR-101/RJ;Norte;Saida de Pista;1;;;;;;;;;;1;;;;
13/11/2012;13:29:00;97;sem vítima;133;BR-101/RJ;Norte;Colisão Traseira;2;;;;;;;;;;2;;;;
26/10/2013;04:30:00;21;sem vítima;133,44;BR-101/RJ;Norte;Atropelamento de Animal;;;1;;;;;;;;1;;;;
19/02/2014;07:09:00;34;sem vítima;133,8;BR-101/RJ;Sul;Colisão Traseira;1;;1;;;;;;;;2;;;;
16/06/2014;10:22:00;93;sem vítima;133;BR-101/RJ;Norte;Tombamento;;;1;;;;;;;;2;;;;
17/10/2014;03:05:00;12;sem vítima;133;BR-101/RJ;Sul;Saida de Pista;;;1;;;;;;;;1;;;;
04/11/2014;16:15:00;143;com vítima;133,657;BR-101/RJ;Norte;Capotamento;;;;;;;;;;1;0;;1;;
23/03/2015;02:36:00;11;sem vítima;133;BR-101/RJ;Norte;Choque - Defensa, barreira ou "submarino";1;;;;;;;;;;4;0;0;0;0
06/04/2015;19:18:00;182;sem vítima;133;BR-101/RJ;Norte;Saida de Pista;1;;;;;;;;;;1;;;;
29/04/2015;16:07:00;139;com vítima;133;BR-101/RJ;Norte;Capotamento;1;;;;;;;;;;3;2;;;
11/06/2015;04:54:00;15;com vítima;133,463;BR-101/RJ;Sul;Outros - Sequência;1;;;;;;;;;;0;3;;;
10/12/2015;01:08:00;10;com vítima;133,95;BR-101/RJ;Sul;Colisão Traseira;;;2;;;;;;;;2;;1;;
31/05/2010;00:11:00;3;sem vítima;134;BR-101/RJ;Norte;Tombamento;1;;;;;;;;;;1;;;;
24/11/2010;14:43:00;105;sem vítima;134;BR-101/RJ;Norte;Colisão Lateral;;;;1;;1;;;;;2;;;;
08/12/2010;22:39:00;240;sem vítima;134;BR-101/RJ;Sul;Saida de Pista;;;1;;;;;;;;3;;;;
28/02/2011;23:34:00;235;com vítima;134,5;BR-101/RJ;Sul;Capotamento;;;;;;;;;;1;0;1;;;
11/03/2012;00:40:00;7;com vítima;134;BR-101/RJ;Sul;Atropelamento de Animal;1;;;;;;;;;;0;1;;;
11/03/2012;22:35:00;192;sem vítima;134;BR-101/RJ;Sul;Atropelamento de Animal;;;1;;;;;;;;1;;;;
13/03/2012;14:39:00;123;sem vítima;134;BR-101/RJ;Norte;Colisão Traseira;1;;;;;;;;;1;2;;;;
26/08/2012;21:03:00;163;com vítima;134,922;BR-101/RJ;Sul;Colisão Frontal;1;;;;;;;;;1;0;;1;2;2
30/08/2012;00:42:00;3;sem vítima;134;BR-101/RJ;Sul;Atropelamento de Animal;;;;;;;;;;1;2;;;;
06/10/2012;11:44:00;99;sem vítima;134;BR-101/RJ;Norte;Colisão Lateral;1;;1;;;;;;;;2;;;;
01/12/2012;12:37:00;86;sem vítima;134,8;BR-101/RJ;Norte;Saida de Pista;1;;;;;;;;;;2;;;;
28/04/2013;16:26:00;100;com vítima;134;BR-101/RJ;Sul;Colisão Traseira;1;;1;;;;;;;;2;1;;;
30/06/2013;17:53:00;117;sem vítima;134;BR-101/RJ;Norte;Colisão Lateral;2;;;;;;;;;;9;;;;
13/12/2013;21:56:00;195;sem vítima;134,74;BR-101/RJ;Sul;Saida de Pista;1;;;;;;;;;;1;;;;
05/01/2014;08:18:00;39;sem vítima;134;BR-101/RJ;Sul;Engavetamento;1;;;;;1;;;;1;4;;;;
21/01/2014;13:28:00;126;sem vítima;134;BR-101/RJ;Sul;Colisão Traseira;2;;;;;;;;;;7;;;;
11/02/2014;11:43:00;101;sem vítima;134,468;BR-101/RJ;Sul;Colisão Traseira;1;;1;;;;;;;;2;;;;
13/02/2014;10:39:00;90;sem vítima;134;BR-101/RJ;Norte;Colisão Traseira;1;;1;;;;;;;;6;;;;
20/03/2014;03:50:00;15;sem vítima;134,133;BR-101/RJ;Norte;Atropelamento de Animal;;;1;;;;;;;;1;;;;
14/04/2014;05:15:00;21;sem vítima;134;BR-101/RJ;Sul;Atropelamento de Animal;1;;;;;;;;;;1;;;;
20/04/2014;05:45:00;22;sem vítima;134;BR-101/RJ;Sul;Atropelamento de Animal;1;;;;;;;;;;1;;;;
15/06/2014;07:11:00;25;sem vítima;134;BR-101/RJ;Sul;Saida de Pista;1;;;;;;;;;;1;;;;
25/07/2014;10:23:00;70;sem vítima;134;BR-101/RJ;Norte;Saida de Pista;1;;;;;;;;;;3;;;;
02/10/2014;20:22:00;139;com vítima;134,155;BR-101/RJ;Norte;Atropelamento - Sem Informação;;;;;;1;;;;;1;;;;1
02/11/2014;09:18:00;52;com vítima;134,36;BR-101/RJ;Norte;Colisão Traseira;2;;;;;;;;;;3;;2;;
02/03/2015;05:11:00;24;com vítima;134;BR-101/RJ;Sul;Saida de Pista;1;;;;;;;;;;0;1;1;;
16/03/2010;19:27:00;169;sem vítima;135;BR-101/RJ;Sul;Colisão Lateral;1;;1;;;;;;;;5;;;;
26/09/2010;05:33:00;22;sem vítima;135;BR-101/RJ;Norte;Capotamento;1;;;;;;;;;;4;;;;
16/02/2011;17:40:00;165;sem vítima;135,3000030517578;BR-101/RJ;Sul;Colisão Lateral;1;;1;;;;;;;;2;;;;
18/11/2011;20:23:00;140;sem vítima;135;BR-101/RJ;Sul;Atropelamento de Animal;;;1;;;1;;;;;2;;;;
25/11/2011;21:02:00;182;com vítima;135;BR-101/RJ;Sul;Colisão Frontal;2;;;;;;;;;;0;;3;2;
10/08/2012;01:04:00;4;sem vítima;135,2;BR-101/RJ;Sul;Atropelamento de Animal;;;1;;;;;;;;1;;;;
23/11/2012;23:58:00;238;com vítima;135;BR-101/RJ;Norte;Colisão Frontal;2;;;;;;;;;;0;;2;3;1
28/06/2013;17:45:00;131;sem vítima;135;BR-101/RJ;Norte;Saida de Pista;1;;;;;;;;;;3;;;;
25/10/2013;10:03:00;76;sem vítima;135,463;BR-101/RJ;Sul;Engavetamento;2;;1;;;;;;;;4;;;;
17/12/2013;13:48:00;115;sem vítima;135;BR-101/RJ;Norte;Colisão Traseira;1;;1;;;;;;;;4;;;;
30/07/2014;14:19:00;104;sem vítima;135,8;BR-101/RJ;Norte;Saida de Pista;;;1;;;;;;;;1;;;;
06/01/2015;17:57:00;114;sem vítima;135;BR-101/RJ;Sul;Queda de Moto;;;;1;;;;;;;1;;;;
03/07/2015;20:02:00;206;com vítima;135;BR-101/RJ;Norte;Saida de Pista;1;;;;;;;;;;0;2;1;;
20/10/2015;10:11:00;107;com vítima;135,121;BR-101/RJ;Sul;Colisão Traseira;1;;1;;;;;;;;1;1;;;
10/01/2010;22:49:00;255;com vítima;136;BR-101/RJ;Sul;Colisão Lateral;;;2;;;;;;;;0;2;;;
03/02/2010;03:53:00;19;sem vítima;136;BR-101/RJ;Sul;Colisão Traseira;1;;;;;1;;;;;2;;;;
28/03/2010;03:22:00;17;com vítima;136;BR-101/RJ;Sul;Choque - Arvore;1;;;;;;;;;;0;1;;;
20/07/2010;11:03:00;83;com vítima;136;BR-101/RJ;Norte;Capotamento;1;;;;;;;;;;0;1;1;;
27/07/2010;08:12:00;46;sem vítima;136;BR-101/RJ;Sul;Colisão Lateral;1;;1;;;;;;;;2;;;;
08/01/2011;14:36:00;173;sem vítima;136;BR-101/RJ;Norte;Colisão Lateral;2;;;;;;;;;;6;;;;
05/03/2011;12:27:00;172;com vítima;170;BR-101/RJ;Norte;Colisão Traseira;2;;;;;;;;;;4;;1;;
22/12/2011;04:35:00;20;com vítima;136;BR-101/RJ;Norte;Colisão Frontal;2;;;;;;;;;;0;2;2;;
10/04/2012;12:05:00;84;com vítima;136,8;BR-101/RJ;Sul;Queda de Moto;;;;1;;;;;;;0;1;;;
08/06/2012;06:13:00;25;sem vítima;136,3;BR-101/RJ;Sul;Saida de Pista;;;1;;;;;;;;1;;;;
06/09/2012;07:59:00;36;sem vítima;136;BR-101/RJ;Sul;Colisão Traseira;;;2;;;;;;;;2;;;;
23/09/2012;18:44:00;125;sem vítima;136;BR-101/RJ;Sul;Colisão Traseira;1;;1;;;;;;;;5;;;;
13/10/2012;22:18:00;161;sem vítima;136;BR-101/RJ;Norte;Atropelamento de Animal;;;1;;;;;;;;1;;;;
07/12/2012;12:40:00;148;sem vítima;136;BR-101/RJ;Sul;Colisão Lateral;1;;1;;;;;;;;3;;;;
07/12/2012;13:01:00;156;sem vítima;136;BR-101/RJ;Norte;Colisão Lateral;;;3;;;;;;;;5;;;;
10/05/2013;19:41:00;159;sem vítima;136;BR-101/RJ;Norte;Colisão Lateral;1;;1;;;;;;;;2;;;;
10/06/2013;17:43:00;137;sem vítima;136;BR-101/RJ;Norte;Colisão Traseira;1;;;;;;;;;1;2;;;;
29/08/2014;16:01:00;119;com vítima;136;BR-101/RJ;Norte;Capotamento;1;;;;;;;;;;0;1;;;
07/10/2014;08:29:00;49;com vítima;136;BR-101/RJ;Norte;Capotamento;1;;;;;;;;;;0;1;;;
24/12/2014;03:10:00;17;sem vítima;136,5;BR-101/RJ;Norte;Saida de Pista;1;;;;;;;;;;1;;;;
27/11/2015;11:12:00;127;sem vítima;136,945;BR-101/RJ;Sul;Choque - Outros;1;;;;;;;;;;1;;;;
12/03/2010;19:11:00;182;com vítima;137;BR-101/RJ;Sul;Queda de Moto;;;;1;;;;;;;0;;;1;
04/11/2010;16:49:00;131;sem vítima;137;BR-101/RJ;Norte;Saida de Pista;1;;;;;;;;;;1;;;;
14/05/2012;22:02:00;181;sem vítima;137;BR-101/RJ;Sul;Colisão Lateral;;;2;;;;;;;;2;;;;
02/07/2012;14:58:00;109;sem vítima;137,75;BR-101/RJ;Sul;Saida de Pista;;;1;;;1;;;;;2;;;;
25/08/2012;15:46:00;127;com vítima;137;BR-101/RJ;Norte;Saida de Pista;1;;;;;;;;;;0;;1;;
03/01/2013;03:43:00;23;sem vítima;137,9;BR-101/RJ;Norte;Atropelamento de Animal;;;;;1;;;;;;37;;;;
21/04/2013;00:15:00;2;sem vítima;137;BR-101/RJ;Sul;Saida de Pista;1;;;;;;;;;;2;;;;
29/04/2013;15:11:00;114;com vítima;137,31;BR-101/RJ;Norte;Atropelamento - Ciclista;;1;;1;;;;;;;1;;1;;
17/10/2013;16:49:00;134;sem vítima;137;BR-101/RJ;Norte;Saida de Pista;;;1;;;;;;;;1;;;;
30/10/2013;16:45:00;140;com vítima;137,662;BR-101/RJ;Sul;Colisão Traseira;;;;1;;1;;;;;1;;2;;
20/12/2013;02:05:00;10;sem vítima;137,3;BR-101/RJ;Norte;Colisão Lateral;;;1;;;;;;;;1;;;;
28/12/2014;19:54:00;152;sem vítima;137;BR-101/RJ;Sul;Saida de Pista;1;;;;;;;;;;2;;;;
20/07/2015;23:15:00;213;com vítima;137;BR-101/RJ;Norte;Tombamento;;;1;;;;;;;;0;1;;;
08/09/2015;21:17:00;225;com vítima;137;BR-101/RJ;Sul;Choque - Suporte de Sinalização;1;;;;;;;;;;0;1;;;
18/10/2015;06:40:00;21;sem vítima;137,246;BR-101/RJ;Sul;Choque - Defensa, barreira ou "submarino";1;;;;;;;;;;1;;;;
15/11/2015;04:35:00;23;com vítima;137,17;BR-101/RJ;Sul;Saida de Pista;1;;;;;;;;;;1;;1;;
08/07/2010;13:24:00;85;sem vítima;138;BR-101/RJ;Norte;Colisão Lateral;1;;1;;;;;;;;5;;;;
05/10/2010;15:01:00;120;sem vítima;138;BR-101/RJ;Norte;Saida de Pista;1;;;;;;;;;;1;;;;
19/10/2010;12:54:00;95;sem vítima;138;BR-101/RJ;Sul;Saida de Pista;1;;;;;;;;;;1;;;;
11/11/2010;21:06:00;193;com vítima;138;BR-101/RJ;Sul;Colisão Lateral;;;3;;;;;;;;2;;1;;
20/02/2011;14:33:00;112;sem vítima;138;BR-101/RJ;Sul;Colisão Transversal;1;;1;;;;;;;;4;;;;
25/02/2011;00:39:00;5;sem vítima;138;BR-101/RJ;Sul;Atropelamento de Animal;1;;;;;;;;;;3;;;;
27/02/2011;20:15:00;189;sem vítima;138;BR-101/RJ;Sul;Saida de Pista;1;;1;;;;;;;;2;;;;
13/06/2011;18:12:00;151;com vítima;138;BR-101/RJ;Norte;Colisão Transversal;;;1;;;;;;;1;4;1;;;
05/08/2011;18:00:00;147;com vítima;138;BR-101/RJ;Norte;Atropelamento - Morador;1;;;;;;;;;;2;;;;1
12/11/2011;20:53:00;192;com vítima;138;BR-101/RJ;Norte;Atropelamento - Morador;1;;;;;;;;;;1;;;;1
16/03/2012;23:38:00;199;sem vítima;138;BR-101/RJ;Sul;Colisão Lateral;2;;;;;;;;;;2;;;;
07/05/2012;09:15:00;64;sem vítima;138;BR-101/RJ;Norte;Atropelamento de Animal;;;;;1;1;;;;;2;;;;
26/06/2012;11:10:00;79;com vítima;138,626;BR-101/RJ;Norte;Colisão Lateral;1;;;1;;;;;;;1;1;;;
02/07/2012;07:04:00;26;com vítima;138;BR-101/RJ;Sul;Colisão Traseira;2;;;;;;;;;;5;1;2;;
22/08/2012;19:24:00;201;com vítima;138,236;BR-101/RJ;Norte;Colisão Frontal;2;;;;;;;;;;0;1;3;;
23/08/2012;20:42:00;197;sem vítima;138,7;BR-101/RJ;Sul;Saida de Pista;;;1;;;;;;;;1;;;;
05/10/2012;11:22:00;109;sem vítima;138;BR-101/RJ;Sul;Colisão Lateral;1;;;;;;;;;1;2;;;;
04/12/2012;18:35:00;170;sem vítima;138;BR-101/RJ;Norte;Colisão Lateral;2;;;;;;;;;;2;;;;
19/05/2013;14:02:00;98;com vítima;138;BR-101/RJ;Sul;Colisão Transversal;2;;;;;;;;;;6;1;;;
25/05/2013;03:20:00;20;com vítima;138,3;BR-101/RJ;Norte;Tombamento;;;1;;;;;;;;1;1;;;
27/09/2013;07:24:00;31;sem vítima;138,5;BR-101/RJ;Sul;Colisão Transversal;1;;;;;;;;;1;3;;;;
16/10/2013;14:56:00;117;sem vítima;138,405;BR-101/RJ;Norte;Colisão Transversal;2;;;;;;;;;;3;;;;
06/11/2013;17:52:00;138;com vítima;138,48;BR-101/RJ;Sul;Atropelamento - Ciclista;1;1;;;;;;;;;2;;;1;
13/12/2013;19:01:00;168;sem vítima;138;BR-101/RJ;Sul;Colisão Transversal;2;;;;;;;;;;6;;;;
08/01/2014;18:01:00;161;sem vítima;138;BR-101/RJ;Sul;Colisão Transversal;2;;;;;;;;;;2;;;;
05/03/2014;07:45:00;52;sem vítima;138;BR-101/RJ;Norte;Choque - Suporte de Sinalização;1;;;;;;;;;;1;;;;
20/04/2014;10:24:00;48;sem vítima;138,144;BR-101/RJ;Sul;Colisão Traseira;2;;;;;;;;;;5;;;;
04/05/2014;14:36:00;81;com vítima;138,15;BR-101/RJ;Sul;Colisão Traseira;1;;;;;1;;;;;1;3;;;
22/05/2014;19:19:00;161;sem vítima;138;BR-101/RJ;Norte;Colisão Traseira;1;;;;;;;;;1;2;;;;
31/05/2014;17:38:00;127;sem vítima;138;BR-101/RJ;Norte;Colisão Traseira;2;;;;;;;;;;4;;;;
11/08/2014;06:32:00;27;sem vítima;138;BR-101/RJ;Sul;Colisão Lateral;1;;1;;;;;;;;4;;;;
12/08/2014;12:34:00;97;com vítima;138;BR-101/RJ;Norte;Colisão Lateral;;;1;1;;;;;;;1;1;;;
30/08/2014;18:12:00;121;sem vítima;138;BR-101/RJ;Sul;Tombamento;;;1;;;;;;;;1;;;;
01/10/2014;16:23:00;115;sem vítima;138;BR-101/RJ;Sul;Colisão Traseira;2;;;;;;;;;;6;;;;
14/12/2014;08:26:00;43;sem vítima;138;BR-101/RJ;Norte;Colisão Traseira;2;;;;;;;;;;4;;;;
24/12/2014;03:47:00;14;sem vítima;138;BR-101/RJ;Sul;Colisão Traseira;2;;;;;;;;;;2;;;;
22/08/2015;17:14:00;137;sem vítima;138;BR-101/RJ;Norte;Colisão Traseira;2;;;;;;;;;;4;;;;
25/09/2015;16:12:00;180;com vítima;138,6;BR-101/RJ;Sul;Colisão Traseira;1;;1;;;;;;;;0;1;;1;
10/02/2010;17:36:00;177;sem vítima;139;BR-101/RJ;Norte;Colisão Lateral;1;;1;;;;;;;;3;;;;
06/08/2010;11:16:00;74;com vítima;139;BR-101/RJ;Norte;Capotamento;;;1;;;;;;;;1;1;;;
05/03/2011;12:43:00;176;sem vítima;143;BR-101/RJ;Sul;Colisão Traseira;1;;;;;1;;;;;2;;;;
18/06/2011;16:28:00;114;sem vítima;139;BR-101/RJ;Sul;Colisão Lateral;2;;;;;;;;;;2;;;;
24/09/2011;21:03:00;142;com vítima;139;BR-101/RJ;Norte;Saida de Pista;1;;;;;;;;;;2;1;;;
12/02/2012;19:10:00;152;com vítima;139;BR-101/RJ;Sul;Queda de Moto;;;;1;;;;;;;0;1;;;
15/02/2012;17:22:00;150;sem vítima;139;BR-101/RJ;Norte;Saida de Pista;;;1;;;;;;;;1;;;;
16/02/2012;13:54:00;117;com vítima;139,5;BR-101/RJ;Norte;Saida de Pista;1;;;;;;;;;;0;1;1;;
17/02/2012;06:53:00;45;sem vítima;139;BR-101/RJ;Sul;Colisão Lateral;2;;;;;;;;;;6;;;;
06/04/2012;08:08:00;54;sem vítima;139;BR-101/RJ;Norte;Colisão Traseira;2;;;;;;;;;;10;;;;
22/07/2012;15:04:00;106;sem vítima;139;BR-101/RJ;Sul;Engavetamento;3;;;;;;;;;;5;;;;
05/08/2012;15:05:00;100;com vítima;139;BR-101/RJ;Norte;Saida de Pista;1;;;;;;;;;;0;;2;;
17/08/2012;09:31:00;52;sem vítima;139;BR-101/RJ;Sul;Colisão Transversal;2;;;;;;;;;;3;;;;
17/08/2012;06:49:00;19;com vítima;139,836;BR-101/RJ;Norte;Saida de Pista;1;;;;;;;;;;0;;1;;
03/09/2012;09:15:00;55;com vítima;139;BR-101/RJ;Sul;Colisão Transversal;2;;;;;;;;;;2;1;1;;
26/10/2012;21:48:00;217;sem vítima;139;BR-101/RJ;Norte;Colisão Traseira;1;;;;;1;;;;;6;;;;
01/12/2012;05:44:00;27;sem vítima;139;BR-101/RJ;Norte;Saida de Pista;1;;;;;;;;;;1;;;;
08/02/2013;11:28:00;131;sem vítima;139,5;BR-101/RJ;Sul;Colisão Lateral;;;2;;;;;;;;3;;;;
06/07/2013;19:30:00;163;com vítima;139,763;BR-101/RJ;Norte;Colisão Frontal;2;;;;;;;;;;0;;2;2;2
09/07/2013;07:03:00;35;com vítima;139;BR-101/RJ;Sul;Saida de Pista;1;;;;;;;;;;0;1;;;
18/07/2013;06:16:00;31;com vítima;139,738;BR-101/RJ;Sul;Saida de Pista;1;;;;;;;;;;0;1;;;
27/07/2013;08:12:00;44;com vítima;139,5;BR-101/RJ;Norte;Colisão Traseira;2;;;;;;;;;;9;1;;;
05/01/2014;17:19:00;137;sem vítima;139,717;BR-101/RJ;Norte;Choque - Defensa, barreira ou "submarino";1;;;;;;;;;;1;;;;
10/01/2014;16:49:00;169;com vítima;139,41;BR-101/RJ;Norte;Colisão Traseira;;;2;;;;;;;;3;1;;;
28/02/2014;20:47:00;236;com vítima;139;BR-101/RJ;Norte;Queda de Moto;;;;1;;;;;;;0;1;;;
02/04/2014;17:26:00;156;sem vítima;139;BR-101/RJ;Norte;Colisão Traseira;1;;;;;1;;;;;2;;;;
22/08/2014;13:44:00;98;sem vítima;139;BR-101/RJ;Sul;Colisão Lateral;1;;1;;;;;;;;3;;;;
29/10/2014;00:05:00;2;sem vítima;139,8;BR-101/RJ;Norte;Tombamento;;;1;;;;;;;;1;;;;
03/11/2014;16:24:00;146;com vítima;139,858;BR-101/RJ;Norte;Capotamento;1;;;;;;;;;;0;3;;;
24/12/2014;07:03:00;39;com vítima;139;BR-101/RJ;Norte;Capotamento;1;;;;;;;;;;1;;1;;
23/03/2015;06:06:00;19;sem vítima;139;BR-101/RJ;Sul;Colisão Traseira;2;;;;;;;;;;3;0;0;0;0
25/03/2010;01:33:00;10;sem vítima;140,5;BR-101/RJ;Sul;Tombamento;;;1;;;;;;;;1;;;;
11/06/2010;23:12:00;181;com vítima;140;BR-101/RJ;Sul;Saida de Pista;1;;;;;;;;;;0;;1;;
05/07/2010;17:50:00;147;com vítima;140;BR-101/RJ;Sul;Atropelamento - Andarilho;;;;1;;1;;;;;1;;;1;1
22/10/2010;10:16:00;50;com vítima;140;BR-101/RJ;Sul;Capotamento;1;;;;;;;;;;0;1;;;
19/11/2010;20:51:00;201;com vítima;140;BR-101/RJ;Sul;Atropelamento - Andarilho;1;;;;;;;;;;1;;;;1
01/01/2011;18:40:00;128;sem vítima;140;BR-101/RJ;Norte;Queda de Moto;;;;1;;;;;;;1;;;;
13/02/2011;12:45:00;73;sem vítima;140;BR-101/RJ;Sul;Capotamento;1;;;;;;;;;;5;;;;
27/11/2011;00:29:00;7;com vítima;140,10000610351562;BR-101/RJ;Sul;Saida de Pista;1;;;;;;;;;;0;1;;;
06/03/2012;15:52:00;140;com vítima;140,3;BR-101/RJ;Norte;Colisão Traseira;;;3;;;;;;;;4;1;;;
26/05/2012;04:50:00;26;com vítima;140;BR-101/RJ;Sul;Colisão Traseira;1;;1;;;;;;;;2;;1;;
22/04/2013;04:59:00;19;com vítima;140,933;BR-101/RJ;Norte;Capotamento;1;;;;;;;;;;0;2;;;
08/06/2013;23:28:00;191;com vítima;140,2;BR-101/RJ;Norte;Colisão Lateral;2;;;;;;;;;;8;1;;;
17/06/2013;07:24:00;29;com vítima;140;BR-101/RJ;Sul;Queda de Moto;;;;1;;;;;;;0;2;;;
27/11/2013;14:52:00;144;sem vítima;140;BR-101/RJ;Sul;Colisão Lateral;1;;1;;;;;;;;2;;;;
23/12/2013;08:53:00;76;sem vítima;140,049;BR-101/RJ;Sul;Colisão Traseira;;;1;;;1;;;;;4;;;;
28/12/2013;11:15:00;109;sem vítima;140,018;BR-101/RJ;Norte;Colisão Frontal;1;;;;;1;;;;;3;;;;
04/01/2014;09:40:00;70;sem vítima;140;BR-101/RJ;Sul;Colisão Traseira;2;;;;;;;;;;5;;;;
04/01/2014;13:26:00;133;com vítima;140,15;BR-101/RJ;Sul;Colisão Frontal;4;;;;;;;;;;7;;1;;
15/01/2014;16:23:00;133;sem vítima;140,07;BR-101/RJ;Norte;Colisão Lateral;;;1;;1;;;;;;25;;;;
09/05/2014;16:36:00;141;sem vítima;140;BR-101/RJ;Sul;Saida de Pista;1;;;;;;;;;;3;;;;
16/08/2014;06:50:00;24;sem vítima;140;BR-101/RJ;Norte;Saida de Pista;1;;;;;;;;;;1;;;;
01/09/2014;04:17:00;22;sem vítima;140;BR-101/RJ;Norte;Colisão Traseira;1;;1;;;;;;;;2;;;;
13/10/2014;23:08:00;230;com vítima;140,076;BR-101/RJ;Norte;Tombamento;1;;1;;;;;;;;6;1;;;
06/11/2014;23:50:00;183;sem vítima;140;BR-101/RJ;Sul;Saida de Pista;1;;;;;;;;;;1;;;;
24/01/2015;05:45:00;22;com vítima;140;BR-101/RJ;Norte;Saida de Pista;1;;;;;;;;;;0;3;;;
30/11/2015;06:24:00;36;sem vítima;140;BR-101/RJ;Sul;Saida de Pista;1;;;;;;;;;;1;;;;
08/05/2010;17:48:00;154;com vítima;141;BR-101/RJ;Sul;Colisão Traseira;1;;;;;;;;;1;2;1;;;
25/02/2011;17:56:00;162;sem vítima;141;BR-101/RJ;Norte;Choque - Talude;1;;;;;;;;;;1;;;;
12/06/2011;20:59:00;153;sem vítima;141;BR-101/RJ;Norte;Capotamento;1;;;;;;;;;;2;;;;
25/10/2012;23:17:00;224;sem vítima;141,646;BR-101/RJ;Sul;Saida de Pista;;;1;;;;;;;;1;;;;
07/01/2013;21:40:00;210;sem vítima;141;BR-101/RJ;Norte;Capotamento;1;;;;;;;;;;1;;;;