data;horario;n_da_ocorrencia;tipo_de_ocorrencia;km;trecho;sentido;tipo_de_acidente;automovel;bicicleta;caminhao;moto;onibus;outros;tracao_animal;transporte_de_cargas_especiais;trator_maquinas;utilitarios;ilesos;levemente_feridos;moderadamente_feridos;gravemente_feridos;mortos
31/03/2013;18:37:00;148;com vítima;141,2;BR-101/RJ;Sul;Colisão Traseira;1;;;;1;;;;;;3;3;;;
10/06/2013;17:41:00;135;com vítima;141,5;BR-101/RJ;Norte;Colisão Lateral;1;;1;;;;;;;;1;1;2;;
09/09/2013;10:59:00;95;com vítima;141,158;BR-101/RJ;Norte;Colisão Traseira;2;;;;;;;;;;2;1;;;
10/10/2013;09:12:00;53;com vítima;141,425;BR-101/RJ;Norte;Saida de Pista;1;;;;;;;;;;1;1;;;
20/08/2014;12:12:00;81;sem vítima;141;BR-101/RJ;Sul;Colisão Traseira;2;;1;;;;;;;;3;;;;
18/09/2014;13:31:00;103;com vítima;141,737;BR-101/RJ;Norte;Colisão Traseira;;;2;;;;;;;;1;1;;;
19/10/2014;17:26:00;117;com vítima;141,877;BR-101/RJ;Norte;Queda de Moto;;;;1;;1;;;;;1;;1;;1
12/10/2015;13:14:00;84;com vítima;141,351;BR-101/RJ;Norte;Capotamento;1;;;;;;;;;;1;1;;;
17/11/2015;16:19:00;152;com vítima;141,529;BR-101/RJ;Sul;Capotamento;1;;;;;;;;;;0;1;;;
21/12/2015;14:26:00;142;sem vítima;141;BR-101/RJ;Norte;Choque - Outros;;;1;;;;;;;;1;;;;
07/01/2010;13:54:00;115;sem vítima;142;BR-101/RJ;Sul;Colisão Traseira;3;;;;;;;;;;6;;;;
05/08/2010;07:37:00;37;com vítima;142;BR-101/RJ;Norte;Saida de Pista;1;;;;;;;;;;0;;1;;
28/08/2010;18:42:00;161;sem vítima;142;BR-101/RJ;Sul;Saida de Pista;1;;;;;;;;;;2;;;;
31/01/2011;13:01:00;114;sem vítima;142;BR-101/RJ;Norte;Colisão Traseira;2;;;;;;;;;;5;;;;
05/03/2011;14:00:00;199;sem vítima;290;BR-101/RJ;Norte;Colisão Lateral;;;1;1;;;;;;;2;;;;
20/05/2011;15:24:00;114;com vítima;142;BR-101/RJ;Norte;Engavetamento;3;;1;;;;;;;;2;4;2;;
23/09/2011;19:37:00;168;com vítima;142,5;BR-101/RJ;Sul;Queda de Moto;;;;1;;;;;;;0;2;;;
26/10/2011;16:15:00;105;sem vítima;142;BR-101/RJ;Norte;Colisão Traseira;2;;;;;;;;;;3;;;;
28/10/2011;18:08:00;144;sem vítima;142;BR-101/RJ;Norte;Colisão Traseira;2;;;;;;;;;;6;;;;
14/01/2012;11:51:00;74;sem vítima;142;BR-101/RJ;Sul;Colisão Lateral;2;;;;;;;;;;2;;;;
19/01/2012;08:13:00;45;sem vítima;142;BR-101/RJ;Sul;Saida de Pista;1;;;;;;;;;;3;;;;
18/07/2012;08:15:00;45;sem vítima;142;BR-101/RJ;Sul;Colisão Traseira;2;;;;;;;;;;2;;;;
17/08/2012;04:02:00;10;sem vítima;142;BR-101/RJ;Norte;Colisão Lateral;;;2;;;;;;;;2;;;;
15/10/2012;13:32:00;101;sem vítima;142;BR-101/RJ;Sul;Engavetamento;3;;;;;;;;;;10;;;;
29/12/2012;17:16:00;174;sem vítima;142,127;BR-101/RJ;Sul;Colisão Traseira;3;;;;;;;;;;8;;;;
29/12/2012;16:59:00;173;sem vítima;142,7;BR-101/RJ;Norte;Saida de Pista;1;;;;;;;;;;3;;;;
26/02/2013;05:53:00;16;com vítima;142,2;BR-101/RJ;Norte;Atropelamento - Andarilho;;;;;;1;;;;;1;;1;;
17/05/2013;07:20:00;39;com vítima;142;BR-101/RJ;Norte;Outros - Sequência;2;;;;;;;;;;0;4;;;
17/05/2013;07:00:00;34;com vítima;142,6;BR-101/RJ;Sul;Capotamento;1;;;;;;;;;;0;1;;;
15/06/2013;18:40:00;155;com vítima;142;BR-101/RJ;Sul;Colisão Traseira;;;;1;;1;;;;;1;;1;;
19/06/2013;09:00:00;51;sem vítima;142;BR-101/RJ;Sul;Colisão Traseira;1;;1;;;;;;;;2;;;;
15/07/2013;06:50:00;45;sem vítima;142,8;BR-101/RJ;Norte;Capotamento;1;;;;;;;;;;1;;;;
23/01/2014;09:15:00;53;sem vítima;142,8;BR-101/RJ;Norte;Colisão Traseira;2;;;;;1;;;;;3;;;;
25/01/2014;09:00:00;46;com vítima;142,188;BR-101/RJ;Sul;Colisão Traseira;2;;;;;;;;;;2;6;1;;
26/01/2014;11:55:00;72;com vítima;142,2;BR-101/RJ;Sul;Engavetamento;3;;;;;;;;;;4;2;;;
29/01/2014;07:55:00;53;sem vítima;142;BR-101/RJ;Sul;Engavetamento;2;;1;;;;;;;;4;;;;
08/02/2014;18:58:00;165;sem vítima;142;BR-101/RJ;Norte;Colisão Traseira;1;;;;;1;;;;;2;;;;
09/02/2014;17:55:00;126;com vítima;142,08;BR-101/RJ;Norte;Saida de Pista;1;;;;;;;;;;0;1;;;
18/04/2014;22:54:00;235;com vítima;142,555;BR-101/RJ;Norte;Queda de Moto;;;;1;;;;;;;0;;1;;
30/06/2014;22:34:00;174;sem vítima;142,228;BR-101/RJ;Norte;Colisão Traseira;;;2;;;;;;;;2;;;;
05/07/2014;06:45:00;26;sem vítima;142;BR-101/RJ;Sul;Saida de Pista;1;;;;;;;;;;1;;;;
13/07/2014;19:40:00;123;sem vítima;142;BR-101/RJ;Norte;Atropelamento de Animal;1;;;;;;;;;;1;;;;
19/09/2014;09:55:00;68;sem vítima;142,536;BR-101/RJ;Sul;Capotamento;1;;;;;;;;;;2;;;;
21/09/2014;03:38:00;12;com vítima;142;BR-101/RJ;Sul;Choque - Defensa, barreira ou "submarino";1;;;;;;;;;;0;1;;;
17/11/2014;09:57:00;73;sem vítima;142;BR-101/RJ;Norte;Colisão Lateral;1;;1;;;;;;;;5;;;;
25/11/2014;06:43:00;26;sem vítima;142;BR-101/RJ;Sul;Colisão Lateral;1;;;;;1;;;;;2;;;;
31/12/2014;16:56:00;165;com vítima;142;BR-101/RJ;Sul;Queda de Moto;;;;1;;;;;;;0;;2;;
01/03/2015;16:24:00;100;com vítima;142;BR-101/RJ;Sul;Colisão Traseira;2;;;;;;;;;;2;0;1;0;0
27/09/2015;10:56:00;63;sem vítima;142,206;BR-101/RJ;Norte;Colisão Traseira;1;;1;;;;;;;;2;;;;
16/12/2015;19:24:00;226;sem vítima;142;BR-101/RJ;Sul;Choque - Defensa, barreira ou "submarino";;;1;;;;;;;;2;;;;
24/12/2015;13:26:00;146;sem vítima;142;BR-101/RJ;Sul;Choque - Defensa, barreira ou "submarino";1;;;;;;;;;;1;;;;
07/09/2010;22:13:00;208;sem vítima;143;BR-101/RJ;Sul;Colisão Lateral;2;;;;;;;;;;5;;;;
05/03/2011;14:13:00;203;sem vítima;171;BR-101/RJ;Norte;Colisão Traseira;2;;;;;;;;;;9;;;;
05/03/2011;14:32:00;209;sem vítima;5;BR-101/RJ;Norte;Saida de Pista;1;;;;;;;;;;1;;;;
05/03/2011;14:41:00;213;com vítima;283;BR-101/RJ;Norte;Saida de Pista;1;;;;;;;;;;1;1;;;
19/08/2011;06:08:00;30;sem vítima;143,39999389648438;BR-101/RJ;Norte;Colisão Frontal;2;;1;;;;;;;;6;;;;
12/01/2012;03:33:00;19;sem vítima;143,5;BR-101/RJ;Sul;Colisão Lateral;;;2;;;;;;;;4;;;;
12/07/2012;18:52:00;158;sem vítima;143,5;BR-101/RJ;Norte;Colisão Traseira;2;;;;;;;;;;6;;;;
05/11/2012;01:33:00;9;sem vítima;143,4;BR-101/RJ;Sul;Atropelamento de Animal;1;;;;;;;;;;3;;;;
17/03/2013;00:15:00;4;com vítima;143,42;BR-101/RJ;Sul;Choque - Defensa, barreira ou "submarino";1;;;;;;;;;;0;;1;;
02/07/2013;12:16:00;72;com vítima;143,2;BR-101/RJ;Norte;Colisão Frontal;2;;;;;;;;;;0;1;3;;
28/10/2013;15:01:00;106;com vítima;143,03;BR-101/RJ;Norte;Queda de Moto;;;;1;;;;;;;0;1;;;
02/11/2013;04:03:00;29;sem vítima;143,6;BR-101/RJ;Norte;Colisão Lateral;1;;;;;1;;;;;6;;;;
11/01/2014;06:42:00;30;com vítima;143,96;BR-101/RJ;Norte;Queda de Moto;;;;1;;1;;;;;1;;;1;
16/01/2014;11:34:00;87;sem vítima;143;BR-101/RJ;Sul;Colisão Traseira;1;;1;;;;;;;;2;;;;
05/03/2014;17:11:00;161;com vítima;143;BR-101/RJ;Sul;Saida de Pista;1;;;;;;;;;;3;;1;;
30/09/2014;13:29:00;92;sem vítima;143;BR-101/RJ;Norte;Colisão Traseira;2;;;;;;;;;;2;;;;
07/02/2015;20:43:00;145;sem vítima;143;BR-101/RJ;Sul;Colisão Traseira;2;;;;;;;;;;9;0;0;0;0
19/02/2015;16:47:00;160;sem vítima;143;BR-101/RJ;Sul;Colisão Traseira;2;;;;;;;;;;2;0;0;0;0
20/02/2015;01:02:00;5;sem vítima;143,4;BR-101/RJ;Sul;Colisão Traseira;;;1;;;1;;;;;2;0;0;0;0
21/02/2015;15:35:00;127;sem vítima;143;BR-101/RJ;Sul;Choque - Suporte de Sinalização;1;;;;;;;;;;4;0;0;0;0
16/03/2015;04:57:00;24;com vítima;143,5;BR-101/RJ;Sul;Colisão Traseira;;;2;;;;;;;;2;0;1;0;0
23/03/2015;07:30:00;45;sem vítima;143;BR-101/RJ;Sul;Colisão Traseira;1;;;;;1;;;;;2;0;0;0;0
27/03/2015;10:09:00;87;com vítima;143,016;BR-101/RJ;Sul;Queda de Moto;;;;1;;;;;;;0;1;0;0;0
30/03/2015;06:20:00;17;sem vítima;143,733;BR-101/RJ;Sul;Colisão Traseira;2;;;;;;;;;;2;0;0;0;0
06/04/2015;07:39:00;44;com vítima;143,506;BR-101/RJ;Sul;Engavetamento;2;;;;;;;;;1;4;2;;;
20/07/2015;15:15:00;141;com vítima;143;BR-101/RJ;Norte;Colisão Lateral;;;;1;;1;;;;;2;1;;;
26/07/2015;20:54:00;171;com vítima;143;BR-101/RJ;Sul;Colisão Traseira;2;;;;;;;;;;2;1;;;
30/07/2015;00:40:00;3;sem vítima;143;BR-101/RJ;Sul;Colisão Traseira;1;;;;;1;;;;;2;;;;
21/08/2015;16:19:00;134;com vítima;143;BR-101/RJ;Sul;Queda de Moto;;;;1;;;;;;;0;;;1;
26/08/2015;13:07:00;111;sem vítima;143;BR-101/RJ;Norte;Colisão Transversal;2;;;;;;;;;;4;;;;
03/09/2015;03:49:00;19;sem vítima;143,185;BR-101/RJ;Sul;Colisão Traseira;;;1;;;;;;;1;3;;;;
26/10/2015;11:58:00;109;sem vítima;143,791;BR-101/RJ;Sul;Colisão Traseira;2;;;;;;;;;;2;;;;
06/11/2015;16:58:00;163;sem vítima;143;BR-101/RJ;Sul;Colisão Traseira;2;;;;;;;;;;2;;;;
13/12/2015;07:59:00;51;sem vítima;143,7;BR-101/RJ;Sul;Choque - Suporte de Sinalização;1;;;;;;;;;;1;;;;
19/12/2015;07:46:00;67;com vítima;143,79;BR-101/RJ;Sul;Capotamento;1;;;;;;;;;;1;1;1;;
20/12/2015;17:34:00;153;com vítima;143;BR-101/RJ;Norte;Colisão Frontal;1;;;;1;;;;;;1;1;;;
19/02/2010;10:19:00;59;com vítima;144;BR-101/RJ;Sul;Saida de Pista;;;1;;;;;;;;0;;1;;
19/04/2010;08:31:00;50;sem vítima;144;BR-101/RJ;Norte;Colisão Traseira;2;;;;;;;;;;2;;;;
22/04/2010;07:29:00;37;sem vítima;144;BR-101/RJ;Sul;Colisão Lateral;2;;;;;;;;;;3;;;;
08/05/2010;15:35:00;138;com vítima;144;BR-101/RJ;Sul;Colisão Frontal;1;;1;;;;;;;;0;1;1;2;1
22/06/2010;20:22:00;145;sem vítima;144;BR-101/RJ;Sul;Saida de Pista;;;;;;;;;;1;1;;;;
23/08/2010;21:25:00;185;sem vítima;144;BR-101/RJ;Sul;Colisão Transversal;;;1;;;1;;;;;2;;;;
23/09/2010;12:35:00;94;sem vítima;144;BR-101/RJ;Norte;Colisão Lateral;1;;1;;;;;;;;2;;;;
26/10/2010;06:50:00;23;sem vítima;144;BR-101/RJ;Sul;Saida de Pista;1;;;;;;;;;;1;;;;
24/11/2010;17:53:00;144;sem vítima;144;BR-101/RJ;Sul;Colisão Traseira;2;;;;;;;;;;3;;;;
15/01/2011;19:05:00;156;com vítima;144;BR-101/RJ;Sul;Colisão Transversal;2;;;;;;;;;;2;;1;;
05/03/2011;14:56:00;218;sem vítima;194;BR-101/RJ;Norte;Colisão Traseira;2;;;;;;;;;;8;;;;
07/09/2011;06:11:00;24;sem vítima;144;BR-101/RJ;Norte;Colisão Lateral;2;;;;;;;;;;4;;;;
17/09/2011;08:25:00;58;sem vítima;144;BR-101/RJ;Norte;Colisão Traseira;1;;;;;1;;;;;2;;;;
22/09/2011;20:28:00;151;com vítima;144;BR-101/RJ;Norte;Colisão Frontal;2;;;;;;;;;;0;2;;1;
07/10/2011;05:35:00;22;sem vítima;144;BR-101/RJ;Norte;Saida de Pista;1;;;;;;;;;;3;;;;
11/10/2011;14:09:00;112;com vítima;144;BR-101/RJ;Norte;Colisão Transversal;1;;1;;;;;;;;1;5;;;
23/11/2011;17:48:00;129;sem vítima;144;BR-101/RJ;Norte;Saida de Pista;1;;;;;;;;;;2;;;;
28/12/2011;08:03:00;40;sem vítima;144;BR-101/RJ;Sul;Saida de Pista;1;;;;;;;;;;1;;;;
06/01/2012;23:53:00;227;sem vítima;144;BR-101/RJ;Sul;Saida de Pista;1;;;;;;;;;;5;;;;
23/02/2012;03:46:00;25;sem vítima;144;BR-101/RJ;Sul;Saida de Pista;1;;;;;;;;;;1;;;;
04/05/2012;22:41:00;206;sem vítima;144;BR-101/RJ;Norte;Colisão Lateral;1;;;;1;;;;;;3;;;;
07/07/2012;08:52:00;53;sem vítima;144;BR-101/RJ;Sul;Engavetamento;3;;;;;;;;;;8;;;;
09/07/2012;08:43:00;51;com vítima;144;BR-101/RJ;Norte;Colisão Frontal;;;2;;;;;;;;0;1;;2;
10/07/2012;05:31:00;19;sem vítima;144;BR-101/RJ;Sul;Colisão Frontal;;;2;;;;;;;;4;;;;
10/07/2012;12:04:00;76;sem vítima;144;BR-101/RJ;Norte;Colisão Traseira;;;2;;;;;;;;5;;;;
10/07/2012;12:04:00;88;sem vítima;144;BR-101/RJ;Sul;Colisão Lateral;1;;2;;;;;;;;7;;;;
13/09/2012;22:36:00;198;com vítima;144,532;BR-101/RJ;Norte;Colisão Lateral;;;2;;;;;;;;1;1;;;
21/01/2013;13:42:00;119;sem vítima;144;BR-101/RJ;Norte;Saida de Pista;1;;;;;;;;;;1;;;;
13/02/2013;13:37:00;140;com vítima;144;BR-101/RJ;Norte;Queda de Moto;;;;1;;;;;;;0;;1;;
25/02/2013;18:43:00;170;com vítima;144;BR-101/RJ;Norte;Colisão Traseira;1;;1;;;;;;;;3;1;;;
15/03/2013;20:42:00;184;com vítima;144;BR-101/RJ;Sul;Capotamento;1;;;;;;;;;;0;4;;;
22/04/2013;01:11:00;5;com vítima;144,378;BR-101/RJ;Norte;Capotamento;1;;;;;;;;;;0;2;;;
25/04/2013;04:54:00;17;com vítima;144,411;BR-101/RJ;Norte;Capotamento;1;;;;;;;;;;0;3;;;
26/04/2013;16:43:00;167;sem vítima;144;BR-101/RJ;Norte;Colisão Traseira;;;2;;;;;;;;2;;;;
08/05/2013;17:23:00;127;sem vítima;144,491;BR-101/RJ;Norte;Colisão Transversal;1;;1;;;;;;;;5;;;;
17/05/2013;18:20:00;152;sem vítima;144;BR-101/RJ;Norte;Choque - Defensa, barreira ou "submarino";1;;;;;;;;;;4;;;;
02/06/2013;11:47:00;74;com vítima;144;BR-101/RJ;Sul;Saida de Pista;1;;;;;;;;;;0;;1;;
07/06/2013;01:35:00;5;sem vítima;144,66;BR-101/RJ;Sul;Saida de Pista;;;1;;;;;;;;2;;;;
21/06/2013;15:30:00;121;sem vítima;144,696;BR-101/RJ;Sul;Colisão Traseira;2;;;;;;;;;;6;;;;
14/07/2013;00:03:00;2;sem vítima;144;BR-101/RJ;Norte;Saida de Pista;1;;;;;;;;;;5;;;;
14/10/2013;09:08:00;60;sem vítima;144,422;BR-101/RJ;Sul;Colisão Frontal;2;;;;;;;;;;5;;;;
07/11/2013;21:23:00;182;sem vítima;144,216;BR-101/RJ;Norte;Saida de Pista;1;;;;;;;;;;1;;;;
23/11/2013;19:52:00;175;com vítima;144,5;BR-101/RJ;Norte;Saida de Pista;1;;1;;;;;;;;1;;4;;
08/12/2013;09:04:00;53;com vítima;144;BR-101/RJ;Norte;Queda de Moto;;;;1;;;;;;;0;1;;;
08/12/2013;19:54:00;175;com vítima;144,624;BR-101/RJ;Norte;Atropelamento - Sem Informação;;;;;;1;;;;;1;;;;1
07/01/2014;09:43:00;64;com vítima;144,87;BR-101/RJ;Sul;Engavetamento;1;;2;;;1;;;;;5;1;;;
05/03/2011;15:25:00;224;com vítima;11;BR-101/RJ;Norte;Saida de Pista;1;;;;;;;;;;0;1;2;;
28/01/2014;21:03:00;194;com vítima;144,387;BR-101/RJ;Sul;Saida de Pista;1;;;;;;;;;;0;1;;;
07/04/2014;07:49:00;50;com vítima;144;BR-101/RJ;Sul;Queda de Moto;;;;1;;;;;;;0;;1;;
03/05/2014;09:04:00;43;sem vítima;144;BR-101/RJ;Norte;Choque - Poste;1;;;;;;;;;;2;;;;
03/05/2014;09:45:00;48;sem vítima;144;BR-101/RJ;Sul;Colisão Traseira;1;;;;;;;;;1;4;;;;
01/06/2014;06:28:00;32;sem vítima;144,47;BR-101/RJ;Sul;Colisão Lateral;2;;;;;;;;;;5;;;;
31/07/2014;16:41:00;134;com vítima;144;BR-101/RJ;Sul;Colisão Frontal;2;;;;;;;;;;2;1;2;;
08/08/2014;18:22:00;170;com vítima;144,34;BR-101/RJ;Norte;Colisão Transversal;;;2;;;;;;;;3;;1;;
21/01/2015;18:30:00;179;sem vítima;144;BR-101/RJ;Sul;Colisão Traseira;1;;;;;1;;;;;2;;;;
14/02/2015;17:08:00;227;sem vítima;144;BR-101/RJ;Norte;Engavetamento;2;;;;;1;;;;;5;0;0;0;0
15/02/2015;02:17:00;17;sem vítima;144;BR-101/RJ;Sul;Colisão Traseira;2;;;;;;;;;;5;0;0;0;0
16/02/2015;18:04:00;84;sem vítima;144;BR-101/RJ;Sul;Saida de Pista;1;;;;;;;;;;4;0;0;0;0
22/02/2015;17:13:00;120;sem vítima;144;BR-101/RJ;Norte;Colisão Traseira;2;;;;;;;;;;3;;;;
24/02/2015;08:13:00;43;sem vítima;144;BR-101/RJ;Norte;Colisão Traseira;1;;1;;;;;;;;2;;;;
25/02/2015;18:24:00;140;sem vítima;144;BR-101/RJ;Norte;Colisão Lateral;1;;1;;;;;;;;2;;;;
21/03/2015;14:50:00;110;sem vítima;144;BR-101/RJ;Sul;Colisão Traseira;1;;;;;1;;;;;2;0;0;0;0
10/04/2015;22:14:00;229;sem vítima;144;BR-101/RJ;Norte;Saida de Pista;1;;;;;;;;;;1;;;;
17/04/2015;16:30:00;156;sem vítima;144;BR-101/RJ;Norte;Colisão Lateral;1;;;;1;;;;;;2;;;;
07/07/2015;03:41:00;13;com vítima;144,935;BR-101/RJ;Norte;Tombamento;;;1;;;;;;;;0;1;;;
10/07/2015;15:52:00;158;sem vítima;144;BR-101/RJ;Norte;Colisão Lateral;1;;1;;;;;;;;5;;;;
04/08/2015;00:47:00;4;sem vítima;144,122;BR-101/RJ;Sul;Saida de Pista;;;1;;;;;;;;1;;;;
05/10/2015;14:12:00;127;sem vítima;144,915;BR-101/RJ;Norte;Colisão Traseira;;;2;;;;;;;;2;;;;
08/11/2015;00:30:00;4;com vítima;144,365;BR-101/RJ;Sul;Capotamento;1;;;;;;;;;;0;;1;;
21/11/2015;15:17:00;113;sem vítima;144,146;BR-101/RJ;Sul;Saida de Pista;1;;;;;;;;;;3;;;;
31/12/2015;15:07:00;179;com vítima;144;BR-101/RJ;Sul;Capotamento;1;;;;;;;;;;1;;1;;
08/03/2010;01:49:00;9;com vítima;145;BR-101/RJ;Sul;Saida de Pista;1;;;;;;;;;;0;1;;;
06/04/2010;05:39:00;23;com vítima;145;BR-101/RJ;Sul;Saida de Pista;1;;;;;;;;;;0;;1;;
17/07/2010;22:42:00;233;sem vítima;145;BR-101/RJ;Sul;Saida de Pista;1;;;;;;;;;;4;;;;
09/12/2010;08:57:00;48;sem vítima;145;BR-101/RJ;Sul;Colisão Frontal;;;1;;;1;;;;;2;;;;
01/01/2011;19:22:00;137;sem vítima;145;BR-101/RJ;Norte;Queda de Moto;;;;1;;;;;;;1;;;;
05/03/2011;16:02:00;236;sem vítima;222;BR-101/RJ;Norte;Colisão Traseira;2;;;;;1;;;;;12;;;;
05/03/2011;16:10:00;237;com vítima;207;BR-101/RJ;Norte;Engavetamento;3;;1;;;;;;;;7;1;;;
14/09/2011;21:00:00;155;sem vítima;145;BR-101/RJ;Norte;Saida de Pista;1;;;;;;;;;;1;;;;
04/11/2011;15:30:00;120;com vítima;145,10000610351562;BR-101/RJ;Sul;Colisão Lateral;1;;1;;;;;;;;2;1;;1;
31/12/2011;19:43:00;142;sem vítima;145;BR-101/RJ;Norte;Saida de Pista;1;;;;;;;;;;4;;;;
24/01/2012;13:58:00;118;sem vítima;145,85;BR-101/RJ;Norte;Colisão Traseira;2;;;;;;;;;;4;;;;
22/03/2012;17:30:00;133;sem vítima;145;BR-101/RJ;Norte;Saida de Pista;1;;;;;;;;;;1;;;;
31/03/2012;14:28:00;99;com vítima;145;BR-101/RJ;Norte;Saida de Pista;1;;;;;;;;;;0;1;;;
08/06/2012;09:27:00;66;com vítima;145;BR-101/RJ;Sul;Saida de Pista;;;;;;;;;;1;0;2;;;
07/07/2012;07:43:00;46;sem vítima;145;BR-101/RJ;Sul;Saida de Pista;1;;;;;;;;;;2;;;;
01/08/2012;15:54:00;140;sem vítima;145,3;BR-101/RJ;Sul;Saida de Pista;1;;;;;;;;;;2;;;;
10/08/2012;17:23:00;166;sem vítima;145,397;BR-101/RJ;Sul;Engavetamento;4;;;;;;;;;;10;;;;
18/08/2012;14:58:00;105;com vítima;145,264;BR-101/RJ;Sul;Saida de Pista;1;;;;;;;;;;0;;2;;
01/02/2013;21:01:00;210;sem vítima;145;BR-101/RJ;Sul;Tombamento;;;1;;;;;;;;2;;;;
12/03/2013;18:45:00;154;sem vítima;145;BR-101/RJ;Norte;Saida de Pista;1;;;;;;;;;;1;;;;
14/04/2013;09:09:00;50;com vítima;145;BR-101/RJ;Norte;Capotamento;1;;;;;;;;;;0;1;;;
07/05/2013;06:12:00;23;sem vítima;145;BR-101/RJ;Norte;Saida de Pista;1;;;;;;;;;;1;;;;
07/05/2013;13:31:00;24;com vítima;145;BR-101/RJ;Norte;Saida de Pista;;;;;;;;;;1;0;;2;;
07/05/2013;06:15:00;25;sem vítima;145;BR-101/RJ;Norte;Saida de Pista;;;1;;;;;;;;1;;;;
07/05/2013;06:28:00;27;sem vítima;145;BR-101/RJ;Norte;Saida de Pista;1;;;;;;;;;;1;;;;
18/05/2013;19:11:00;145;com vítima;145;BR-101/RJ;Norte;Engavetamento;4;;;;;1;;;;;7;1;1;;
18/05/2013;17:00:00;124;com vítima;145,068;BR-101/RJ;Sul;Outros;1;;;;;;;;;1;1;;;;5
18/05/2013;17:00:00;139;sem vítima;145,068;BR-101/RJ;Norte;Colisão Traseira;1;;;;;1;;;;;3;;;;
23/07/2013;01:38:00;9;sem vítima;145,739;BR-101/RJ;Sul;Colisão Lateral;1;;1;;;;;;;;5;;;;
08/04/2014;00:44:00;6;com vítima;145,219;BR-101/RJ;Sul;Choque - Veiculo parado no acostamento;;;2;;;;;;;;1;;;1;1
04/09/2014;08:11:00;29;sem vítima;145,2;BR-101/RJ;Sul;Saida de Pista;1;;;;;;;;;;2;;;;
29/01/2015;10:37:00;67;com vítima;145;BR-101/RJ;Norte;Choque - Talude;;;1;;;;;;;;0;;1;;
31/01/2015;02:32:00;15;sem vítima;145;BR-101/RJ;Norte;Saida de Pista;;;1;;;;;;;;1;;;;
15/03/2015;21:16:00;164;sem vítima;145;BR-101/RJ;Norte;Colisão Traseira;1;;;;;;;;;1;2;0;0;0;0
20/05/2015;05:45:00;30;com vítima;145,69;BR-101/RJ;Norte;Colisão Traseira;1;;;;;1;;;;;1;;2;;
06/06/2015;08:53:00;46;sem vítima;145,545;BR-101/RJ;Norte;Colisão Traseira;1;;;;;;;;;1;11;;;;
19/06/2015;15:16:00;117;sem vítima;145;BR-101/RJ;Sul;Colisão Traseira;2;;;;;;;;;;5;;;;
29/07/2015;02:33:00;8;sem vítima;145,6;BR-101/RJ;Norte;Colisão Traseira;1;;;;1;1;;;;;6;;;;
30/07/2015;18:14:00;165;sem vítima;145,589;BR-101/RJ;Norte;Colisão Traseira;;;2;;;;;;;;2;;;;
17/08/2015;09:07:00;78;sem vítima;145,22;BR-101/RJ;Norte;Colisão Traseira;2;;;;;;;;;;4;;;;
21/08/2015;22:01:00;178;com vítima;145;BR-101/RJ;Norte;Colisão Traseira;;;1;;1;;;;;;1;;;1;
28/08/2015;18:19:00;171;sem vítima;145,762;BR-101/RJ;Sul;Colisão Traseira;;;2;;;;;;;;2;;;;
30/08/2015;16:34:00;105;sem vítima;145;BR-101/RJ;Norte;Colisão Traseira;2;;;;;;;;;;9;;;;
05/09/2015;08:26:00;57;sem vítima;145,442;BR-101/RJ;Norte;Colisão Traseira;2;;;;;;;;;;7;;;;
05/09/2015;16:09:00;147;sem vítima;145,59;BR-101/RJ;Norte;Choque - Suporte de Sinalização;1;;;;;;;;;;1;;;;
12/09/2015;01:29:00;8;com vítima;145,37;BR-101/RJ;Norte;Engavetamento;1;;1;;1;1;;;;;1;5;;1;
23/09/2015;01:18:00;11;sem vítima;145;BR-101/RJ;Norte;Colisão Traseira;;;2;;;;;;;;2;;;;
12/10/2015;17:22:00;136;sem vítima;145;BR-101/RJ;Sul;Engavetamento;3;;;;;;;;;;3;;;;
17/10/2015;01:57:00;12;sem vítima;145;BR-101/RJ;Sul;Colisão Traseira;1;;1;;;;;;;;4;;;;
29/10/2015;20:27:00;198;sem vítima;145;BR-101/RJ;Norte;Colisão Traseira;2;;;;;;;;;;6;;;;
30/10/2015;12:54:00;96;sem vítima;145,86;BR-101/RJ;Norte;Colisão Traseira;1;;1;;;;;;;;5;;;;
31/10/2015;22:07:00;209;sem vítima;145,638;BR-101/RJ;Norte;Colisão Traseira;;;2;;;;;;;;2;;;;
05/12/2015;01:11:00;7;sem vítima;145,445;BR-101/RJ;Norte;Colisão Traseira;;;2;;;;;;;;3;;;;
14/02/2010;07:55:00;73;com vítima;146,5;BR-101/RJ;Sul;Saida de Pista;1;;;;;;;;;;0;2;;1;
30/07/2010;09:52:00;65;com vítima;146;BR-101/RJ;Sul;Saida de Pista;;;;;;;;;;1;0;1;1;;
21/09/2010;01:09:00;5;com vítima;146;BR-101/RJ;Sul;Colisão Lateral;;;3;;;;;;;;3;1;;;
05/11/2010;15:18:00;119;sem vítima;146;BR-101/RJ;Sul;Saida de Pista;;;1;;;;;;;;1;;;;
12/11/2010;05:30:00;23;com vítima;146;BR-101/RJ;Sul;Colisão Lateral;;;2;;;;;;;;2;1;;;
14/01/2011;15:34:00;126;sem vítima;146;BR-101/RJ;Sul;Saida de Pista;1;;;;;;;;;;2;;;;
09/10/2011;21:58:00;194;sem vítima;146;BR-101/RJ;Sul;Colisão Lateral;;;2;;;;;;;;2;;;;
19/10/2011;21:55:00;170;com vítima;146;BR-101/RJ;Sul;Colisão Frontal;1;;;;;1;;;;;1;;;;1
09/01/2012;12:40:00;100;com vítima;146;BR-101/RJ;Norte;Outros - Sequência;1;;;;1;;;;;;1;1;;;
28/01/2012;06:51:00;41;sem vítima;146;BR-101/RJ;Sul;Outros - Sequência;1;;;;;;;;;;1;;;;
10/04/2012;01:49:00;10;sem vítima;146;BR-101/RJ;Sul;Saida de Pista;1;;;;;;;;;;1;;;;
19/10/2013;05:00:00;34;sem vítima;146;BR-101/RJ;Norte;Colisão Lateral;;;1;;1;;;;;;3;;;;