data;horario;n_da_ocorrencia;tipo_de_ocorrencia;km;trecho;sentido;tipo_de_acidente;automovel;bicicleta;caminhao;moto;onibus;outros;tracao_animal;transporte_de_cargas_especiais;trator_maquinas;utilitarios;ilesos;levemente_feridos;moderadamente_feridos;gravemente_feridos;mortos
11/12/2013;13:57:00;123;sem vítima;146;BR-101/RJ;Norte;Saida de Pista;1;;;;;;;;;;1;;;;
29/03/2010;14:55:00;120;com vítima;147;BR-101/RJ;Norte;Colisão Frontal;2;;;;;;;;;;0;2;3;2;
07/05/2010;20:18:00;218;com vítima;147;BR-101/RJ;Sul;Colisão Frontal;2;;1;;;;;;;;1;3;1;;5
12/06/2010;14:31:00;115;com vítima;147;BR-101/RJ;Sul;Saida de Pista;1;;;;;;;;;;3;1;;;
05/06/2011;10:48:00;52;sem vítima;147;BR-101/RJ;Norte;Tombamento;;;1;;;;;;;;1;;;;
11/06/2011;22:04:00;199;sem vítima;147;BR-101/RJ;Sul;Saida de Pista;1;;;;;;;;;;1;;;;
10/08/2011;20:10:00;155;com vítima;147;BR-101/RJ;Sul;Saida de Pista;1;;;;;;;;;;0;1;1;;
16/12/2011;23:23:00;237;sem vítima;147,3000030517578;BR-101/RJ;Sul;Saida de Pista;1;;;;;;;;;;1;;;;
02/01/2012;13:13:00;116;sem vítima;147;BR-101/RJ;Sul;Colisão Traseira;1;;1;;;1;;;;;4;;;;
28/02/2012;19:56:00;174;com vítima;147;BR-101/RJ;Sul;Capotamento;1;;;;;;;;;;0;1;;;
04/06/2012;17:49:00;135;sem vítima;147;BR-101/RJ;Norte;Saida de Pista;1;;;;;;;;;;1;;;;
14/06/2012;08:01:00;51;com vítima;147,7;BR-101/RJ;Norte;Saida de Pista;;;;;;;;;;1;1;1;;;
14/08/2012;11:38:00;98;sem vítima;147;BR-101/RJ;Sul;Colisão Lateral;1;;1;;;;;;;;4;;;;
14/10/2012;00:51:00;5;sem vítima;147;BR-101/RJ;Sul;Saida de Pista;1;;;;;;;;;;1;;;;
23/11/2012;04:38:00;18;sem vítima;147;BR-101/RJ;Norte;Saida de Pista;;;1;;;;;;;;1;;;;
18/12/2012;14:57:00;134;com vítima;147;BR-101/RJ;Sul;Capotamento;1;;;;;;;;;;0;;1;;
27/01/2013;16:26:00;119;com vítima;147,52;BR-101/RJ;Norte;Capotamento;1;;;;;;;;;;0;1;3;;
10/02/2013;19:59:00;205;sem vítima;147,2;BR-101/RJ;Norte;Saida de Pista;1;;;;;;;;;;1;;;;
18/07/2013;16:09:00;141;com vítima;147,783;BR-101/RJ;Sul;Queda de Moto;;;;1;;;;;;;0;;2;;
01/08/2013;21:01:00;163;com vítima;147,127;BR-101/RJ;Sul;Colisão Frontal;1;;1;;;;;;;;0;1;;;1
17/09/2013;13:04:00;109;sem vítima;147,307;BR-101/RJ;Norte;Saida de Pista;;;1;;;;;;;;1;;;;
01/11/2013;00:13:00;3;sem vítima;147,3;BR-101/RJ;Norte;Saida de Pista;1;;;;;;;;;;2;;;;
05/01/2014;10:39:00;66;com vítima;147,681;BR-101/RJ;Sul;Colisão Lateral;2;;;;;;;;;;2;3;2;;
11/01/2014;04:05:00;20;com vítima;147,34;BR-101/RJ;Norte;Saida de Pista;;;1;;;;;;;;1;1;;;
12/02/2014;04:04:00;22;com vítima;147,41;BR-101/RJ;Norte;Colisão Traseira;1;;1;;;;;;;;1;;1;;
08/08/2014;07:24:00;38;com vítima;147,276;BR-101/RJ;Norte;Capotamento;1;;;;;;;;;;0;;1;;
29/08/2014;12:52:00;85;sem vítima;147,5;BR-101/RJ;Sul;Saida de Pista;1;;;;;;;;;;1;;;;
04/09/2014;22:58:00;141;com vítima;147;BR-101/RJ;Norte;Colisão Frontal;1;;;;;1;;;;;1;;1;;
27/12/2014;23:03:00;179;com vítima;147;BR-101/RJ;Sul;Colisão Frontal;;;2;;;;;;;;0;1;;1;
19/06/2015;20:57:00;200;com vítima;147;BR-101/RJ;Sul;Saida de Pista;1;;;;;;;;;;0;;1;;
20/07/2015;09:41:00;84;com vítima;147,927;BR-101/RJ;Sul;Colisão Frontal;1;;1;1;;;;;;;1;;;;3
13/08/2015;00:20:00;2;com vítima;147;BR-101/RJ;Norte;Capotamento;1;;;;;;;;;;0;1;;;
24/08/2015;17:01:00;167;com vítima;147;BR-101/RJ;Norte;Queda de Moto;;;;1;;;;;;;0;1;1;;
28/12/2015;11:34:00;118;com vítima;147;BR-101/RJ;Norte;Choque - Talude;1;;;;;;;;;;0;1;;;
15/01/2010;08:43:00;57;com vítima;148;BR-101/RJ;Norte;Saida de Pista;1;;;;;;;;;;0;3;1;;
23/01/2010;15:20:00;122;com vítima;148;BR-101/RJ;Norte;Colisão Frontal;2;;;;;;;;;;2;2;;;1
26/02/2010;15:16:00;122;com vítima;148;BR-101/RJ;Sul;Saida de Pista;1;;;;;1;;;;;1;;1;;
22/09/2010;18:43:00;164;sem vítima;148;BR-101/RJ;Norte;Saida de Pista;;;1;;;;;;;;1;;;;
01/11/2010;11:33:00;67;com vítima;148;BR-101/RJ;Sul;Saida de Pista;1;;;;;;;;;;1;;1;;
10/11/2010;23:45:00;182;sem vítima;148;BR-101/RJ;Sul;Saida de Pista;1;;;;;;;;;;1;;;;
20/12/2010;23:32:00;235;sem vítima;148;BR-101/RJ;Sul;Saida de Pista;1;;;;;;;;;;2;;;;
11/01/2011;07:13:00;38;sem vítima;148;BR-101/RJ;Sul;Saida de Pista;;;;;;;;;;1;2;;;;
05/03/2011;16:37:00;246;sem vítima;168;BR-101/RJ;Norte;Colisão Traseira;1;;1;;;;;;;;5;;;;
24/09/2011;23:07:00;149;com vítima;148;BR-101/RJ;Sul;Capotamento;1;;;;;;;;;;0;1;;;
06/12/2011;17:32:00;180;com vítima;148;BR-101/RJ;Sul;Colisão Lateral;1;;1;;;;;;;;1;1;;;
31/12/2011;21:23:00;156;com vítima;148,3000030517578;BR-101/RJ;Norte;Capotamento;;;;;;;;;;1;0;2;;;
01/07/2012;02:51:00;14;sem vítima;148;BR-101/RJ;Norte;Saida de Pista;1;;;;;;;;;;2;;;;
30/08/2012;09:45:00;61;sem vítima;148;BR-101/RJ;Norte;Saida de Pista;1;;;;;;;;;;2;;;;
29/10/2012;13:37:00;116;sem vítima;148;BR-101/RJ;Sul;Colisão Traseira;1;;;;;1;;;;;2;;;;
27/12/2012;03:27:00;27;com vítima;148,6;BR-101/RJ;Norte;Colisão Frontal;;;2;;;;;;;;0;2;;;
01/02/2013;05:17:00;22;com vítima;148,1;BR-101/RJ;Sul;Saida de Pista;1;;;;;;;;;;0;;3;;
31/03/2013;00:23:00;2;sem vítima;148,05;BR-101/RJ;Sul;Saida de Pista;;;1;;;;;;;;1;;;;
08/05/2013;06:39:00;26;com vítima;148;BR-101/RJ;Norte;Saida de Pista;1;;;;;;;;;;0;1;1;;
18/05/2013;21:40:00;163;sem vítima;148;BR-101/RJ;Norte;Capotamento;1;;;;;;;;;;1;;;;
18/05/2013;01:19:00;8;com vítima;148,44;BR-101/RJ;Norte;Saida de Pista;;;1;;;;;;;;0;1;1;;
18/08/2013;05:03:00;18;sem vítima;148,444;BR-101/RJ;Norte;Saida de Pista;1;;;;;;;;;;2;;;;
24/09/2013;06:40:00;32;sem vítima;148,434;BR-101/RJ;Norte;Saida de Pista;;;1;;;;;;;;1;;;;
25/09/2013;07:50:00;34;sem vítima;148;BR-101/RJ;Norte;Colisão Traseira;;;2;;;;;;;;2;;;;
17/10/2013;20:44:00;169;sem vítima;148,418;BR-101/RJ;Sul;Tombamento;;;;;;;;;;1;1;;;;
23/11/2013;16:56:00;143;sem vítima;148,18;BR-101/RJ;Sul;Colisão Traseira;1;;1;;;;;;;;2;;;;
01/03/2014;08:40:00;129;com vítima;148;BR-101/RJ;Sul;Colisão Lateral;;;;1;;1;;;;;1;;1;;
20/04/2014;15:17:00;83;sem vítima;148;BR-101/RJ;Norte;Saida de Pista;1;;;;;;;;;;2;;;;
10/12/2014;09:07:00;66;com vítima;148;BR-101/RJ;Norte;Capotamento;1;;;;;;;;;;1;1;;;
31/12/2014;04:33:00;21;sem vítima;148;BR-101/RJ;Sul;Saida de Pista;;;1;;;;;;;;1;;;;
26/01/2015;00:46:00;6;com vítima;148;BR-101/RJ;Norte;Capotamento;1;;;;;;;;;;0;2;;;
20/05/2015;14:39:00;136;sem vítima;148;BR-101/RJ;Sul;Colisão Lateral;;;2;;;;;;;;2;;;;
22/07/2015;09:15:00;63;sem vítima;148,351;BR-101/RJ;Sul;Capotamento;;;;;;;;;;1;2;;;;
29/12/2015;08:10:00;54;sem vítima;148;BR-101/RJ;Norte;Colisão Frontal;;;3;;1;;;;;;55;;;;
03/10/2010;08:51:00;34;sem vítima;149;BR-101/RJ;Sul;Capotamento;1;;;;;;;;;;1;;;;
10/12/2010;15:32:00;140;com vítima;149;BR-101/RJ;Sul;Colisão Frontal;3;;;;;;;;;;2;1;2;2;1
25/02/2011;07:59:00;55;sem vítima;149;BR-101/RJ;Norte;Saida de Pista;1;;;;;;;;;;1;;;;
22/05/2011;15:41:00;111;com vítima;149;BR-101/RJ;Sul;Saida de Pista;1;;1;;;;;;;;1;2;1;;
19/11/2011;07:26:00;21;sem vítima;149;BR-101/RJ;Sul;Saida de Pista;1;;;;;;;;;;1;;;;
08/10/2012;00:21:00;3;sem vítima;149,719;BR-101/RJ;Sul;Saida de Pista;1;;;;;;;;;;1;;;;
01/11/2012;10:30:00;91;sem vítima;149,6;BR-101/RJ;Norte;Colisão Traseira;3;;;;;;;;;;4;;;;
20/12/2012;16:31:00;157;sem vítima;149;BR-101/RJ;Sul;Colisão Traseira;2;;;;;;;;;;2;;;;
05/12/2013;17:36:00;167;sem vítima;149;BR-101/RJ;Sul;Saida de Pista;1;;;;;;;;;;1;;;;
02/06/2015;00:04:00;1;com vítima;149;BR-101/RJ;Norte;Saida de Pista;1;;;;;;;;;;0;1;;;
21/11/2015;13:27:00;87;sem vítima;149;BR-101/RJ;Sul;Capotamento;1;;;;;;;;;;2;;;;
23/04/2010;09:32:00;46;sem vítima;150;BR-101/RJ;Sul;Colisão Traseira;;;2;;;;;;;;2;;;;
01/06/2011;12:09:00;77;com vítima;150;BR-101/RJ;Norte;Choque - Talude;1;;;;;;;;;;0;6;1;;
12/07/2012;07:30:00;36;com vítima;150;BR-101/RJ;Norte;Colisão Lateral;1;;;;;1;;;;;1;2;;;
23/07/2012;16:09:00;135;sem vítima;150;BR-101/RJ;Norte;Colisão Lateral;;;;;;1;;;;1;2;;;;
16/11/2012;07:07:00;28;com vítima;150,9;BR-101/RJ;Sul;Colisão Lateral;1;;1;;;;;;;;1;3;;;
12/12/2012;20:02:00;195;com vítima;150;BR-101/RJ;Norte;Colisão Frontal;2;;1;;;;;;;;6;;;1;
30/12/2013;16:07:00;144;sem vítima;150;BR-101/RJ;Sul;Saida de Pista;1;;;;;;;;;;4;;;;
02/02/2014;20:48:00;203;com vítima;150,975;BR-101/RJ;Sul;Colisão Lateral;1;;1;;;;;;;;2;1;1;;
14/05/2014;16:24:00;126;com vítima;150,85;BR-101/RJ;Sul;Saida de Pista;1;;;;;;;;;;1;1;;;1
29/07/2014;15:14:00;112;sem vítima;150;BR-101/RJ;Sul;Saida de Pista;;;1;;;;;;;;1;;;;
14/09/2014;01:55:00;11;sem vítima;150,05;BR-101/RJ;Norte;Atropelamento de Animal;1;;;;;;;;;;4;;;;
11/11/2010;05:03:00;24;com vítima;151;BR-101/RJ;Sul;Colisão Lateral;;;2;;;1;;;;;1;2;1;;
22/12/2010;03:59:00;20;sem vítima;151;BR-101/RJ;Sul;Tombamento;;;2;;;;;;;;2;;;;
20/08/2011;11:42:00;75;sem vítima;151,5;BR-101/RJ;Norte;Colisão Lateral;1;;;;;1;;;;;5;;;;
21/08/2011;19:39:00;145;sem vítima;151,0500030517578;BR-101/RJ;Norte;Colisão Lateral;1;;;;;1;;;;;3;;;;
06/02/2012;18:34:00;157;com vítima;151;BR-101/RJ;Norte;Tombamento;;;1;;;;;;;;0;;1;;
13/03/2012;03:31:00;12;sem vítima;151;BR-101/RJ;Norte;Saida de Pista;1;;;;;;;;;;1;;;;
20/06/2012;18:10:00;149;sem vítima;151;BR-101/RJ;Sul;Saida de Pista;;;1;;;;;;;;1;;;;
08/03/2013;07:21:00;38;sem vítima;151;BR-101/RJ;Sul;Saida de Pista;1;;;;;;;;;;1;;;;
19/07/2013;17:47:00;174;com vítima;151;BR-101/RJ;Norte;Colisão Lateral;3;;2;;;;;;;;4;6;2;;
20/09/2013;01:32:00;7;sem vítima;151,703;BR-101/RJ;Sul;Colisão Lateral;1;;1;;;;;;;;3;;;;
11/01/2014;07:00:00;34;com vítima;151,7;BR-101/RJ;Norte;Saida de Pista;1;;;;;;;;;;0;1;;;
08/02/2014;06:10:00;30;com vítima;151;BR-101/RJ;Norte;Colisão Frontal;2;;1;;;;;;;;3;1;;2;
18/02/2015;20:19:00;195;com vítima;151,8;BR-101/RJ;Norte;Colisão Frontal;1;;1;;;;;;;;1;0;1;1;2
20/04/2015;05:35:00;20;sem vítima;151;BR-101/RJ;Norte;Atropelamento de Animal;;;;;;;;;;1;2;;;;
27/04/2015;15:06:00;119;com vítima;151;BR-101/RJ;Sul;Colisão Lateral;2;;;;;;;;;;1;4;;;
09/08/2015;09:21:00;43;sem vítima;151,205;BR-101/RJ;Sul;Choque - Outros;1;;;;;;;;;;3;;;;
05/10/2015;18:38:00;159;com vítima;151;BR-101/RJ;Sul;Colisão Frontal;1;;2;;;;;;;;2;1;;1;
14/03/2010;20:33:00;194;com vítima;152;BR-101/RJ;Sul;Colisão Lateral;;;1;1;;;;;;;1;;;1;
04/05/2010;17:23:00;149;sem vítima;152;BR-101/RJ;Norte;Colisão Lateral;1;;1;;;;;;;;3;;;;
27/09/2010;21:24:00;180;sem vítima;152;BR-101/RJ;Sul;Saida de Pista;;;1;;;;;;;;1;;;;
11/10/2010;20:15:00;142;sem vítima;152;BR-101/RJ;Norte;Colisão Lateral;2;;;;;;;;;;2;;;;
23/10/2010;02:03:00;14;com vítima;152;BR-101/RJ;Norte;Colisão Transversal;;;2;;;;;;;;1;;1;;
27/10/2010;10:04:00;66;sem vítima;152;BR-101/RJ;Sul;Saida de Pista;1;;;;;;;;;;1;;;;
10/12/2010;17:21:00;160;sem vítima;152;BR-101/RJ;Norte;Saida de Pista;1;;1;;;;;;;;3;;;;
13/09/2012;17:28:00;147;sem vítima;152,976;BR-101/RJ;Sul;Saida de Pista;1;;;;;;;;;;1;;;;
14/10/2013;00:19:00;4;sem vítima;152,62;BR-101/RJ;Sul;Atropelamento de Animal;1;;;;;;;;;;1;;;;
05/02/2014;06:18:00;19;sem vítima;152,201;BR-101/RJ;Sul;Atropelamento de Animal;1;;;;;;;;;;1;;;;
14/12/2014;01:01:00;7;com vítima;152;BR-101/RJ;Norte;Choque - Talude;1;;;;;;;;;;3;2;;;
27/03/2015;01:08:00;9;sem vítima;152;BR-101/RJ;Sul;Atropelamento de Animal;;;1;;;;;;;;1;0;0;0;0
24/01/2010;17:35:00;139;sem vítima;153;BR-101/RJ;Sul;Colisão Lateral;1;;1;;;;;;;;3;;;;
19/07/2010;06:01:00;22;com vítima;153;BR-101/RJ;Norte;Colisão Frontal;1;;1;;;;;;;;1;1;;;
03/09/2010;12:34:00;107;sem vítima;153;BR-101/RJ;Norte;Colisão Traseira;2;;1;;;;;;;;8;;;;
29/01/2011;12:43:00;104;sem vítima;153;BR-101/RJ;Norte;Colisão Lateral;2;;;;;;;;;;3;;;;
03/02/2011;06:40:00;27;com vítima;153;BR-101/RJ;Sul;Colisão Frontal;1;;1;;;;;;;;1;;;;4
11/08/2011;20:19:00;172;sem vítima;153;BR-101/RJ;Sul;Colisão Lateral;1;;1;;;;;;;;4;;;;
01/09/2011;18:44:00;138;sem vítima;153;BR-101/RJ;Sul;Queda de Moto;;;;1;;;;;;;1;;;;
16/04/2012;19:22:00;156;sem vítima;153;BR-101/RJ;Sul;Atropelamento de Animal;1;;;;;;;;;;1;;;;
01/06/2012;05:35:00;22;com vítima;153;BR-101/RJ;Norte;Saida de Pista;;;1;;;;;;;;0;1;;;
16/01/2013;16:03:00;143;sem vítima;153;BR-101/RJ;Norte;Colisão Traseira;1;;1;;;;;;;;6;;;;
01/02/2013;17:35:00;169;sem vítima;153;BR-101/RJ;Norte;Colisão Lateral;1;;1;;;;;;;;2;;;;
20/06/2013;16:21:00;116;com vítima;153,92;BR-101/RJ;Norte;Colisão Lateral;;;2;;;;;;;;1;1;;;
04/07/2014;05:30:00;16;sem vítima;153;BR-101/RJ;Norte;Saida de Pista;1;;;;;;;;;;5;;;;
16/09/2014;05:58:00;21;com vítima;153,88;BR-101/RJ;Norte;Colisão Lateral;;;;1;;;;;;;0;;1;;
13/02/2010;05:52:00;85;com vítima;154;BR-101/RJ;Norte;Colisão Traseira;1;;1;;;;;;;;5;1;;;
22/09/2010;06:03:00;21;sem vítima;154;BR-101/RJ;Norte;Tombamento;;;1;;;;;;;;1;;;;
27/09/2010;20:12:00;168;sem vítima;154;BR-101/RJ;Sul;Colisão Lateral;;;3;;;;;;;;3;;;;
14/05/2011;21:36:00;171;com vítima;154;BR-101/RJ;Sul;Colisão Traseira;1;;1;;;;;;;;1;1;1;;
08/12/2011;11:25:00;97;sem vítima;154;BR-101/RJ;Norte;Colisão Frontal;;;1;;;;;;;;1;;;;
02/02/2012;17:30:00;152;com vítima;154;BR-101/RJ;Sul;Colisão Lateral;1;;;1;;;;;;;1;;;;1
02/05/2012;19:50:00;199;sem vítima;154;BR-101/RJ;Sul;Colisão Lateral;;;2;;;;;;;;2;;;;
08/07/2012;21:44:00;151;sem vítima;154;BR-101/RJ;Sul;Saida de Pista;1;;;;;;;;;;1;;;;
04/08/2012;20:38:00;201;sem vítima;154,15;BR-101/RJ;Norte;Saida de Pista;1;;;;;;;;;;1;;;;
07/10/2012;01:57:00;9;com vítima;154;BR-101/RJ;Norte;Colisão Lateral;2;;;;;;;;;;3;1;;;
25/03/2013;18:43:00;165;com vítima;154;BR-101/RJ;Sul;Colisão Frontal;;;1;;;;;;;1;1;;1;;
08/04/2013;20:11:00;196;sem vítima;154;BR-101/RJ;Sul;Saida de Pista;1;;;;;;;;;;1;;;;
02/01/2015;19:17:00;138;com vítima;154;BR-101/RJ;Sul;Queda de Moto;;;;1;;;;;;;0;;1;;
25/01/2010;18:33:00;181;com vítima;155;BR-101/RJ;Sul;Colisão Traseira;1;;;;;;;;;;3;;1;;
14/07/2012;11:14:00;89;com vítima;155;BR-101/RJ;Sul;Saida de Pista;1;;;;;;;;;;3;1;;;
12/06/2013;08:02:00;41;sem vítima;155;BR-101/RJ;Norte;Saida de Pista;;;1;;;;;;;;1;;;;
25/11/2013;18:40:00;143;com vítima;155,89;BR-101/RJ;Norte;Colisão Lateral;1;;1;;;;;;;;1;2;;;1
10/12/2013;02:29:00;16;sem vítima;155;BR-101/RJ;Norte;Colisão Lateral;;;1;;;1;;;;;2;;;;
06/03/2014;12:49:00;125;sem vítima;155;BR-101/RJ;Norte;Colisão Traseira;1;;;;;1;;;;;5;;;;
06/03/2015;21:59:00;197;com vítima;155,7;BR-101/RJ;Sul;Atropelamento - Ciclista;;1;;;;1;;;;;1;0;0;0;1
22/11/2015;12:13:00;81;com vítima;155,589;BR-101/RJ;Norte;Colisão Frontal;4;;1;;;;;;;;3;1;7;;1
21/12/2015;19:24:00;198;sem vítima;155;BR-101/RJ;Sul;Saida de Pista;1;;;;;;;;;;2;;;;
26/01/2010;15:04:00;127;sem vítima;156;BR-101/RJ;Sul;Tombamento;;;1;;;;;;;;1;;;;
03/06/2010;02:33:00;15;sem vítima;156;BR-101/RJ;Sul;Saida de Pista;1;;;;;;;;;;1;;;;
12/11/2010;20:39:00;206;com vítima;156;BR-101/RJ;Sul;Colisão Lateral;1;;1;;;;;;;;2;1;;;
24/12/2010;14:38:00;110;com vítima;156;BR-101/RJ;Norte;Saida de Pista;1;;;;;;;;;;0;4;;;
23/06/2011;14:39:00;118;com vítima;156,39999389648438;BR-101/RJ;Norte;Saida de Pista;1;;;;;;;;;;0;1;1;;
09/01/2012;18:55:00;171;sem vítima;156;BR-101/RJ;Sul;Saida de Pista;;;;;;;;;;1;1;;;;
18/01/2013;18:47:00;174;com vítima;156;BR-101/RJ;Sul;Colisão Frontal;3;;;;;;;;;;1;;1;1;1
29/06/2013;06:05:00;28;com vítima;156;BR-101/RJ;Sul;Colisão Traseira;;;;1;;1;;;;;1;;1;;
01/03/2014;03:34:00;58;com vítima;156,54;BR-101/RJ;Norte;Tombamento;;;1;;;;;;;;0;;2;;1
01/03/2014;10:11:00;163;com vítima;156,54;BR-101/RJ;Sul;Queda de Moto;;;;1;;;;;;;0;2;;;
22/10/2015;21:12:00;192;com vítima;156,771;BR-101/RJ;Norte;Colisão Traseira;1;;2;;;;;;;;2;;2;1;
09/01/2011;09:40:00;45;sem vítima;157;BR-101/RJ;Sul;Colisão Lateral;1;;1;;;;;;;;3;;;;
20/02/2011;01:39:00;7;com vítima;157;BR-101/RJ;Norte;Colisão Lateral;1;;;;;1;;;;;5;1;;;
27/02/2011;22:26:00;224;sem vítima;157;BR-101/RJ;Norte;Choque - Talude;1;;;;;;;;;;1;;;;
05/03/2011;17:21:00;255;sem vítima;216;BR-101/RJ;Norte;Colisão Traseira;2;;;;;;;;;;10;;;;
05/03/2011;21:01:00;314;com vítima;234;BR-101/RJ;Norte;Colisão Traseira;1;;;1;;;;;;;2;;1;;
31/03/2012;15:06:00;101;sem vítima;157;BR-101/RJ;Norte;Saida de Pista;1;;;;;;;;;;2;;;;
19/04/2012;02:36:00;8;com vítima;157;BR-101/RJ;Norte;Colisão Frontal;;;3;;;;;;;;1;2;;;
21/05/2012;14:29:00;108;com vítima;157,759;BR-101/RJ;Sul;Saida de Pista;1;;1;;;;;;;;1;1;1;1;
26/06/2012;04:14:00;13;sem vítima;157;BR-101/RJ;Norte;Atropelamento de Animal;;;1;;;;;;;;1;;;;
06/09/2012;11:46:00;80;sem vítima;157,609;BR-101/RJ;Sul;Colisão Lateral;1;;1;;;;;;;;4;;;;
14/12/2012;21:16:00;214;sem vítima;157;BR-101/RJ;Norte;Choque - Defensa, barreira ou "submarino";1;;;;;;;;;;1;;;;
21/03/2013;14:04:00;131;com vítima;157,5;BR-101/RJ;Sul;Colisão Traseira;;;2;;;;;;;;2;1;;;
24/12/2013;00:20:00;3;com vítima;157,791;BR-101/RJ;Norte;Saida de Pista;1;;;;;;;;;;4;;1;;
19/05/2015;23:03:00;201;sem vítima;157;BR-101/RJ;Norte;Choque - Outros;;;2;;;;;;;;3;;;;
01/11/2010;16:57:00;118;sem vítima;158;BR-101/RJ;Sul;Saida de Pista;1;;;;;;;;;;1;;;;
23/12/2010;18:04:00;203;sem vítima;158;BR-101/RJ;Norte;Saida de Pista;1;;;;;;;;;;4;;;;
22/01/2012;12:56:00;78;sem vítima;158;BR-101/RJ;Norte;Objeto lançado contra veículo;1;;;;1;;;;;;22;;;;
16/04/2012;04:02:00;11;sem vítima;158;BR-101/RJ;Sul;Saida de Pista;1;;;;;;;;;;1;;;;
28/05/2012;04:33:00;17;sem vítima;158;BR-101/RJ;Norte;Colisão Lateral;1;;;;1;;;;;;2;;;;
07/09/2012;10:14:00;110;sem vítima;158,889;BR-101/RJ;Sul;Colisão Traseira;3;;;;;1;;;;;11;;;;
08/11/2012;13:49:00;90;sem vítima;158;BR-101/RJ;Norte;Saida de Pista;1;;;;;;;;;;2;;;;
25/11/2012;15:04:00;89;com vítima;158,122;BR-101/RJ;Norte;Colisão Frontal;1;;;;1;;;;;;30;;;;2
14/12/2012;13:32:00;110;sem vítima;158;BR-101/RJ;Norte;Saida de Pista;1;;;;;;;;;;3;;;;
16/12/2012;17:49:00;147;sem vítima;158,152;BR-101/RJ;Norte;Saida de Pista;1;;;;;;;;;;4;;;;
20/01/2013;16:07:00;127;com vítima;158;BR-101/RJ;Sul;Saida de Pista;1;;;;;;;;;;2;3;;;
26/01/2013;14:25:00;113;sem vítima;158;BR-101/RJ;Norte;Colisão Lateral;2;;;;;;;;;;7;;;;
28/01/2013;18:35:00;155;sem vítima;158,4;BR-101/RJ;Norte;Colisão Lateral;;;2;;1;;;;;;4;;;;
09/03/2013;21:23:00;204;sem vítima;158;BR-101/RJ;Sul;Saida de Pista;1;;;;;;;;;;1;;;;
24/06/2013;08:09:00;42;com vítima;158,9;BR-101/RJ;Norte;Saida de Pista;;;1;;;;;;;;0;2;;;
31/08/2013;04:41:00;26;sem vítima;158,32;BR-101/RJ;Norte;Saida de Pista;1;;;;;;;;;;2;;;;
25/11/2013;14:33:00;104;sem vítima;158,322;BR-101/RJ;Norte;Saida de Pista;1;;;;;;;;;;4;;;;
20/12/2013;11:03:00;81;com vítima;158,276;BR-101/RJ;Norte;Saida de Pista;1;;;;;;;;;;0;1;;;
31/12/2013;18:03:00;167;sem vítima;158;BR-101/RJ;Sul;Saida de Pista;1;;;;;;;;;;5;;;;
08/03/2014;21:13:00;203;sem vítima;158,081;BR-101/RJ;Norte;Saida de Pista;1;;;;;;;;;;8;;;;
04/05/2014;19:25:00;129;sem vítima;158;BR-101/RJ;Norte;Colisão Lateral;1;;;;;1;;;;;3;;;;
11/07/2014;07:20:00;31;sem vítima;158,164;BR-101/RJ;Norte;Capotamento;;;;;;;;;;1;1;;;;
11/10/2014;02:22:00;12;com vítima;158,6;BR-101/RJ;Norte;Saida de Pista;;;1;;;;;;;;1;1;;;
08/04/2015;13:30:00;112;sem vítima;158,688;BR-101/RJ;Norte;Saida de Pista;1;;;;;;;;;;1;;;;
19/05/2015;22:42:00;197;com vítima;158,9;BR-101/RJ;Norte;Saida de Pista;;;1;;;;;;;;0;1;;;
18/07/2015;13:40:00;114;sem vítima;158;BR-101/RJ;Sul;Colisão Traseira;2;;;;;;;;;;6;;;;
22/07/2015;12:04:00;101;sem vítima;158,873;BR-101/RJ;Sul;Saida de Pista;;;;;;;;;;1;2;;;;
14/09/2015;22:22:00;238;sem vítima;158;BR-101/RJ;Sul;Choque - Suporte de Sinalização;1;;;;;;;;;;1;;;;
10/10/2015;18:02:00;212;sem vítima;158,696;BR-101/RJ;Norte;Saida de Pista;1;;;;;;;;;;5;;;;
27/11/2015;17:21:00;190;com vítima;158,5;BR-101/RJ;Sul;Choque - Elemento de Drenagem;;;1;;;;;;;;0;;;;1
06/08/2010;23:33:00;199;sem vítima;159;BR-101/RJ;Norte;Saida de Pista;1;;;;;;;;;;1;;;;
14/08/2010;19:10:00;172;sem vítima;159;BR-101/RJ;Norte;Choque - Defensa, barreira ou "submarino";;;;;;;;;;1;4;;;;
26/09/2011;14:03:00;114;sem vítima;159;BR-101/RJ;Sul;Colisão Lateral;1;;1;;;;;;;;4;;;;
04/02/2012;02:52:00;13;sem vítima;159;BR-101/RJ;Norte;Colisão Lateral;1;;;;1;;;;;;3;;;;
28/03/2012;07:51:00;40;sem vítima;159;BR-101/RJ;Norte;Colisão Lateral;;;2;;;;;;;;3;;;;
21/05/2012;11:07:00;82;sem vítima;159,955;BR-101/RJ;Sul;Saida de Pista;1;;;;;;;;;;3;;;;
22/06/2012;05:56:00;25;sem vítima;159,8;BR-101/RJ;Sul;Colisão Lateral;;;2;;;;;;;;2;;;;
14/01/2013;14:33:00;112;com vítima;159,23;BR-101/RJ;Sul;Colisão Frontal;2;;;;;;;;;;2;1;;;
18/04/2013;21:21:00;176;com vítima;159;BR-101/RJ;Sul;Colisão Frontal;;;3;;;;;;;;1;1;1;;
29/06/2013;00:46:00;4;com vítima;159,013;BR-101/RJ;Norte;Colisão Frontal;1;;2;;;;;;;;1;2;1;1;1
04/07/2013;01:28:00;4;com vítima;159,18;BR-101/RJ;Norte;Colisão Frontal;;;4;;;;;;;;3;1;;;
11/12/2013;06:47:00;43;sem vítima;159,649;BR-101/RJ;Sul;Saida de Pista;;;1;;;;;;;;1;;;;
20/05/2014;15:12:00;112;sem vítima;159,511;BR-101/RJ;Norte;Colisão Lateral;1;;1;;;;;;;;2;;;;
02/07/2014;22:06:00;186;com vítima;159,016;BR-101/RJ;Norte;Colisão Frontal;1;;2;;;;;;;;2;1;;;