data;horario;n_da_ocorrencia;tipo_de_ocorrencia;km;trecho;sentido;tipo_de_acidente;automovel;bicicleta;caminhao;moto;onibus;outros;tracao_animal;transporte_de_cargas_especiais;trator_maquinas;utilitarios;ilesos;levemente_feridos;moderadamente_feridos;gravemente_feridos;mortos
07/11/2014;16:41:00;127;com vítima;159,03;BR-101/RJ;Norte;Saida de Pista;;;1;;;;;;;;0;;2;;
11/01/2015;15:35:00;89;com vítima;159;BR-101/RJ;Sul;Saida de Pista;1;;;;;;;;;;0;;1;;
27/04/2015;08:24:00;42;sem vítima;159,024;BR-101/RJ;Sul;Colisão Traseira;1;;1;;;;;;;;4;;;;
14/01/2010;13:15:00;88;com vítima;160;BR-101/RJ;Norte;Colisão Frontal;1;;1;;;;;;;;1;;;;1
17/01/2010;20:22:00;169;sem vítima;160;BR-101/RJ;Sul;Choque - Defensa, barreira ou "submarino";1;;;;;;;;;;2;;;;
09/08/2010;06:52:00;23;com vítima;160,5;BR-101/RJ;Sul;Colisão Lateral;1;;1;;;;;;;;1;1;;;
28/09/2010;12:39:00;85;sem vítima;160;BR-101/RJ;Sul;Choque - Defensa, barreira ou "submarino";1;;;;;;;;;;1;;;;
02/11/2010;20:56:00;171;com vítima;160,5;BR-101/RJ;Norte;Saida de Pista;;;1;;;;;;;;0;1;;;
21/11/2010;08:59:00;43;sem vítima;160;BR-101/RJ;Norte;Saida de Pista;1;;;;;;;;;;2;;;;
01/03/2012;16:57:00;128;com vítima;160;BR-101/RJ;Sul;Saida de Pista;;;1;;;;;;;;0;;1;;
24/12/2013;11:09:00;87;com vítima;160,549;BR-101/RJ;Norte;Capotamento;1;;;;;;;;;;0;7;;;
18/04/2014;19:43:00;214;com vítima;160;BR-101/RJ;Norte;Atropelamento - Morador;;;;;;1;;;;;1;1;;;
06/10/2015;12:04:00;104;sem vítima;160;BR-101/RJ;Norte;Choque - Defensa, barreira ou "submarino";1;;;;;;;;;;1;;;;
06/04/2010;20:13:00;174;com vítima;161;BR-101/RJ;Sul;Choque - Defensa, barreira ou "submarino";1;;;;;;;;;;0;;;1;
08/01/2011;15:33:00;188;sem vítima;161;BR-101/RJ;Norte;Colisão Lateral;;;1;;1;;;;;;2;;;;
12/01/2011;04:35:00;12;sem vítima;161;BR-101/RJ;Sul;Choque - Defensa, barreira ou "submarino";1;;;;;;;;;;1;;;;
05/03/2011;21:06:00;317;sem vítima;306;BR-101/RJ;Sul;Capotamento;1;;;;;;;;;;1;;;;
16/06/2011;14:41:00;114;sem vítima;161,3000030517578;BR-101/RJ;Sul;Saida de Pista;1;;;;;;;;;;3;;;;
01/06/2012;17:21:00;149;com vítima;161;BR-101/RJ;Sul;Colisão Traseira;2;;;;;;;;;;4;3;;;
03/06/2012;15:47:00;128;sem vítima;161;BR-101/RJ;Norte;Saida de Pista;1;;;;;;;;;;2;;;;
20/07/2012;08:12:00;45;com vítima;161;BR-101/RJ;Norte;Capotamento;1;;;;;;;;;;0;2;;;
03/08/2012;14:31:00;117;sem vítima;161;BR-101/RJ;Norte;Colisão Transversal;1;;1;;;;;;;;5;;;;
21/12/2012;07:36:00;55;sem vítima;161;BR-101/RJ;Sul;Colisão Traseira;;;2;;;;;;;;3;;;;
14/03/2013;03:42:00;20;com vítima;161,131;BR-101/RJ;Sul;Saida de Pista;1;;;;;;;;;;0;;;;1
22/06/2013;18:52:00;152;sem vítima;161,97;BR-101/RJ;Sul;Saida de Pista;1;;;;;;;;;;1;;;;
29/06/2013;01:44:00;9;com vítima;161,557;BR-101/RJ;Norte;Colisão Traseira;1;;1;;;;;;;;1;;2;;
13/08/2013;19:39:00;142;com vítima;161,139;BR-101/RJ;Sul;Saida de Pista;;;1;;;;;;;;0;;;;1
04/09/2013;07:23:00;28;sem vítima;161,153;BR-101/RJ;Sul;Colisão Lateral;;;2;;;;;;;;2;;;;
03/11/2013;22:05:00;211;sem vítima;161,311;BR-101/RJ;Sul;Choque - Defensa, barreira ou "submarino";1;;;;;;;;;;6;;;;
23/03/2014;05:05:00;14;com vítima;161,263;BR-101/RJ;Sul;Saida de Pista;;;;;;;;;;1;0;2;;;
20/05/2014;01:16:00;7;com vítima;161,449;BR-101/RJ;Sul;Saida de Pista;;;1;;;;;;;;3;1;;;
19/06/2014;04:32:00;16;sem vítima;161;BR-101/RJ;Sul;Choque - Defensa, barreira ou "submarino";1;;;;;;;;;;1;;;;
06/12/2014;20:58:00;167;com vítima;161,767;BR-101/RJ;Norte;Colisão Frontal;1;;2;;;;;;;;0;2;3;1;2
02/07/2010;06:14:00;32;com vítima;162;BR-101/RJ;Sul;Colisão Lateral;1;;1;;;;;;;;0;3;;1;
30/07/2010;19:30:00;194;sem vítima;162;BR-101/RJ;Norte;Colisão Lateral;1;;;;;;;;;;1;;;;
30/06/2011;13:46:00;78;sem vítima;162,3000030517578;BR-101/RJ;Norte;Colisão Lateral;1;;1;;;;;;;;5;;;;
04/05/2012;13:20:00;106;com vítima;162;BR-101/RJ;Sul;Saida de Pista;1;;;;;;;;;;0;1;;;
14/07/2012;09:37:00;73;com vítima;162,4;BR-101/RJ;Norte;Colisão Lateral;2;;;;;;;;;;2;1;;;
14/04/2013;11:14:00;69;sem vítima;162,2;BR-101/RJ;Sul;Saida de Pista;1;;;;;;;;;;1;;;;
18/08/2013;11:38:00;116;com vítima;162,7;BR-101/RJ;Norte;Colisão Frontal;1;;1;;;;;;;;0;;2;1;2
16/12/2013;10:25:00;95;com vítima;162,473;BR-101/RJ;Sul;Saida de Pista;;;;;;;;;;1;0;1;;;
03/05/2014;07:48:00;30;sem vítima;162,25;BR-101/RJ;Norte;Colisão Traseira;1;;1;;;;;;;;4;;;;
10/08/2014;11:53:00;71;sem vítima;162;BR-101/RJ;Norte;Colisão Traseira;2;;;;;;;;;;7;;;;
08/10/2014;07:50:00;38;com vítima;162,135;BR-101/RJ;Norte;Tombamento;;;1;;;;;;;;0;2;1;;
23/11/2014;19:39:00;153;com vítima;162,585;BR-101/RJ;Norte;Colisão Transversal;;;2;;;;;;;;0;1;2;;
09/01/2015;07:55:00;32;sem vítima;162;BR-101/RJ;Norte;Colisão Lateral;1;;1;;;;;;;;5;;;;
07/06/2015;11:03:00;63;sem vítima;162,321;BR-101/RJ;Norte;Colisão Traseira;2;;;;;;;;;;7;;;;
08/06/2015;15:47:00;145;com vítima;162,06;BR-101/RJ;Sul;Colisão Frontal;1;;1;;;;;;;;0;;1;1;
09/05/2010;18:41:00;123;sem vítima;163;BR-101/RJ;Norte;Colisão Transversal;2;;;;;;;;;;3;;;;
08/07/2010;07:14:00;29;com vítima;163;BR-101/RJ;Sul;Colisão Frontal;2;;;;;;;;;;0;;2;2;
13/07/2010;17:23:00;157;com vítima;163;BR-101/RJ;Sul;Colisão Lateral;;;1;;;1;;;;;1;1;;;
15/11/2010;17:51:00;147;com vítima;163;BR-101/RJ;Norte;Colisão Frontal;3;;1;;;;;;;;3;2;;;1
26/11/2010;21:24:00;173;sem vítima;163;BR-101/RJ;Norte;Colisão Lateral;2;;;;;;;;;;6;;;;
09/01/2011;19:20:00;164;sem vítima;163;BR-101/RJ;Sul;Saida de Pista;1;;;;;;;;;;1;;;;
31/01/2011;16:36:00;147;com vítima;163;BR-101/RJ;Sul;Atropelamento de Animal;;;;1;;1;;;;;1;;1;;
05/03/2011;22:05:00;331;com vítima;310;BR-101/RJ;Norte;Colisão Traseira;1;;;1;;;;;;;2;1;1;;
05/03/2011;22:42:00;337;sem vítima;252;BR-101/RJ;Sul;Saida de Pista;1;;;;;;;;;;1;;;;
13/09/2011;03:32:00;8;com vítima;163;BR-101/RJ;Norte;Queda de Moto;;;;1;;;;;;;0;1;;;
11/10/2011;10:37:00;66;sem vítima;163;BR-101/RJ;Norte;Colisão Traseira;1;;1;;;;;;;;4;;;;
14/01/2012;08:18:00;37;com vítima;163;BR-101/RJ;Sul;Colisão Frontal;;;2;;;;;;;;3;;;1;
15/02/2012;18:25:00;169;sem vítima;163;BR-101/RJ;Sul;Saida de Pista;1;;;;;;;;;;1;;;;
06/04/2012;03:38:00;17;sem vítima;163;BR-101/RJ;Norte;Choque - Suporte de Sinalização;1;;;;;;;;;;1;;;;
11/04/2012;13:46:00;105;com vítima;163;BR-101/RJ;Sul;Saida de Pista;1;;;;;;;;;;0;1;;;
15/04/2012;07:39:00;28;sem vítima;163;BR-101/RJ;Norte;Colisão Lateral;2;;;;;;;;;;6;;;;
15/07/2012;15:49:00;105;sem vítima;163;BR-101/RJ;Norte;Colisão Frontal;;;2;;;;;;;;2;;;;
08/08/2012;18:54:00;142;sem vítima;163,15;BR-101/RJ;Sul;Colisão Lateral;;;3;;;;;;;;5;;;;
13/09/2012;20:00:00;180;sem vítima;163;BR-101/RJ;Norte;Colisão Lateral;;;1;;;1;;;;;2;;;;
14/10/2012;04:07:00;19;sem vítima;163;BR-101/RJ;Sul;Saida de Pista;1;;;;;;;;;;4;;;;
19/10/2012;16:16:00;131;sem vítima;163,6;BR-101/RJ;Norte;Colisão Lateral;;;2;;;;;;;;2;;;;
05/01/2013;11:06:00;66;sem vítima;163;BR-101/RJ;Sul;Saida de Pista;1;;;;;1;;;;;3;;;;
22/01/2013;14:16:00;128;com vítima;163,7;BR-101/RJ;Sul;Colisão Traseira;2;;;;;;;;;;4;1;;;
31/01/2013;21:17:00;175;sem vítima;163;BR-101/RJ;Sul;Saida de Pista;1;;;;;;;;;;1;;;;
03/05/2013;22:44:00;186;com vítima;163;BR-101/RJ;Norte;Colisão Transversal;1;;1;;;;;;;;1;1;1;;
25/08/2013;22:15:00;185;com vítima;163,661;BR-101/RJ;Norte;Saida de Pista;1;;;;;;;;;;0;;4;;1
14/10/2013;14:22:00;129;sem vítima;163,871;BR-101/RJ;Sul;Saida de Pista;;;1;;;;;;;;1;;;;
17/11/2013;18:59:00;189;sem vítima;163;BR-101/RJ;Norte;Colisão Lateral;1;;1;;;;;;;;7;;;;
21/04/2014;11:56:00;71;com vítima;163,122;BR-101/RJ;Sul;Colisão Traseira;2;;;;;;;;;;3;1;;;
27/08/2014;13:10:00;88;sem vítima;163;BR-101/RJ;Norte;Saida de Pista;1;;;;;;;;;;1;;;;
06/04/2015;23:24:00;203;sem vítima;163;BR-101/RJ;Norte;Colisão Traseira;1;;1;;;;;;;;5;;;;
04/01/2010;07:03:00;47;sem vítima;164;BR-101/RJ;Norte;Atropelamento - Outros;;;1;;;;;;;1;2;;;;
24/01/2010;02:52:00;11;sem vítima;164;BR-101/RJ;Sul;Colisão Lateral;1;;1;;;;;;;;2;;;;
06/02/2010;03:57:00;31;sem vítima;164;BR-101/RJ;Sul;Colisão Lateral;;;1;;1;;;;;;13;;;;
13/03/2010;18:17:00;151;com vítima;164;BR-101/RJ;Norte;Saida de Pista;1;;;;;;;;;;3;1;;;
20/10/2010;19:18:00;150;sem vítima;164;BR-101/RJ;Sul;Colisão Lateral;;;1;;;1;;;;;2;;;;
09/01/2011;18:19:00;152;sem vítima;164;BR-101/RJ;Norte;Colisão Traseira;2;;;;;;;;;;8;;;;
24/02/2011;03:04:00;14;com vítima;164;BR-101/RJ;Sul;Colisão Lateral;;;2;;;;;;;;1;;1;;
15/08/2012;15:57:00;119;com vítima;164,27;BR-101/RJ;Sul;Saida de Pista;1;;;;;;;;;;0;1;;;
28/09/2012;05:29:00;22;com vítima;164;BR-101/RJ;Norte;Saida de Pista;;;1;;;;;;;;0;1;;;
26/11/2012;09:41:00;69;sem vítima;164;BR-101/RJ;Sul;Saida de Pista;1;;;;;;;;;;2;;;;
26/11/2012;09:54:00;71;com vítima;164;BR-101/RJ;Norte;Saida de Pista;1;;;;;;;;;;1;2;;;
22/01/2013;13:06:00;112;sem vítima;164,1;BR-101/RJ;Norte;Colisão Lateral;1;;1;;;;;;;;6;;;;
01/03/2013;17:46:00;140;com vítima;164,3;BR-101/RJ;Sul;Capotamento;1;;;;;;;;;;0;;3;;
18/03/2013;10:27:00;78;com vítima;164;BR-101/RJ;Norte;Saida de Pista;1;;;;;;;;;;0;1;;;
09/04/2013;17:12:00;152;sem vítima;164;BR-101/RJ;Norte;Saida de Pista;1;;;;;;;;;;3;;;;
05/09/2013;11:18:00;77;sem vítima;164;BR-101/RJ;Norte;Capotamento;1;;;;;;;;;;1;;;;
25/11/2013;13:25:00;97;sem vítima;164,682;BR-101/RJ;Norte;Saida de Pista;1;;;;;;;;;;1;;;;
18/12/2013;03:05:00;12;sem vítima;164,2;BR-101/RJ;Sul;Saida de Pista;;;1;;;;;;;;1;;;;
18/01/2014;15:19:00;159;sem vítima;164,25;BR-101/RJ;Norte;Saida de Pista;1;;;;;;;;;;4;;;;
10/05/2014;20:36:00;170;sem vítima;164,506;BR-101/RJ;Norte;Saida de Pista;1;;;;;;;;;;1;;;;
26/07/2014;12:40:00;66;com vítima;164;BR-101/RJ;Sul;Saida de Pista;1;;;;;;;;;;1;1;;;
11/02/2015;18:32:00;176;com vítima;164;BR-101/RJ;Norte;Saida de Pista;1;;;;;;;;;;1;1;0;0;0
07/03/2015;18:33:00;149;sem vítima;164;BR-101/RJ;Norte;Saida de Pista;1;;;;;;;;;;2;0;0;0;0
30/04/2015;16:43:00;160;sem vítima;164;BR-101/RJ;Norte;Saida de Pista;;;;;;;;;;1;4;;;;
30/08/2015;03:48:00;20;sem vítima;164,55;BR-101/RJ;Norte;Choque - Talude;1;;;;;;;;;;1;;;;
19/10/2015;12:55:00;87;sem vítima;164;BR-101/RJ;Norte;Tombamento;1;;;;;;;;;;5;;;;
17/11/2015;11:30:00;99;sem vítima;164;BR-101/RJ;Sul;Saida de Pista;;;1;;;;;;;;3;;;;
08/04/2010;14:54:00;118;com vítima;165;BR-101/RJ;Norte;Colisão Traseira;2;;;;;;;;;;2;;1;;
11/04/2010;02:25:00;22;sem vítima;165;BR-101/RJ;Norte;Colisão Traseira;2;;;;;;;;;;14;;;;
24/07/2010;14:41:00;128;sem vítima;165;BR-101/RJ;Norte;Saida de Pista;1;;;;;;;;;;2;;;;
17/08/2010;13:51:00;89;com vítima;165;BR-101/RJ;Sul;Saida de Pista;;;1;;;;;;;;0;;1;;
05/06/2011;20:50:00;141;sem vítima;165;BR-101/RJ;Sul;Saida de Pista;1;;;;;;;;;;1;;;;
24/02/2014;01:28:00;10;com vítima;165,85;BR-101/RJ;Sul;Saida de Pista;1;;;;;;;;;;0;;4;;
03/04/2014;17:13:00;162;com vítima;165,93;BR-101/RJ;Norte;Colisão Frontal;1;;1;;;;;;;;1;;;;1
05/09/2014;08:06:00;33;com vítima;165,466;BR-101/RJ;Sul;Colisão Frontal;1;;4;;;;;;;;3;;1;;1
21/10/2014;10:23:00;67;sem vítima;165,9;BR-101/RJ;Sul;Queda de Moto;;;;1;;;;;;;2;;;;
03/01/2015;15:13:00;99;sem vítima;165,277;BR-101/RJ;Norte;Saida de Pista;1;;;;;;;;;;1;;;;
13/02/2015;17:22:00;181;sem vítima;165;BR-101/RJ;Sul;Colisão Traseira;2;;;;;;;;;;2;0;0;0;0
06/06/2015;15:47:00;113;com vítima;165,682;BR-101/RJ;Sul;Saida de Pista;1;;;;;;;;;;0;;1;;
04/01/2010;20:26:00;253;sem vítima;166;BR-101/RJ;Sul;Colisão Lateral;;;1;;;1;;;;;2;;;;
27/01/2010;07:12:00;22;com vítima;166;BR-101/RJ;Sul;Saida de Pista;1;;;;;;;;;;0;1;;;
01/03/2010;09:48:00;74;com vítima;166;BR-101/RJ;Norte;Colisão Frontal;2;;;;;;;;;;0;;;1;3
13/12/2010;19:12:00;184;sem vítima;166;BR-101/RJ;Sul;Saida de Pista;1;;;;;;;;;;2;;;;
05/03/2011;23:08:00;342;com vítima;297;BR-101/RJ;Norte;Colisão Traseira;1;;;1;1;;;;;;7;1;;;
23/12/2011;04:36:00;23;sem vítima;166,10000610351562;BR-101/RJ;Norte;Colisão Traseira;;;2;;;;;;;;2;;;;
28/12/2011;11:50:00;91;com vítima;166;BR-101/RJ;Norte;Colisão Traseira;3;;;;1;;;;;;8;1;;;
08/04/2012;04:47:00;23;sem vítima;166;BR-101/RJ;Sul;Colisão Traseira;1;;1;;;;;;;;6;;;;
04/11/2012;19:09:00;154;sem vítima;166;BR-101/RJ;Sul;Choque - Talude;1;;;;;;;;;;3;;;;
09/12/2012;01:16:00;7;sem vítima;166;BR-101/RJ;Norte;Saida de Pista;1;;;;;;;;;;1;;;;
09/12/2012;07:26:00;43;sem vítima;166;BR-101/RJ;Sul;Saida de Pista;1;;;;;;;;;;6;;;;
14/12/2012;18:59:00;183;sem vítima;166;BR-101/RJ;Sul;Saida de Pista;1;;;;;;;;;;3;;;;
20/01/2013;15:18:00;118;sem vítima;166;BR-101/RJ;Sul;Saida de Pista;1;;;;;;;;;;2;;;;
04/02/2013;22:44:00;184;sem vítima;166;BR-101/RJ;Norte;Saida de Pista;1;;;;;;;;;;1;;;;
17/03/2013;17:11:00;121;sem vítima;166;BR-101/RJ;Sul;Saida de Pista;1;;;;;;;;;;2;;;;
24/03/2013;16:08:00;108;sem vítima;166;BR-101/RJ;Norte;Saida de Pista;1;;;;;;;;;;3;;;;
06/05/2013;07:44:00;38;sem vítima;166;BR-101/RJ;Norte;Queda de Moto;;;;1;;;;;;;2;;;;
21/10/2013;22:09:00;201;com vítima;166,647;BR-101/RJ;Sul;Colisão Frontal;;;2;;;;;;;;0;;1;;1
30/11/2013;18:55:00;194;sem vítima;166;BR-101/RJ;Norte;Saida de Pista;1;;;;;;;;;;2;;;;
23/12/2013;17:42:00;189;sem vítima;166;BR-101/RJ;Sul;Outros - Sequência;2;;;;;;;;;;3;;;;
27/12/2013;22:29:00;220;com vítima;166,898;BR-101/RJ;Norte;Colisão Transversal;2;;;;;;;;;;0;8;;;
16/02/2014;17:38:00;124;sem vítima;166;BR-101/RJ;Norte;Saida de Pista;1;;;;;;;;;;1;;;;
02/03/2014;17:27:00;166;com vítima;166;BR-101/RJ;Norte;Saida de Pista;1;;;;;;;;;;0;4;;;
21/05/2014;05:41:00;15;sem vítima;166,015;BR-101/RJ;Sul;Colisão Lateral;;;2;;;;;;;;2;;;;
14/06/2014;05:30:00;19;sem vítima;166;BR-101/RJ;Sul;Saida de Pista;1;;;;;;;;;;3;;;;
18/07/2014;18:13:00;164;com vítima;166;BR-101/RJ;Sul;Colisão Traseira;1;;;;1;;;;;;4;1;;;
26/09/2014;13:31:00;106;sem vítima;166;BR-101/RJ;Sul;Saida de Pista;1;;;;;;;;;;1;;;;
26/09/2014;21:23:00;176;sem vítima;166,5;BR-101/RJ;Sul;Colisão Lateral;1;;1;;;;;;;;2;;;;
08/11/2014;18:30:00;145;sem vítima;166,037;BR-101/RJ;Sul;Saida de Pista;1;;;;;;;;;;2;;;;
14/12/2014;05:25:00;29;sem vítima;166;BR-101/RJ;Sul;Saida de Pista;1;;;;;;;;;;3;;;;
19/06/2015;23:01:00;221;sem vítima;166;BR-101/RJ;Norte;Saida de Pista;1;;;;;;;;;;1;;;;
29/07/2015;04:52:00;15;sem vítima;166;BR-101/RJ;Sul;Saida de Pista;1;;;;;;;;;;1;;;;
07/09/2015;13:27:00;82;sem vítima;166,021;BR-101/RJ;Norte;Capotamento;1;;;;;;;;;;5;;;;
17/07/2010;20:09:00;204;sem vítima;167;BR-101/RJ;Norte;Colisão Lateral;;;1;;;;;;;2;3;;;;
09/08/2010;09:49:00;56;com vítima;167;BR-101/RJ;Norte;Colisão Frontal;2;;;;;;;;;;0;1;2;;
24/12/2010;13:24:00;101;com vítima;167;BR-101/RJ;Sul;Saida de Pista;;;;;;;;;;1;0;1;4;2;
05/03/2011;23:55:00;352;com vítima;23;BR-101/RJ;Sul;Colisão Frontal;1;;1;;;;;;;;3;;;;1
09/01/2012;16:13:00;145;sem vítima;167,7;BR-101/RJ;Sul;Saida de Pista;1;;;;;;;;;;3;;;;
29/01/2012;13:27:00;91;sem vítima;167;BR-101/RJ;Sul;Colisão Traseira;2;;;;;;;;;;10;;;;
26/02/2012;23:31:00;209;sem vítima;167;BR-101/RJ;Sul;Colisão Lateral;1;;1;;;;;;;;3;;;;
24/03/2012;16:47:00;129;sem vítima;167;BR-101/RJ;Norte;Saida de Pista;1;;;;;;;;;;3;;;;
10/05/2012;11:57:00;97;sem vítima;167,465;BR-101/RJ;Sul;Capotamento;1;;;;;;;;;;1;;;;
13/08/2012;18:34:00;177;sem vítima;167,865;BR-101/RJ;Norte;Engavetamento;1;;3;;;;;;;;5;;;;
17/03/2013;16:40:00;116;sem vítima;167;BR-101/RJ;Sul;Saida de Pista;1;;;;;;;;;;3;;;;
28/11/2013;18:21:00;175;sem vítima;167,695;BR-101/RJ;Norte;Tombamento;;;1;;;;;;;;1;;;;
18/12/2013;17:08:00;149;com vítima;167;BR-101/RJ;Norte;Colisão Traseira;1;;1;;;;;;;;2;1;;;
28/04/2014;17:44:00;124;com vítima;167,235;BR-101/RJ;Sul;Colisão Lateral;2;;;1;;;;;;;5;;1;;
17/04/2015;00:40:00;7;sem vítima;167;BR-101/RJ;Norte;Queda de Moto;;;;1;;;;;;;1;;;;
02/01/2010;09:17:00;43;com vítima;168;BR-101/RJ;Sul;Saida de Pista;1;;;;;;;;;;1;;3;;
06/01/2010;11:32:00;64;sem vítima;168;BR-101/RJ;Sul;Saida de Pista;1;;;;;;;;;;5;;;;
17/03/2010;16:36:00;121;sem vítima;168;BR-101/RJ;Sul;Saida de Pista;1;;;;;;;;;;1;;;;
22/10/2010;03:30:00;11;sem vítima;168;BR-101/RJ;Sul;Colisão Lateral;;;1;;;1;;;;;3;;;;
19/02/2011;12:36:00;88;com vítima;168;BR-101/RJ;Sul;Outros - Sequência;;;;;;1;;;;1;1;;;1;
05/03/2011;23:59:00;353;sem vítima;289;BR-101/RJ;Sul;Saida de Pista;1;;;;;;;;;;2;;;;
06/03/2011;00:09:00;1;sem vítima;277;BR-101/RJ;Sul;Saida de Pista;;;;;;;;;;1;2;;;;
20/05/2011;17:41:00;141;com vítima;168,8000030517578;BR-101/RJ;Sul;Colisão Traseira;1;;;;;;;;;1;7;1;;;
06/10/2011;08:07:00;43;sem vítima;168;BR-101/RJ;Norte;Saida de Pista;1;;;;;;;;;;2;;;;
13/05/2012;10:21:00;62;com vítima;168;BR-101/RJ;Norte;Colisão Traseira;2;;;;;;;;;;3;1;;;
07/06/2012;18:08:00;136;sem vítima;168;BR-101/RJ;Norte;Colisão Lateral;1;;1;;;;;;;;2;;;;
26/06/2012;20:27:00;165;sem vítima;168,45;BR-101/RJ;Norte;Colisão Traseira;1;;1;;;;;;;;5;;;;
23/09/2013;12:31:00;93;com vítima;168,863;BR-101/RJ;Sul;Saida de Pista;1;;;;;;;;;;1;;1;;
02/10/2013;12:48:00;85;sem vítima;168,41;BR-101/RJ;Norte;Saida de Pista;1;;;;;;;;;;1;;;;
20/12/2013;07:43:00;36;sem vítima;168,54;BR-101/RJ;Norte;Colisão Traseira;2;;;;;;;;;;3;;;;
10/03/2014;01:58:00;12;sem vítima;168;BR-101/RJ;Sul;Saida de Pista;1;;;;;;;;;;1;;;;
10/01/2015;01:07:00;11;sem vítima;168;BR-101/RJ;Sul;Colisão Frontal;;;1;;;1;;;;;2;;;;
02/06/2010;13:18:00;104;com vítima;169;BR-101/RJ;Sul;Colisão Frontal;2;;1;;;;;;;;2;1;3;;
22/08/2010;18:48:00;133;com vítima;169;BR-101/RJ;Sul;Colisão Transversal;2;;;;;;;;;;9;;1;;
08/01/2011;07:55:00;69;com vítima;169;BR-101/RJ;Sul;Saida de Pista;1;;;;;;;;;;0;2;1;;
11/01/2011;14:20:00;112;sem vítima;169,5;BR-101/RJ;Norte;Capotamento;1;;;;;;;;;;1;;;;
19/01/2011;13:12:00;110;sem vítima;169;BR-101/RJ;Norte;Colisão Transversal;2;;;;;;;;;;3;;;;
24/02/2011;21:12:00;174;sem vítima;169;BR-101/RJ;Norte;Colisão Traseira;;;1;;;1;;;;;2;;;;
06/03/2011;00:56:00;5;sem vítima;320;BR-101/RJ;Sul;Colisão Lateral;1;;;1;;;;;;;2;;;;
20/05/2011;16:34:00;133;com vítima;169;BR-101/RJ;Sul;Colisão Traseira;2;;;;;;;;;;2;1;;;
26/08/2011;04:24:00;15;sem vítima;169;BR-101/RJ;Norte;Saida de Pista;1;;;;;;;;;;1;;;;
03/09/2011;13:19:00;85;sem vítima;169,5;BR-101/RJ;Sul;Colisão Frontal;2;;;;;;;;;;4;;;;
03/10/2011;15:02:00;116;com vítima;169,8000030517578;BR-101/RJ;Sul;Colisão Transversal;2;;;;;;;;;;0;2;;;
17/10/2011;09:54:00;60;sem vítima;169;BR-101/RJ;Sul;Colisão Traseira;2;;;;;;;;;;4;;;;
17/10/2011;09:20:00;55;sem vítima;169,1999969482422;BR-101/RJ;Sul;Colisão Traseira;2;;;;;;;;;;7;;;;
23/10/2011;14:46:00;80;com vítima;169;BR-101/RJ;Sul;Colisão Transversal;2;;;;;;;;;;3;4;;;
22/01/2012;18:05:00;155;sem vítima;169;BR-101/RJ;Sul;Colisão Traseira;2;;;;;;;;;;9;;;;
02/02/2012;08:59:00;64;sem vítima;169,8;BR-101/RJ;Sul;Saida de Pista;;;1;;;;;;;;1;;;;
08/02/2012;17:37:00;154;sem vítima;169;BR-101/RJ;Norte;Colisão Lateral;1;;;;1;;;;;;2;;;;
12/02/2012;13:10:00;73;sem vítima;169;BR-101/RJ;Norte;Colisão Traseira;2;;;;;;;;;;11;;;;
25/02/2012;12:45:00;90;sem vítima;169;BR-101/RJ;Sul;Colisão Transversal;2;;;;;;;;;;6;;;;
09/03/2012;00:56:00;5;sem vítima;169;BR-101/RJ;Norte;Colisão Transversal;1;;1;;;;;;;;2;;;;
08/04/2012;09:37:00;54;sem vítima;169;BR-101/RJ;Norte;Colisão Traseira;1;;;;;1;;;;1;18;;;;
08/04/2012;14:33:00;116;com vítima;169;BR-101/RJ;Sul;Colisão Transversal;2;;;;;;;;;;0;1;1;1;
19/05/2012;09:32:00;62;sem vítima;169,5;BR-101/RJ;Sul;Choque - Suporte de Sinalização;1;;;;;;;;;;1;;;;
29/05/2012;08:26:00;45;sem vítima;169,5;BR-101/RJ;Norte;Saida de Pista;1;;;;;1;;;;;3;;;;
05/06/2012;11:36:00;71;com vítima;169,7;BR-101/RJ;Sul;Tombamento;;;1;;;;;;;;1;1;;;
06/07/2012;13:51:00;122;sem vítima;169;BR-101/RJ;Sul;Colisão Lateral;1;;1;;;;;;;;4;;;;
12/07/2012;17:35:00;151;com vítima;169,667;BR-101/RJ;Sul;Colisão Lateral;2;;;;;;;;;;0;4;;;
12/08/2012;04:01:00;26;sem vítima;169;BR-101/RJ;Sul;Colisão Lateral;1;;1;;;;;;;;7;;;;
20/08/2012;11:30:00;83;sem vítima;169;BR-101/RJ;Sul;Colisão Lateral;;;;1;1;;;;;;22;;;;
23/08/2012;02:47:00;13;sem vítima;169;BR-101/RJ;Sul;Atropelamento de Animal;;;1;;;1;;;;;2;;;;
26/08/2012;16:06:00;104;com vítima;169,664;BR-101/RJ;Norte;Colisão Transversal;2;;;;;;;;;;4;1;;;
04/09/2012;16:37:00;136;sem vítima;169,5;BR-101/RJ;Norte;Colisão Lateral;1;;1;;;;;;;;3;;;;
17/09/2012;10:53:00;88;sem vítima;169,5;BR-101/RJ;Sul;Colisão Lateral;1;;;;;1;;;;;2;;;;
22/11/2012;15:21:00;128;com vítima;169;BR-101/RJ;Norte;Colisão Transversal;1;;;1;;;;;;;2;1;;;
26/11/2012;11:51:00;98;com vítima;169;BR-101/RJ;Norte;Saida de Pista;1;;;;;;;;;;0;1;;;
06/12/2012;08:55:00;68;sem vítima;169;BR-101/RJ;Norte;Colisão Traseira;1;;1;;;;;;;;4;;;;
09/12/2012;20:51:00;190;com vítima;169;BR-101/RJ;Norte;Saida de Pista;1;;;;;;;;;;3;2;;;
17/12/2012;15:35:00;133;com vítima;169,5;BR-101/RJ;Norte;Colisão Transversal;1;;1;;;;;;;;2;;2;;
22/12/2012;08:25:00;71;sem vítima;169,7;BR-101/RJ;Sul;Colisão Traseira;2;;;;;;;;;;5;;;;
23/12/2012;08:54:00;53;com vítima;169,661;BR-101/RJ;Sul;Colisão Frontal;2;;;;;;;;;;1;2;;;