data;horario;n_da_ocorrencia;tipo_de_ocorrencia;km;trecho;sentido;tipo_de_acidente;automovel;bicicleta;caminhao;moto;onibus;outros;tracao_animal;transporte_de_cargas_especiais;trator_maquinas;utilitarios;ilesos;levemente_feridos;moderadamente_feridos;gravemente_feridos;mortos
15/01/2012;02:34:00;15;com vítima;173,8;BR-101/RJ;Sul;Saida de Pista;1;;;;;;;;;;0;2;;;
09/04/2012;23:11:00;195;com vítima;173,8;BR-101/RJ;Norte;Colisão Frontal;1;;1;;;;;;;1;5;1;2;;
15/08/2012;15:06:00;110;sem vítima;173,747;BR-101/RJ;Sul;Colisão Traseira;1;;1;;;;;;;;3;;;;
21/05/2013;12:03:00;90;com vítima;173;BR-101/RJ;Sul;Colisão Frontal;1;;2;;;;;;;;2;1;;;
26/04/2014;01:02:00;4;com vítima;173,302;BR-101/RJ;Norte;Capotamento;1;;;;;;;;;;0;;;;1
28/07/2014;14:10:00;106;com vítima;173;BR-101/RJ;Norte;Colisão Transversal;2;;;;;;;;;;2;2;;;
18/08/2014;19:25:00;162;sem vítima;173,5;BR-101/RJ;Sul;Colisão Traseira;1;;;;;1;;;;;2;;;;
08/10/2014;09:05:00;52;sem vítima;173,3;BR-101/RJ;Sul;Colisão Traseira;1;;1;;;;;;;;4;;;;
27/10/2014;14:16:00;105;com vítima;173;BR-101/RJ;Norte;Colisão Transversal;2;;;;;;;;;;0;5;1;;
30/04/2015;12:55:00;113;com vítima;173;BR-101/RJ;Norte;Saida de Pista;1;;;;;;;;;;0;1;;;
24/09/2015;08:59:00;81;sem vítima;173,817;BR-101/RJ;Norte;Colisão Traseira;;;2;;;;;;;;4;;;;
15/11/2015;04:38:00;24;com vítima;173,636;BR-101/RJ;Sul;Capotamento;1;;;;;;;;;;0;3;;;
23/12/2015;16:04:00;181;com vítima;173;BR-101/RJ;Norte;Colisão Traseira;;;2;;;;;;;;7;;1;1;
01/01/2010;08:56:00;41;com vítima;174;BR-101/RJ;Norte;Colisão Lateral;;;;1;;1;;;;;1;1;1;;
14/02/2010;04:51:00;45;sem vítima;174;BR-101/RJ;Norte;Saida de Pista;1;;;;;;;;;;1;;;;
01/06/2010;14:29:00;107;com vítima;174;BR-101/RJ;Sul;Colisão Traseira;1;;1;;;;;;;;3;;2;;
04/06/2010;10:58:00;66;com vítima;174;BR-101/RJ;Norte;Queda de Moto;;;;1;;;;;;;0;1;;;
26/06/2010;07:55:00;46;com vítima;174;BR-101/RJ;Sul;Saida de Pista;;;1;;;;;;;;0;;1;;
08/10/2010;15:32:00;106;sem vítima;174;BR-101/RJ;Sul;Colisão Lateral;2;;1;;;;;;;;5;;;;
28/09/2011;05:43:00;13;com vítima;174,8000030517578;BR-101/RJ;Sul;Saida de Pista;;;1;;;;;;;;0;;;;1
23/05/2012;17:53:00;142;sem vítima;174;BR-101/RJ;Norte;Engavetamento;1;;1;;;;;;;1;10;;;;
11/06/2012;13:11:00;118;com vítima;174;BR-101/RJ;Sul;Saida de Pista;1;;;;;;;;;;0;1;;;
11/12/2012;09:05:00;75;com vítima;174;BR-101/RJ;Sul;Saida de Pista;1;;;;;;;;;;0;1;;;
07/07/2013;07:40:00;37;sem vítima;174;BR-101/RJ;Norte;Colisão Traseira;1;;;;;;;;;1;2;;;;
04/10/2013;14:24:00;113;com vítima;174,5;BR-101/RJ;Norte;Tombamento;;;1;;;;;;;;0;2;;;
26/01/2014;01:43:00;13;com vítima;174;BR-101/RJ;Norte;Saida de Pista;1;;;;;;;;;;0;3;1;;
11/04/2014;16:39:00;140;com vítima;174,8;BR-101/RJ;Sul;Colisão Frontal;;;4;;;;;;;;5;1;;;1
03/06/2014;07:47:00;37;com vítima;174,9;BR-101/RJ;Sul;Colisão Frontal;1;;;;1;;;;;;33;1;;;
03/07/2014;20:27:00;167;com vítima;174,95;BR-101/RJ;Norte;Colisão Frontal;1;;2;;;;;;;;1;2;;;3
27/08/2014;20:22:00;152;com vítima;174,27;BR-101/RJ;Norte;Saida de Pista;1;;;;;;;;;;0;1;;;
05/11/2014;06:13:00;18;sem vítima;174;BR-101/RJ;Sul;Saida de Pista;1;;;;;;;;;;1;;;;
13/05/2015;19:29:00;162;sem vítima;174;BR-101/RJ;Norte;Colisão Traseira;;;2;;;;;;;;2;;;;
14/10/2015;21:09:00;210;sem vítima;174,173;BR-101/RJ;Norte;Choque - Talude;1;;;;;;;;;;2;;;;
30/10/2015;11:19:00;75;sem vítima;174;BR-101/RJ;Sul;Saida de Pista;1;;;;;;;;;;1;;;;
20/03/2010;13:21:00;105;com vítima;175;BR-101/RJ;Norte;Capotamento;1;;;;;;;;;;0;;1;;
17/05/2010;21:22:00;150;com vítima;175;BR-101/RJ;Sul;Capotamento;1;;1;;;;;;;;3;2;;;
12/10/2010;16:29:00;126;com vítima;175;BR-101/RJ;Norte;Saida de Pista;;;;1;;;;;;;0;2;;;
13/12/2010;06:59:00;28;sem vítima;175;BR-101/RJ;Norte;Colisão Lateral;2;;1;;;;;;;;6;;;;
17/12/2010;20:09:00;210;com vítima;175;BR-101/RJ;Sul;Colisão Frontal;3;;;;;;;;;;4;;1;;
09/02/2011;15:16:00;110;sem vítima;175;BR-101/RJ;Sul;Colisão Traseira;;;1;;;;;;;1;2;;;;
02/05/2011;21:33:00;188;sem vítima;175;BR-101/RJ;Sul;Colisão Lateral;;;1;;;;;;;1;2;;;;
27/01/2012;07:13:00;23;sem vítima;175,4;BR-101/RJ;Sul;Saida de Pista;1;;;;;;;;;;4;;;;
12/03/2012;19:33:00;189;sem vítima;175;BR-101/RJ;Sul;Colisão Lateral;2;;;;;;;;;;2;;;;
24/04/2012;20:34:00;213;sem vítima;175;BR-101/RJ;Norte;Colisão Traseira;1;;;;;1;;;;;2;;;;
02/01/2013;14:22:00;131;sem vítima;175;BR-101/RJ;Norte;Colisão Lateral;2;;;;;;;;;;7;;;;
13/05/2013;19:56:00;165;com vítima;175;BR-101/RJ;Norte;Saida de Pista;1;;;;;;;;;;0;;1;;
15/08/2013;09:34:00;57;sem vítima;175;BR-101/RJ;Norte;Saida de Pista;1;;;;;;;;;;1;;;;
15/11/2013;21:04:00;205;com vítima;175;BR-101/RJ;Norte;Colisão Lateral;2;;;;;;;;;;5;2;;;
06/04/2014;14:48:00;92;sem vítima;175;BR-101/RJ;Norte;Saida de Pista;1;;;;;;;;;;1;;;;
12/05/2014;13:48:00;113;sem vítima;175;BR-101/RJ;Sul;Colisão Lateral;2;;;;;;;;;;2;;;;
11/10/2014;17:30:00;168;sem vítima;175;BR-101/RJ;Norte;Colisão Lateral;2;;;;;;;;;;4;;;;
19/01/2015;14:51:00;124;sem vítima;175;BR-101/RJ;Norte;Colisão Traseira;1;;1;;;;;;;;3;;;;
27/02/2015;06:08:00;33;com vítima;175;BR-101/RJ;Sul;Capotamento;;;1;;;;;;;;0;1;;;
08/07/2015;01:41:00;10;sem vítima;175;BR-101/RJ;Sul;Colisão Lateral;;;2;;;;;;;;2;;;;
15/07/2015;06:58:00;31;com vítima;175;BR-101/RJ;Norte;Colisão Traseira;2;;;;;;;;;;3;1;;;
07/09/2015;18:04:00;146;com vítima;175;BR-101/RJ;Sul;Colisão Traseira;3;;;;;;;;;;2;1;;2;
26/12/2015;04:45:00;21;sem vítima;175,863;BR-101/RJ;Norte;Choque - Outros;1;;;;;;;;;;1;;;;
05/03/2010;16:44:00;140;sem vítima;176;BR-101/RJ;Norte;Saida de Pista;1;;;;;;;;;;1;;;;
16/04/2010;03:08:00;10;sem vítima;176;BR-101/RJ;Sul;Saida de Pista;;;3;;;;;;;;3;;;;
09/06/2010;14:07:00;111;sem vítima;176;BR-101/RJ;Sul;Saida de Pista;1;;;;;;;;;;1;;;;
14/09/2010;16:20:00;114;sem vítima;176;BR-101/RJ;Sul;Colisão Lateral;1;;;;;1;;;;;2;;;;
10/10/2010;20:53:00;172;com vítima;176;BR-101/RJ;Norte;Capotamento;1;;;;;;;;;;0;2;;;
05/11/2010;21:28:00;191;com vítima;176;BR-101/RJ;Sul;Saida de Pista;1;;;;;;;;;;0;;1;;
09/12/2010;14:10:00;90;com vítima;176;BR-101/RJ;Sul;Colisão Traseira;1;;;;;;;;1;;1;1;;;
10/01/2011;08:46:00;56;com vítima;176;BR-101/RJ;Sul;Capotamento;1;;;;;;;;;;0;;;;1
21/06/2011;06:56:00;22;sem vítima;176;BR-101/RJ;Norte;Colisão Traseira;;;2;;;;;;;;2;;;;
17/12/2011;05:38:00;25;com vítima;176,5;BR-101/RJ;Sul;Saida de Pista;1;;;;;;;;;;0;1;;;
28/04/2012;00:58:00;5;com vítima;176;BR-101/RJ;Sul;Colisão Frontal;1;;1;;;;;;;;1;;;3;1
05/07/2012;04:45:00;19;com vítima;176;BR-101/RJ;Norte;Colisão Lateral;;;2;;;;;;;;1;1;2;;1
06/07/2012;07:30:00;54;sem vítima;176;BR-101/RJ;Norte;Colisão Traseira;2;;;;;;;;;;3;;;;
14/09/2012;02:30:00;9;sem vítima;176,438;BR-101/RJ;Sul;Colisão Lateral;;;;;1;;;;;1;3;;;;
23/12/2012;13:53:00;111;com vítima;176;BR-101/RJ;Sul;Queda de Moto;;;;1;;;;;;;0;;1;;
02/03/2013;06:03:00;30;sem vítima;176,2;BR-101/RJ;Sul;Saida de Pista;1;;;;;;;;;;1;;;;
25/06/2013;03:09:00;14;com vítima;176,344;BR-101/RJ;Sul;Tombamento;;;2;;;;;;;;2;;1;;
28/11/2013;10:24:00;89;com vítima;176,041;BR-101/RJ;Sul;Colisão Frontal;2;;1;;;;;;;;1;2;;;
10/02/2014;05:51:00;36;com vítima;176;BR-101/RJ;Norte;Saida de Pista;1;;;;;;;;;;0;6;;;
10/02/2014;10:00:00;82;sem vítima;176;BR-101/RJ;Sul;Colisão Traseira;;;1;;1;;;;;;39;;;;
24/05/2014;16:50:00;113;com vítima;176,49;BR-101/RJ;Sul;Colisão Frontal;2;;;;;;;;;;0;;2;3;1
29/08/2014;16:50:00;134;sem vítima;176;BR-101/RJ;Norte;Colisão Traseira;1;;1;;;;;;;;2;;;;
05/10/2014;07:58:00;30;sem vítima;176,863;BR-101/RJ;Sul;Saida de Pista;1;;;;;;;;;;2;;;;
02/01/2015;06:15:00;17;com vítima;176;BR-101/RJ;Norte;Saida de Pista;1;;;;;;;;;;4;1;;;
05/02/2015;10:54:00;46;sem vítima;176;BR-101/RJ;Sul;Choque - Elemento de Drenagem;1;;;;;;;;;;1;0;0;0;0
22/02/2015;04:43:00;20;com vítima;176;BR-101/RJ;Sul;Saida de Pista;1;;;;;;;;;;2;1;;;
28/03/2015;07:38:00;41;com vítima;176,54;BR-101/RJ;Norte;Atropelamento - Morador;1;;;;;;;;;;0;1;0;0;1
05/10/2015;04:21:00;13;com vítima;176;BR-101/RJ;Sul;Capotamento;;;1;;;;;;;;0;1;;;
13/12/2015;20:23:00;221;sem vítima;176;BR-101/RJ;Sul;Colisão Lateral;1;;1;;;;;;;;6;;;;
24/03/2010;15:26:00;99;sem vítima;177;BR-101/RJ;Norte;Saida de Pista;1;;;;;;;;;;1;;;;
11/01/2011;11:21:00;86;sem vítima;177;BR-101/RJ;Norte;Saida de Pista;1;;;;;;;;;;4;;;;
27/01/2011;08:50:00;57;sem vítima;177;BR-101/RJ;Sul;Objeto lançado contra veículo;;;2;;;;;;;;2;;;;
31/01/2011;09:03:00;63;com vítima;177;BR-101/RJ;Sul;Saida de Pista;2;;;;;;;;;;0;1;1;;
26/08/2011;18:41:00;142;sem vítima;177,8000030517578;BR-101/RJ;Norte;Saida de Pista;1;;;;;;;;;;1;;;;
20/09/2011;10:23:00;62;com vítima;177;BR-101/RJ;Norte;Colisão Frontal;1;;1;;1;;;;;;1;3;;;1
03/10/2011;05:18:00;14;com vítima;177;BR-101/RJ;Norte;Saida de Pista;;;;1;;;;;;;0;;1;;
25/01/2012;13:59:00;102;sem vítima;177;BR-101/RJ;Sul;Saida de Pista;1;;;;;;;;;;1;;;;
27/01/2012;08:02:00;34;sem vítima;177,5;BR-101/RJ;Norte;Colisão Traseira;1;;;;;1;;;;;2;;;;
29/01/2012;11:22:00;69;sem vítima;177,3;BR-101/RJ;Sul;Saida de Pista;1;;;;;;;;;;2;;;;
20/04/2012;18:05:00;140;sem vítima;177;BR-101/RJ;Sul;Colisão Traseira;2;;;;;;;;;;5;;;;
10/06/2012;09:56:00;62;sem vítima;177;BR-101/RJ;Sul;Saida de Pista;1;;;;;;;;;;4;;;;
17/06/2012;04:07:00;21;sem vítima;177;BR-101/RJ;Sul;Saida de Pista;1;;;;;;;;;;1;;;;
05/07/2012;07:24:00;39;sem vítima;177;BR-101/RJ;Norte;Saida de Pista;1;;;;;;;;;;1;;;;
24/07/2012;15:20:00;123;com vítima;177,6;BR-101/RJ;Norte;Capotamento;1;;;;;;;;;;2;;1;;
10/01/2013;10:59:00;92;com vítima;177,5;BR-101/RJ;Sul;Saida de Pista;1;;;;;;;;;;1;1;;;
04/02/2013;08:21:00;57;sem vítima;177;BR-101/RJ;Norte;Colisão Traseira;2;;;;;;;;;;3;;;;
17/03/2013;17:21:00;123;sem vítima;177;BR-101/RJ;Sul;Capotamento;1;;;;;;;;;;2;;;;
21/04/2013;15:18:00;85;sem vítima;177;BR-101/RJ;Norte;Saida de Pista;1;;;;;;;;;;3;;;;
07/06/2013;10:57:00;72;sem vítima;177,616;BR-101/RJ;Norte;Saida de Pista;1;;;;;;;;;;4;;;;
16/08/2013;22:39:00;197;com vítima;177,396;BR-101/RJ;Norte;Colisão Lateral;2;;3;;;;;;;;6;1;;;
08/12/2013;05:46:00;28;sem vítima;177;BR-101/RJ;Norte;Saida de Pista;1;;;;;;;;;;1;;;;
07/03/2014;16:18:00;165;com vítima;177,143;BR-101/RJ;Sul;Capotamento;;;1;;;;;;;;1;1;;;
09/03/2014;22:22:00;201;sem vítima;177;BR-101/RJ;Norte;Saida de Pista;1;;;;;;;;;;1;;;;
22/03/2014;07:36:00;32;com vítima;177,16;BR-101/RJ;Sul;Colisão Frontal;;;1;;;;;;;1;0;1;1;1;
03/04/2014;15:02:00;132;sem vítima;177;BR-101/RJ;Norte;Saida de Pista;1;;;;;;;;;;2;;;;
26/05/2014;20:26:00;162;sem vítima;177,2;BR-101/RJ;Norte;Colisão Lateral;;;2;;;;;;;;2;;;;
10/10/2014;11:13:00;91;sem vítima;177;BR-101/RJ;Sul;Saida de Pista;1;;;;;;;;;;1;;;;
14/02/2015;08:30:00;103;sem vítima;177;BR-101/RJ;Norte;Colisão Traseira;2;;;;;;;;;;6;0;0;0;0
31/01/2010;19:54:00;184;com vítima;178;BR-101/RJ;Norte;Queda de Moto;;;;1;;;;;;;0;1;;1;
14/07/2010;16:25:00;102;com vítima;178;BR-101/RJ;Norte;Queda de Moto;;;;1;;;;;;;0;2;;;
16/07/2010;19:10:00;200;com vítima;178;BR-101/RJ;Sul;Saida de Pista;1;;;;;;;;;;0;1;;;
06/11/2010;19:46:00;158;com vítima;178;BR-101/RJ;Sul;Colisão Frontal;;;1;;;;;;;1;1;;;;2
15/11/2010;18:31:00;159;sem vítima;178;BR-101/RJ;Sul;Colisão Lateral;1;;1;;;;;;;;5;;;;
11/01/2011;10:52:00;81;com vítima;178;BR-101/RJ;Norte;Colisão Frontal;1;;;;;;;;;1;0;9;;;
27/02/2011;08:43:00;47;com vítima;178;BR-101/RJ;Norte;Capotamento;1;;;;;;;;;;0;1;;;
10/12/2011;06:55:00;45;sem vítima;178;BR-101/RJ;Sul;Saida de Pista;1;;;;;;;;;;2;;;;
15/12/2011;13:54:00;94;sem vítima;178;BR-101/RJ;Norte;Saida de Pista;1;;;;;;;;;;2;;;;
07/02/2012;07:33:00;39;sem vítima;178;BR-101/RJ;Norte;Colisão Lateral;2;;;;;;;;;;6;;;;
18/03/2012;01:39:00;9;sem vítima;178;BR-101/RJ;Norte;Colisão Lateral;;;2;;;;;;;;2;;;;
30/06/2012;18:53:00;168;com vítima;178,2;BR-101/RJ;Sul;Colisão Frontal;1;;2;;;;;;;;1;;2;;3
04/10/2012;10:07:00;80;sem vítima;178;BR-101/RJ;Sul;Saida de Pista;1;;1;;1;;;;;;6;;;;
03/12/2012;16:20:00;161;sem vítima;178;BR-101/RJ;Norte;Colisão Lateral;2;;;;;;;;;;2;;;;
27/03/2013;06:18:00;22;sem vítima;178,27;BR-101/RJ;Norte;Saida de Pista;1;;;;;;;;;;2;;;;
16/04/2013;10:37:00;73;sem vítima;178,9;BR-101/RJ;Norte;Choque - Outros;1;;;;;;;;;1;2;;;;
28/11/2013;12:01:00;106;sem vítima;178;BR-101/RJ;Norte;Engavetamento;3;;;;;;;;;;8;;;;
12/05/2014;22:05:00;200;sem vítima;178;BR-101/RJ;Norte;Colisão Traseira;;;1;;;1;;;;;2;;;;
18/05/2014;22:18:00;165;com vítima;178,255;BR-101/RJ;Norte;Colisão Frontal;;;2;;;;;;;1;2;1;3;;2
18/07/2014;04:28:00;24;com vítima;178,058;BR-101/RJ;Norte;Colisão Frontal;1;;2;;;;;;;;1;;1;;1
13/03/2015;14:58:00;106;com vítima;178;BR-101/RJ;Sul;Saida de Pista;1;;;;;;;;;;0;1;0;0;0
12/02/2010;14:14:00;152;sem vítima;179;BR-101/RJ;Sul;Saida de Pista;1;;;;;;;;;;1;;;;
16/02/2010;04:09:00;22;com vítima;179,5;BR-101/RJ;Sul;Queda de Moto;;;;1;;;;;;;0;;1;;
19/03/2010;15:49:00;152;sem vítima;179;BR-101/RJ;Sul;Saida de Pista;;;1;;;;;;;;1;;;;
16/09/2010;02:28:00;8;com vítima;179,8000030517578;BR-101/RJ;Norte;Colisão Frontal;1;;1;;;;;;;;1;1;2;;
15/12/2010;15:42:00;136;com vítima;179;BR-101/RJ;Sul;Choque - Talude;1;;;;;;;;;;0;;1;;
27/12/2010;22:07:00;201;com vítima;179;BR-101/RJ;Sul;Saida de Pista;;;1;;;;;;;;0;1;;;
10/05/2011;05:27:00;21;sem vítima;179;BR-101/RJ;Norte;Atropelamento de Animal;;;;;;1;;;;;1;;;;
12/12/2011;09:54:00;69;sem vítima;179;BR-101/RJ;Norte;Engavetamento;2;;1;;;;;;;;7;;;;
01/01/2012;21:03:00;189;com vítima;179;BR-101/RJ;Norte;Queda de Moto;;;;1;;;;;;;0;1;;;
18/12/2012;19:11:00;169;com vítima;179;BR-101/RJ;Sul;Colisão Transversal;1;;1;;;;;;;;1;;;1;
14/01/2013;15:49:00;122;com vítima;179;BR-101/RJ;Sul;Capotamento;1;;;;;;;;;;1;1;;;
26/01/2013;22:21:00;202;sem vítima;179;BR-101/RJ;Norte;Colisão Frontal;2;;;;;;;;;;2;;;;
27/06/2013;00:58:00;6;sem vítima;179,5;BR-101/RJ;Sul;Colisão Traseira;;;1;;;1;;;;;2;;;;
13/04/2014;04:16:00;19;com vítima;179;BR-101/RJ;Sul;Saida de Pista;1;;;;;;;;;;0;1;;;
23/12/2014;14:52:00;120;sem vítima;179;BR-101/RJ;Norte;Saida de Pista;;;;;;;;;;1;1;;;;
08/01/2015;03:19:00;11;sem vítima;179;BR-101/RJ;Norte;Capotamento;1;;;;;;;;;;2;;;;
20/02/2015;10:56:00;80;com vítima;179;BR-101/RJ;Norte;Outros;1;;;;;;;;;;0;1;0;0;0
28/02/2015;14:52:00;98;sem vítima;179;BR-101/RJ;Norte;Saida de Pista;1;;;;;;;;;;1;;;;
08/04/2015;09:28:00;70;com vítima;179;BR-101/RJ;Norte;Outros - Sequência;2;;1;;;;;;;;3;1;;;
16/01/2010;00:38:00;6;sem vítima;180;BR-101/RJ;Norte;Queda de Moto;;;;1;;;;;;;1;;;;
22/01/2010;22:52:00;223;sem vítima;180;BR-101/RJ;Norte;Saida de Pista;1;;;2;;1;;;;;5;;;;
18/02/2010;07:39:00;61;com vítima;180;BR-101/RJ;Sul;Colisão Lateral;1;;1;;;;;;;;2;;1;;
25/02/2010;19:04:00;169;sem vítima;180;BR-101/RJ;Norte;Saida de Pista;1;;;;;;;;;;2;;;;
28/05/2010;06:23:00;34;sem vítima;180;BR-101/RJ;Sul;Colisão Traseira;;;;;;;;;;1;1;;;;
19/08/2010;09:50:00;58;com vítima;180;BR-101/RJ;Sul;Saida de Pista;1;;;;;;;;;;0;;1;;
25/09/2010;07:46:00;38;sem vítima;180;BR-101/RJ;Norte;Saida de Pista;1;;;;;;;;;;1;;;;
28/09/2010;11:07:00;67;sem vítima;180;BR-101/RJ;Norte;Saida de Pista;1;;;;;;;;;;2;;;;
11/10/2010;16:29:00;100;sem vítima;180;BR-101/RJ;Sul;Colisão Lateral;;;1;;1;;;;;;20;;;;
18/10/2010;18:41:00;126;sem vítima;180;BR-101/RJ;Norte;Saida de Pista;1;;;;;;;;;;1;;;;
01/11/2010;10:54:00;65;sem vítima;180;BR-101/RJ;Norte;Capotamento;;;;;;;;;;1;2;;;;
27/11/2010;15:43:00;117;sem vítima;180;BR-101/RJ;Norte;Colisão Lateral;1;;1;;;;;;;;3;;;;
01/01/2011;17:20:00;114;sem vítima;180;BR-101/RJ;Norte;Capotamento;1;;;;;;;;;;1;;;;
15/01/2011;03:13:00;10;sem vítima;180;BR-101/RJ;Sul;Colisão Lateral;1;;;;1;;;;;;4;;;;
24/01/2011;07:18:00;36;sem vítima;180;BR-101/RJ;Norte;Colisão Traseira;2;;;;;;;;;;4;;;;
03/06/2011;12:35:00;85;com vítima;180;BR-101/RJ;Sul;Colisão Traseira;1;;1;;;;;;;;2;;1;;
06/06/2011;06:43:00;26;sem vítima;180;BR-101/RJ;Sul;Saida de Pista;1;;;;;;;;;;1;;;;
06/06/2011;07:43:00;36;sem vítima;180;BR-101/RJ;Sul;Colisão Traseira;2;;;;;;;;;;2;;;;
23/09/2011;05:55:00;11;com vítima;180;BR-101/RJ;Sul;Tombamento;;;1;;;;;;;;0;;1;;
31/01/2012;23:17:00;184;sem vítima;180;BR-101/RJ;Norte;Colisão Lateral;1;;1;;;;;;;;4;;;;
08/07/2012;17:04:00;109;sem vítima;180;BR-101/RJ;Norte;Saida de Pista;1;;;;;;;;;;2;;;;
18/08/2012;15:55:00;115;sem vítima;180,466;BR-101/RJ;Norte;Saida de Pista;;;;;;;;;;1;2;;;;
18/08/2012;16:22:00;118;sem vítima;180,466;BR-101/RJ;Sul;Colisão Traseira;1;;1;;;;;;;;2;;;;
30/08/2012;15:04:00;118;com vítima;180;BR-101/RJ;Sul;Saida de Pista;;;1;;;;;;;;0;;1;;
11/12/2012;15:09:00;147;com vítima;180;BR-101/RJ;Norte;Saida de Pista;;;;;;;;;;1;1;2;2;;
04/01/2013;09:06:00;62;sem vítima;180,5;BR-101/RJ;Sul;Saida de Pista;1;;;;;;;;;;2;;;;
10/01/2013;15:27:00;142;sem vítima;180;BR-101/RJ;Sul;Colisão Lateral;1;;1;;;;;;;;2;;;;
26/01/2013;01:26:00;9;sem vítima;180;BR-101/RJ;Norte;Saida de Pista;1;;;;;;;;;;4;;;;
11/05/2013;13:48:00;103;com vítima;180;BR-101/RJ;Norte;Colisão Traseira;;;2;;;;;;;;1;1;;;
18/05/2013;17:15:00;126;sem vítima;180;BR-101/RJ;Sul;Saida de Pista;1;;;;;;;;;;4;;;;
23/05/2013;04:01:00;13;com vítima;180;BR-101/RJ;Sul;Capotamento;1;;;;;;;;;;0;2;;;
22/07/2013;08:11:00;41;com vítima;180,1;BR-101/RJ;Sul;Saida de Pista;1;;;;;;;;;;0;1;;;
10/08/2013;08:32:00;48;com vítima;180,4;BR-101/RJ;Sul;Saida de Pista;2;;;;;;;;;;0;2;;;
19/09/2013;10:41:00;82;sem vítima;180;BR-101/RJ;Sul;Colisão Traseira;2;;;;;;;;;;3;;;;
02/10/2013;12:56:00;86;com vítima;180,2;BR-101/RJ;Norte;Saida de Pista;1;;;;;;;;;;0;;1;;
05/10/2013;18:06:00;130;com vítima;180,506;BR-101/RJ;Norte;Capotamento;1;;;;;;;;;;0;1;;;
06/11/2013;12:45:00;95;com vítima;180;BR-101/RJ;Norte;Saida de Pista;1;;;;;;;;;;2;1;;;
25/11/2013;05:55:00;24;com vítima;180,452;BR-101/RJ;Sul;Colisão Frontal;1;;1;;;;;;;;1;2;;;
03/12/2013;03:01:00;11;sem vítima;180;BR-101/RJ;Sul;Colisão Lateral;;;1;;;1;;;;;2;;;;
15/02/2014;16:53:00;154;com vítima;180;BR-101/RJ;Sul;Capotamento;1;;;;;;;;;;0;1;;;
18/02/2014;10:37:00;86;com vítima;180,5;BR-101/RJ;Norte;Saida de Pista;;;1;;;;;;;;1;1;;;
02/04/2014;17:12:00;154;sem vítima;180;BR-101/RJ;Norte;Saida de Pista;1;;;;;;;;;;1;;;;
24/05/2014;07:16:00;38;sem vítima;180,475;BR-101/RJ;Sul;Capotamento;1;;;;;;;;;;1;;;;
26/05/2014;09:28:00;68;com vítima;180;BR-101/RJ;Sul;Saida de Pista;1;;;;;1;;;;;1;1;;;
16/07/2014;23:29:00;182;sem vítima;180,948;BR-101/RJ;Norte;Saida de Pista;1;;;;;;;;;;1;;;;
03/10/2014;05:36:00;15;sem vítima;180;BR-101/RJ;Norte;Saida de Pista;1;;;;;;;;;;1;;;;
06/10/2014;06:04:00;39;sem vítima;180,505;BR-101/RJ;Sul;Saida de Pista;1;;;;;;;;;;1;;;;
23/10/2014;22:47:00;188;sem vítima;180,45;BR-101/RJ;Norte;Saida de Pista;1;;;;;;;;;;1;;;;
16/11/2014;11:44:00;60;sem vítima;180;BR-101/RJ;Sul;Saida de Pista;1;;;;;;;;;;4;;;;
24/11/2014;05:10:00;26;com vítima;180;BR-101/RJ;Sul;Saida de Pista;1;;;;;;;;;;0;1;;;
12/01/2015;19:27:00;179;sem vítima;180,776;BR-101/RJ;Sul;Colisão Traseira;2;;1;;;;;;;;3;;;;
21/09/2015;09:37:00;81;sem vítima;180,503;BR-101/RJ;Norte;Choque - Defensa, barreira ou "submarino";1;;;;;;;;;;1;;;;
01/03/2010;16:07:00;132;sem vítima;181;BR-101/RJ;Norte;Capotamento;1;;;;;;;;;;1;;;;
23/05/2010;21:30:00;175;com vítima;181;BR-101/RJ;Sul;Capotamento;1;;;;1;;;;;;1;;1;;
25/10/2010;02:12:00;13;sem vítima;181;BR-101/RJ;Norte;Atropelamento de Animal;;;1;;;;;;;;1;;;;
20/12/2010;07:38:00;31;sem vítima;181;BR-101/RJ;Norte;Colisão Lateral;1;;;;;1;;;;;2;;;;
03/06/2011;20:27:00;201;com vítima;181;BR-101/RJ;Sul;Colisão Traseira;;;1;;;;;;;1;1;;1;;
07/06/2011;22:06:00;190;com vítima;181;BR-101/RJ;Sul;Saida de Pista;;;1;;;;;;;;0;1;;1;
11/06/2011;22:09:00;200;com vítima;181;BR-101/RJ;Norte;Saida de Pista;2;;;;;1;;;;;6;1;;;
26/09/2011;07:55:00;37;sem vítima;181;BR-101/RJ;Norte;Colisão Lateral;1;;1;;;;;;;;3;;;;
01/10/2011;06:31:00;26;sem vítima;181;BR-101/RJ;Sul;Saida de Pista;1;;;;;;;;;;2;;;;
15/11/2011;20:28:00;162;com vítima;181;BR-101/RJ;Sul;Saida de Pista;1;;;;;;;;;;0;1;1;;
02/12/2011;10:01:00;78;sem vítima;181;BR-101/RJ;Norte;Colisão Frontal;;;2;;;;;;;;2;;;;
05/01/2012;21:28:00;207;com vítima;181,8;BR-101/RJ;Norte;Colisão Lateral;1;;;1;;;;;;;1;;;1;
02/02/2012;15:10:00;125;com vítima;181;BR-101/RJ;Norte;Saida de Pista;1;;;;;;;;;;1;;1;;
13/05/2012;21:46:00;196;sem vítima;181;BR-101/RJ;Sul;Choque - Talude;1;;;;;;;;;;3;;;;
29/07/2012;12:27:00;80;com vítima;181,5;BR-101/RJ;Sul;Colisão Frontal;2;;;;;;;;;;0;1;;2;
01/08/2012;17:13:00;157;com vítima;181;BR-101/RJ;Norte;Colisão Lateral;;;;1;;1;;;;;1;;1;;
30/10/2012;19:10:00;189;sem vítima;181,8;BR-101/RJ;Norte;Saida de Pista;;;1;;;;;;;;1;;;;
26/11/2012;08:50:00;60;sem vítima;181;BR-101/RJ;Sul;Saida de Pista;;;;;;;;;;1;1;;;;
28/11/2012;17:50:00;150;com vítima;181,712;BR-101/RJ;Sul;Colisão Traseira;2;;;;;;;;;;1;1;;;
18/03/2013;00:17:00;5;sem vítima;181;BR-101/RJ;Sul;Capotamento;1;;;;;;;;;;1;;;;