data;horario;n_da_ocorrencia;tipo_de_ocorrencia;km;trecho;sentido;tipo_de_acidente;automovel;bicicleta;caminhao;moto;onibus;outros;tracao_animal;transporte_de_cargas_especiais;trator_maquinas;utilitarios;ilesos;levemente_feridos;moderadamente_feridos;gravemente_feridos;mortos
15/08/2015;06:27:00;23;com vítima;188,3;BR-101/RJ;Norte;Colisão Frontal;1;;1;;;;;;;;1;;1;;
04/09/2015;19:27:00;188;sem vítima;188;BR-101/RJ;Sul;Engavetamento;3;;;;;;;;;1;9;;;;
15/01/2010;14:35:00;113;sem vítima;189;BR-101/RJ;Sul;Colisão Transversal;1;;;;;1;;;;;2;;;;
01/03/2010;15:43:00;122;sem vítima;189;BR-101/RJ;Norte;Saida de Pista;1;;;;;;;;;;1;;;;
13/05/2010;01:42:00;6;sem vítima;189;BR-101/RJ;Norte;Colisão Transversal;1;;;;;;;;;1;3;;;;
03/11/2010;07:48:00;40;com vítima;189;BR-101/RJ;Sul;Queda de Moto;;;;1;;;;;;;0;1;;;
14/11/2010;14:20:00;87;com vítima;189;BR-101/RJ;Norte;Saida de Pista;1;;;;;;;;;;2;2;;;
27/11/2010;09:07:00;60;sem vítima;189;BR-101/RJ;Sul;Saida de Pista;1;;;;;;;;;;1;;;;
24/12/2010;16:27:00;142;sem vítima;189;BR-101/RJ;Norte;Saida de Pista;1;;;;;;;;;;3;;;;
09/02/2011;14:33:00;103;sem vítima;189;BR-101/RJ;Sul;Engavetamento;3;;;;;;;;;;3;;;;
06/03/2011;19:57:00;158;com vítima;297;BR-101/RJ;Sul;Colisão Lateral;;;;1;1;;;;;;1;;1;;
06/03/2011;20:38:00;163;sem vítima;277;BR-101/RJ;Sul;Saida de Pista;1;;;;;;;;;;1;;;;
20/05/2011;21:09:00;178;com vítima;189;BR-101/RJ;Sul;Saida de Pista;;;1;;;;;;;;0;;;;1
22/09/2011;07:31:00;33;com vítima;189;BR-101/RJ;Norte;Saida de Pista;1;;;;;;;;;;0;1;;;
27/01/2012;10:23:00;61;sem vítima;189,1;BR-101/RJ;Norte;Capotamento;1;;;;;;;;;;1;;;;
24/02/2012;07:56:00;40;com vítima;189;BR-101/RJ;Norte;Saida de Pista;;;1;;;;;;;;0;1;1;;
26/02/2012;06:34:00;32;sem vítima;189;BR-101/RJ;Norte;Saida de Pista;1;;;;;;;;;;1;;;;
15/10/2012;13:27:00;100;sem vítima;189;BR-101/RJ;Norte;Colisão Traseira;2;;;;;;;;;;10;;;;
15/10/2012;08:13:00;36;com vítima;189,9;BR-101/RJ;Norte;Colisão Frontal;1;;2;;;;;;;;0;2;;1;3
09/11/2012;06:34:00;30;com vítima;189,9;BR-101/RJ;Sul;Colisão Lateral;1;;1;;;;;;;;0;;2;;
12/11/2012;16:51:00;155;com vítima;189,9;BR-101/RJ;Sul;Saida de Pista;1;;;;;;;;;;1;1;;;
12/11/2012;17:28:00;164;sem vítima;189,9;BR-101/RJ;Norte;Outros - Sequência;2;;;;;;;;;;8;;;;
16/12/2012;17:00:00;136;com vítima;189;BR-101/RJ;Sul;Capotamento;1;;;;;;;;;;7;2;;;
06/02/2013;02:16:00;13;sem vítima;189,2;BR-101/RJ;Norte;Saida de Pista;1;;;;;;;;;;1;;;;
20/05/2013;10:52:00;68;com vítima;189,15;BR-101/RJ;Sul;Tombamento;;;1;;;;;;;;0;;1;;
05/07/2013;18:52:00;168;sem vítima;189;BR-101/RJ;Norte;Colisão Traseira;2;;;;;;;;;;3;;;;
16/08/2013;17:27:00;147;sem vítima;189;BR-101/RJ;Norte;Colisão Transversal;2;;;;;;;;;;3;;;;
20/09/2013;11:21:00;81;sem vítima;189,4;BR-101/RJ;Sul;Colisão Traseira;2;;;;;;;;;;4;;;;
10/10/2013;12:49:00;91;sem vítima;189,963;BR-101/RJ;Norte;Colisão Traseira;;;1;;;1;;;;;2;;;;
26/10/2013;10:56:00;76;com vítima;189,764;BR-101/RJ;Sul;Engavetamento;4;;;;;;;;;;7;2;;;
25/11/2013;09:16:00;56;sem vítima;189;BR-101/RJ;Sul;Saida de Pista;1;;;;;;;;;;2;;;;
28/11/2013;01:46:00;13;sem vítima;189,9;BR-101/RJ;Sul;Colisão Traseira;;;2;;;;;;;;3;;;;
30/11/2013;13:25:00;111;sem vítima;189;BR-101/RJ;Sul;Colisão Traseira;1;;1;;;;;;;;4;;;;
30/11/2013;15:33:00;143;sem vítima;189;BR-101/RJ;Sul;Saida de Pista;1;;;;;;;;;;1;;;;
01/12/2013;17:55:00;142;com vítima;189,811;BR-101/RJ;Sul;Engavetamento;3;;;;;;;;;;9;1;;;
02/12/2013;07:08:00;66;sem vítima;189,978;BR-101/RJ;Norte;Colisão Traseira;;;2;;;;;;;;2;;;;
04/12/2013;16:54:00;146;sem vítima;189,5;BR-101/RJ;Sul;Colisão Traseira;1;;1;;;;;;;;2;;;;
19/12/2013;23:29:00;187;sem vítima;189,8;BR-101/RJ;Sul;Engavetamento;1;;1;;;1;;;;;4;;;;
22/12/2013;17:39:00;165;sem vítima;189;BR-101/RJ;Sul;Engavetamento;2;;1;;;;;;;;3;;;;
31/12/2013;13:37:00;94;sem vítima;189;BR-101/RJ;Sul;Colisão Traseira;;;2;;;;;;;;3;;;;
26/01/2014;16:23:00;114;sem vítima;189,92;BR-101/RJ;Sul;Colisão Traseira;1;;;;;1;;;;;2;;;;
22/02/2014;11:57:00;85;sem vítima;189,241;BR-101/RJ;Sul;Colisão Traseira;2;;;;;;;;;;4;;;;
25/02/2014;14:54:00;136;sem vítima;189;BR-101/RJ;Sul;Colisão Traseira;1;;1;;;;;;;;2;;;;
01/03/2014;12:22:00;209;sem vítima;189;BR-101/RJ;Sul;Engavetamento;2;;;;;1;;;;;5;;;;
02/04/2014;15:39:00;143;sem vítima;189;BR-101/RJ;Sul;Outros - Sequência;1;;2;;;;;;;;8;;;;
11/04/2014;14:21:00;109;sem vítima;189;BR-101/RJ;Sul;Engavetamento;3;;;;;;;;;;3;;;;
30/04/2014;13:48:00;102;sem vítima;189;BR-101/RJ;Sul;Colisão Lateral;1;;1;;;;;;;;2;;;;
03/05/2014;08:23:00;39;sem vítima;189,7;BR-101/RJ;Sul;Engavetamento;3;;1;;;;;;;;10;;;;
12/05/2014;20:11:00;181;sem vítima;189,705;BR-101/RJ;Sul;Colisão Traseira;1;;;;;;;;;1;3;;;;
28/05/2014;10:28:00;72;sem vítima;189;BR-101/RJ;Sul;Colisão Traseira;;;1;;;;;;;1;2;;;;
11/06/2014;15:41:00;134;sem vítima;189;BR-101/RJ;Sul;Colisão Traseira;1;;;;;;;;;1;2;;;;
21/06/2014;14:58:00;71;sem vítima;189;BR-101/RJ;Sul;Colisão Lateral;2;;;;;;;;;;7;;;;
07/08/2014;13:40:00;100;sem vítima;189;BR-101/RJ;Sul;Colisão Traseira;1;;1;;;;;;;;2;;;;
09/08/2014;13:42:00;101;sem vítima;189;BR-101/RJ;Norte;Colisão Traseira;1;;;;;1;;;;;4;;;;
04/09/2014;18:49:00;111;com vítima;189;BR-101/RJ;Sul;Colisão Traseira;1;;;;;1;;;;;2;1;;;
04/09/2014;15:21:00;83;sem vítima;189,678;BR-101/RJ;Norte;Colisão Traseira;1;;;;;;;;;1;6;;;;
04/09/2014;17:17:00;101;sem vítima;189,7;BR-101/RJ;Norte;Colisão Traseira;1;;1;;;;;;;;2;;;;
12/09/2014;23:03:00;177;sem vítima;189;BR-101/RJ;Sul;Colisão Traseira;1;;;;;1;;;;;4;;;;
21/09/2014;13:09:00;72;sem vítima;189,98;BR-101/RJ;Sul;Colisão Traseira;2;;;;;;;;;;4;;;;
01/12/2014;05:34:00;19;com vítima;189;BR-101/RJ;Norte;Colisão Traseira;1;;;;;1;;;;;1;;2;;
07/12/2014;13:27:00;59;sem vítima;189;BR-101/RJ;Sul;Engavetamento;3;;;;;;;;;;8;;;;
14/12/2014;09:44:00;51;com vítima;189;BR-101/RJ;Sul;Capotamento;1;;;;;;;;;;0;1;;;
17/12/2014;07:27:00;44;com vítima;189,899;BR-101/RJ;Norte;Colisão Traseira;2;;;;;;;;;;3;2;;;
22/12/2014;17:26:00;154;sem vítima;189,5;BR-101/RJ;Sul;Colisão Traseira;2;;;;;;;;;;8;;;;
24/12/2014;02:58:00;15;com vítima;189;BR-101/RJ;Sul;Colisão Traseira;;;2;;;;;;;;1;;1;;
12/01/2015;10:09:00;68;sem vítima;189;BR-101/RJ;Sul;Engavetamento;3;;;;;;;;;;3;;;;
17/03/2015;04:13:00;23;sem vítima;189;BR-101/RJ;Sul;Colisão Traseira;;;2;;;;;;;;2;0;0;0;0
20/04/2015;09:13:00;55;sem vítima;189,473;BR-101/RJ;Sul;Choque - Talude;;;1;;;;;;;;1;;;;
21/04/2015;14:20:00;92;sem vítima;189;BR-101/RJ;Norte;Colisão Traseira;;;1;;;;;;;1;5;;;;
24/04/2015;10:22:00;66;com vítima;189;BR-101/RJ;Sul;Queda de Moto;;;;1;;;;;;;0;1;1;;
24/04/2015;13:25:00;96;com vítima;189,394;BR-101/RJ;Norte;Colisão Frontal;;;1;;;;;;;1;2;;11;2;2
20/06/2015;05:37:00;20;sem vítima;189;BR-101/RJ;Sul;Engavetamento;3;;;;;;;;;;11;;;;
16/07/2015;13:06:00;141;sem vítima;189;BR-101/RJ;Sul;Colisão Traseira;2;;;;;;;;;;2;;;;
17/07/2015;20:00:00;212;sem vítima;189;BR-101/RJ;Sul;Colisão Traseira;1;;1;;;;;;;;2;;;;
24/07/2015;06:18:00;21;com vítima;189,7;BR-101/RJ;Sul;Saida de Pista;;;1;;;;;;;;0;1;;;
25/07/2015;23:29:00;210;com vítima;189;BR-101/RJ;Sul;Colisão Frontal;;;;2;;;;;;;0;;2;;
22/08/2015;06:41:00;36;sem vítima;189,983;BR-101/RJ;Sul;Colisão Traseira;1;;;;;1;;;;;2;;;;
29/08/2015;19:30:00;163;com vítima;189;BR-101/RJ;Norte;Colisão Traseira;1;;;1;;;;;;;1;1;;;
05/09/2015;08:34:00;59;sem vítima;189;BR-101/RJ;Norte;Capotamento;1;;;;;;;;;;5;;;;
05/09/2015;07:19:00;48;sem vítima;189,77;BR-101/RJ;Sul;Colisão Traseira;2;;;;;;;;;;7;;;;
14/09/2015;14:05:00;149;com vítima;189;BR-101/RJ;Norte;Queda de Moto;;;;1;;;;;;;0;2;;;
29/09/2015;18:01:00;151;sem vítima;189;BR-101/RJ;Sul;Colisão Traseira;2;;;;;;;;;;3;;;;
04/10/2015;16:16:00;103;sem vítima;189,721;BR-101/RJ;Sul;Engavetamento;3;;;;;;;;;;8;;;;
04/10/2015;13:38:00;82;sem vítima;189,99;BR-101/RJ;Norte;Colisão Traseira;1;;;;;1;;;;;5;;;;
07/10/2015;22:50:00;180;sem vítima;189,964;BR-101/RJ;Sul;Colisão Traseira;1;;1;;;;;;;;3;;;;
13/11/2015;03:38:00;16;sem vítima;189;BR-101/RJ;Sul;Colisão Traseira;1;;1;;;;;;;;2;;;;
18/11/2015;06:16:00;29;com vítima;189,122;BR-101/RJ;Sul;Capotamento;1;;;;;;;;;;0;1;;;
27/11/2015;10:04:00;103;sem vítima;189;BR-101/RJ;Norte;Engavetamento;3;;;;;;;;;;5;;;;
27/11/2015;01:38:00;5;sem vítima;189,75;BR-101/RJ;Sul;Outros;;;1;;;;;;;;2;;;;
28/12/2015;15:58:00;162;sem vítima;189;BR-101/RJ;Sul;Colisão Traseira;2;;;;;;;;;;5;;;;
08/04/2010;10:09:00;67;sem vítima;190;BR-101/RJ;Sul;Colisão Traseira;2;;;;;;;;;;6;;;;
14/07/2010;19:43:00;132;sem vítima;190;BR-101/RJ;Sul;Colisão Lateral;;;2;;;;;;;;3;;;;
16/09/2010;09:26:00;50;sem vítima;190;BR-101/RJ;Sul;Outros - Sequência;1;;;;;;;;;;1;;;;
20/09/2010;05:22:00;37;sem vítima;190;BR-101/RJ;Norte;Capotamento;1;;;;;;;;;;4;;;;
05/01/2011;23:12:00;225;com vítima;190;BR-101/RJ;Sul;Colisão Transversal;2;;;;;;;;;;5;;1;;
22/01/2011;18:00:00;167;com vítima;190;BR-101/RJ;Sul;Colisão Transversal;1;;1;;;;;;;;1;1;1;1;
14/02/2011;12:41:00;116;com vítima;190;BR-101/RJ;Sul;Colisão Transversal;2;;;;;;;;;;1;1;;;
06/03/2011;20:44:00;164;com vítima;278;BR-101/RJ;Sul;Queda de Moto;;;;1;;;;;;;0;2;;;
26/06/2011;11:15:00;55;sem vítima;190;BR-101/RJ;Norte;Colisão Lateral;2;;;;;;;;;;7;;;;
09/08/2011;10:03:00;57;sem vítima;190,8000030517578;BR-101/RJ;Sul;Colisão Traseira;2;;;;;;;;;;2;;;;
30/08/2011;12:00:00;94;com vítima;190;BR-101/RJ;Norte;Queda de Moto;;;;1;;;;;;;0;2;;;
20/09/2011;12:47:00;79;sem vítima;190;BR-101/RJ;Norte;Colisão Traseira;2;;;;;;;;;;7;;;;
16/10/2011;17:04:00;99;sem vítima;190;BR-101/RJ;Norte;Colisão Lateral;2;;;;;;;;;;4;;;;
28/10/2011;06:41:00;22;sem vítima;190;BR-101/RJ;Norte;Colisão Lateral;1;;1;;;;;;;;2;;;;
24/11/2011;05:53:00;23;sem vítima;190;BR-101/RJ;Sul;Tombamento;;;1;;;;;;;;1;;;;
28/01/2012;01:40:00;21;sem vítima;190;BR-101/RJ;Norte;Objeto lançado contra veículo;;;;;2;;;;;;2;;;;
17/02/2012;17:01:00;147;sem vítima;190;BR-101/RJ;Norte;Colisão Transversal;2;;;;;;;;;;2;;;;
17/02/2012;23:14:00;249;com vítima;190;BR-101/RJ;Norte;Colisão Transversal;2;;;;;;;;;;4;1;;;
23/02/2012;18:03:00;189;sem vítima;190;BR-101/RJ;Norte;Colisão Transversal;2;;;;;;;;;;6;;;;
07/03/2012;19:00:00;147;com vítima;190;BR-101/RJ;Norte;Colisão Transversal;2;;;;;;;;;;2;1;;;
09/03/2012;16:13:00;134;sem vítima;190;BR-101/RJ;Sul;Saida de Pista;1;;;;;;;;;;1;;;;
27/04/2012;17:14:00;148;sem vítima;190;BR-101/RJ;Sul;Colisão Lateral;1;;1;;;;;;;;4;;;;
28/04/2012;10:41:00;64;sem vítima;190;BR-101/RJ;Norte;Colisão Lateral;2;;;;;;;;;;7;;;;
02/05/2012;08:55:00;67;com vítima;190;BR-101/RJ;Norte;Saida de Pista;;;1;1;;;;;;;2;2;;;
04/05/2012;20:21:00;190;sem vítima;190;BR-101/RJ;Sul;Colisão Lateral;1;;;;1;;;;;;3;;;;
08/05/2012;13:00:00;79;com vítima;190,373;BR-101/RJ;Norte;Tombamento;;;3;;1;;;;;;17;;1;;
31/05/2012;17:01:00;140;com vítima;190;BR-101/RJ;Norte;Colisão Transversal;3;;1;;;;;;;;4;1;;;
31/08/2012;11:16:00;92;sem vítima;190;BR-101/RJ;Norte;Colisão Lateral;1;;1;;;;;;;;4;;;;
16/09/2012;13:52:00;93;com vítima;190;BR-101/RJ;Norte;Colisão Transversal;2;;;;;;;;;;2;2;;;
16/09/2012;15:30:00;115;sem vítima;190;BR-101/RJ;Sul;Colisão Transversal;2;;;;;;;;;;2;;;;
29/09/2012;06:03:00;32;sem vítima;190,6;BR-101/RJ;Norte;Saida de Pista;1;;;;;;;;;;4;;;;
12/10/2012;08:14:00;66;com vítima;190;BR-101/RJ;Sul;Colisão Traseira;2;;1;;;;;;;;3;3;2;;
17/10/2012;20:34:00;168;sem vítima;190;BR-101/RJ;Norte;Colisão Lateral;1;;1;;;;;;;;2;;;;
29/12/2012;09:13:00;62;sem vítima;190;BR-101/RJ;Sul;Colisão Traseira;2;;;;;;;;;;2;;;;
01/01/2013;15:20:00;128;com vítima;190;BR-101/RJ;Sul;Colisão Transversal;1;;1;;;;;;;;2;3;;;
02/01/2013;06:29:00;46;sem vítima;190;BR-101/RJ;Norte;Colisão Transversal;3;;;;;;;;;;10;;;;
11/01/2013;13:46:00;112;sem vítima;190;BR-101/RJ;Norte;Colisão Transversal;2;;;;;;;;;;3;;;;
21/01/2013;07:53:00;43;sem vítima;190;BR-101/RJ;Sul;Colisão Transversal;2;;;;;;;;;;6;;;;
19/02/2013;15:17:00;137;com vítima;190;BR-101/RJ;Norte;Colisão Transversal;1;;;1;;;;;;;2;1;;;
18/03/2013;06:33:00;38;sem vítima;190;BR-101/RJ;Sul;Tombamento;;;;;;;;;;1;1;;;;
23/04/2013;11:00:00;75;sem vítima;190;BR-101/RJ;Norte;Colisão Lateral;2;;;;;;;;;;2;;;;
27/04/2013;09:02:00;57;com vítima;190,5;BR-101/RJ;Norte;Colisão Transversal;2;;1;;;;;;;;1;1;1;1;2
07/06/2013;16:22:00;131;com vítima;190,505;BR-101/RJ;Sul;Colisão Lateral;1;;1;;;;;;;;1;2;;1;
22/06/2013;06:39:00;34;sem vítima;190,467;BR-101/RJ;Norte;Colisão Lateral;1;;1;;;;;;;;4;;;;
03/07/2013;17:19:00;124;sem vítima;190;BR-101/RJ;Sul;Colisão Lateral;2;;1;;1;;;;;;4;;;;
10/07/2013;18:45:00;150;sem vítima;190;BR-101/RJ;Sul;Colisão Transversal;2;;;;;;;;;;2;;;;
15/07/2013;11:31:00;94;sem vítima;190;BR-101/RJ;Norte;Outros - Sequência;1;;2;;;;;;;;7;;;;
17/07/2013;09:13:00;64;sem vítima;190,263;BR-101/RJ;Sul;Colisão Traseira;;;2;;;;;;;;4;;;;
18/07/2013;04:58:00;25;com vítima;190,513;BR-101/RJ;Norte;Colisão Lateral;;;2;;;;;;;;1;1;;;
07/08/2013;21:00:00;153;com vítima;190,547;BR-101/RJ;Norte;Colisão Lateral;1;;1;;;;;;;;1;2;;;
09/08/2013;14:00:00;100;sem vítima;190;BR-101/RJ;Sul;Colisão Transversal;2;;;;;;;;;;3;;;;
29/08/2013;11:21:00;86;sem vítima;190,5;BR-101/RJ;Norte;Colisão Lateral;2;;;;;;;;;;4;;;;
11/09/2013;06:24:00;19;com vítima;190,422;BR-101/RJ;Norte;Colisão Traseira;1;;1;;;;;;;;3;;;1;
14/09/2013;23:56:00;215;sem vítima;190,82;BR-101/RJ;Sul;Colisão Traseira;2;;;;;;;;;;2;;;;
20/09/2013;16:50:00;136;sem vítima;190;BR-101/RJ;Sul;Colisão Traseira;1;;1;;;;;;;;3;;;;
25/09/2013;21:57:00;152;com vítima;190,562;BR-101/RJ;Sul;Colisão Traseira;;;2;;;;;;;;1;1;;;
03/11/2013;20:54:00;190;sem vítima;190;BR-101/RJ;Sul;Colisão Lateral;2;;;;;;;;;;2;;;;
25/11/2013;07:54:00;49;sem vítima;190;BR-101/RJ;Norte;Colisão Traseira;2;;;;;;;;;;4;;;;
25/11/2013;04:53:00;18;sem vítima;190,838;BR-101/RJ;Sul;Colisão Traseira;2;;;;;;;;;;3;;;;
06/12/2013;08:37:00;53;sem vítima;190;BR-101/RJ;Sul;Colisão Traseira;2;;;;;;;;;;2;;;;
13/12/2013;08:00:00;48;sem vítima;190;BR-101/RJ;Norte;Colisão Lateral;1;;;;;;;;;1;3;;;;
13/12/2013;17:21:00;146;sem vítima;190;BR-101/RJ;Norte;Colisão Lateral;1;;;;;1;;;;;2;;;;
19/12/2013;00:13:00;4;sem vítima;190;BR-101/RJ;Sul;Colisão Traseira;;;2;;;;;;;;2;;;;
14/01/2014;01:26:00;7;com vítima;190,796;BR-101/RJ;Sul;Colisão Traseira;;;2;;;;;;;;1;;1;;
16/01/2014;17:26:00;144;sem vítima;190;BR-101/RJ;Norte;Engavetamento;2;;;;;1;;;;;4;;;;
15/02/2014;06:30:00;39;com vítima;190;BR-101/RJ;Norte;Colisão Traseira;;;2;;;;;;;;3;1;;;
16/02/2014;10:28:00;46;sem vítima;190;BR-101/RJ;Norte;Colisão Traseira;2;;;;;;;;;;6;;;;
01/03/2014;09:28:00;152;sem vítima;190;BR-101/RJ;Norte;Engavetamento;2;;;;;1;;;;;10;;;;
11/04/2014;17:47:00;158;sem vítima;190;BR-101/RJ;Norte;Colisão Lateral;;;2;;;;;;;;2;;;;
17/04/2014;19:45:00;199;sem vítima;190;BR-101/RJ;Sul;Engavetamento;3;;;;;;;;;;3;;;;
12/05/2014;17:58:00;161;sem vítima;190,296;BR-101/RJ;Sul;Engavetamento;2;;;;;1;;;;;3;;;;
14/05/2014;15:16:00;109;sem vítima;190;BR-101/RJ;Sul;Colisão Traseira;1;;1;;;;;;;;2;;;;
14/05/2014;18:50:00;154;sem vítima;190;BR-101/RJ;Sul;Colisão Traseira;1;;;;;;;;;1;2;;;;
25/05/2014;06:53:00;44;sem vítima;190;BR-101/RJ;Norte;Colisão Traseira;2;;;;;;;;;;2;;;;
13/06/2014;06:34:00;30;com vítima;190;BR-101/RJ;Norte;Queda de Moto;;;;1;;;;;;;0;1;;;
16/06/2014;05:30:00;27;sem vítima;190;BR-101/RJ;Sul;Colisão Traseira;1;;1;;;;;;;;8;;;;
20/06/2014;08:38:00;49;sem vítima;190;BR-101/RJ;Norte;Colisão Traseira;2;;;;;;;;;;4;;;;
20/06/2014;22:27:00;176;sem vítima;190;BR-101/RJ;Norte;Colisão Traseira;2;;;;;;;;;;2;;;;
22/06/2014;20:06:00;148;sem vítima;190,496;BR-101/RJ;Sul;Colisão Traseira;2;;;;;;;;;;7;;;;
22/06/2014;18:25:00;125;sem vítima;190,728;BR-101/RJ;Norte;Colisão Traseira;2;;;;;;;;;;9;;;;
23/06/2014;06:42:00;25;sem vítima;190;BR-101/RJ;Norte;Colisão Traseira;1;;1;;;;;;;;4;;;;
23/06/2014;08:19:00;40;com vítima;190;BR-101/RJ;Norte;Colisão Traseira;1;;;1;;;;;;;1;2;;;
26/06/2014;10:41:00;64;com vítima;190;BR-101/RJ;Norte;Saida de Pista;1;;;;;;;;;;0;;1;;
01/07/2014;10:38:00;87;sem vítima;190;BR-101/RJ;Sul;Colisão Lateral;2;;;;;;;;;;2;;;;
20/07/2014;19:43:00;155;sem vítima;190;BR-101/RJ;Norte;Colisão Traseira;1;;;;;1;;;;;3;;;;
02/08/2014;01:01:00;7;com vítima;190;BR-101/RJ;Sul;Colisão Traseira;2;;;;;;;;;;5;1;;;
08/08/2014;15:20:00;123;com vítima;190;BR-101/RJ;Norte;Colisão Traseira;2;;;;;;;;;;8;1;;;
09/08/2014;06:22:00;31;sem vítima;190;BR-101/RJ;Sul;Colisão Traseira;2;;;;;;;;;;5;;;;
25/08/2014;10:13:00;72;sem vítima;190,8;BR-101/RJ;Norte;Engavetamento;4;;;;;;;;;;4;;;;
23/09/2014;13:52:00;99;sem vítima;190;BR-101/RJ;Sul;Colisão Traseira;2;;;;;;;;;;4;;;;
26/10/2014;23:47:00;159;sem vítima;190;BR-101/RJ;Sul;Colisão Traseira;1;;1;;;;;;;;2;;;;
25/11/2014;00:42:00;6;sem vítima;190;BR-101/RJ;Norte;Colisão Traseira;1;;;;;1;;;;;2;;;;
10/12/2014;15:05:00;118;com vítima;190;BR-101/RJ;Norte;Queda de Moto;;;;1;;;;;;;0;;1;;
22/12/2014;19:12:00;173;sem vítima;190;BR-101/RJ;Sul;Colisão Traseira;2;;;;;;;;;;4;;;;
23/12/2014;17:39:00;158;sem vítima;190;BR-101/RJ;Norte;Engavetamento;3;;;;;;;;;;7;;;;
18/01/2015;21:59:00;216;sem vítima;190;BR-101/RJ;Norte;Colisão Traseira;1;;;;;1;;;;;2;;;;
22/01/2015;20:48:00;152;sem vítima;190;BR-101/RJ;Sul;Colisão Traseira;1;;1;;;;;;;;4;;;;
01/02/2015;06:50:00;17;sem vítima;190;BR-101/RJ;Sul;Colisão Traseira;;;;;;1;;;;1;3;0;0;0;0
02/02/2015;16:54:00;139;sem vítima;190;BR-101/RJ;Norte;Colisão Traseira;1;;1;;;;;;;;2;0;0;0;0
04/02/2015;02:26:00;7;com vítima;190;BR-101/RJ;Sul;Tombamento;;;1;;;;;;;;0;1;0;0;0
07/02/2015;06:25:00;25;sem vítima;190;BR-101/RJ;Norte;Colisão Traseira;1;;;;;1;;;;;4;0;0;0;0
08/02/2015;17:39:00;98;sem vítima;190;BR-101/RJ;Norte;Colisão Traseira;2;;;;;;;;;;6;0;0;0;0
08/02/2015;21:08:00;135;sem vítima;190;BR-101/RJ;Norte;Colisão Traseira;1;;1;;;;;;;;7;0;0;0;0
16/02/2015;19:53:00;102;sem vítima;190;BR-101/RJ;Sul;Engavetamento;3;;;;;;;;;;3;0;0;0;0
18/02/2015;06:26:00;28;sem vítima;190;BR-101/RJ;Norte;Colisão Lateral;2;;;;;;;;;;2;0;0;0;0
22/03/2015;14:29:00;80;sem vítima;190;BR-101/RJ;Sul;Colisão Traseira;1;;1;;;;;;;;3;0;0;0;0
24/03/2015;08:35:00;57;sem vítima;190;BR-101/RJ;Norte;Colisão Traseira;1;;1;;;;;;;;5;0;0;0;0
26/03/2015;14:07:00;117;sem vítima;190;BR-101/RJ;Sul;Colisão Traseira;1;;;1;;;;;;;3;0;0;0;0
28/03/2015;16:27:00;137;com vítima;190,653;BR-101/RJ;Sul;Queda de Moto;;;;1;;;;;;;0;1;0;0;0
31/03/2015;16:45:00;172;com vítima;190,85;BR-101/RJ;Norte;Colisão Traseira;;;2;;;;;;;;0;2;0;0;0
14/04/2015;00:36:00;5;com vítima;190;BR-101/RJ;Norte;Colisão Traseira;1;;;;1;;;;;;0;3;;;
22/04/2015;13:37:00;104;sem vítima;190;BR-101/RJ;Norte;Colisão Traseira;;;;;;1;;;;1;2;;;;
04/05/2015;06:39:00;31;sem vítima;190;BR-101/RJ;Norte;Choque - Poste;1;;;;;;;;;;2;;;;
16/05/2015;15:57:00;141;sem vítima;190;BR-101/RJ;Sul;Colisão Traseira;1;;;;;;;;;1;7;;;;
16/05/2015;11:50:00;101;sem vítima;190,826;BR-101/RJ;Sul;Colisão Traseira;2;;;;;;;;;;4;;;;
17/05/2015;09:30:00;44;sem vítima;190,797;BR-101/RJ;Norte;Colisão Traseira;2;;;;;;;;;;2;;;;
12/06/2015;03:33:00;12;sem vítima;190;BR-101/RJ;Norte;Colisão Traseira;;;2;;;;;;;;2;;;;
15/06/2015;00:07:00;2;sem vítima;190;BR-101/RJ;Norte;Colisão Traseira;;;2;;;;;;;;2;;;;
16/06/2015;22:07:00;176;com vítima;190,336;BR-101/RJ;Norte;Queda de Moto;;;;1;;;;;;;0;1;;;
16/06/2015;02:48:00;5;com vítima;190,465;BR-101/RJ;Sul;Tombamento;;;1;;;;;;;;0;1;;;
18/06/2015;03:52:00;12;com vítima;190,81;BR-101/RJ;Norte;Tombamento;;;1;;;;;;;;0;1;;;
24/07/2015;06:50:00;27;sem vítima;190,75;BR-101/RJ;Norte;Colisão Traseira;2;;;;;;;;;;8;;;;
25/08/2015;22:46:00;190;sem vítima;190;BR-101/RJ;Norte;Colisão Traseira;1;;;;;1;;;;;2;;;;
05/10/2015;07:47:00;52;sem vítima;190,222;BR-101/RJ;Sul;Colisão Lateral;2;;;;;;;;;;2;;;;
15/10/2015;09:04:00;78;sem vítima;190,562;BR-101/RJ;Norte;Choque - Defensa, barreira ou "submarino";1;;;;;;;;;;1;;;;
18/10/2015;09:25:00;44;sem vítima;190;BR-101/RJ;Sul;Colisão Traseira;2;;;;;;;;;;6;;;;
18/10/2015;07:23:00;26;sem vítima;190,909;BR-101/RJ;Norte;Colisão Traseira;2;;;;;;;;;;8;;;;
03/11/2015;19:22:00;191;sem vítima;190;BR-101/RJ;Sul;Engavetamento;3;;;;;;;;;;5;;;;
04/11/2015;07:49:00;42;sem vítima;190;BR-101/RJ;Norte;Colisão Traseira;1;;1;;;;;;;;2;;;;
17/11/2015;21:56:00;202;sem vítima;190;BR-101/RJ;Norte;Saida de Pista;1;;;;;;;;;;2;;;;
21/11/2015;11:32:00;67;com vítima;190;BR-101/RJ;Norte;Engavetamento;1;;2;;;;;;;;3;3;;;
21/11/2015;17:20:00;141;sem vítima;190,752;BR-101/RJ;Norte;Engavetamento;2;;1;;;;;;;;8;;;;
03/12/2015;09:32:00;82;sem vítima;190;BR-101/RJ;Norte;Choque - Defensa, barreira ou "submarino";1;;;;;;;;;;3;;;;
14/12/2015;12:01:00;127;sem vítima;190;BR-101/RJ;Sul;Colisão Traseira;2;;;;;;;;;;3;;;;