data;horario;n_da_ocorrencia;tipo_de_ocorrencia;km;trecho;sentido;tipo_de_acidente;automovel;bicicleta;caminhao;moto;onibus;outros;tracao_animal;transporte_de_cargas_especiais;trator_maquinas;utilitarios;ilesos;levemente_feridos;moderadamente_feridos;gravemente_feridos;mortos
02/08/2013;21:55:00;210;sem vítima;210,298;BR-101/RJ;Norte;Queda de Moto;;;;1;;;;;;;1;;;;
03/08/2013;22:55:00;186;com vítima;210,798;BR-101/RJ;Norte;Colisão Frontal;2;;;;;;;;;;0;4;;;
01/11/2013;06:56:00;32;sem vítima;210,482;BR-101/RJ;Norte;Saida de Pista;;;1;;;;;;;;1;;;;
27/11/2013;11:58:00;97;com vítima;210,95;BR-101/RJ;Norte;Colisão Traseira;1;;2;;;;;;;;2;;1;;
16/02/2014;16:17:00;103;sem vítima;210;BR-101/RJ;Norte;Saida de Pista;1;;;;;;;;;;1;;;;
28/08/2014;13:43:00;72;com vítima;210,913;BR-101/RJ;Norte;Colisão Traseira;;;2;;;;;;;;1;7;;;
09/10/2014;07:23:00;50;sem vítima;210;BR-101/RJ;Sul;Colisão Frontal;1;;3;;;;;;;;5;;;;
16/12/2014;16:29:00;108;sem vítima;210,3;BR-101/RJ;Norte;Colisão Traseira;;;2;;;;;;;;2;;;;
22/01/2015;14:39:00;86;sem vítima;210;BR-101/RJ;Norte;Colisão Traseira;1;;1;;;;;;;;4;;;;
29/01/2015;08:48:00;37;sem vítima;210;BR-101/RJ;Sul;Colisão Traseira;2;;;;;;;;;;6;;;;
19/04/2015;21:38:00;146;com vítima;210;BR-101/RJ;Sul;Queda de Moto;;;;1;;;;;;;0;1;;;
16/06/2015;06:42:00;18;sem vítima;210;BR-101/RJ;Sul;Choque - Defensa, barreira ou "submarino";1;;;;;;;;;;1;;;;
10/09/2015;13:15:00;116;sem vítima;210;BR-101/RJ;Norte;Choque - Defensa, barreira ou "submarino";1;;;;;;;;;;1;;;;
10/09/2015;09:34:00;79;sem vítima;210,958;BR-101/RJ;Norte;Engavetamento;4;;;;;;;;;;6;;;;
02/10/2015;20:32:00;219;com vítima;210;BR-101/RJ;Norte;Choque - Defensa, barreira ou "submarino";1;;;;;;;;;;0;;2;;
22/12/2015;10:03:00;95;com vítima;210;BR-101/RJ;Norte;Choque - Suporte de Sinalização;;;;1;;;;;;;0;1;;;
24/12/2015;00:24:00;7;sem vítima;210;BR-101/RJ;Norte;Tombamento;;;1;;;;;;;;1;;;;
24/12/2015;08:44:00;79;sem vítima;210;BR-101/RJ;Norte;Colisão Traseira;2;;;;;;;;;;5;;;;
26/01/2010;08:08:00;54;sem vítima;211;BR-101/RJ;Sul;Saida de Pista;;;1;;;;;;;;1;;;;
02/04/2010;16:12:00;162;sem vítima;211;BR-101/RJ;Norte;Saida de Pista;;;1;;;;;;;;1;;;;
22/07/2010;07:42:00;43;sem vítima;211;BR-101/RJ;Sul;Colisão Traseira;1;;1;;;1;;;;;4;;;;
11/10/2010;16:36:00;102;com vítima;211;BR-101/RJ;Sul;Choque - Defensa, barreira ou "submarino";1;;;;;;;;;;0;;1;;
21/10/2010;03:04:00;12;sem vítima;211;BR-101/RJ;Norte;Tombamento;;;2;;;;;;;;2;;;;
27/11/2010;09:56:00;70;sem vítima;211;BR-101/RJ;Norte;Saida de Pista;;;1;;;;;;;;2;;;;
13/12/2010;17:00:00;159;com vítima;211;BR-101/RJ;Norte;Colisão Lateral;2;;1;;;;;;;;5;3;;;
28/12/2010;14:07:00;96;sem vítima;211;BR-101/RJ;Norte;Saida de Pista;1;;;;;;;;;;1;;;;
04/06/2011;02:02:00;11;com vítima;211;BR-101/RJ;Norte;Colisão Lateral;1;;;;;1;;;;;1;1;;;
01/08/2011;18:50:00;181;sem vítima;211;BR-101/RJ;Norte;Colisão Lateral;;;2;;;;;;;;2;;;;
29/10/2011;15:47:00;116;com vítima;211;BR-101/RJ;Sul;Choque - Defensa, barreira ou "submarino";1;;;;;;;;;;0;1;;;
21/11/2011;17:56:00;148;sem vítima;211;BR-101/RJ;Sul;Colisão Traseira;2;;;;;;;;;;4;;;;
10/05/2012;06:40:00;28;sem vítima;211;BR-101/RJ;Norte;Choque - Defensa, barreira ou "submarino";;;1;;;;;;;;1;;;;
18/06/2012;14:04:00;115;sem vítima;211;BR-101/RJ;Norte;Engavetamento;1;;1;;;;;;;1;4;;;;
22/06/2012;14:11:00;82;sem vítima;211,15;BR-101/RJ;Norte;Engavetamento;1;;1;;;1;;;;1;7;;;;
19/09/2012;15:49:00;142;sem vítima;211;BR-101/RJ;Sul;Colisão Traseira;1;;;;;1;;;;;3;;;;
20/12/2012;03:43:00;19;sem vítima;211,8;BR-101/RJ;Sul;Saida de Pista;1;;;;;;;;;;1;;;;
25/12/2012;18:05:00;144;com vítima;211,8;BR-101/RJ;Norte;Colisão Frontal;4;;1;;;;;;;;5;;;1;5
16/02/2013;10:26:00;81;sem vítima;211;BR-101/RJ;Norte;Colisão Traseira;2;;;;;;;;;;2;;;;
11/03/2013;10:06:00;92;com vítima;211,1;BR-101/RJ;Norte;Choque - Defensa, barreira ou "submarino";;;1;;;;;;;;1;2;;;
20/03/2013;07:09:00;41;com vítima;211;BR-101/RJ;Norte;Choque - Arvore;1;;;;;;;;;;1;;1;;
24/05/2013;17:00:00;124;com vítima;211,115;BR-101/RJ;Norte;Saida de Pista;;;1;;;;;;;;0;2;;;
15/10/2013;16:08:00;148;com vítima;211;BR-101/RJ;Norte;Colisão Traseira;1;;;;;1;;;;;2;1;1;;
15/10/2013;04:38:00;13;sem vítima;211,1;BR-101/RJ;Norte;Saida de Pista;;;1;;;;;;;;1;;;;
21/12/2013;20:30:00;193;com vítima;211,514;BR-101/RJ;Norte;Colisão Frontal;1;;;;1;;;;;;1;;;;1
26/12/2013;07:41:00;56;sem vítima;211,68;BR-101/RJ;Norte;Saida de Pista;;;1;;;;;;;;1;;;;
10/03/2014;16:53:00;166;sem vítima;211;BR-101/RJ;Norte;Colisão Traseira;2;;;;;;;;;;2;;;;
24/06/2014;21:09:00;172;sem vítima;211;BR-101/RJ;Norte;Colisão Frontal;2;;;;;;;;;;3;;;;
11/12/2014;07:06:00;32;com vítima;211;BR-101/RJ;Norte;Tombamento;;;1;;;;;;;;0;;1;;
13/12/2014;01:44:00;13;sem vítima;211;BR-101/RJ;Sul;Saida de Pista;;;1;;;;;;;;1;;;;
31/12/2014;05:53:00;32;sem vítima;211;BR-101/RJ;Norte;Colisão Traseira;2;;;;;;;;;;2;;;;
30/01/2015;05:41:00;21;sem vítima;211;BR-101/RJ;Norte;Choque - Defensa, barreira ou "submarino";1;;;;;;;;;;2;;;;
05/02/2015;09:00:00;49;sem vítima;211;BR-101/RJ;Sul;Saida de Pista;;;1;;;;;;;;1;0;0;0;0
29/05/2015;07:03:00;21;com vítima;211,719;BR-101/RJ;Sul;Saida de Pista;1;;;;;;;;;;0;1;;;
10/02/2010;10:12:00;87;com vítima;212;BR-101/RJ;Norte;Saida de Pista;1;;1;;;;;;;;3;3;;;
20/02/2010;13:40:00;99;sem vítima;212;BR-101/RJ;Sul;Colisão Lateral;1;;;;;1;;;;;4;;;;
09/05/2011;18:34:00;147;com vítima;212;BR-101/RJ;Sul;Saida de Pista;1;;;;;;;;;;0;2;;;
26/05/2011;13:03:00;94;com vítima;212;BR-101/RJ;Norte;Colisão Frontal;1;;1;;;;;;;;4;1;;;
06/06/2011;23:06:00;190;sem vítima;212;BR-101/RJ;Sul;Colisão Lateral;;;1;;;;;;;;1;;;;
19/10/2011;18:01:00;139;sem vítima;212,1999969482422;BR-101/RJ;Norte;Saida de Pista;1;;;;;;;;;;1;;;;
12/12/2011;06:49:00;30;com vítima;212;BR-101/RJ;Norte;Atropelamento - Ciclista;;1;;;;;;;;1;3;;;1;
29/12/2011;13:55:00;108;com vítima;212;BR-101/RJ;Norte;Colisão Frontal;2;;1;;;;;;;;2;3;;;
29/02/2012;17:08:00;115;sem vítima;212;BR-101/RJ;Norte;Colisão Traseira;;;3;;;;;;;;3;;;;
09/04/2012;11:30:00;97;com vítima;212;BR-101/RJ;Sul;Engavetamento;2;;1;;;;;;;;7;;1;;
24/05/2012;07:34:00;30;sem vítima;212;BR-101/RJ;Norte;Colisão Traseira;1;;1;;;;;;;;2;;;;
26/07/2012;10:00:00;70;sem vítima;212;BR-101/RJ;Sul;Colisão Traseira;2;;;;;;;;;;3;;;;
20/12/2012;22:00:00;224;sem vítima;212;BR-101/RJ;Sul;Saida de Pista;1;;1;;;;;;;;3;;;;
22/12/2012;16:04:00;164;sem vítima;212;BR-101/RJ;Sul;Colisão Lateral;1;;1;;;;;;;;3;;;;
04/04/2013;19:05:00;153;com vítima;212;BR-101/RJ;Norte;Colisão Traseira;1;;2;;;;;;;;3;3;;;
27/04/2013;13:40:00;98;sem vítima;212;BR-101/RJ;Sul;Colisão Traseira;;;1;;;;;;;1;8;;;;
29/04/2013;12:25:00;93;com vítima;212;BR-101/RJ;Norte;Saida de Pista;;;;;;;;;;1;0;2;;;
28/06/2013;09:15:00;56;sem vítima;212,9;BR-101/RJ;Sul;Colisão Lateral;1;;1;;;;;;;;2;;;;
12/07/2013;13:31:00;99;sem vítima;212;BR-101/RJ;Sul;Colisão Traseira;2;;;;;;;;;;3;;;;
29/01/2014;14:37:00;144;com vítima;212,5;BR-101/RJ;Sul;Saida de Pista;1;;;;;;;;;;0;1;;;
19/12/2014;21:34:00;194;sem vítima;212;BR-101/RJ;Sul;Colisão Frontal;;;1;;1;1;;;;;3;;;;
06/04/2015;04:52:00;28;com vítima;212,215;BR-101/RJ;Norte;Colisão Frontal;1;;1;;;;;;;;0;1;;1;
11/06/2015;08:27:00;47;sem vítima;212,755;BR-101/RJ;Norte;Colisão Traseira;;;;;;1;;;;1;2;;;;
23/12/2015;16:30:00;190;sem vítima;212;BR-101/RJ;Norte;Colisão Traseira;2;;;;;;;;;;5;;;;
08/01/2010;22:42:00;199;com vítima;213;BR-101/RJ;Sul;Colisão Traseira;2;;;1;;1;;;;;8;;;;1
09/01/2010;02:18:00;17;sem vítima;213;BR-101/RJ;Sul;Colisão Traseira;;;1;;1;;;;;;2;;;;
13/02/2010;19:27:00;409;sem vítima;213;BR-101/RJ;Sul;Colisão Traseira;1;;;;;1;;;;;6;;;;
28/03/2010;18:19:00;139;com vítima;213;BR-101/RJ;Sul;Saida de Pista;1;;;;;;;;;;0;3;;;
25/05/2010;01:13:00;5;com vítima;213;BR-101/RJ;Norte;Saida de Pista;;;1;;;;;;;;0;3;;;
28/05/2010;19:37:00;168;com vítima;213;BR-101/RJ;Sul;Colisão Frontal;2;;;;;;;;;;5;1;;;
11/08/2010;09:11:00;51;sem vítima;213;BR-101/RJ;Norte;Engavetamento;2;;2;;;;;;;;7;;;;
21/10/2010;05:49:00;23;sem vítima;213;BR-101/RJ;Sul;Saida de Pista;1;;;;;;;;;;2;;;;
24/12/2010;17:49:00;157;sem vítima;213;BR-101/RJ;Sul;Colisão Lateral;2;;;;;;;;;;2;;;;
08/03/2011;20:56:00;181;sem vítima;313;BR-101/RJ;Norte;Saida de Pista;1;;;;;;;;;;1;;;;
09/03/2011;07:22:00;45;com vítima;267;BR-101/RJ;Sul;Queda de Moto;;;;1;;;;;;;0;;1;;
09/03/2011;09:31:00;63;sem vítima;157;BR-101/RJ;Norte;Colisão Traseira;2;;;;;;;;;;2;;;;
01/08/2011;17:11:00;163;sem vítima;213;BR-101/RJ;Sul;Colisão Traseira;2;;;;;;;;;;5;;;;
03/08/2011;20:18:00;140;com vítima;213,39999389648438;BR-101/RJ;Sul;Saida de Pista;1;;;;;;;;;;0;1;;;
16/08/2011;10:20:00;68;sem vítima;213;BR-101/RJ;Norte;Colisão Traseira;1;;1;;;;;;;;2;;;;
29/08/2011;10:57:00;91;com vítima;213;BR-101/RJ;Sul;Colisão Frontal;1;;1;1;;;;;;;3;;1;;
30/03/2012;15:54:00;141;sem vítima;213,8;BR-101/RJ;Sul;Colisão Lateral;1;;1;;;1;;;;;5;;;;
20/05/2012;21:03:00;157;sem vítima;213;BR-101/RJ;Norte;Saida de Pista;1;;;;;;;;;;1;;;;
18/06/2012;14:15:00;119;com vítima;213;BR-101/RJ;Sul;Engavetamento;3;;;;;;;;;;4;2;;;
02/07/2012;15:13:00;113;sem vítima;213,75;BR-101/RJ;Sul;Colisão Traseira;3;;;;;;;;;;6;;;;
05/08/2012;07:55:00;29;com vítima;213;BR-101/RJ;Norte;Colisão Frontal;1;;1;;;;;;;;1;;2;;
13/09/2012;10:30:00;77;sem vítima;213;BR-101/RJ;Norte;Saida de Pista;1;;1;;;;;;;;5;;;;
25/12/2012;22:54:00;221;sem vítima;213;BR-101/RJ;Norte;Colisão Traseira;2;;1;;;;;;;;3;;;;
06/01/2013;00:44:00;6;sem vítima;213;BR-101/RJ;Sul;Saida de Pista;1;;;;;;;;;;1;;;;
19/01/2013;16:21:00;152;sem vítima;213;BR-101/RJ;Norte;Colisão Traseira;1;;1;;;;;;;;6;;;;
19/01/2013;10:54:00;89;com vítima;213,9;BR-101/RJ;Sul;Colisão Frontal;1;;1;;;;;;;;0;1;;1;4
09/02/2013;10:35:00;142;com vítima;213,8;BR-101/RJ;Norte;Colisão Transversal;1;;;1;;;;;;;3;;1;;
27/07/2013;00:53:00;5;sem vítima;213,498;BR-101/RJ;Norte;Choque - Defensa, barreira ou "submarino";;;;;;1;;;;;1;;;;
06/10/2013;23:44:00;151;sem vítima;213;BR-101/RJ;Norte;Colisão Lateral;1;;;;;1;;;;;4;;;;
28/12/2013;09:00:00;74;sem vítima;213;BR-101/RJ;Norte;Choque - Outros;1;;;;;;;;;;1;;;;
21/05/2014;15:01:00;93;sem vítima;213,74;BR-101/RJ;Sul;Atropelamento - Ciclista;1;;;;;1;;;;;3;;;;
04/10/2014;16:58:00;122;com vítima;213,412;BR-101/RJ;Sul;Colisão Transversal;2;;;;;;;;;;1;;;1;6
05/10/2014;10:44:00;48;com vítima;213,286;BR-101/RJ;Sul;Saida de Pista;1;;;;;;;;;;0;1;;;
16/12/2014;15:29:00;99;sem vítima;213,3;BR-101/RJ;Norte;Colisão Traseira;1;;;;1;;;;;;12;;;;
29/01/2015;07:48:00;27;sem vítima;213;BR-101/RJ;Sul;Engavetamento;1;;1;;;1;;;;;4;;;;
06/04/2015;17:08:00;162;sem vítima;213;BR-101/RJ;Norte;Saida de Pista;1;;;;;;;;;;1;;;;
06/04/2015;07:57:00;48;com vítima;213,47;BR-101/RJ;Norte;Colisão Traseira;1;;;1;;;;;;;3;1;;;
28/12/2015;12:59:00;126;com vítima;213;BR-101/RJ;Norte;Engavetamento;3;;;;;;;;;;10;2;;;
04/02/2010;09:07:00;58;com vítima;214;BR-101/RJ;Norte;Engavetamento;3;;2;;;;;;;;4;3;1;;1
05/02/2010;08:21:00;59;sem vítima;214;BR-101/RJ;Norte;Saida de Pista;1;;;;;;;;;;1;;;;
12/02/2010;08:49:00;77;com vítima;214;BR-101/RJ;Norte;Colisão Transversal;1;;1;;;;;;;;0;4;;2;
21/03/2010;06:23:00;26;sem vítima;214;BR-101/RJ;Sul;Choque - Defensa, barreira ou "submarino";;;1;;;;;;;;1;;;;
18/07/2010;01:53:00;9;sem vítima;214;BR-101/RJ;Norte;Saida de Pista;1;;;;;;;;;;6;;;;
17/12/2010;14:12:00;113;com vítima;214;BR-101/RJ;Norte;Colisão Lateral;2;;;;;;;;;;0;2;;;
03/01/2011;07:16:00;82;com vítima;214;BR-101/RJ;Norte;Saida de Pista;1;;;;;;;;;1;9;1;2;;
03/01/2011;09:16:00;109;sem vítima;214;BR-101/RJ;Norte;Colisão Traseira;2;;;;;;;;;;6;;;;
08/01/2011;21:28:00;250;com vítima;214;BR-101/RJ;Norte;Atropelamento - Morador;1;;;;;;;;;;4;;;1;
07/02/2011;18:16:00;172;sem vítima;214;BR-101/RJ;Norte;Colisão Lateral;1;;;;;1;;;;;2;;;;
01/06/2011;08:53:00;46;com vítima;214;BR-101/RJ;Norte;Capotamento;1;;;;;;;;;;0;2;;;
04/09/2011;03:54:00;12;com vítima;214,10000610351562;BR-101/RJ;Norte;Choque - Defensa, barreira ou "submarino";1;;;;;;;;;;0;1;;;
08/10/2011;00:17:00;4;com vítima;214,60000610351562;BR-101/RJ;Sul;Colisão Frontal;1;;;1;;;;;;;2;;;;2
21/11/2011;19:38:00;164;sem vítima;214;BR-101/RJ;Sul;Saida de Pista;1;;;;;;;;;;1;;;;
16/12/2011;20:59:00;220;com vítima;214,8000030517578;BR-101/RJ;Norte;Colisão Frontal;1;;1;;;;;;;;1;;2;;
29/01/2012;12:38:00;81;sem vítima;214;BR-101/RJ;Sul;Engavetamento;4;;1;;;;;;;;19;;;;
09/03/2012;13:32:00;99;sem vítima;214;BR-101/RJ;Norte;Colisão Traseira;;;1;;;1;;;;1;3;;;;
20/03/2012;17:02:00;103;sem vítima;214,4;BR-101/RJ;Norte;Colisão Traseira;;;3;;;;;;;;5;;;;
02/04/2012;04:24:00;15;sem vítima;214;BR-101/RJ;Sul;Colisão Traseira;1;;;;;1;;;;;5;;;;
04/04/2012;10:28:00;83;sem vítima;214;BR-101/RJ;Sul;Colisão Frontal;1;;1;;;;;;;;2;;;;
13/07/2012;17:09:00;146;sem vítima;214;BR-101/RJ;Norte;Saida de Pista;1;;;;;;;;;;1;;;;
20/07/2012;09:38:00;65;com vítima;214;BR-101/RJ;Norte;Colisão Traseira;1;;1;;1;;;;;;53;1;;1;
28/07/2012;21:57:00;210;com vítima;214;BR-101/RJ;Norte;Choque - Defensa, barreira ou "submarino";1;;;;;;;;;;5;1;;;
22/10/2012;06:17:00;38;sem vítima;214;BR-101/RJ;Sul;Choque - Defensa, barreira ou "submarino";1;;;;;;;;;;1;;;;
24/11/2012;19:17:00;163;sem vítima;214,958;BR-101/RJ;Norte;Saida de Pista;1;;;;;;;;;;3;;;;
24/11/2012;19:37:00;169;com vítima;214,968;BR-101/RJ;Norte;Colisão Traseira;2;;1;;;;;;;;3;2;;;
25/11/2012;13:20:00;78;sem vítima;214,9;BR-101/RJ;Norte;Saida de Pista;1;;;;;;;;;;2;;;;
26/11/2012;05:49:00;23;com vítima;214,85;BR-101/RJ;Norte;Atropelamento - Ciclista;1;1;;;;;;;;;1;;;;1
17/12/2012;15:53:00;135;com vítima;214,5;BR-101/RJ;Sul;Colisão Lateral;;;2;;;;;;;;2;;;1;
18/12/2012;07:23:00;41;sem vítima;214;BR-101/RJ;Norte;Engavetamento;;;2;;;;;;;1;4;;;;
18/12/2012;13:21:00;121;sem vítima;214;BR-101/RJ;Norte;Colisão Traseira;2;;;;;;;;;;2;;;;
18/01/2013;14:19:00;123;com vítima;214,9;BR-101/RJ;Norte;Colisão Frontal;1;;1;;;;;;;;0;1;;;3
17/03/2013;19:40:00;162;sem vítima;214;BR-101/RJ;Norte;Saida de Pista;1;;;;;;;;;;5;;;;
18/03/2013;14:23:00;112;sem vítima;214;BR-101/RJ;Sul;Saida de Pista;1;;;;;;;;;;1;;;;
18/03/2013;08:03:00;54;com vítima;214,9;BR-101/RJ;Sul;Colisão Frontal;1;;;;;;;;;1;0;1;;;4
22/04/2013;08:04:00;37;sem vítima;214;BR-101/RJ;Sul;Saida de Pista;1;;;;;;;;;;2;;;;
06/05/2013;10:32:00;66;sem vítima;214,897;BR-101/RJ;Norte;Saida de Pista;1;;;;;;;;;;1;;;;
10/05/2013;23:57:00;202;com vítima;214,474;BR-101/RJ;Sul;Colisão Traseira;;;1;1;;;;;;;1;;1;;1
29/06/2013;08:02:00;44;sem vítima;214;BR-101/RJ;Norte;Colisão Traseira;;;2;;;;;;;;2;;;;
02/07/2013;07:49:00;26;com vítima;214,5;BR-101/RJ;Sul;Saida de Pista;;;;;;;;;;1;0;2;;;
02/07/2013;16:28:00;100;sem vítima;214,963;BR-101/RJ;Norte;Saida de Pista;1;;;;;;;;;;1;;;;
10/07/2013;03:22:00;13;com vítima;214;BR-101/RJ;Norte;Colisão Lateral;;;2;;;;;;;;1;1;;;
26/07/2013;09:56:00;69;sem vítima;214,5;BR-101/RJ;Norte;Colisão Transversal;2;;;;;;;;;;4;;;;
30/07/2013;02:30:00;5;com vítima;214,02;BR-101/RJ;Norte;Choque - Defensa, barreira ou "submarino";1;;;;;;;;;;0;;1;;
05/09/2013;01:36:00;14;com vítima;214,963;BR-101/RJ;Norte;Saida de Pista;1;;;;;;;;;;2;3;;;
27/09/2013;12:58:00;103;sem vítima;214;BR-101/RJ;Norte;Colisão Transversal;;;1;1;;;;;;;2;;;;
04/10/2013;16:37:00;136;sem vítima;214;BR-101/RJ;Sul;Colisão Lateral;2;;;;;;;;;;3;;;;
22/12/2013;23:03:00;221;sem vítima;214;BR-101/RJ;Norte;Colisão Lateral;1;;;;;;;;;;1;;;;
05/02/2014;09:16:00;64;sem vítima;214;BR-101/RJ;Norte;Colisão Traseira;1;;;;;1;;;;;2;;;;
23/04/2014;18:20:00;145;sem vítima;214;BR-101/RJ;Norte;Saida de Pista;1;;;;;;;;;;3;;;;
23/04/2014;22:46:00;186;sem vítima;214;BR-101/RJ;Norte;Colisão Traseira;;;2;;;;;;;;2;;;;
23/04/2014;22:21:00;183;com vítima;214,134;BR-101/RJ;Sul;Saida de Pista;;;;;1;;;;;;37;3;6;2;2
10/05/2014;21:01:00;171;com vítima;214,96;BR-101/RJ;Sul;Colisão Frontal;2;;;;;;;;;;1;1;1;;1
02/06/2014;10:24:00;72;sem vítima;214;BR-101/RJ;Norte;Colisão Lateral;1;;;;1;;;;;;2;;;;
18/06/2014;20:22:00;163;sem vítima;214,953;BR-101/RJ;Norte;Saida de Pista;1;;;;;;;;;;1;;;;
08/07/2014;07:50:00;27;sem vítima;214;BR-101/RJ;Norte;Saida de Pista;;;1;;;;;;;;1;;;;
05/10/2014;05:27:00;17;com vítima;214,974;BR-101/RJ;Sul;Colisão Frontal;2;;;;;;;;;;0;3;;1;
21/10/2014;07:16:00;39;com vítima;214,982;BR-101/RJ;Sul;Colisão Frontal;2;;;;;;;;;;0;;1;1;3
14/12/2014;00:50:00;6;com vítima;214;BR-101/RJ;Norte;Choque - Suporte de Sinalização;1;;;;;;;;;;0;3;;;
24/01/2015;18:07:00;122;sem vítima;214;BR-101/RJ;Norte;Choque - Objeto sobre a pista;1;;;;;;;;;;1;;;;
01/02/2015;18:15:00;100;com vítima;214;BR-101/RJ;Sul;Saida de Pista;1;;;;;;;;;;0;0;0;1;0
31/03/2015;07:47:00;52;com vítima;214,2;BR-101/RJ;Norte;Choque - Defensa, barreira ou "submarino";1;;;;;;;;;;0;2;0;0;0
19/04/2015;00:50:00;4;sem vítima;214;BR-101/RJ;Norte;Saida de Pista;;;;;;;;;;1;1;;;;
19/04/2015;13:32:00;67;com vítima;214,201;BR-101/RJ;Sul;Colisão Lateral;1;;;;1;;;;;;9;1;;;
20/04/2015;16:19:00;114;com vítima;214;BR-101/RJ;Norte;Capotamento;1;;;;;;;;;;1;1;;;
16/05/2015;21:39:00;193;sem vítima;214;BR-101/RJ;Norte;Atropelamento de Animal;1;;;;;;;;;;2;;;;
23/06/2015;12:30:00;98;sem vítima;214;BR-101/RJ;Sul;Colisão Lateral;;;1;;;1;;;;;2;;;;
06/09/2015;16:18:00;100;sem vítima;214;BR-101/RJ;Norte;Colisão Transversal;2;;;;;;;;;;5;;;;
05/10/2015;04:34:00;14;com vítima;214,987;BR-101/RJ;Sul;Tombamento;;;;;;;;;;1;0;2;;;
09/10/2015;23:29:00;263;com vítima;214;BR-101/RJ;Sul;Colisão Frontal;2;;;;;;;;;;0;2;4;;
29/11/2015;19:36:00;177;sem vítima;214,9;BR-101/RJ;Norte;Colisão Frontal;1;;1;;;;;;;;2;;;;
29/11/2015;03:47:00;26;sem vítima;214,95;BR-101/RJ;Norte;Choque - Defensa, barreira ou "submarino";1;;;;;;;;;;4;;;;
30/11/2015;19:06:00;227;com vítima;214;BR-101/RJ;Norte;Saida de Pista;1;;;;;;;;;;0;1;;;
01/12/2015;05:20:00;27;com vítima;214;BR-101/RJ;Norte;Choque - Defensa, barreira ou "submarino";1;;1;;;;;;;;1;2;;;
05/12/2015;23:14:00;228;sem vítima;214;BR-101/RJ;Sul;Choque - Defensa, barreira ou "submarino";1;;;;;;;;;;1;;;;
07/12/2015;04:14:00;21;sem vítima;214,989;BR-101/RJ;Sul;Saida de Pista;1;;;;;;;;;;1;;;;
13/12/2015;00:56:00;7;sem vítima;214;BR-101/RJ;Sul;Saida de Pista;1;;;;;;;;;;4;;;;
19/12/2015;17:37:00;213;sem vítima;214;BR-101/RJ;Norte;Engavetamento;;;2;;1;;;;;;3;;;;
04/02/2010;10:37:00;81;sem vítima;215;BR-101/RJ;Norte;Colisão Traseira;3;;1;;;;;;;;6;;;;
09/03/2010;17:50:00;176;sem vítima;215;BR-101/RJ;Sul;Saida de Pista;1;;;;;;;;;;1;;;;
30/03/2010;01:14:00;11;sem vítima;215;BR-101/RJ;Norte;Saida de Pista;;;;;;;;;;1;1;;;;
19/04/2010;07:17:00;37;sem vítima;215;BR-101/RJ;Norte;Saida de Pista;1;;;;;;;;;;1;;;;
26/05/2010;09:35:00;54;sem vítima;215;BR-101/RJ;Norte;Colisão Traseira;2;;;;;;;;;;4;;;;
06/10/2010;21:47:00;152;sem vítima;215;BR-101/RJ;Norte;Saida de Pista;2;;;;;;;;;;2;;;;
21/10/2010;10:52:00;81;sem vítima;215;BR-101/RJ;Norte;Colisão Lateral;2;;;;;;;;;;2;;;;
26/10/2010;08:20:00;42;sem vítima;215;BR-101/RJ;Sul;Saida de Pista;1;;;;;;;;;;2;;;;
04/05/2011;15:15:00;81;sem vítima;215;BR-101/RJ;Sul;Colisão Transversal;2;;;;;;;;;;3;;;;
02/12/2011;15:30:00;137;sem vítima;215;BR-101/RJ;Norte;Colisão Frontal;2;;;;;;;;;;2;;;;
18/12/2011;03:22:00;15;sem vítima;215;BR-101/RJ;Sul;Colisão Lateral;;;2;;;;;;;;3;;;;
04/01/2012;11:01:00;77;com vítima;215;BR-101/RJ;Sul;Queda de Moto;;;;1;;;;;;;0;;1;;
04/01/2012;15:33:00;132;sem vítima;215;BR-101/RJ;Norte;Engavetamento;;;2;;;;;;;1;3;;;;
19/01/2012;14:36:00;122;sem vítima;215;BR-101/RJ;Norte;Colisão Traseira;1;;1;;;;;;;;2;;;;
31/05/2012;18:35:00;149;sem vítima;215;BR-101/RJ;Norte;Saida de Pista;1;;;;;;;;;;1;;;;
31/05/2012;19:29:00;160;sem vítima;215;BR-101/RJ;Norte;Saida de Pista;1;;;;;;;;;;1;;;;
09/06/2012;15:50:00;111;sem vítima;215;BR-101/RJ;Norte;Saida de Pista;1;;;;;;;;;;1;;;;
13/06/2012;12:44:00;106;com vítima;215,8;BR-101/RJ;Sul;Colisão Frontal;2;;;;;;;;;;0;3;2;;
15/08/2012;17:49:00;142;sem vítima;215,543;BR-101/RJ;Norte;Saida de Pista;1;;;;;;;;;;1;;;;
05/10/2012;23:06:00;235;com vítima;215,5;BR-101/RJ;Sul;Saida de Pista;;;;;;;;;;1;0;2;;;
05/11/2012;16:10:00;120;sem vítima;215;BR-101/RJ;Norte;Saida de Pista;1;;;;;;;;;;3;;;;
26/11/2012;09:26:00;65;sem vítima;215;BR-101/RJ;Sul;Saida de Pista;1;;;;;;;;;;2;;;;
02/12/2012;15:50:00;124;sem vítima;215;BR-101/RJ;Norte;Saida de Pista;1;;;;;;;;;;2;;;;
03/01/2013;19:42:00;175;sem vítima;215;BR-101/RJ;Norte;Capotamento;;;;;;;;;;1;2;;;;
09/01/2013;21:36:00;212;sem vítima;215;BR-101/RJ;Norte;Saida de Pista;1;;;;;;;;;;1;;;;
22/01/2013;09:47:00;68;sem vítima;215;BR-101/RJ;Norte;Saida de Pista;1;;;;;;;;;;1;;;;