data;horario;n_da_ocorrencia;tipo_de_ocorrencia;km;trecho;sentido;tipo_de_acidente;automovel;bicicleta;caminhao;moto;onibus;outros;tracao_animal;transporte_de_cargas_especiais;trator_maquinas;utilitarios;ilesos;levemente_feridos;moderadamente_feridos;gravemente_feridos;mortos
20/01/2012;14:16:00;138;sem vítima;221;BR-101/RJ;Sul;Colisão Traseira;2;;1;;;;;;;;5;;;;
05/02/2012;00:25:00;3;sem vítima;221,8;BR-101/RJ;Sul;Colisão Lateral;1;;;;;;;;;;4;;;;
30/04/2012;19:00:00;126;com vítima;221;BR-101/RJ;Sul;Colisão Frontal;2;;;;;;;;;;0;3;1;;
05/07/2012;00:57:00;8;sem vítima;221;BR-101/RJ;Sul;Colisão Lateral;1;;1;;;;;;;;2;;;;
31/08/2012;23:51:00;223;sem vítima;221,44;BR-101/RJ;Sul;Colisão Traseira;2;;;;;;;;;;2;;;;
04/09/2012;17:48:00;149;sem vítima;221,26;BR-101/RJ;Sul;Saida de Pista;1;;;;;1;;;;;3;;;;
07/09/2012;09:27:00;96;sem vítima;221;BR-101/RJ;Norte;Colisão Frontal;2;;;;;;;;;;5;;;;
16/09/2012;13:46:00;91;sem vítima;221;BR-101/RJ;Norte;Colisão Lateral;1;;1;;;;;;;;4;;;;
30/09/2012;05:05:00;20;com vítima;221,155;BR-101/RJ;Norte;Capotamento;1;;;;;;;;;;0;;;;1
19/12/2012;23:54:00;207;sem vítima;221;BR-101/RJ;Sul;Engavetamento;1;;1;;1;;;;;;5;;;;
25/12/2012;20:31:00;184;com vítima;221;BR-101/RJ;Sul;Queda de Moto;;;;1;;;;;;;0;1;;;
27/03/2013;22:20:00;193;sem vítima;221;BR-101/RJ;Norte;Colisão Lateral;1;;1;;;;;;;;2;;;;
12/07/2013;09:36:00;61;sem vítima;221;BR-101/RJ;Sul;Choque - Objeto sobre a pista;1;;;;;;;;;;1;;;;
18/11/2013;01:28:00;17;com vítima;221,1;BR-101/RJ;Norte;Colisão Frontal;2;;;;;;;;;;0;1;1;1;2
26/11/2013;06:14:00;24;sem vítima;221,857;BR-101/RJ;Norte;Colisão Frontal;1;;1;;;;;;;;4;;;;
28/04/2014;23:51:00;164;com vítima;221,553;BR-101/RJ;Norte;Colisão Lateral;;;2;;;;;;;;1;2;1;;
06/06/2014;13:26:00;92;sem vítima;221;BR-101/RJ;Sul;Colisão Lateral;;;2;;;;;;;;2;;;;
31/12/2014;01:05:00;7;sem vítima;221,5;BR-101/RJ;Sul;Saida de Pista;1;;;;;;;;;;1;;;;
04/02/2015;08:19:00;47;sem vítima;221;BR-101/RJ;Norte;Colisão Lateral;;;2;;;;;;;;2;0;0;0;0
05/03/2015;23:02:00;141;com vítima;221;BR-101/RJ;Norte;Saida de Pista;1;;;;;;;;;;0;0;3;0;0
10/04/2015;19:14:00;202;sem vítima;221;BR-101/RJ;Norte;Colisão Traseira;2;;;;;1;;;;;6;;;;
20/05/2015;12:07:00;113;sem vítima;221;BR-101/RJ;Sul;Colisão Traseira;2;;;;;;;;;;4;;;;
28/06/2015;18:14:00;120;com vítima;221;BR-101/RJ;Norte;Colisão Lateral;;;;1;;1;;;;;1;1;;;
17/07/2015;21:13:00;232;sem vítima;221;BR-101/RJ;Norte;Colisão Traseira;1;;1;;;;;;;;2;;;;
05/09/2015;08:43:00;60;sem vítima;221;BR-101/RJ;Norte;Colisão Traseira;2;;;;;;;;;;6;;;;
18/12/2015;22:08:00;287;sem vítima;221;BR-101/RJ;Sul;Colisão Traseira;;;1;;1;;;;;;2;;;;
19/02/2010;20:55:00;165;sem vítima;222;BR-101/RJ;Norte;Colisão Lateral;1;;;;;1;;;;;2;;;;
12/04/2010;15:27:00;124;sem vítima;222;BR-101/RJ;Norte;Saida de Pista;1;;;;;;;;;;2;;;;
21/05/2010;21:49:00;165;com vítima;222;BR-101/RJ;Sul;Colisão Lateral;1;;;;;1;;;;;3;;1;;
22/06/2010;03:55:00;18;sem vítima;222;BR-101/RJ;Sul;Saida de Pista;;;1;;;;;;;;1;;;;
23/06/2010;01:08:00;4;sem vítima;222;BR-101/RJ;Sul;Colisão Transversal;1;;1;;;;;;;;2;;;;
01/02/2011;09:30:00;66;com vítima;222;BR-101/RJ;Norte;Queda de Moto;;;;1;;;;;;;0;1;;;
03/02/2011;08:27:00;50;sem vítima;222;BR-101/RJ;Norte;Saida de Pista;1;;;;;;;;;;1;;;;
09/03/2011;13:08:00;120;sem vítima;213;BR-101/RJ;Norte;Outros - Sequência;2;;;;;;;;;;5;;;;
15/05/2011;04:03:00;26;com vítima;222;BR-101/RJ;Norte;Queda de Moto;;;;1;;;;;;;0;1;;;
16/05/2011;16:08:00;118;sem vítima;222;BR-101/RJ;Norte;Objeto lançado contra veículo;2;;1;;;;;;;;3;;;;
04/09/2011;17:44:00;101;sem vítima;222;BR-101/RJ;Sul;Colisão Transversal;2;;;;;;;;;;6;;;;
03/11/2011;12:25:00;104;com vítima;222;BR-101/RJ;Norte;Saida de Pista;1;;;;;;;;;;0;;1;;
25/01/2012;21:19:00;190;com vítima;222;BR-101/RJ;Norte;Saida de Pista;1;;;;;;;;;;0;3;;;
26/02/2012;00:55:00;11;sem vítima;222;BR-101/RJ;Sul;Colisão Lateral;2;;;;;;;;;;10;;;;
08/03/2012;05:31:00;14;sem vítima;222;BR-101/RJ;Sul;Capotamento;1;;;;;;;;;;3;;;;
22/03/2012;16:28:00;123;sem vítima;222;BR-101/RJ;Sul;Colisão Lateral;;;1;1;;;;;;;2;;;;
06/08/2012;08:50:00;53;com vítima;222;BR-101/RJ;Norte;Colisão Traseira;;;1;1;;;;;;;1;1;;;
26/11/2012;11:53:00;99;sem vítima;222;BR-101/RJ;Norte;Outros - Sequência;1;;2;;;;;;;;3;;;;
18/12/2012;10:33:00;93;com vítima;222,2;BR-101/RJ;Norte;Outros - Sequência;1;;3;;;;;;;;4;;;;2
02/02/2013;02:55:00;15;com vítima;222,7;BR-101/RJ;Sul;Colisão Frontal;;;2;;;;;;;;1;;1;;1
07/03/2013;12:21:00;113;com vítima;222;BR-101/RJ;Sul;Colisão Frontal;2;;;;;;;;;;0;2;1;2;
20/07/2013;06:19:00;42;com vítima;222,466;BR-101/RJ;Sul;Outros - Sequência;3;;2;;;;;;;;9;2;1;;
07/11/2013;05:19:00;15;sem vítima;222;BR-101/RJ;Norte;Colisão Lateral;;;1;;;1;;;;;4;;;;
13/11/2013;01:18:00;8;sem vítima;222;BR-101/RJ;Norte;Colisão Traseira;;;2;;;;;;;;2;;;;
16/11/2013;12:09:00;78;com vítima;222,9;BR-101/RJ;Sul;Saida de Pista;1;;;;;;;;;;3;3;;;
17/01/2014;17:11:00;131;sem vítima;222,954;BR-101/RJ;Norte;Colisão Lateral;1;;1;;;;;;;;6;;;;
04/02/2014;20:35:00;190;com vítima;222;BR-101/RJ;Norte;Colisão Lateral;1;;1;;;;;;;;2;1;;;
09/05/2014;02:42:00;15;sem vítima;222,95;BR-101/RJ;Sul;Saida de Pista;;;;;;;;;;1;13;;;;
25/05/2014;16:57:00;121;sem vítima;222,5;BR-101/RJ;Sul;Engavetamento;3;;;;;;;;;;6;;;;
05/06/2014;18:01:00;157;com vítima;222,086;BR-101/RJ;Norte;Colisão Transversal;;;;1;;;;;;1;1;;;;1
18/08/2014;06:01:00;32;sem vítima;222;BR-101/RJ;Sul;Colisão Lateral;1;;;;;1;;;;;4;;;;
08/09/2014;07:43:00;42;com vítima;222;BR-101/RJ;Norte;Saida de Pista;1;;;;;;;;;;0;1;;;
20/09/2014;02:23:00;13;sem vítima;222;BR-101/RJ;Norte;Saida de Pista;1;;;;;;;;;;3;;;;
13/01/2015;13:46:00;100;com vítima;222,4;BR-101/RJ;Sul;Outros - Sequência;1;;3;;;;;;;;0;2;2;;
14/02/2015;15:27:00;200;com vítima;222,5;BR-101/RJ;Norte;Saida de Pista;;;;;;;;;;1;1;0;0;1;0
29/06/2015;04:36:00;23;sem vítima;222,275;BR-101/RJ;Norte;Saida de Pista;1;;;;;;;;;;1;;;;
11/01/2010;14:46:00;134;com vítima;223;BR-101/RJ;Sul;Colisão Traseira;1;;;;;;;;;1;10;2;;;
27/05/2010;23:24:00;169;sem vítima;223;BR-101/RJ;Norte;Colisão Transversal;1;;1;;;;;;;;2;;;;
06/06/2010;12:57:00;70;sem vítima;223;BR-101/RJ;Norte;Saida de Pista;1;;;;;;;;;;3;;;;
01/08/2010;12:17:00;92;com vítima;223;BR-101/RJ;Norte;Saida de Pista;1;;;;;;;;;;0;8;1;;
29/08/2010;20:56:00;140;sem vítima;223;BR-101/RJ;Sul;Colisão Lateral;2;;;;;;;;;;2;;;;
01/08/2011;14:50:00;141;sem vítima;223;BR-101/RJ;Norte;Capotamento;;;;;;;;;;1;2;;;;
10/01/2012;21:49:00;230;sem vítima;223;BR-101/RJ;Sul;Colisão Traseira;1;;1;;;;;;;;2;;;;
15/02/2012;07:33:00;36;sem vítima;223,1;BR-101/RJ;Norte;Colisão Traseira;;;2;;;;;;;;3;;;;
27/02/2012;10:46:00;68;sem vítima;223;BR-101/RJ;Sul;Engavetamento;3;;;;;;;;;;7;;;;
10/03/2012;07:05:00;32;sem vítima;223,25;BR-101/RJ;Norte;Colisão Lateral;1;;1;;;;;;;;2;;;;
28/05/2012;15:01:00;127;sem vítima;223,5;BR-101/RJ;Sul;Saida de Pista;1;;;;;;;;;;1;;;;
09/07/2012;04:22:00;16;com vítima;223,5;BR-101/RJ;Sul;Colisão Frontal;3;;;;;;;;;1;0;2;;2;1
13/07/2012;21:06:00;187;sem vítima;223;BR-101/RJ;Sul;Saida de Pista;1;;;;;;;;;;1;;;;
14/07/2012;23:17:00;180;com vítima;223,55;BR-101/RJ;Norte;Colisão Transversal;1;;2;;;;;;;;4;;;;2
03/08/2012;07:38:00;36;sem vítima;223,2;BR-101/RJ;Sul;Saida de Pista;;;;;1;;;;;;1;;;;
04/09/2012;00:09:00;2;com vítima;223,5;BR-101/RJ;Norte;Colisão Frontal;1;;1;;;;;;;;0;2;;1;1
06/09/2012;16:22:00;125;com vítima;223,079;BR-101/RJ;Sul;Queda de Moto;;;1;1;;;;;;;2;;;;1
06/09/2012;11:44:00;78;sem vítima;223,21;BR-101/RJ;Norte;Colisão Traseira;;;1;;1;;;;;;2;;;;
17/10/2012;11:25:00;81;sem vítima;223,1;BR-101/RJ;Norte;Colisão Traseira;2;;;;;;;;;;3;;;;
04/01/2013;07:48:00;41;com vítima;223,526;BR-101/RJ;Norte;Colisão Frontal;2;;1;;;;;;;;4;;;;1
24/03/2013;08:32:00;39;com vítima;223,6;BR-101/RJ;Norte;Saida de Pista;1;;;;;;;;;;0;2;;;
11/07/2013;12:52:00;92;com vítima;223,57;BR-101/RJ;Sul;Colisão Frontal;;;4;;;;;;;;3;1;;2;
31/12/2013;11:22:00;63;sem vítima;223,44;BR-101/RJ;Sul;Colisão Lateral;2;;;;;;;;;;2;;;;
17/01/2014;23:30:00;193;com vítima;223,1;BR-101/RJ;Sul;Saida de Pista;1;;;;;;;;;;1;1;;;
02/03/2014;14:50:00;142;com vítima;223;BR-101/RJ;Norte;Saida de Pista;1;;;;;;;;;;0;1;;;
15/04/2014;04:44:00;17;sem vítima;223;BR-101/RJ;Norte;Outros;;;1;;;;;;;;1;;;;
08/05/2014;17:48:00;173;sem vítima;223;BR-101/RJ;Sul;Colisão Traseira;2;;;;;;;;;;2;;;;
25/06/2014;18:56:00;146;com vítima;223,82;BR-101/RJ;Sul;Colisão Frontal;2;;;;;;;;;;1;1;;;
28/12/2014;06:14:00;16;com vítima;223,8;BR-101/RJ;Norte;Choque - Poste;1;;;;;;;;;;0;;;;2
02/10/2015;15:11:00;145;com vítima;223,174;BR-101/RJ;Norte;Colisão Frontal;1;;1;;;;;;;;1;;1;;1
26/12/2015;18:45:00;190;com vítima;223;BR-101/RJ;Norte;Capotamento;1;;;;;;;;;;0;2;;;
15/01/2010;17:05:00;149;com vítima;224;BR-101/RJ;Norte;Queda de Moto;;;;1;;;;;;;0;;1;;
28/03/2010;14:49:00;91;sem vítima;224;BR-101/RJ;Sul;Saida de Pista;1;;;;;;;;;;3;;;;
22/05/2010;09:26:00;51;sem vítima;224;BR-101/RJ;Sul;Colisão Lateral;1;;;;1;;;;;;5;;;;
29/06/2010;08:53:00;41;sem vítima;224;BR-101/RJ;Norte;Choque - Defensa, barreira ou "submarino";;;;;1;;;;;;46;;;;
08/10/2010;19:49:00;158;com vítima;224;BR-101/RJ;Norte;Colisão Transversal;2;;;;;;;;;;0;2;;;
18/10/2010;14:00:00;78;sem vítima;224;BR-101/RJ;Sul;Colisão Lateral;2;;;;;;;;;;3;;;;
27/10/2010;12:42:00;91;sem vítima;224;BR-101/RJ;Sul;Saida de Pista;1;;;;;;;;;;2;;;;
04/01/2011;17:53:00;183;sem vítima;224;BR-101/RJ;Sul;Colisão Traseira;2;;;;;;;;;;3;;;;
27/02/2011;23:24:00;234;com vítima;224;BR-101/RJ;Sul;Saida de Pista;1;;;;;;;;;;0;1;;;
09/03/2011;16:32:00;164;sem vítima;213;BR-101/RJ;Sul;Colisão Traseira;2;;;;;;;;;;6;;;;
09/03/2011;17:06:00;173;sem vítima;205;BR-101/RJ;Sul;Colisão Lateral;1;;;;;;;;;1;2;;;;
11/06/2011;12:05:00;94;com vítima;224;BR-101/RJ;Sul;Saida de Pista;1;;1;;;;;;;;1;;1;;
02/09/2011;08:05:00;39;sem vítima;224;BR-101/RJ;Norte;Colisão Lateral;1;;;;;1;;;;;6;;;;
01/01/2012;07:02:00;36;sem vítima;224,5;BR-101/RJ;Sul;Saida de Pista;;;;;;;;;;1;1;;;;
09/02/2012;07:00:00;26;com vítima;224,05;BR-101/RJ;Norte;Tombamento;;;2;;;;;;;;1;1;1;;
20/03/2012;20:12:00;145;sem vítima;224;BR-101/RJ;Sul;Colisão Lateral;1;;1;;;;;;;;2;;;;
09/06/2012;14:40:00;96;sem vítima;224,2;BR-101/RJ;Sul;Saida de Pista;1;;;;;;;;;;5;;;;
08/07/2012;15:07:00;90;com vítima;224,6;BR-101/RJ;Sul;Saida de Pista;1;;;;;;;;;;0;3;;;
10/07/2012;15:11:00;106;com vítima;224,882;BR-101/RJ;Sul;Colisão Traseira;3;;;;;;;;;;4;3;;;
04/08/2012;12:39:00;95;sem vítima;224;BR-101/RJ;Norte;Colisão Traseira;1;;;;;1;;;;;5;;;;
18/08/2012;20:37:00;150;com vítima;224,942;BR-101/RJ;Sul;Colisão Frontal;2;;;;;;;;;;0;1;3;;
21/08/2012;16:47:00;129;sem vítima;224,137;BR-101/RJ;Norte;Colisão Lateral;;;3;;;;;;;;5;;;;
08/09/2012;14:19:00;103;sem vítima;224;BR-101/RJ;Norte;Colisão Lateral;1;;;;1;;;;;;5;;;;
20/10/2012;05:30:00;27;sem vítima;224,188;BR-101/RJ;Norte;Colisão Transversal;1;;1;;;;;;;;2;;;;
05/11/2012;15:29:00;117;sem vítima;224;BR-101/RJ;Sul;Saida de Pista;1;;;;;;;;;;1;;;;
29/12/2012;01:09:00;7;com vítima;224,5;BR-101/RJ;Sul;Colisão Frontal;1;;;;;1;;;;;2;3;;;
29/01/2013;14:34:00;121;com vítima;224,3;BR-101/RJ;Norte;Colisão Frontal;1;;1;;;;;;;;1;;;;2
31/01/2013;17:40:00;141;com vítima;224,2;BR-101/RJ;Norte;Choque - Defensa, barreira ou "submarino";1;;;;;;;;;;0;;1;;
07/02/2013;22:05:00;262;sem vítima;224;BR-101/RJ;Norte;Saida de Pista;1;;;;;;;;;;5;;;;
13/03/2013;17:04:00;175;sem vítima;224,15;BR-101/RJ;Norte;Saida de Pista;1;;;;;;;;;;1;;;;
13/03/2013;05:04:00;18;com vítima;224,7;BR-101/RJ;Sul;Colisão Lateral;2;;;;;1;;;;;4;;2;;
31/03/2013;18:43:00;153;sem vítima;224;BR-101/RJ;Norte;Colisão Traseira;1;;;;;1;;;;;5;;;;
05/04/2013;14:14:00;100;com vítima;224,7;BR-101/RJ;Norte;Queda de Moto;;;;1;;;;;;;0;2;;;
22/05/2013;02:04:00;12;sem vítima;224,13;BR-101/RJ;Sul;Saida de Pista;;;1;;;;;;;;1;;;;
31/05/2013;13:08:00;79;com vítima;224,18;BR-101/RJ;Sul;Colisão Frontal;1;;1;;;;;;;;0;1;;1;1
15/06/2013;09:00:00;54;sem vítima;224,62;BR-101/RJ;Sul;Saida de Pista;1;;;;;;;;;;1;;;;
01/07/2013;22:32:00;178;sem vítima;224,287;BR-101/RJ;Sul;Saida de Pista;1;;;;;;;;;;3;;;;
02/07/2013;17:23:00;105;com vítima;224;BR-101/RJ;Sul;Saida de Pista;1;;;;;;;;;;0;4;;;
09/07/2013;12:21:00;95;sem vítima;224,2;BR-101/RJ;Norte;Saida de Pista;1;;1;;;;;;;;2;;;;
20/07/2013;09:58:00;79;sem vítima;224,3;BR-101/RJ;Sul;Colisão Lateral;1;;1;;;;;;;;2;;;;
26/07/2013;20:46:00;191;com vítima;224,068;BR-101/RJ;Norte;Colisão Frontal;1;;;;;;;;;1;0;;1;1;1
13/08/2013;17:43:00;129;sem vítima;224;BR-101/RJ;Sul;Saida de Pista;1;;;;;;;;;;3;;;;
14/08/2013;23:15:00;181;com vítima;224;BR-101/RJ;Norte;Saida de Pista;1;;;;;;;;;;0;;1;;
15/09/2013;06:57:00;26;com vítima;224,95;BR-101/RJ;Norte;Engavetamento;2;;1;;;;;;;;8;1;;;
16/09/2013;07:20:00;32;sem vítima;224;BR-101/RJ;Norte;Saida de Pista;1;;;;;;;;;;1;;;;
24/09/2013;05:39:00;24;sem vítima;224;BR-101/RJ;Norte;Saida de Pista;1;;;;;;;;;;1;;;;
16/10/2013;15:46:00;125;com vítima;224,232;BR-101/RJ;Sul;Saida de Pista;1;;;;;;;;;;0;1;1;;
06/11/2013;11:30:00;76;sem vítima;224,23;BR-101/RJ;Norte;Saida de Pista;1;;;;;;;;;;1;;;;
17/11/2013;17:53:00;169;sem vítima;224;BR-101/RJ;Sul;Saida de Pista;1;;;;;;;;;;2;;;;
15/02/2014;13:17:00;117;sem vítima;224;BR-101/RJ;Norte;Saida de Pista;1;;;;;;;;;;1;;;;
17/02/2014;14:03:00;104;sem vítima;224,199;BR-101/RJ;Sul;Saida de Pista;1;;;;;;;;;;1;;;;
28/02/2014;23:14:00;262;com vítima;224;BR-101/RJ;Norte;Colisão Frontal;1;;1;;;;;;;;1;2;1;;
12/03/2014;11:22:00;102;sem vítima;224,5;BR-101/RJ;Sul;Saida de Pista;1;;;;;;;;;;1;;;;
23/03/2014;21:15:00;124;sem vítima;224;BR-101/RJ;Norte;Saida de Pista;1;;;;;;;;;;2;;;;
26/03/2014;16:25:00;139;sem vítima;224;BR-101/RJ;Norte;Colisão Lateral;2;;1;;1;;;;;;6;;;;
03/04/2014;16:26:00;152;sem vítima;224;BR-101/RJ;Norte;Colisão Lateral;1;;;;;;;;;1;7;;;;
07/04/2014;06:34:00;33;sem vítima;224;BR-101/RJ;Norte;Colisão Traseira;2;;;;;;;;;;4;;;;
23/04/2014;17:08:00;122;sem vítima;224;BR-101/RJ;Sul;Saida de Pista;1;;;;;;;;;;5;;;;
06/05/2014;15:58:00;118;sem vítima;224;BR-101/RJ;Norte;Colisão Lateral;1;;1;;;;;;;;2;;;;
05/08/2014;01:16:00;10;sem vítima;224;BR-101/RJ;Sul;Saida de Pista;1;;;;;;;;;;1;;;;
18/08/2014;13:27:00;96;sem vítima;224,8;BR-101/RJ;Sul;Colisão Lateral;2;;;;;;;;;;4;;;;
09/10/2014;09:02:00;72;sem vítima;224,8;BR-101/RJ;Norte;Colisão Traseira;1;;1;;;;;;;;3;;;;
05/11/2014;17:18:00;134;sem vítima;224,338;BR-101/RJ;Sul;Saida de Pista;1;;;;;;;;;;1;;;;
23/11/2014;17:15:00;124;com vítima;224;BR-101/RJ;Sul;Saida de Pista;1;;;;;;;;;;1;;1;;
26/11/2014;22:02:00;195;sem vítima;224;BR-101/RJ;Norte;Colisão Lateral;;;2;;;;;;;;4;;;;
27/11/2014;10:13:00;55;sem vítima;224;BR-101/RJ;Norte;Colisão Lateral;2;;;;;;;;;;4;;;;
13/12/2014;10:33:00;82;com vítima;224;BR-101/RJ;Sul;Colisão Transversal;2;;;;;;;;;;2;4;1;;
01/01/2015;05:51:00;15;com vítima;224;BR-101/RJ;Sul;Saida de Pista;1;;;;;;;;;;0;2;1;;
04/01/2015;16:20:00;124;sem vítima;224,222;BR-101/RJ;Sul;Saida de Pista;1;;;;;;;;;;3;;;;
14/05/2015;06:05:00;24;com vítima;224,2;BR-101/RJ;Norte;Capotamento;1;;;;;;;;;;0;1;;;
08/06/2015;18:04:00;177;com vítima;224,56;BR-101/RJ;Sul;Colisão Lateral;1;;;1;;;;;;;2;;1;;
19/06/2015;03:38:00;18;com vítima;224,25;BR-101/RJ;Norte;Saida de Pista;;;;;;;;;;1;2;2;;;
18/11/2015;03:48:00;23;sem vítima;224,137;BR-101/RJ;Sul;Saida de Pista;1;;;;;;;;;;2;;;;
16/12/2015;10:00:00;106;com vítima;224,5;BR-101/RJ;Sul;Colisão Frontal;1;;;;;;;;;1;0;13;1;1;
20/12/2015;16:40:00;141;sem vítima;224,2;BR-101/RJ;Norte;Engavetamento;4;;;;;;;;;;13;;;;
20/12/2015;16:25:00;139;sem vítima;224,5;BR-101/RJ;Norte;Colisão Transversal;2;;;;;1;;;;;6;;;;
20/12/2015;17:15:00;150;sem vítima;224,5;BR-101/RJ;Norte;Colisão Traseira;;;1;1;;;;;;;2;;;;
07/03/2010;01:54:00;3;sem vítima;225;BR-101/RJ;Norte;Saida de Pista;1;;;;;;;;;;2;;;;
02/06/2010;13:58:00;112;sem vítima;225;BR-101/RJ;Sul;Colisão Lateral;1;;1;;;;;;;;2;;;;
15/07/2010;10:38:00;63;com vítima;225;BR-101/RJ;Norte;Colisão Lateral;1;;;;;1;;;;;2;1;1;;
26/08/2010;17:27:00;152;com vítima;225;BR-101/RJ;Sul;Saida de Pista;;;;;;;;;;1;0;;;;1
04/09/2010;20:22:00;253;com vítima;225;BR-101/RJ;Sul;Queda de Moto;;;;1;;;;;;;0;;1;;
01/02/2011;06:17:00;19;sem vítima;225;BR-101/RJ;Norte;Colisão Lateral;;;1;;;1;;;;;3;;;;
15/02/2011;12:00:00;81;sem vítima;225;BR-101/RJ;Sul;Colisão Traseira;1;;;;;1;;;;;2;;;;
29/06/2011;14:33:00;105;sem vítima;225;BR-101/RJ;Sul;Colisão Traseira;1;;2;;;;;;;;4;;;;
06/09/2011;10:45:00;60;com vítima;225;BR-101/RJ;Sul;Colisão Traseira;1;;1;;;;;;;;1;2;;;
15/10/2011;03:31:00;21;sem vítima;225,8000030517578;BR-101/RJ;Norte;Saida de Pista;1;;;;;;;;;;1;;;;
22/11/2011;08:22:00;48;sem vítima;225;BR-101/RJ;Norte;Saida de Pista;1;;;;;;;;;;2;;;;
07/12/2011;22:28:00;201;com vítima;225;BR-101/RJ;Norte;Choque - Defensa, barreira ou "submarino";1;;;;;;;;;;0;1;;;
27/02/2012;15:34:00;111;com vítima;225;BR-101/RJ;Norte;Queda de Moto;;;;1;;;;;;;0;1;;;
01/04/2012;15:27:00;101;com vítima;225;BR-101/RJ;Norte;Saida de Pista;1;;;;;;;;;;2;1;;;
27/09/2012;12:21:00;103;sem vítima;225;BR-101/RJ;Norte;Colisão Lateral;1;;1;;;;;;;;2;;;;
03/12/2012;16:30:00;162;sem vítima;225;BR-101/RJ;Sul;Saida de Pista;;;;;;;;;;1;2;;;;
29/12/2012;07:17:00;42;sem vítima;225;BR-101/RJ;Sul;Colisão Traseira;2;;;;;;;;;;4;;;;
14/03/2013;15:25:00;119;com vítima;225;BR-101/RJ;Norte;Saida de Pista;1;;;;;;;;;;0;1;;;
18/03/2013;06:03:00;33;sem vítima;225;BR-101/RJ;Sul;Choque - Arvore;1;;;;;;;;;;1;;;;
31/03/2013;15:15:00;102;sem vítima;225;BR-101/RJ;Sul;Colisão Lateral;2;;;;;;;;;;3;;;;
17/05/2013;11:56:00;84;sem vítima;225;BR-101/RJ;Norte;Saida de Pista;1;;;;;;;;;;1;;;;
29/06/2013;07:57:00;42;sem vítima;225;BR-101/RJ;Norte;Choque - Outros;1;;;;;;;;;;1;;;;
12/07/2013;08:57:00;53;sem vítima;225;BR-101/RJ;Sul;Saida de Pista;;;;;;;;;;1;3;;;;
19/07/2013;16:55:00;159;sem vítima;225;BR-101/RJ;Sul;Colisão Traseira;2;;;;;;;;;;2;;;;
14/08/2013;12:34:00;102;sem vítima;225;BR-101/RJ;Norte;Colisão Frontal;;;2;;;;;;;;2;;;;
23/11/2013;14:26:00;115;sem vítima;225;BR-101/RJ;Norte;Saida de Pista;1;;;;;;;;;;1;;;;
12/12/2013;08:29:00;48;sem vítima;225;BR-101/RJ;Norte;Colisão Traseira;1;;1;;;;;;;;2;;;;
22/12/2013;10:40:00;82;com vítima;225,732;BR-101/RJ;Norte;Colisão Traseira;;;1;;;;;;;1;16;1;;;
22/12/2013;00:34:00;6;com vítima;225,84;BR-101/RJ;Sul;Colisão Frontal;1;;1;;;;;;;;1;1;;;
05/05/2014;03:08:00;12;sem vítima;225,2;BR-101/RJ;Sul;Choque - Defensa, barreira ou "submarino";;;1;;;;;;;;1;;;;
10/07/2014;15:19:00;106;com vítima;225,5;BR-101/RJ;Sul;Saida de Pista;;;1;;;;;;;;1;5;4;1;
24/07/2014;09:33:00;53;sem vítima;225;BR-101/RJ;Sul;Colisão Traseira;2;;;;;;;;;;4;;;;
09/11/2014;12:07:00;57;sem vítima;225;BR-101/RJ;Norte;Saida de Pista;1;;;;;;;;;;1;;;;
14/11/2014;14:37:00;132;com vítima;225;BR-101/RJ;Norte;Saida de Pista;1;;;;;;;;;;0;1;;;
27/02/2015;14:09:00;111;sem vítima;225;BR-101/RJ;Sul;Saida de Pista;1;;;;;;;;;;2;;;;
03/04/2015;01:10:00;2;sem vítima;225;BR-101/RJ;Norte;Saida de Pista;1;;;;;;;;;;1;;;;
16/07/2015;12:31:00;132;sem vítima;225;BR-101/RJ;Sul;Colisão Lateral;1;;;;;;;;;;1;;;;
08/08/2015;00:15:00;3;sem vítima;225;BR-101/RJ;Sul;Choque - Defensa, barreira ou "submarino";1;;;;;;;;;;1;;;;
29/11/2015;16:38:00;139;sem vítima;225;BR-101/RJ;Norte;Colisão Traseira;1;;1;;;;;;;;6;;;;
10/02/2010;05:18:00;36;sem vítima;226;BR-101/RJ;Sul;Saida de Pista;1;;;;;;;;;;1;;;;
12/03/2010;16:54:00;144;com vítima;226;BR-101/RJ;Norte;Saida de Pista;1;;;;;;;;;;0;;1;;
09/05/2010;08:42:00;39;com vítima;226,5;BR-101/RJ;Sul;Colisão Lateral;2;;;;;;;;;;0;1;3;;
15/05/2010;22:56:00;185;sem vítima;226;BR-101/RJ;Norte;Saida de Pista;1;;;;;;;;;;1;;;;
31/07/2010;09:03:00;66;sem vítima;226;BR-101/RJ;Norte;Colisão Traseira;2;;;;;;;;;;6;;;;
09/10/2010;18:06:00;166;com vítima;226;BR-101/RJ;Sul;Colisão Frontal;2;;;;;;;;;;0;;1;1;3
24/12/2010;17:39:00;156;com vítima;226;BR-101/RJ;Sul;Colisão Frontal;2;;;;;;;;;;2;;1;;
06/01/2011;20:45:00;188;com vítima;226;BR-101/RJ;Sul;Colisão Lateral;1;;1;;;;;;;;1;1;;;
27/01/2011;12:33:00;98;com vítima;226;BR-101/RJ;Sul;Colisão Frontal;1;;1;;;;;;;;1;1;1;;
13/02/2011;12:25:00;70;com vítima;226;BR-101/RJ;Norte;Colisão Frontal;1;;;;;;;;;;0;1;;;
09/03/2011;20:42:00;235;sem vítima;269;BR-101/RJ;Sul;Colisão Traseira;2;;;;;;;;;;5;;;;
02/05/2011;15:11:00;130;sem vítima;226;BR-101/RJ;Sul;Colisão Traseira;2;;;;;;;;;;4;;;;
03/05/2011;18:14:00;130;sem vítima;226;BR-101/RJ;Norte;Colisão Lateral;1;;1;;;;;;;;4;;;;
06/06/2011;06:46:00;27;com vítima;226;BR-101/RJ;Norte;Colisão Lateral;;;1;;;;;;;1;2;2;;;
13/06/2011;00:17:00;2;sem vítima;226;BR-101/RJ;Norte;Colisão Traseira;1;;;;;1;;;;;2;;;;