data;horario;n_da_ocorrencia;tipo_de_ocorrencia;km;trecho;sentido;tipo_de_acidente;automovel;bicicleta;caminhao;moto;onibus;outros;tracao_animal;transporte_de_cargas_especiais;trator_maquinas;utilitarios;ilesos;levemente_feridos;moderadamente_feridos;gravemente_feridos;mortos
11/10/2011;07:52:00;41;com vítima;226;BR-101/RJ;Sul;Colisão Traseira;2;;;;;;;;;;1;4;;;
11/10/2011;11:35:00;80;sem vítima;226;BR-101/RJ;Sul;Colisão Traseira;;;2;;;;;;;;2;;;;
31/10/2011;08:26:00;53;com vítima;226;BR-101/RJ;Norte;Capotamento;1;;;;;;;;;;0;1;;;
05/11/2011;15:47:00;109;com vítima;226;BR-101/RJ;Sul;Saida de Pista;1;;;;;;;;;;0;5;;;
09/11/2011;15:42:00;115;sem vítima;226;BR-101/RJ;Sul;Saida de Pista;1;;;;;;;;;;1;;;;
01/12/2011;17:32:00;127;sem vítima;226,3000030517578;BR-101/RJ;Norte;Saida de Pista;;;;;;;;;;1;2;;;;
17/01/2012;08:42:00;61;sem vítima;226;BR-101/RJ;Sul;Colisão Lateral;1;;1;;;;;;;;3;;;;
21/01/2012;15:35:00;111;com vítima;226;BR-101/RJ;Norte;Queda de Moto;;;;1;;;;;;;0;2;;;
17/02/2012;16:19:00;134;sem vítima;226;BR-101/RJ;Sul;Colisão Traseira;1;;;;;1;;;;;6;;;;
17/05/2012;07:08:00;27;com vítima;226,59;BR-101/RJ;Norte;Colisão Frontal;1;;1;;;;;;;;1;;2;1;
02/09/2012;13:30:00;70;com vítima;226;BR-101/RJ;Sul;Queda de Moto;;;;1;;;;;;;0;2;;;
05/10/2012;11:12:00;106;sem vítima;226,7;BR-101/RJ;Sul;Colisão Lateral;2;;;;;;;;;;6;;;;
10/10/2012;03:16:00;21;sem vítima;226,097;BR-101/RJ;Norte;Saida de Pista;1;;;;;;;;;;1;;;;
25/12/2012;16:25:00;113;com vítima;226;BR-101/RJ;Norte;Capotamento;1;;;;;;;;;;0;5;;;
28/04/2013;22:56:00;165;sem vítima;226;BR-101/RJ;Norte;Saida de Pista;1;;;;;;;;;;1;;;;
13/05/2013;01:47:00;12;sem vítima;226;BR-101/RJ;Norte;Saida de Pista;;;1;;;;;;;;1;;;;
16/05/2013;09:06:00;41;sem vítima;226;BR-101/RJ;Norte;Colisão Traseira;2;;1;;;;;;;;7;;;;
31/05/2013;14:03:00;85;sem vítima;226;BR-101/RJ;Norte;Colisão Traseira;2;;1;;;;;;;;5;;;;
17/06/2013;18:21:00;128;sem vítima;226;BR-101/RJ;Norte;Colisão Traseira;2;;;;;;;;;;2;;;;
05/07/2013;16:41:00;141;com vítima;226;BR-101/RJ;Sul;Saida de Pista;1;;;;;;;;;;2;3;;;
16/07/2013;11:46:00;89;sem vítima;226;BR-101/RJ;Norte;Colisão Traseira;;;;;1;1;;;;;3;;;;
15/11/2013;05:44:00;42;sem vítima;226,5;BR-101/RJ;Norte;Colisão Traseira;1;;1;;;;;;;;6;;;;
27/11/2013;10:17:00;80;sem vítima;226;BR-101/RJ;Sul;Colisão Traseira;;;2;;;;;;;;2;;;;
25/01/2014;16:49:00;150;com vítima;226,03;BR-101/RJ;Sul;Colisão Frontal;2;;;;;;;;;;2;1;3;2;
26/03/2014;13:14:00;107;sem vítima;226;BR-101/RJ;Sul;Saida de Pista;1;;;;;;;;;;4;;;;
27/03/2014;23:22:00;194;com vítima;226,14;BR-101/RJ;Norte;Colisão Frontal;2;;1;;;;;;;;3;1;;;
23/05/2014;16:42:00;141;com vítima;226,193;BR-101/RJ;Norte;Colisão Frontal;1;;;1;;;;;;;1;;1;;
30/06/2014;08:50:00;61;sem vítima;226;BR-101/RJ;Norte;Colisão Traseira;2;;;;;;;;;;2;;;;
09/08/2014;20:24:00;153;com vítima;226,337;BR-101/RJ;Norte;Colisão Frontal;2;;;;;;;;;;0;3;;;
23/04/2015;13:45:00;109;sem vítima;226,247;BR-101/RJ;Norte;Saida de Pista;1;;;;;;;;;;2;;;;
19/09/2015;11:54:00;107;com vítima;226;BR-101/RJ;Sul;Saida de Pista;1;;;;;;;;;;2;;1;;
02/10/2015;08:00:00;45;com vítima;226,617;BR-101/RJ;Norte;Saida de Pista;1;;;;;;;;;;0;1;;;
20/11/2015;03:47:00;32;com vítima;226,5;BR-101/RJ;Norte;Colisão Lateral;1;;2;;;;;;;;8;1;1;;
21/03/2010;15:21:00;87;com vítima;227;BR-101/RJ;Sul;Queda de Moto;;;;1;;1;;;;;2;;1;;
11/07/2010;06:16:00;29;sem vítima;227;BR-101/RJ;Sul;Capotamento;1;;;;;;;;;;1;;;;
11/01/2011;09:43:00;65;sem vítima;227;BR-101/RJ;Norte;Colisão Frontal;;;1;;;;;;;1;3;;;;
17/09/2011;06:00:00;29;com vítima;227;BR-101/RJ;Sul;Colisão Lateral;;;1;;2;;;;;;3;3;;;
16/11/2011;11:30:00;74;sem vítima;227;BR-101/RJ;Sul;Saida de Pista;1;;;;;;;;;;1;;;;
25/06/2012;12:17:00;86;sem vítima;227,75;BR-101/RJ;Norte;Colisão Traseira;1;;2;;;;;;;;7;;;;
21/07/2012;12:19:00;93;com vítima;227;BR-101/RJ;Sul;Colisão Lateral;;;;1;;;;;;;0;1;1;;
05/10/2012;12:29:00;120;sem vítima;227,769;BR-101/RJ;Norte;Tombamento;;;1;;;;;;;;1;;;;
09/10/2012;07:21:00;49;com vítima;227,5;BR-101/RJ;Sul;Colisão Frontal;;;2;;;;;;;;0;2;;1;1
04/01/2013;16:26:00;141;com vítima;227,9;BR-101/RJ;Norte;Colisão Lateral;;;1;;1;;;;;;2;1;;;
16/07/2013;13:54:00;109;sem vítima;227;BR-101/RJ;Norte;Saida de Pista;1;;;;;;;;;;2;;;;
08/09/2013;15:37:00;126;com vítima;227,891;BR-101/RJ;Norte;Colisão Frontal;1;;1;;;;;;;;1;;;1;1
25/10/2013;23:18:00;220;com vítima;227,7;BR-101/RJ;Norte;Colisão Frontal;3;;1;;;;;;;;6;;1;;
03/06/2014;22:40:00;172;sem vítima;227;BR-101/RJ;Norte;Saida de Pista;1;;;;;;;;;;2;;;;
12/08/2014;02:32:00;13;com vítima;227,994;BR-101/RJ;Sul;Colisão Lateral;;;4;;;;;;;;5;1;;;
24/08/2014;13:47:00;90;com vítima;227,779;BR-101/RJ;Norte;Colisão Frontal;;;3;1;;;;;;;2;1;;;2
29/09/2014;17:02:00;145;com vítima;227,7;BR-101/RJ;Norte;Colisão Frontal;2;;1;;1;;;;;;1;4;1;;1
17/10/2014;08:41:00;55;sem vítima;227,643;BR-101/RJ;Norte;Tombamento;;;1;;;;;;;;1;;;;
17/10/2014;08:41:00;64;sem vítima;227,643;BR-101/RJ;Norte;Colisão Traseira;1;;;;;1;;;;;2;;;;
14/02/2015;13:28:00;177;com vítima;227;BR-101/RJ;Norte;Saida de Pista;1;;;;;;;;;;2;3;0;0;0
30/04/2015;06:22:00;26;com vítima;227,2;BR-101/RJ;Norte;Saida de Pista;;;1;;;;;;;;0;2;;;
12/06/2015;12:48:00;107;com vítima;227;BR-101/RJ;Sul;Queda de Moto;;;;1;;;;;;;0;2;;;
28/09/2015;08:47:00;75;sem vítima;227;BR-101/RJ;Sul;Colisão Traseira;1;;;;;1;;;;;2;;;;
30/01/2010;02:11:00;18;com vítima;228;BR-101/RJ;Norte;Colisão Frontal;1;;1;;;;;;;;0;1;;1;1
12/02/2010;06:53:00;46;sem vítima;228;BR-101/RJ;Norte;Engavetamento;1;;2;;;;;;;;7;;;;
22/03/2010;05:54:00;26;com vítima;228;BR-101/RJ;Sul;Capotamento;1;;1;;;;;;;;1;;1;;
04/04/2010;23:27:00;275;com vítima;228;BR-101/RJ;Norte;Colisão Frontal;2;;1;;1;;;;;;3;1;;;1
06/04/2010;13:08:00;92;sem vítima;228;BR-101/RJ;Norte;Saida de Pista;1;;;;;;;;;;1;;;;
03/06/2010;21:14:00;158;com vítima;228;BR-101/RJ;Sul;Colisão Lateral;2;;;;;;;;;;0;;1;;1
05/11/2010;14:25:00;114;sem vítima;228;BR-101/RJ;Sul;Colisão Lateral;1;;1;;;;;;;;2;;;;
19/11/2010;14:34:00;116;sem vítima;228;BR-101/RJ;Sul;Saida de Pista;1;;;;;;;;;;1;;;;
25/01/2011;12:02:00;103;com vítima;228;BR-101/RJ;Norte;Colisão Frontal;1;;1;;;;;;;1;2;;1;;
28/02/2011;06:20:00;29;sem vítima;228;BR-101/RJ;Norte;Saida de Pista;1;;;;;;;;;;1;;;;
09/03/2011;22:48:00;272;sem vítima;299;BR-101/RJ;Norte;Saida de Pista;1;;;;;;;;;;2;;;;
04/05/2011;06:02:00;14;com vítima;228;BR-101/RJ;Sul;Objeto lançado contra veículo;;;;1;;;;;;;0;1;;;
22/06/2011;13:10:00;121;com vítima;228;BR-101/RJ;Norte;Colisão Lateral;;;2;;;;;;;;1;1;;;
25/09/2011;04:06:00;16;com vítima;228,5;BR-101/RJ;Sul;Choque - Defensa, barreira ou "submarino";;;1;;;;;;;;0;;;;1
17/10/2011;06:49:00;34;sem vítima;228;BR-101/RJ;Norte;Saida de Pista;1;;;;;;;;;;1;;;;
26/10/2011;16:55:00;116;sem vítima;228;BR-101/RJ;Sul;Saida de Pista;1;;;;;;;;;;1;;;;
05/11/2011;14:49:00;99;com vítima;228;BR-101/RJ;Sul;Queda de Moto;;;;1;;;;;;;0;2;;;
24/11/2011;05:41:00;22;sem vítima;228,89999389648438;BR-101/RJ;Sul;Colisão Lateral;;;1;;;1;;;;;2;;;;
02/01/2012;10:12:00;73;sem vítima;228;BR-101/RJ;Norte;Saida de Pista;;;1;;;;;;;;2;;;;
09/02/2012;09:08:00;42;com vítima;228,7;BR-101/RJ;Norte;Outros - Sequência;4;;;;;;;;;;4;;2;;
15/02/2012;21:01:00;197;sem vítima;228;BR-101/RJ;Sul;Colisão Frontal;;;2;;;;;;;;2;;;;
14/08/2012;13:10:00;112;sem vítima;228;BR-101/RJ;Sul;Queda de Moto;;;;1;;;;;;;1;;;;
14/10/2012;21:49:00;147;sem vítima;228;BR-101/RJ;Norte;Saida de Pista;1;;;;;1;;;;;6;;;;
26/11/2012;11:57:00;100;sem vítima;228;BR-101/RJ;Norte;Saida de Pista;1;;;;;;;;;;1;;;;
30/11/2012;23:14:00;223;com vítima;228,92;BR-101/RJ;Sul;Colisão Frontal;1;;1;;;;;;;;0;1;;;1
26/12/2012;13:31:00;127;sem vítima;228;BR-101/RJ;Norte;Choque - Defensa, barreira ou "submarino";1;;;;;;;;;;3;;;;
04/01/2013;12:25:00;104;sem vítima;228;BR-101/RJ;Norte;Colisão Traseira;1;;1;;;;;;;;4;;;;
24/02/2013;17:17:00;128;sem vítima;228,85;BR-101/RJ;Sul;Colisão Traseira;2;;1;;;;;;;;4;;;;
29/04/2013;15:58:00;121;sem vítima;228;BR-101/RJ;Sul;Saida de Pista;1;;;;;;;;;;1;;;;
17/07/2013;13:24:00;93;com vítima;228,2;BR-101/RJ;Sul;Colisão Transversal;1;;1;;;;;;;;0;1;2;;3
23/08/2013;03:30:00;14;sem vítima;228,493;BR-101/RJ;Norte;Choque - Defensa, barreira ou "submarino";;;1;;;;;;;;1;;;;
05/09/2013;10:00:00;58;sem vítima;228,422;BR-101/RJ;Norte;Saida de Pista;;;1;;;;;;;;2;;;;
27/09/2013;23:31:00;211;com vítima;228,871;BR-101/RJ;Norte;Colisão Frontal;1;;1;;;;;;;;0;1;;;1
13/10/2013;12:25:00;80;sem vítima;228;BR-101/RJ;Sul;Choque - Defensa, barreira ou "submarino";1;;;;;;;;;;1;;;;
25/11/2013;15:21:00;110;sem vítima;228;BR-101/RJ;Norte;Saida de Pista;1;;;;;;;;;;2;;;;
10/01/2014;14:33:00;136;com vítima;228,5;BR-101/RJ;Norte;Colisão Traseira;;;1;;;;;;;1;0;3;;;
09/02/2014;12:04:00;68;sem vítima;228;BR-101/RJ;Sul;Colisão Traseira;2;;;;;;;;;;2;;;;
13/02/2014;18:24:00;179;sem vítima;228;BR-101/RJ;Sul;Saida de Pista;1;;;;;;;;;;1;;;;
14/02/2014;09:46:00;83;sem vítima;228,2;BR-101/RJ;Norte;Saida de Pista;1;;;;;;;;;;3;;;;
22/02/2014;21:37:00;181;com vítima;228;BR-101/RJ;Norte;Colisão Frontal;2;;;;;;;;;;0;2;3;1;
23/02/2014;01:37:00;9;sem vítima;228,499;BR-101/RJ;Norte;Saida de Pista;1;;;;;;;;;;1;;;;
12/03/2014;08:31:00;63;sem vítima;228;BR-101/RJ;Sul;Colisão Frontal;1;;1;;;;;;;;2;;;;
28/03/2014;17:30:00;160;sem vítima;228;BR-101/RJ;Norte;Colisão Traseira;2;;;;;;;;;;6;;;;
15/06/2014;07:40:00;29;com vítima;228,277;BR-101/RJ;Norte;Colisão Frontal;1;;1;;;;;;;;5;1;;;
04/08/2014;14:28:00;121;com vítima;228,011;BR-101/RJ;Norte;Colisão Traseira;1;;1;;;;;;;;1;5;;;
29/09/2014;16:04:00;135;sem vítima;228,705;BR-101/RJ;Norte;Engavetamento;;;2;;;;;;;1;3;;;;
28/12/2014;15:28:00;100;com vítima;228,5;BR-101/RJ;Sul;Colisão Frontal;4;;;;;;;;;;4;7;5;;
16/02/2015;19:43:00;99;com vítima;228;BR-101/RJ;Sul;Outros - Sequência;5;;;;;;;;;;8;0;3;0;0
21/02/2015;10:26:00;65;sem vítima;228;BR-101/RJ;Sul;Colisão Traseira;2;;;;;;;;;;10;0;0;0;0
14/03/2015;06:28:00;32;sem vítima;228;BR-101/RJ;Sul;Saida de Pista;1;;;;;;;;;;3;0;0;0;0
31/05/2015;19:13:00;156;com vítima;228,315;BR-101/RJ;Norte;Colisão Frontal;1;;1;;;;;;;;0;1;;;3
08/06/2015;17:45:00;174;sem vítima;228,45;BR-101/RJ;Norte;Outros - Sequência;1;;1;;;;;;;;5;;;;
27/09/2015;02:44:00;15;sem vítima;228;BR-101/RJ;Norte;Saida de Pista;1;;;;;;;;;;1;;;;
07/12/2015;06:34:00;39;sem vítima;228;BR-101/RJ;Sul;Choque - Suporte de Sinalização;1;;;;;;;;;;1;;;;
25/12/2015;11:20:00;70;sem vítima;228;BR-101/RJ;Norte;Choque - Suporte de Sinalização;1;;;;;;;;;;2;;;;
03/02/2010;03:43:00;18;com vítima;229;BR-101/RJ;Norte;Queda de Moto;;;;1;;;;;;;0;1;;;
02/06/2010;03:19:00;13;sem vítima;229;BR-101/RJ;Norte;Atropelamento de Animal;1;;;;;;;;;;2;;;;
12/08/2010;01:30:00;11;sem vítima;229;BR-101/RJ;Sul;Colisão Traseira;;;2;;;;;;;;3;;;;
21/08/2010;11:24:00;84;com vítima;229;BR-101/RJ;Norte;Queda de Moto;;;;1;;;;;;;0;;1;;
16/09/2010;15:24:00;108;com vítima;229;BR-101/RJ;Norte;Choque - Outros;;;1;;;;;;;;0;;1;;
06/11/2010;16:22:00;119;com vítima;229;BR-101/RJ;Sul;Saida de Pista;1;;;;;;;;;;0;;1;;
11/12/2010;06:52:00;39;sem vítima;229;BR-101/RJ;Norte;Colisão Traseira;;;2;;;;;;;;2;;;;
03/05/2011;12:24:00;76;sem vítima;229;BR-101/RJ;Norte;Saida de Pista;1;;;;;;;;;;2;;;;
09/05/2011;08:08:00;35;sem vítima;229;BR-101/RJ;Norte;Colisão Traseira;2;;;;;;;;;;2;;;;
03/06/2011;10:39:00;75;com vítima;229;BR-101/RJ;Sul;Saida de Pista;1;;;;;;;;;;1;1;;;
10/06/2011;21:25:00;196;com vítima;229;BR-101/RJ;Sul;Queda de Moto;;;;1;;;;;;;0;1;;;
13/10/2011;04:22:00;16;sem vítima;229;BR-101/RJ;Sul;Queda de Moto;;;;1;;;;;;;1;;;;
02/12/2011;23:39:00;244;sem vítima;229;BR-101/RJ;Norte;Colisão Traseira;1;;;;;1;;;;;2;;;;
28/12/2011;06:54:00;26;sem vítima;229;BR-101/RJ;Norte;Colisão Lateral;;;2;;;;;;;;2;;;;
02/01/2012;18:04:00;182;sem vítima;229;BR-101/RJ;Sul;Colisão Lateral;;;2;;;;;;;;2;;;;
20/01/2012;15:37:00;160;sem vítima;229;BR-101/RJ;Sul;Colisão Traseira;1;;;;1;;;;;;3;;;;
20/01/2012;15:44:00;162;sem vítima;229;BR-101/RJ;Sul;Colisão Traseira;;;1;;1;;;;;;3;;;;
28/02/2012;00:16:00;3;com vítima;229;BR-101/RJ;Sul;Colisão Lateral;1;;3;;;;;;;;2;4;;;
03/04/2012;21:14:00;171;com vítima;229;BR-101/RJ;Sul;Saida de Pista;;;;;;;;;;1;0;1;;;
16/06/2012;06:56:00;32;sem vítima;229;BR-101/RJ;Norte;Colisão Frontal;1;;1;;;;;;;;4;;;;
30/09/2012;00:48:00;3;com vítima;229,647;BR-101/RJ;Norte;Tombamento;1;;1;;;;;;;;0;2;;;
30/10/2012;13:19:00;119;sem vítima;229,279;BR-101/RJ;Norte;Colisão Traseira;2;;;;;;;;;;4;;;;
22/12/2012;19:41:00;210;sem vítima;229,5;BR-101/RJ;Norte;Saida de Pista;1;;;;;;;;;;5;;;;
16/01/2013;12:18:00;100;sem vítima;229;BR-101/RJ;Norte;Colisão Traseira;;;1;;;;;;;1;3;;;;
22/03/2013;10:21:00;77;com vítima;229,17;BR-101/RJ;Norte;Saida de Pista;;;1;;;;;;;;0;1;;;
27/04/2013;23:10:00;170;sem vítima;229,5;BR-101/RJ;Sul;Capotamento;1;;;;;;;;;;1;;;;
24/05/2013;07:10:00;29;com vítima;229,05;BR-101/RJ;Norte;Saida de Pista;;;;1;;;;;;;0;;;;1
08/09/2013;18:07:00;158;sem vítima;229;BR-101/RJ;Norte;Engavetamento;3;;;;;;;;;;3;;;;
08/09/2013;18:25:00;162;sem vítima;229;BR-101/RJ;Norte;Colisão Traseira;2;;;;;;;;;;2;;;;
22/12/2013;13:47:00;121;sem vítima;229;BR-101/RJ;Norte;Colisão Traseira;1;;;;;;;;;1;2;;;;
13/02/2014;14:39:00;125;sem vítima;229,5;BR-101/RJ;Norte;Saida de Pista;;;1;;;;;;;;1;;;;
08/07/2014;04:49:00;14;sem vítima;229;BR-101/RJ;Sul;Colisão Traseira;2;;;;;;;;;;5;;;;
24/09/2014;08:45:00;46;com vítima;229,493;BR-101/RJ;Norte;Colisão Frontal;;;2;;;;;;;;1;;1;;
19/10/2014;15:56:00;96;com vítima;229,873;BR-101/RJ;Norte;Saida de Pista;1;;;;;;;;;;0;1;;;
19/03/2015;05:27:00;24;sem vítima;229;BR-101/RJ;Norte;Saida de Pista;1;;;;;;;;;;2;0;0;0;0
24/12/2015;10:46:00;108;sem vítima;229,5;BR-101/RJ;Sul;Colisão Traseira;2;;;;;;;;;;4;;;;
01/01/2010;06:39:00;14;sem vítima;230;BR-101/RJ;Norte;Saida de Pista;1;;;;;;;;;;2;;;;
23/01/2010;12:18:00;89;sem vítima;230;BR-101/RJ;Norte;Colisão Traseira;1;;;1;;;;;;;3;;;;
19/05/2010;14:49:00;88;com vítima;230;BR-101/RJ;Sul;Saida de Pista;1;;;;;;;;;;0;2;;;
10/06/2010;22:57:00;180;com vítima;230;BR-101/RJ;Norte;Capotamento;1;;;;;;;;;;0;1;;;
05/11/2010;02:16:00;10;sem vítima;230;BR-101/RJ;Norte;Saida de Pista;;;2;;;;;;;;2;;;;
28/11/2010;18:28:00;149;com vítima;230;BR-101/RJ;Sul;Queda de Moto;;;;1;;;;;;;0;;1;;
12/01/2011;03:56:00;9;com vítima;230;BR-101/RJ;Norte;Colisão Lateral;1;;1;;;;;;;;4;4;;;
20/01/2012;17:50:00;193;sem vítima;230,6;BR-101/RJ;Norte;Colisão Traseira;2;;;;;;;;;;9;;;;
22/06/2012;08:22:00;46;com vítima;230,3;BR-101/RJ;Sul;Colisão Frontal;1;;4;;;;;;;;5;1;2;1;1
03/12/2012;14:41:00;140;com vítima;230,4;BR-101/RJ;Norte;Colisão Frontal;1;;1;;;;;;;;0;;1;;2
15/02/2013;00:56:00;8;com vítima;230,5;BR-101/RJ;Sul;Saida de Pista;;;1;;;;;;;;0;1;;;
15/06/2013;03:09:00;17;com vítima;230,05;BR-101/RJ;Norte;Colisão Lateral;1;;1;;;;;;;;1;3;1;;
26/08/2013;13:02:00;109;sem vítima;230,9;BR-101/RJ;Norte;Colisão Traseira;2;;;;;;;;;;4;;;;
09/09/2013;11:34:00;104;sem vítima;230,7;BR-101/RJ;Sul;Colisão Traseira;2;;;;;;;;;1;8;;;;
04/05/2014;15:01:00;83;com vítima;230;BR-101/RJ;Sul;Queda de Moto;;;;1;;;;;;;0;;1;;
20/07/2014;00:40:00;10;sem vítima;230;BR-101/RJ;Norte;Colisão Traseira;1;;1;;;;;;;;3;;;;
06/09/2014;06:18:00;24;sem vítima;230;BR-101/RJ;Norte;Saida de Pista;1;;;;;;;;;;1;;;;
04/11/2014;08:42:00;50;sem vítima;230,176;BR-101/RJ;Sul;Colisão Traseira;1;;;;;;;;;1;5;;;;
14/08/2015;21:33:00;191;com vítima;230;BR-101/RJ;Norte;Colisão Traseira;1;;1;;;;;;;;1;4;;;
19/07/2010;15:38:00;131;com vítima;231,5;BR-101/RJ;Sul;Capotamento;1;;;;;;;;;;0;1;1;;
18/11/2010;15:48:00;147;sem vítima;231;BR-101/RJ;Sul;Objeto lançado contra veículo;;;1;;1;;;;;1;4;;;;
08/12/2010;08:34:00;49;com vítima;231;BR-101/RJ;Sul;Colisão Frontal;;;1;;;;;;;1;0;1;1;;1
21/02/2011;14:13:00;125;sem vítima;231;BR-101/RJ;Norte;Capotamento;1;;;;;;;;;;1;;;;
10/03/2011;00:40:00;3;sem vítima;266;BR-101/RJ;Sul;Saida de Pista;1;;;;;;;;;;5;;;;
20/05/2011;18:40:00;153;com vítima;231;BR-101/RJ;Sul;Saida de Pista;1;;;;;;;;;;0;;1;;
30/06/2012;08:07:00;49;com vítima;231;BR-101/RJ;Sul;Atropelamento - Ciclista;;1;;;;1;;;;;1;2;;;
19/07/2012;13:31:00;105;sem vítima;231;BR-101/RJ;Sul;Colisão Traseira;2;;;;;;;;;;3;;;;
19/10/2012;05:22:00;23;sem vítima;231,942;BR-101/RJ;Sul;Saida de Pista;1;;;;;;;;;;1;;;;
04/11/2012;15:56:00;123;com vítima;231;BR-101/RJ;Norte;Queda de Moto;;;;1;;;;;;;1;1;;;
09/04/2013;15:34:00;135;com vítima;231;BR-101/RJ;Norte;Saida de Pista;;;;;;;;;;1;0;;1;;
12/04/2013;22:54:00;230;sem vítima;231,75;BR-101/RJ;Sul;Saida de Pista;1;;;;;;;;;;1;;;;
18/05/2013;04:36:00;29;sem vítima;231,1;BR-101/RJ;Norte;Saida de Pista;1;;;;;;;;;;1;;;;
30/07/2013;09:36:00;55;sem vítima;231,415;BR-101/RJ;Norte;Colisão Frontal;1;;1;;;;;;;;2;;;;
05/09/2013;12:02:00;88;com vítima;231;BR-101/RJ;Sul;Queda de Moto;;;;1;;;;;;;0;1;;;
15/11/2013;08:27:00;64;com vítima;231,056;BR-101/RJ;Sul;Saida de Pista;1;;;;;;;;;;0;1;;;
03/02/2014;15:11:00;155;com vítima;231,633;BR-101/RJ;Sul;Tombamento;;;1;;;;;;;;0;2;;;
03/02/2014;15:11:00;156;com vítima;231,633;BR-101/RJ;Sul;Colisão Traseira;1;;1;;;;;;;;0;2;;;
07/03/2014;09:35:00;74;sem vítima;231,153;BR-101/RJ;Sul;Colisão Traseira;2;;;;;;;;;;3;;;;
25/06/2014;17:07:00;124;com vítima;231,46;BR-101/RJ;Sul;Colisão Traseira;1;;1;;;;;;;;1;2;2;1;
17/07/2014;06:44:00;33;sem vítima;231;BR-101/RJ;Sul;Colisão Lateral;;;;;;1;;;;1;6;;;;
19/12/2014;15:59:00;140;com vítima;231,5;BR-101/RJ;Norte;Colisão Frontal;5;;;;;;;;;;0;10;;;
23/02/2015;16:53:00;118;sem vítima;231;BR-101/RJ;Sul;Queda de Moto;;;;1;;1;;;;;3;;;;
31/05/2015;22:26:00;178;com vítima;231;BR-101/RJ;Sul;Atropelamento - Sem Informação;1;;;;;;;;;;1;;;;1
28/09/2015;09:45:00;89;com vítima;231;BR-101/RJ;Sul;Engavetamento;2;;1;;;;;;;;5;1;2;;
12/10/2015;09:07:00;47;com vítima;231,962;BR-101/RJ;Norte;Colisão Traseira;;;;1;;1;;;;;1;2;;;
15/10/2015;16:51:00;161;com vítima;231,07;BR-101/RJ;Sul;Colisão Frontal;3;;1;;;;;;;;3;2;;;1
16/10/2015;15:28:00;187;sem vítima;231;BR-101/RJ;Norte;Colisão Traseira;1;;1;;;;;;;;2;;;;
27/11/2015;15:53:00;169;com vítima;231;BR-101/RJ;Norte;Colisão Frontal;1;;1;1;;;;;;;2;;1;;
16/03/2010;14:15:00;126;sem vítima;232;BR-101/RJ;Sul;Saida de Pista;1;;;;;;;;;;2;;;;
25/09/2010;16:20:00;133;sem vítima;232;BR-101/RJ;Sul;Colisão Traseira;1;;1;;;;;;;;3;;;;
28/09/2010;22:11:00;191;com vítima;232;BR-101/RJ;Norte;Colisão Frontal;1;;;;1;;;;;;0;3;;;
29/12/2010;16:26:00;151;sem vítima;232;BR-101/RJ;Norte;Saida de Pista;1;;;;;;;;;;1;;;;
07/02/2011;05:36:00;16;com vítima;232;BR-101/RJ;Sul;Colisão Lateral;2;;;;;;;;;;0;3;1;1;
17/10/2011;13:50:00;94;sem vítima;232;BR-101/RJ;Sul;Saida de Pista;1;;;;;;;;;;1;;;;
16/12/2011;18:07:00;189;com vítima;232;BR-101/RJ;Norte;Colisão Transversal;1;;1;;;;;;;;4;4;;;
14/01/2012;17:57:00;166;com vítima;232;BR-101/RJ;Norte;Saida de Pista;1;;1;;;;;;;;1;2;;;
24/03/2012;00:56:00;9;com vítima;232;BR-101/RJ;Sul;Capotamento;1;;;;;;;;;;0;;1;;
14/06/2012;11:27:00;100;sem vítima;232;BR-101/RJ;Sul;Colisão Lateral;;;1;;;1;;;;;2;;;;
09/10/2012;13:57:00;118;sem vítima;232;BR-101/RJ;Norte;Colisão Traseira;2;;;;;;;;;;2;;;;
11/11/2012;16:23:00;126;sem vítima;232;BR-101/RJ;Sul;Colisão Lateral;1;;;;;;;;;;4;;;;
24/03/2013;14:01:00;85;sem vítima;232,9;BR-101/RJ;Norte;Saida de Pista;1;;;;;;;;;;5;;;;
31/03/2013;18:01:00;138;sem vítima;232;BR-101/RJ;Norte;Colisão Traseira;2;;;;;;;;;;2;;;;
14/11/2013;01:31:00;16;sem vítima;232,2;BR-101/RJ;Norte;Engavetamento;4;;;;;1;;;;;9;;;;
09/12/2013;07:54:00;41;sem vítima;232,7;BR-101/RJ;Norte;Saida de Pista;1;;;;;;;;;;1;;;;
07/01/2014;01:39:00;7;com vítima;232,5;BR-101/RJ;Norte;Colisão Traseira;1;;1;;;;;;;;1;4;;;
22/02/2014;01:28:00;11;com vítima;232,9;BR-101/RJ;Norte;Capotamento;1;;;;;;;;;;0;1;;;
25/03/2014;12:00:00;88;sem vítima;232;BR-101/RJ;Sul;Colisão Traseira;1;;;;;1;;;;;2;;;;
18/10/2014;14:04:00;113;com vítima;232;BR-101/RJ;Sul;Engavetamento;1;;1;;;;;;;1;3;1;;;
10/01/2015;18:29:00;177;sem vítima;232;BR-101/RJ;Norte;Engavetamento;2;;;;;1;;;;1;7;;;;
20/02/2015;18:50:00;159;com vítima;232;BR-101/RJ;Sul;Queda de Moto;;;;1;;;;;;;0;1;0;0;0
13/09/2015;06:23:00;28;com vítima;232,944;BR-101/RJ;Sul;Choque - Defensa, barreira ou "submarino";1;;;;;;;;;;0;2;;;
11/11/2015;23:52:00;238;sem vítima;232,4;BR-101/RJ;Sul;Saida de Pista;;;;;;;;;;1;1;;;;
17/03/2010;12:59:00;88;sem vítima;233;BR-101/RJ;Norte;Saida de Pista;1;;;;;;;;;;2;;;;
11/04/2010;01:21:00;13;com vítima;233;BR-101/RJ;Norte;Colisão Frontal;1;;2;;;;;;;;0;2;;;3
24/07/2010;07:58:00;45;com vítima;233;BR-101/RJ;Sul;Capotamento;1;;;;;;;;;;0;1;;;
05/02/2011;20:55:00;216;sem vítima;233;BR-101/RJ;Sul;Colisão Lateral;1;;1;;;;;;;;2;;;;