data;horario;n_da_ocorrencia;tipo_de_ocorrencia;km;trecho;sentido;tipo_de_acidente;automovel;bicicleta;caminhao;moto;onibus;outros;tracao_animal;transporte_de_cargas_especiais;trator_maquinas;utilitarios;ilesos;levemente_feridos;moderadamente_feridos;gravemente_feridos;mortos
11/05/2014;05:54:00;32;sem vítima;242;BR-101/RJ;Norte;Colisão Traseira;1;;;;;1;;;;;2;;;;
13/05/2014;08:02:00;44;sem vítima;242;BR-101/RJ;Sul;Choque - Elemento de Drenagem;2;;;;;;;;;;2;;;;
16/06/2014;05:31:00;28;com vítima;242;BR-101/RJ;Sul;Colisão Lateral;2;;;;;;;;;;2;1;;;
18/08/2014;17:32:00;138;com vítima;242;BR-101/RJ;Sul;Queda de Moto;;;;1;;1;;;;;1;1;;;
07/09/2014;04:15:00;15;sem vítima;242;BR-101/RJ;Norte;Saida de Pista;1;;;;;;;;;;1;;;;
14/10/2014;05:57:00;30;com vítima;242,404;BR-101/RJ;Sul;Colisão Lateral;1;;1;;;;;;;;2;1;;;
19/10/2014;15:33:00;87;sem vítima;242,5;BR-101/RJ;Norte;Choque - Defensa, barreira ou "submarino";;;1;;;;;;;;1;;;;
23/10/2014;08:16:00;43;com vítima;242;BR-101/RJ;Norte;Tombamento;;;;;;;;;;1;0;2;;;
28/12/2014;18:34:00;139;sem vítima;242;BR-101/RJ;Norte;Colisão Traseira;2;;;;;;;;;;7;;;;
18/02/2015;16:36:00;138;com vítima;242;BR-101/RJ;Sul;Engavetamento;4;;1;1;;;;;;;12;0;2;0;0
08/03/2015;18:45:00;158;sem vítima;242;BR-101/RJ;Norte;Saida de Pista;1;;;;;;;;;;5;0;0;0;0
09/03/2015;21:58:00;178;com vítima;242;BR-101/RJ;Norte;Colisão Frontal;2;;;;;;;;;;1;4;1;0;0
20/03/2015;18:56:00;160;sem vítima;242;BR-101/RJ;Sul;Colisão Traseira;2;;;;;;;;;;8;0;0;0;0
17/04/2015;22:26:00;220;com vítima;242;BR-101/RJ;Norte;Queda de Moto;;;;1;;;;;;;0;1;;;
17/07/2015;16:47:00;172;sem vítima;242,852;BR-101/RJ;Sul;Colisão Traseira;;;1;;;;;;;1;3;;;;
03/09/2015;01:35:00;8;com vítima;242,51;BR-101/RJ;Sul;Choque - Defensa, barreira ou "submarino";1;;;;;;;;;;0;2;;;
04/09/2015;16:00:00;154;com vítima;242;BR-101/RJ;Sul;Capotamento;1;;1;;;;;;;;3;1;;;
01/10/2015;15:17:00;126;com vítima;242;BR-101/RJ;Sul;Colisão Traseira;2;;;;;;;;;;2;1;;;
11/10/2015;19:21:00;145;sem vítima;242;BR-101/RJ;Norte;Saida de Pista;1;;;;;;;;;;4;;;;
08/12/2015;14:47:00;173;sem vítima;242,8;BR-101/RJ;Norte;Colisão Traseira;;;1;;;;;;;1;3;;;;
06/02/2010;07:47:00;58;sem vítima;243;BR-101/RJ;Sul;Engavetamento;4;;;;;;;;;;8;;;;
15/02/2010;06:20:00;30;sem vítima;243;BR-101/RJ;Sul;Choque - Defensa, barreira ou "submarino";1;;;;;;;;;;3;;;;
06/04/2010;10:03:00;63;sem vítima;243;BR-101/RJ;Norte;Colisão Traseira;;;1;;1;;;;;;3;;;;
23/06/2010;05:37:00;15;sem vítima;243;BR-101/RJ;Norte;Colisão Lateral;1;;;;;1;;;;;2;;;;
19/08/2010;17:33:00;141;sem vítima;243;BR-101/RJ;Norte;Colisão Transversal;2;;;;;;;;;;4;;;;
07/09/2010;19:19:00;171;com vítima;243;BR-101/RJ;Norte;Saida de Pista;1;;;;;;;;;;0;5;;;
09/09/2010;23:44:00;177;sem vítima;243;BR-101/RJ;Norte;Choque - Defensa, barreira ou "submarino";1;;;;;;;;;;1;;;;
30/09/2010;13:48:00;90;sem vítima;243;BR-101/RJ;Norte;Colisão Lateral;2;;1;;;;;;;;6;;;;
01/10/2010;21:55:00;228;sem vítima;243;BR-101/RJ;Sul;Saida de Pista;1;;;;;;;;;;5;;;;
10/10/2010;06:03:00;48;com vítima;243;BR-101/RJ;Sul;Colisão Frontal;;;;;1;;;;;1;47;;;1;
30/10/2010;21:36:00;227;com vítima;243;BR-101/RJ;Norte;Queda de Moto;;;;1;;1;;;;;1;;1;;
09/02/2011;19:09:00;152;sem vítima;243;BR-101/RJ;Sul;Colisão Transversal;;;;;;;;;;2;4;;;;
17/02/2011;23:19:00;187;com vítima;243;BR-101/RJ;Sul;Colisão Frontal;1;;1;;;;;;;;1;;;1;
10/03/2011;12:47:00;122;com vítima;319;BR-101/RJ;Sul;Colisão Lateral;1;;;1;;;;;;;3;1;;;
16/06/2011;00:49:00;5;sem vítima;243,5;BR-101/RJ;Sul;Choque - Defensa, barreira ou "submarino";;;1;;;;;;;;2;;;;
05/09/2011;07:29:00;36;sem vítima;243,0500030517578;BR-101/RJ;Norte;Colisão Lateral;;;1;;;1;;;;;2;;;;
02/10/2011;15:12:00;115;com vítima;243;BR-101/RJ;Norte;Queda de Moto;;;;1;;;;;;;0;1;;;
08/10/2011;13:02:00;115;com vítima;243;BR-101/RJ;Sul;Colisão Traseira;2;;;;;;;;;;1;1;;;
19/12/2011;12:14:00;116;com vítima;243;BR-101/RJ;Sul;Colisão Frontal;3;;;;;;;;;;2;;3;1;
19/12/2011;23:04:00;226;com vítima;243;BR-101/RJ;Norte;Atropelamento - Morador;;;;;;1;;;;;1;;;;1
22/12/2011;19:10:00;194;sem vítima;243;BR-101/RJ;Norte;Colisão Lateral;2;;;;;;;;;;5;;;;
30/12/2011;20:42:00;185;com vítima;243;BR-101/RJ;Sul;Colisão Transversal;1;;;;;;;;;;0;;1;;
17/01/2012;12:00:00;107;com vítima;243;BR-101/RJ;Norte;Saida de Pista;1;;;;;;;;;;0;1;;;
01/02/2012;17:25:00;131;sem vítima;243;BR-101/RJ;Sul;Saida de Pista;1;;;;;;;;;;2;;;;
25/03/2012;04:24:00;16;sem vítima;243;BR-101/RJ;Norte;Saida de Pista;1;;;;;;;;;;1;;;;
28/04/2012;10:22:00;60;com vítima;243;BR-101/RJ;Norte;Colisão Lateral;1;;;1;;;;;;;2;;1;;
08/05/2012;16:11:00;106;com vítima;243;BR-101/RJ;Sul;Colisão Transversal;1;;;1;;;;;;;1;;;1;
15/07/2012;08:18:00;39;sem vítima;243;BR-101/RJ;Norte;Colisão Transversal;2;;;;;;;;;;7;;;;
19/07/2012;23:36:00;206;com vítima;243,11;BR-101/RJ;Norte;Colisão Frontal;;;2;;;;;;;;0;2;3;;
06/09/2012;15:41:00;116;com vítima;243;BR-101/RJ;Norte;Colisão Traseira;2;;;;;;;;;;2;1;;;
29/09/2012;20:41:00;158;com vítima;243,925;BR-101/RJ;Sul;Colisão Traseira;1;;;1;;;;;;;1;;;;1
05/10/2012;00:01:00;1;sem vítima;243,4;BR-101/RJ;Sul;Colisão Lateral;2;;;;;;;;;;2;;;;
25/10/2012;14:01:00;125;sem vítima;243;BR-101/RJ;Sul;Colisão Traseira;1;;1;;;;;;;;3;;;;
02/11/2012;13:40:00;112;sem vítima;243;BR-101/RJ;Norte;Colisão Frontal;1;;;;;1;;;;;4;;;;
28/12/2012;22:59:00;233;com vítima;243;BR-101/RJ;Norte;Colisão Lateral;1;;;;;1;;;;;6;2;;;
30/12/2012;17:33:00;178;sem vítima;243;BR-101/RJ;Norte;Saida de Pista;1;;;;;;;;;;1;;;;
17/03/2013;18:53:00;147;sem vítima;243;BR-101/RJ;Norte;Choque - Defensa, barreira ou "submarino";1;;;;;;;;;;1;;;;
10/04/2013;19:36:00;179;sem vítima;243,9;BR-101/RJ;Sul;Colisão Transversal;2;;;;;;;;;;3;;;;
19/04/2013;21:23:00;199;com vítima;243,44;BR-101/RJ;Norte;Colisão Transversal;1;;;1;1;;;;;;5;;;1;
22/04/2013;12:42:00;80;sem vítima;243,8;BR-101/RJ;Sul;Choque - Defensa, barreira ou "submarino";1;;;;;;;;;;1;;;;
03/06/2013;12:36:00;91;com vítima;243,883;BR-101/RJ;Norte;Colisão Frontal;2;;;;;;;;;;0;;2;;1
23/06/2013;22:14:00;133;sem vítima;243;BR-101/RJ;Sul;Saida de Pista;1;;;;;;;;;;1;;;;
24/06/2013;10:31:00;67;com vítima;243,4;BR-101/RJ;Norte;Colisão Frontal;2;;;;;;;;;;0;;;1;1
10/08/2013;06:03:00;22;sem vítima;243,05;BR-101/RJ;Norte;Saida de Pista;1;;1;;;;;;;;5;;;;
17/08/2013;19:58:00;162;com vítima;243,653;BR-101/RJ;Sul;Atropelamento - Ciclista;1;1;1;;;;;;;;3;1;;;
19/08/2013;20:00:00;172;sem vítima;243;BR-101/RJ;Sul;Colisão Frontal;1;;1;;;;;;;;4;;;;
10/10/2013;22:27:00;171;sem vítima;243;BR-101/RJ;Norte;Atropelamento de Animal;;;;;;;;;;1;2;;;;
01/11/2013;21:40:00;171;com vítima;243,081;BR-101/RJ;Sul;Colisão Traseira;;;1;1;;;;;;;1;;1;;
07/11/2013;10:08:00;65;sem vítima;243;BR-101/RJ;Sul;Colisão Traseira;2;;;;;;;;;;12;;;;
16/01/2014;21:28:00;186;com vítima;243,699;BR-101/RJ;Norte;Choque - Defensa, barreira ou "submarino";1;;;;;;;;;;0;;1;;
10/02/2014;11:47:00;100;sem vítima;243;BR-101/RJ;Norte;Colisão Traseira;;;1;;1;;;;;;2;;;;
11/02/2014;12:47:00;113;com vítima;243;BR-101/RJ;Sul;Colisão Lateral;1;;;1;;;;;;;2;1;;;
24/02/2014;00:53:00;8;com vítima;243,115;BR-101/RJ;Sul;Colisão Frontal;1;;;1;;;;;;;2;;1;1;
24/04/2014;05:22:00;23;com vítima;243;BR-101/RJ;Sul;Colisão Traseira;1;;1;;;;;;;;1;1;;;
09/05/2014;16:20:00;137;sem vítima;243;BR-101/RJ;Norte;Saida de Pista;1;;;;;;;;;;2;;;;
19/05/2014;18:10:00;144;com vítima;243,27;BR-101/RJ;Norte;Atropelamento - Morador;;;2;;;;;;;;2;;;;1
26/05/2014;21:19:00;168;sem vítima;243,643;BR-101/RJ;Norte;Colisão Lateral;1;;;;;1;;;;;2;;;;
06/07/2014;20:34:00;140;sem vítima;243;BR-101/RJ;Norte;Capotamento;1;;;;;;;;;;1;;;;
21/07/2014;15:00:00;107;sem vítima;243,848;BR-101/RJ;Sul;Colisão Lateral;2;;;;;;;;;;9;;;;
03/10/2014;20:31:00;168;sem vítima;243;BR-101/RJ;Norte;Colisão Lateral;2;;;;;;;;;;5;;;;
18/10/2014;21:26:00;179;sem vítima;243;BR-101/RJ;Norte;Saida de Pista;1;;;;;;;;;;2;;;;
05/01/2015;23:27:00;199;com vítima;243;BR-101/RJ;Sul;Saida de Pista;1;;;;;;;;;;0;1;;;
12/01/2015;03:10:00;16;sem vítima;243;BR-101/RJ;Sul;Atropelamento de Animal;;;1;;;;;;;;1;;;;
18/01/2015;18:56:00;172;sem vítima;243;BR-101/RJ;Sul;Colisão Traseira;2;;;;;;;;;;6;;;;
05/05/2015;00:09:00;1;sem vítima;243;BR-101/RJ;Norte;Colisão Lateral;;;2;;;;;;;;2;;;;
14/05/2015;14:03:00;122;sem vítima;243;BR-101/RJ;Norte;Colisão Traseira;1;;;;1;;;;;;6;;;;
15/05/2015;00:45:00;4;sem vítima;243;BR-101/RJ;Norte;Capotamento;1;;;;;;;;;;1;;;;
21/08/2015;18:39:00;152;sem vítima;243;BR-101/RJ;Norte;Colisão Traseira;2;;;;;;;;;;4;;;;
02/10/2015;08:39:00;58;com vítima;243,416;BR-101/RJ;Sul;Colisão Lateral;1;;1;;;;;;;;1;;1;;
04/10/2015;11:10:00;60;com vítima;243,171;BR-101/RJ;Norte;Choque - Talude;1;;;;;;;;;;0;2;;;
06/10/2015;19:51:00;173;com vítima;243;BR-101/RJ;Sul;Choque - Defensa, barreira ou "submarino";1;;;;;;;;;;0;1;;;
16/10/2015;19:34:00;244;com vítima;243;BR-101/RJ;Norte;Saida de Pista;1;;1;;;;;;;;5;2;;;
27/10/2015;02:10:00;10;sem vítima;243;BR-101/RJ;Norte;Tombamento;1;;;;;;;;;;3;;;;
06/11/2015;10:16:00;89;sem vítima;243,236;BR-101/RJ;Norte;Colisão Frontal;;;2;;;;;;;1;7;;;;
07/11/2015;11:00:00;62;sem vítima;243,822;BR-101/RJ;Norte;Colisão Frontal;2;;;;;;;;;;4;;;;
11/11/2015;15:36:00;165;sem vítima;243,8;BR-101/RJ;Norte;Engavetamento;;;2;;1;;;;;;6;;;;
28/11/2015;23:54:00;222;com vítima;243,685;BR-101/RJ;Norte;Choque - Defensa, barreira ou "submarino";1;;;1;1;;;;;1;1;5;3;;1
07/12/2015;09:52:00;84;sem vítima;243;BR-101/RJ;Sul;Colisão Traseira;2;;;;;;;;;;3;;;;
20/01/2010;22:51:00;211;sem vítima;244;BR-101/RJ;Sul;Saida de Pista;1;;;;;;;;;;4;;;;
25/01/2010;17:07:00;155;com vítima;244;BR-101/RJ;Sul;Colisão Frontal;1;;1;;1;;;;;;4;;;;1
21/02/2010;19:24:00;195;com vítima;244;BR-101/RJ;Norte;Colisão Frontal;1;1;;1;;1;;;;;2;;2;;1
18/04/2010;20:11:00;129;com vítima;244;BR-101/RJ;Sul;Colisão Traseira;1;;;1;;1;;;;;4;;;1;
17/05/2010;03:32:00;17;sem vítima;244;BR-101/RJ;Sul;Atropelamento de Animal;;;1;;;;;;;;1;;;;
17/05/2010;08:13:00;47;sem vítima;244;BR-101/RJ;Sul;Colisão Lateral;1;;1;;;;;;;;11;;;;
05/06/2010;05:30:00;30;sem vítima;244;BR-101/RJ;Norte;Colisão Traseira;1;;;;;1;;;;;5;;;;
11/06/2010;18:14:00;131;sem vítima;244;BR-101/RJ;Sul;Colisão Lateral;2;;;;;;;;;;3;;;;
22/06/2010;16:02:00;104;com vítima;244;BR-101/RJ;Norte;Colisão Lateral;2;;;;;;;;;;3;;1;;
04/07/2010;21:27:00;166;com vítima;244;BR-101/RJ;Norte;Colisão Lateral;2;;;;;;;;;;1;1;;;
14/08/2010;18:02:00;162;sem vítima;244;BR-101/RJ;Norte;Capotamento;1;;;;;2;;;;;3;;;;
02/09/2010;16:39:00;128;com vítima;244;BR-101/RJ;Norte;Queda de Moto;;;;1;;;;;;;0;;1;;
08/11/2010;17:17:00;138;sem vítima;244;BR-101/RJ;Sul;Colisão Lateral;;;1;;;1;;;;;2;;;;
24/11/2010;01:50:00;12;sem vítima;244;BR-101/RJ;Norte;Atropelamento de Animal;;;1;;;;;;;;1;;;;
11/12/2010;20:49:00;188;com vítima;244;BR-101/RJ;Sul;Colisão Transversal;1;;1;;;;;;;;2;;2;;
30/12/2010;00:36:00;2;com vítima;244;BR-101/RJ;Sul;Capotamento;1;;;;;;;;;;6;2;;;
30/12/2010;15:16:00;119;com vítima;244;BR-101/RJ;Sul;Colisão Frontal;2;;;;;;;;;;1;;2;;
16/02/2011;00:39:00;5;sem vítima;244;BR-101/RJ;Norte;Colisão Traseira;;;;;2;;;;;;2;;;;
28/02/2011;13:47:00;132;com vítima;244;BR-101/RJ;Sul;Atropelamento - Morador;1;1;;;;;;;;;3;;1;;
10/03/2011;13:01:00;128;sem vítima;299;BR-101/RJ;Sul;Colisão Traseira;1;;;;;;;;;1;7;;;;
10/03/2011;14:25:00;142;sem vítima;297;BR-101/RJ;Norte;Colisão Traseira;2;;;;;;;;;;2;;;;
22/05/2011;08:50:00;45;sem vítima;244;BR-101/RJ;Sul;Colisão Lateral;1;;;;;1;;;;;4;;;;
26/05/2011;07:14:00;32;sem vítima;244;BR-101/RJ;Norte;Colisão Lateral;;;2;;;;;;;;4;;;;
17/06/2011;17:49:00;145;com vítima;244;BR-101/RJ;Norte;Colisão Transversal;1;;1;;;;;;;;1;1;;;
09/09/2011;20:04:00;168;sem vítima;244;BR-101/RJ;Norte;Colisão Transversal;2;;;;;;;;;;6;;;;
14/09/2011;14:42:00;97;com vítima;244,55999755859375;BR-101/RJ;Sul;Colisão Lateral;2;;;;;;;;;;2;2;;;
04/10/2011;05:06:00;8;com vítima;244;BR-101/RJ;Sul;Colisão Lateral;;;1;1;;;;;;;1;;1;;
20/11/2011;07:21:00;22;sem vítima;244;BR-101/RJ;Norte;Colisão Lateral;1;;1;;;;;;;;4;;;;
14/12/2011;23:08:00;208;com vítima;244;BR-101/RJ;Norte;Colisão Lateral;1;;;;;1;;;;;1;;2;;
04/01/2012;03:54:00;15;sem vítima;244;BR-101/RJ;Sul;Colisão Lateral;;;;;1;1;;;;;10;;;;
25/01/2012;16:18:00;133;com vítima;244;BR-101/RJ;Sul;Colisão Lateral;;;;1;;;;;;1;6;;1;;
04/02/2012;11:41:00;78;com vítima;244;BR-101/RJ;Norte;Queda de Moto;;;;1;;;;;;;0;1;1;;
22/03/2012;20:45:00;173;com vítima;244;BR-101/RJ;Norte;Colisão Transversal;1;;1;;;;;;;;3;1;;;
18/05/2012;07:33:00;41;sem vítima;244;BR-101/RJ;Norte;Colisão Lateral;2;;;;;;;;;;2;;;;
01/06/2012;17:57:00;156;sem vítima;244;BR-101/RJ;Sul;Colisão Traseira;2;;;;;;;;;;3;;;;
22/06/2012;21:26:00;159;sem vítima;244,45;BR-101/RJ;Norte;Saida de Pista;1;;;;;1;;;;;4;;;;
28/10/2012;21:52:00;196;sem vítima;244;BR-101/RJ;Sul;Colisão Traseira;1;;1;;;;;;;;2;;;;
11/11/2012;14:03:00;98;sem vítima;244;BR-101/RJ;Sul;Saida de Pista;1;;;;;1;;;;;2;;;;
21/01/2013;11:38:00;103;com vítima;244,83;BR-101/RJ;Norte;Colisão Transversal;2;;;;;;;;;;1;2;1;3;
23/01/2013;01:08:00;8;com vítima;244;BR-101/RJ;Sul;Capotamento;1;;;;;;;;;;0;1;;;
27/01/2013;04:14:00;19;sem vítima;244,563;BR-101/RJ;Norte;Colisão Frontal;;;2;;;;;;;;3;;;;
09/02/2013;20:02:00;308;sem vítima;244;BR-101/RJ;Sul;Colisão Lateral;1;;;;;1;;;;;7;;;;
09/03/2013;15:39:00;153;sem vítima;244;BR-101/RJ;Sul;Atropelamento - Morador;1;;;;;;;;;;4;;;;
15/03/2013;15:16:00;127;sem vítima;244,7;BR-101/RJ;Sul;Capotamento;1;;;;;;;;;;2;;;;
21/03/2013;07:38:00;40;sem vítima;244,8;BR-101/RJ;Norte;Colisão Traseira;;;2;;;;;;;;2;;;;
19/04/2013;19:35:00;221;sem vítima;244,26;BR-101/RJ;Norte;Colisão Traseira;2;;;;;;;;;;6;;;;
11/05/2013;22:57:00;206;sem vítima;244,13;BR-101/RJ;Norte;Saida de Pista;;;;;;;;;;1;4;;;;
15/06/2013;13:11:00;95;com vítima;244,511;BR-101/RJ;Norte;Colisão Frontal;2;;;;;;;;;;2;4;;;
21/06/2013;18:21:00;150;com vítima;244;BR-101/RJ;Norte;Colisão Lateral;1;;;1;;;;;;;2;1;;;
21/07/2013;10:24:00;65;com vítima;244,814;BR-101/RJ;Sul;Colisão Lateral;2;;;;;;;;;;2;1;;;
26/08/2013;14:51:00;121;com vítima;244,541;BR-101/RJ;Norte;Colisão Lateral;1;;;1;;;;;;;0;1;1;;1
12/09/2013;14:18:00;112;sem vítima;244;BR-101/RJ;Norte;Colisão Lateral;1;;;;;1;;;;;3;;;;
15/10/2013;18:50:00;178;sem vítima;244;BR-101/RJ;Norte;Colisão Lateral;;;1;;;;;;;1;2;;;;
17/10/2013;10:24:00;61;com vítima;244,166;BR-101/RJ;Sul;Colisão Traseira;2;;;;;;;;;;2;2;1;;
10/11/2013;01:24:00;15;com vítima;244,43;BR-101/RJ;Norte;Saida de Pista;1;;;;;;;;;;0;1;;;
29/11/2013;23:21:00;277;com vítima;244,1;BR-101/RJ;Sul;Atropelamento - Morador;;;;1;;;;;;;0;1;1;;
16/12/2013;21:31:00;223;com vítima;244,16;BR-101/RJ;Sul;Colisão Traseira;;;1;;;;;;;1;1;1;1;;
21/02/2014;07:01:00;42;com vítima;244,225;BR-101/RJ;Sul;Colisão Lateral;;;;1;;;;;;1;1;;1;;
02/04/2014;16:16:00;148;sem vítima;244;BR-101/RJ;Norte;Saida de Pista;1;;;;;;;;;;3;;;;
24/04/2014;23:24:00;179;sem vítima;244;BR-101/RJ;Sul;Saida de Pista;1;;;;;;;;;;1;;;;
03/06/2014;12:50:00;91;sem vítima;244,762;BR-101/RJ;Norte;Saida de Pista;1;;;;;;;;;;1;;;;
24/06/2014;06:53:00;29;com vítima;244;BR-101/RJ;Norte;Outros - Sequência;3;;1;1;;;;;;;6;1;;;
22/08/2014;10:11:00;68;com vítima;244;BR-101/RJ;Sul;Colisão Traseira;;;2;;;;;;;;3;2;;;
05/10/2014;05:35:00;19;com vítima;244,45;BR-101/RJ;Sul;Saida de Pista;1;;;;;;;;;;0;1;;;
25/10/2014;19:20:00;133;com vítima;244;BR-101/RJ;Norte;Colisão Transversal;2;;;;;;;;;;0;;2;;
01/03/2015;00:01:00;1;com vítima;244;BR-101/RJ;Norte;Atropelamento de Animal;1;;;;;;;;;;0;1;0;0;0
28/03/2015;21:55:00;187;com vítima;244,1;BR-101/RJ;Norte;Atropelamento - Morador;;;;1;;;;;;;0;2;0;1;0
29/03/2015;15:09:00;78;com vítima;244,142;BR-101/RJ;Sul;Colisão Transversal;1;;;1;;;;;;;4;1;0;0;0
19/06/2015;23:08:00;222;com vítima;244,2;BR-101/RJ;Norte;Outros - Sequência;1;;;;;1;;;;;3;1;2;;
26/07/2015;19:03:00;135;com vítima;244;BR-101/RJ;Norte;Colisão Lateral;2;;;;;;;;;;2;1;;;
14/10/2015;12:07:00;107;sem vítima;244,012;BR-101/RJ;Norte;Colisão Traseira;;;2;;;;;;;;3;;;;
24/11/2015;10:23:00;94;sem vítima;244,333;BR-101/RJ;Sul;Colisão Transversal;2;;;;;;;;;;3;;;;
26/11/2015;12:24:00;112;com vítima;244;BR-101/RJ;Norte;Saida de Pista;1;;;;;;;;;;1;1;;;
06/01/2010;06:16:00;21;sem vítima;245;BR-101/RJ;Norte;Saida de Pista;1;;;;;;;;;;1;;;;
07/01/2010;23:35:00;222;sem vítima;245;BR-101/RJ;Sul;Saida de Pista;1;;;;;;;;;;1;;;;
10/03/2010;23:46:00;226;sem vítima;245,3000030517578;BR-101/RJ;Sul;Saida de Pista;1;;;;;;;;;;1;;;;
06/04/2010;09:00:00;51;com vítima;245;BR-101/RJ;Sul;Capotamento;1;;;;;;;;;;0;;;;1
20/04/2010;03:14:00;19;sem vítima;245,5;BR-101/RJ;Sul;Saida de Pista;;;1;;;;;;;;1;;;;
22/10/2010;17:51:00;143;sem vítima;245;BR-101/RJ;Sul;Colisão Lateral;1;;1;;;;;;;;6;;;;
23/10/2010;18:28:00;155;com vítima;245;BR-101/RJ;Norte;Colisão Frontal;1;;;1;;;;;;;1;;1;1;
29/12/2010;20:28:00;201;sem vítima;245;BR-101/RJ;Norte;Colisão Lateral;;;2;;;;;;;;3;;;;
17/01/2011;18:03:00;183;com vítima;245;BR-101/RJ;Sul;Colisão Lateral;1;;1;;;;;;;;1;2;;;
29/01/2011;07:20:00;32;sem vítima;245;BR-101/RJ;Sul;Colisão Lateral;;;2;;;;;;;;2;;;;
30/05/2011;22:52:00;154;com vítima;245;BR-101/RJ;Norte;Colisão Frontal;1;;1;;;;;;;;1;4;1;;
03/02/2012;18:24:00;168;com vítima;245;BR-101/RJ;Sul;Saida de Pista;1;;;;;;;;;;4;;1;;
29/04/2012;04:15:00;14;com vítima;245;BR-101/RJ;Norte;Colisão Traseira;1;;;1;;;;;;;3;1;1;;
01/06/2012;18:10:00;157;sem vítima;245;BR-101/RJ;Sul;Saida de Pista;;;;;;;;;;1;2;;;;
16/06/2012;20:46:00;179;sem vítima;245,5;BR-101/RJ;Sul;Colisão Transversal;2;;;;;;;;;;7;;;;
26/09/2012;20:55:00;131;sem vítima;245;BR-101/RJ;Sul;Colisão Traseira;;;2;;;;;;;;3;;;;
28/01/2013;04:08:00;19;sem vítima;245;BR-101/RJ;Norte;Saida de Pista;1;;;;;;;;;;2;;;;
22/04/2013;00:08:00;1;com vítima;245,675;BR-101/RJ;Norte;Queda de Moto;;;;1;;;;;;;0;2;;;
04/05/2013;21:08:00;178;sem vítima;245;BR-101/RJ;Sul;Atropelamento de Animal;1;;;;;;;;;;1;;;;
15/05/2013;16:32:00;120;com vítima;245;BR-101/RJ;Norte;Saida de Pista;1;;;;;;;;;;0;2;;;
28/05/2013;23:38:00;181;sem vítima;245,9;BR-101/RJ;Sul;Colisão Traseira;;;2;;;;;;;;2;;;;
28/05/2013;23:39:00;182;com vítima;245,9;BR-101/RJ;Norte;Colisão Frontal;;;2;;;;;;;;1;1;;;
29/05/2013;17:49:00;139;sem vítima;245,9;BR-101/RJ;Sul;Colisão Traseira;1;;;1;;;;;;;2;;;;
28/06/2013;08:07:00;40;sem vítima;245;BR-101/RJ;Sul;Engavetamento;3;;;;;;;;;;8;;;;
27/08/2013;05:08:00;11;sem vítima;245;BR-101/RJ;Norte;Saida de Pista;;;1;;;;;;;;1;;;;
12/01/2014;09:58:00;77;sem vítima;245;BR-101/RJ;Sul;Atropelamento - Ciclista;1;1;;;;;;;;;2;;;;
17/02/2014;04:59:00;27;com vítima;245,5;BR-101/RJ;Norte;Colisão Lateral;4;;;;;;;;;;3;1;;;
16/03/2014;14:09:00;97;com vítima;245,307;BR-101/RJ;Sul;Saida de Pista;1;;;;;;;;;;3;2;;;
21/08/2014;17:45:00;143;com vítima;245,8;BR-101/RJ;Sul;Queda de Moto;;;;1;;;;;;;0;2;;;
22/03/2015;22:15:00;168;com vítima;245;BR-101/RJ;Sul;Colisão Traseira;;;1;1;;;;;;;1;0;1;1;0
09/05/2015;14:41:00;126;sem vítima;245;BR-101/RJ;Sul;Saida de Pista;1;;;;;;;;;;4;;;;
25/05/2015;18:59:00;197;com vítima;245;BR-101/RJ;Norte;Colisão Lateral;2;;;;;;;;;;1;1;;;
25/05/2015;19:23:00;199;com vítima;245;BR-101/RJ;Norte;Queda de Moto;;;;1;;;;;;;0;1;;;
19/06/2015;11:17:00;84;com vítima;245,444;BR-101/RJ;Sul;Engavetamento;2;;1;;;;;;;;4;2;;;
12/12/2015;20:55:00;218;sem vítima;245;BR-101/RJ;Norte;Atropelamento de Animal;;;1;;;;;;;;1;;;;
21/04/2010;17:10:00;145;sem vítima;246;BR-101/RJ;Sul;Colisão Lateral;2;;;;;;;;;;2;;;;
09/05/2010;16:44:00;97;sem vítima;246;BR-101/RJ;Sul;Saida de Pista;1;;;;;;;;;;3;;;;
01/06/2010;17:52:00;134;sem vítima;246;BR-101/RJ;Sul;Colisão Traseira;1;;;;;;;;;1;2;;;;
08/06/2010;09:02:00;51;com vítima;246;BR-101/RJ;Norte;Colisão Lateral;2;;1;;;;;;;;2;1;1;;
17/07/2010;08:27:00;63;com vítima;246;BR-101/RJ;Sul;Colisão Traseira;1;;;;;;;;;1;5;2;;;
26/08/2010;21:45:00;192;com vítima;246;BR-101/RJ;Sul;Colisão Frontal;2;;;;;;;;;;3;;;2;
18/02/2011;06:56:00;31;sem vítima;246;BR-101/RJ;Norte;Saida de Pista;1;;;;;;;;;;1;;;;
10/03/2011;15:20:00;152;sem vítima;297;BR-101/RJ;Norte;Choque - Defensa, barreira ou "submarino";1;;;;;;;;;;1;;;;
10/03/2011;15:43:00;156;com vítima;66;BR-101/RJ;Sul;Colisão Lateral;1;;;1;;;;;;;1;1;;;
10/05/2011;17:49:00;153;sem vítima;246;BR-101/RJ;Sul;Colisão Lateral;1;;;;;;;;;1;3;;;;
30/05/2011;10:23:00;65;sem vítima;246;BR-101/RJ;Sul;Colisão Lateral;2;;;;;;;;;;5;;;;
03/09/2011;11:28:00;71;com vítima;246,89999389648438;BR-101/RJ;Norte;Colisão Lateral;4;;;;;;;;;;3;1;3;;
25/05/2012;13:46:00;87;sem vítima;246;BR-101/RJ;Norte;Saida de Pista;1;;;;;;;;;;1;;;;