data;horario;n_da_ocorrencia;tipo_de_ocorrencia;km;trecho;sentido;tipo_de_acidente;automovel;bicicleta;caminhao;moto;onibus;outros;tracao_animal;transporte_de_cargas_especiais;trator_maquinas;utilitarios;ilesos;levemente_feridos;moderadamente_feridos;gravemente_feridos;mortos
03/02/2011;10:42:00;77;sem vítima;252;BR-101/RJ;Norte;Choque - Suporte de Sinalização;;;1;;;;;;;;1;;;;
09/02/2011;11:34:00;74;sem vítima;252;BR-101/RJ;Sul;Choque - Outros;;;1;;;;;;;;1;;;;
10/02/2011;16:02:00;139;sem vítima;252;BR-101/RJ;Norte;Colisão Traseira;2;;;;;;;;;;2;;;;
14/02/2011;11:38:00;103;sem vítima;252;BR-101/RJ;Sul;Colisão Traseira;;;1;;1;;;;;;2;;;;
21/02/2011;06:22:00;27;sem vítima;252;BR-101/RJ;Norte;Colisão Traseira;1;;1;;;;;;;;5;;;;
23/02/2011;08:47:00;49;sem vítima;252;BR-101/RJ;Sul;Colisão Traseira;;;2;;;;;;;;2;;;;
10/03/2011;18:36:00;185;com vítima;259;BR-101/RJ;Sul;Atropelamento - Ciclista;;1;;;;1;;;;;1;1;;;
10/03/2011;19:17:00;195;sem vítima;316;BR-101/RJ;Norte;Colisão Lateral;1;;;;1;;;;;;2;;;;
11/03/2011;03:03:00;10;sem vítima;315;BR-101/RJ;Norte;Saida de Pista;1;;;;;;;;;;1;;;;
11/03/2011;06:00:00;17;sem vítima;4;BR-101/RJ;Sul;Saida de Pista;1;;;;;;;;;;1;;;;
06/05/2011;10:25:00;54;com vítima;252;BR-101/RJ;Sul;Colisão Traseira;;;1;;;;;;;1;2;1;;;
08/05/2011;13:28:00;86;sem vítima;252;BR-101/RJ;Sul;Colisão Traseira;1;;;;;;;;;1;2;;;;
12/05/2011;11:58:00;85;sem vítima;252;BR-101/RJ;Sul;Colisão Traseira;2;;;;;;;;;;3;;;;
22/05/2011;22:31:00;182;sem vítima;252;BR-101/RJ;Sul;Colisão Traseira;;;1;;;;;;;1;2;;;;
27/05/2011;17:25:00;144;sem vítima;252;BR-101/RJ;Sul;Colisão Traseira;2;;;;;;;;;;9;;;;
02/06/2011;11:52:00;78;com vítima;252;BR-101/RJ;Norte;Atropelamento - Usuário;;;1;;1;;;;;;61;1;;;
11/06/2011;10:36:00;78;sem vítima;252;BR-101/RJ;Sul;Colisão Traseira;;;2;;;;;;;;2;;;;
18/06/2011;02:43:00;11;com vítima;252;BR-101/RJ;Norte;Capotamento;1;;;;;;;;;;0;2;;;
28/06/2011;09:55:00;59;sem vítima;252;BR-101/RJ;Norte;Colisão Traseira;1;;1;;;;;;;;2;;;;
23/08/2011;01:03:00;8;sem vítima;252;BR-101/RJ;Norte;Choque - Suporte de Sinalização;;;1;;;;;;;;1;;;;
05/09/2011;13:53:00;92;com vítima;252;BR-101/RJ;Sul;Colisão Traseira;1;;2;;;1;;;;;7;;1;;
17/09/2011;19:24:00;175;com vítima;252;BR-101/RJ;Norte;Colisão Transversal;;;;;;1;;;;1;1;1;;;
23/09/2011;11:08:00;59;sem vítima;252;BR-101/RJ;Sul;Colisão Traseira;1;;1;;;;;;;;4;;;;
29/09/2011;12:36:00;70;sem vítima;252,5;BR-101/RJ;Norte;Colisão Traseira;;;2;;;;;;;;3;;;;
01/10/2011;06:52:00;30;sem vítima;252;BR-101/RJ;Norte;Colisão Traseira;;;2;;;;;;;;4;;;;
10/10/2011;07:57:00;46;sem vítima;252;BR-101/RJ;Norte;Colisão Lateral;1;;1;;;;;;;;2;;;;
21/10/2011;08:34:00;42;sem vítima;252;BR-101/RJ;Norte;Choque - Outros;;;1;;;;;;;;1;;;;
01/11/2011;13:17:00;80;sem vítima;252;BR-101/RJ;Sul;Colisão Traseira;1;;1;;;;;;;;2;;;;
21/11/2011;21:43:00;184;sem vítima;252;BR-101/RJ;Sul;Colisão Traseira;;;2;;;;;;;;2;;;;
06/12/2011;23:30:00;221;sem vítima;252,5;BR-101/RJ;Sul;Choque - Outros;;;1;;;;;;;;1;;;;
07/12/2011;16:02:00;134;sem vítima;252;BR-101/RJ;Sul;Colisão Traseira;2;;;;;;;;;;2;;;;
23/12/2011;16:35:00;165;sem vítima;252;BR-101/RJ;Sul;Colisão Lateral;;;1;;;1;;;;;2;;;;
25/12/2011;12:16:00;58;sem vítima;252;BR-101/RJ;Norte;Outros - Sequência;1;;;;;;;;;;1;;;;
27/12/2011;07:58:00;38;sem vítima;252,5;BR-101/RJ;Norte;Colisão Lateral;;;1;;;;;;;1;3;;;;
06/02/2012;23:46:00;207;sem vítima;252;BR-101/RJ;Sul;Colisão Traseira;1;;;;1;;;;;;4;;;;
19/02/2012;11:10:00;98;com vítima;252,239;BR-101/RJ;Sul;Colisão Frontal;2;;;;;;;;;;0;;3;3;2
21/02/2012;18:36:00;143;sem vítima;252;BR-101/RJ;Sul;Colisão Traseira;1;;1;;;;;;;;5;;;;
01/03/2012;13:26:00;99;sem vítima;252;BR-101/RJ;Sul;Colisão Traseira;2;;1;;;;;;;;4;;;;
11/03/2012;14:44:00;86;sem vítima;252;BR-101/RJ;Sul;Colisão Traseira;;;1;;1;;;;;;7;;;;
28/03/2012;09:53:00;61;sem vítima;252;BR-101/RJ;Sul;Colisão Traseira;1;;;;1;;;;;;38;;;;
31/03/2012;06:42:00;27;sem vítima;252;BR-101/RJ;Norte;Colisão Traseira;1;;1;;;;;;;;2;;;;
09/04/2012;09:23:00;72;sem vítima;252;BR-101/RJ;Sul;Colisão Traseira;2;;;;;;;;;;2;;;;
17/04/2012;11:33:00;83;sem vítima;252;BR-101/RJ;Sul;Colisão Traseira;1;;1;;;;;;;;2;;;;
06/05/2012;23:17:00;149;sem vítima;252;BR-101/RJ;Sul;Colisão Traseira;1;;1;;;;;;;;6;;;;
15/05/2012;10:51:00;63;com vítima;252;BR-101/RJ;Sul;Colisão Traseira;;;2;;;;;;;;2;1;;;
26/05/2012;07:58:00;45;sem vítima;252;BR-101/RJ;Norte;Colisão Traseira;1;;1;;;;;;;;4;;;;
02/06/2012;13:53:00;119;sem vítima;252;BR-101/RJ;Sul;Colisão Traseira;2;;;;;;;;;;5;;;;
07/06/2012;12:55:00;87;com vítima;252;BR-101/RJ;Norte;Saida de Pista;1;;;;;;;;;;0;1;;;
15/06/2012;19:35:00;188;sem vítima;252;BR-101/RJ;Norte;Colisão Lateral;1;;;;1;;;;;;2;;;;
10/07/2012;21:47:00;175;com vítima;252;BR-101/RJ;Sul;Colisão Traseira;1;;1;;;;;;;;2;1;;;
20/07/2012;18:01:00;154;sem vítima;252;BR-101/RJ;Sul;Colisão Traseira;1;;;;;1;;;;;2;;;;
23/07/2012;06:46:00;32;sem vítima;252;BR-101/RJ;Sul;Choque - Defensa, barreira ou "submarino";1;;;;;;;;;;2;;;;
24/07/2012;21:16:00;29;sem vítima;252;BR-101/RJ;Sul;Choque - Suporte de Sinalização;;;1;;;;;;;;1;;;;
31/08/2012;08:49:00;63;sem vítima;252,6;BR-101/RJ;Norte;Colisão Lateral;1;;1;;;;;;;;6;;;;
01/09/2012;03:36:00;18;sem vítima;252;BR-101/RJ;Norte;Tombamento;;;1;;;;;;;;1;;;;
01/09/2012;08:46:00;51;sem vítima;252;BR-101/RJ;Sul;Colisão Traseira;2;;;;;;;;;;2;;;;
03/09/2012;16:47:00;135;sem vítima;252,704;BR-101/RJ;Norte;Colisão Lateral;1;;1;;;;;;;;2;;;;
17/09/2012;18:47:00;189;sem vítima;252;BR-101/RJ;Sul;Colisão Traseira;;;1;;1;;;;;;3;;;;
25/09/2012;10:14:00;76;sem vítima;252;BR-101/RJ;Sul;Colisão Traseira;2;;;;;;;;;;4;;;;
11/10/2012;18:41:00;198;sem vítima;252;BR-101/RJ;Sul;Colisão Traseira;1;;;;;1;;;;;2;;;;
19/10/2012;08:42:00;58;sem vítima;252;BR-101/RJ;Norte;Colisão Traseira;1;;1;;;;;;;;3;;;;
20/10/2012;12:40:00;114;sem vítima;252;BR-101/RJ;Norte;Colisão Traseira;;;1;;;1;;;;;2;;;;
07/11/2012;19:04:00;154;sem vítima;252;BR-101/RJ;Norte;Colisão Traseira;1;;1;;;;;;;;2;;;;
13/11/2012;09:19:00;55;sem vítima;252;BR-101/RJ;Sul;Colisão Traseira;1;;1;;;;;;;;3;;;;
13/11/2012;17:19:00;137;sem vítima;252;BR-101/RJ;Sul;Colisão Traseira;;;1;;1;;;;;;2;;;;
13/11/2012;17:55:00;144;sem vítima;252;BR-101/RJ;Sul;Colisão Traseira;;;2;;;;;;;;2;;;;
15/11/2012;08:51:00;48;sem vítima;252;BR-101/RJ;Sul;Colisão Traseira;2;;;;;;;;;;5;;;;
14/12/2012;14:14:00;117;sem vítima;252;BR-101/RJ;Norte;Colisão Traseira;;;1;;;1;;;;;2;;;;
14/12/2012;15:20:00;130;com vítima;252;BR-101/RJ;Sul;Colisão Traseira;2;;1;;;;;;;;9;1;;;
15/12/2012;17:20:00;150;sem vítima;252;BR-101/RJ;Norte;Colisão Traseira;2;;;;;;;;;;2;;;;
18/12/2012;23:41:00;201;sem vítima;252;BR-101/RJ;Norte;Colisão Traseira;1;;;;;1;;;;;2;;;;
27/02/2013;15:23:00;125;sem vítima;252;BR-101/RJ;Sul;Colisão Traseira;1;;1;;;;;;;;5;;;;
08/03/2013;13:07:00;104;sem vítima;252;BR-101/RJ;Norte;Colisão Lateral;2;;;;;;;;;;2;;;;
14/03/2013;12:42:00;92;sem vítima;252,845;BR-101/RJ;Sul;Choque - Defensa, barreira ou "submarino";1;;;;;;;;;;3;;;;
24/03/2013;14:42:00;95;sem vítima;252;BR-101/RJ;Sul;Colisão Traseira;1;;1;;;;;;;;2;;;;
03/04/2013;15:42:00;116;sem vítima;252;BR-101/RJ;Sul;Capotamento;1;;;;;;;;;;1;;;;
04/04/2013;17:58:00;142;sem vítima;252;BR-101/RJ;Sul;Colisão Lateral;1;;1;;;;;;;;2;;;;
15/04/2013;07:26:00;30;sem vítima;252;BR-101/RJ;Norte;Colisão Traseira;1;;;;;;;;;1;6;;;;
16/05/2013;10:01:00;52;sem vítima;252;BR-101/RJ;Sul;Colisão Traseira;2;;;;;;;;;;2;;;;
23/05/2013;08:08:00;36;sem vítima;252;BR-101/RJ;Norte;Choque - Defensa, barreira ou "submarino";1;;;;;;;;;;1;;;;
17/06/2013;19:27:00;139;sem vítima;252,85;BR-101/RJ;Norte;Choque - Defensa, barreira ou "submarino";;;1;;;;;;;;2;;;;
19/06/2013;06:43:00;29;sem vítima;252;BR-101/RJ;Sul;Colisão Traseira;;;1;;1;;;;;;34;;;;
21/06/2013;07:38:00;35;sem vítima;252;BR-101/RJ;Norte;Colisão Traseira;1;;1;;;;;;;;2;;;;
22/06/2013;17:27:00;136;sem vítima;252;BR-101/RJ;Sul;Colisão Traseira;1;;;;1;;;;;;2;;;;
31/07/2013;07:38:00;41;sem vítima;252;BR-101/RJ;Sul;Colisão Lateral;;;2;;;;;;;;2;;;;
08/08/2013;21:09:00;179;sem vítima;252;BR-101/RJ;Sul;Colisão Traseira;;;2;;;;;;;;2;;;;
20/08/2013;09:38:00;60;sem vítima;252;BR-101/RJ;Sul;Colisão Traseira;1;;1;;;;;;;;2;;;;
28/08/2013;07:05:00;29;sem vítima;252;BR-101/RJ;Norte;Colisão Traseira;1;;;1;;;;;;;2;;;;
07/09/2013;08:32:00;60;sem vítima;252;BR-101/RJ;Norte;Colisão Traseira;2;;;;;;;;;;5;;;;
12/09/2013;06:30:00;28;sem vítima;252;BR-101/RJ;Norte;Colisão Lateral;;;1;;1;;;;;;2;;;;
15/09/2013;19:53:00;181;sem vítima;252;BR-101/RJ;Sul;Colisão Traseira;1;;;;;1;;;;;2;;;;
24/09/2013;08:22:00;52;sem vítima;252;BR-101/RJ;Sul;Colisão Traseira;1;;1;;;;;;;;2;;;;
29/09/2013;21:06:00;161;sem vítima;252;BR-101/RJ;Sul;Colisão Lateral;1;;;;;1;;;;;2;;;;
04/10/2013;19:37:00;166;sem vítima;252;BR-101/RJ;Sul;Colisão Traseira;1;;;;;1;;;;;2;;;;
24/10/2013;17:43:00;140;sem vítima;252,8;BR-101/RJ;Norte;Colisão Traseira;2;;;;;;;;;;3;;;;
25/10/2013;15:00:00;129;sem vítima;252;BR-101/RJ;Sul;Colisão Traseira;2;;;;;;;;;;2;;;;
07/11/2013;12:36:00;89;sem vítima;252;BR-101/RJ;Sul;Colisão Traseira;1;;1;;;;;;;;2;;;;
19/11/2013;03:22:00;19;sem vítima;252;BR-101/RJ;Sul;Colisão Traseira;1;;1;;;;;;;;6;;;;
30/11/2013;11:27:00;91;sem vítima;252;BR-101/RJ;Norte;Colisão Traseira;1;;1;;;;;;;;2;;;;
12/12/2013;20:40:00;191;sem vítima;252;BR-101/RJ;Sul;Colisão Traseira;;;2;;;;;;;;2;;;;
18/12/2013;22:21:00;193;sem vítima;252;BR-101/RJ;Sul;Colisão Traseira;1;;1;;;;;;;;2;;;;
18/12/2013;16:01:00;140;sem vítima;252,345;BR-101/RJ;Sul;Colisão Lateral;1;;1;;;;;;;;6;;;;
08/01/2014;16:19:00;141;sem vítima;252,88;BR-101/RJ;Norte;Colisão Traseira;2;;;;;;;;;;7;;;;
10/01/2014;22:42:00;245;sem vítima;252;BR-101/RJ;Sul;Colisão Traseira;2;;;;;;;;;;6;;;;
15/01/2014;12:15:00;100;sem vítima;252;BR-101/RJ;Sul;Colisão Traseira;1;;1;;;;;;;;2;;;;
16/01/2014;06:58:00;24;sem vítima;252;BR-101/RJ;Norte;Colisão Traseira;1;;1;;;;;;;;2;;;;
25/01/2014;10:14:00;63;sem vítima;252;BR-101/RJ;Sul;Colisão Traseira;2;;;;;;;;;;2;;;;
28/01/2014;21:48:00;200;sem vítima;252,83;BR-101/RJ;Sul;Colisão Traseira;;;2;;;;;;;;2;;;;
29/01/2014;06:48:00;27;sem vítima;252;BR-101/RJ;Norte;Colisão Traseira;;;2;;;;;;;;2;;;;
03/02/2014;12:22:00;122;sem vítima;252;BR-101/RJ;Norte;Colisão Traseira;2;;;;;;;;;;2;;;;
13/02/2014;16:40:00;151;sem vítima;252;BR-101/RJ;Norte;Colisão Lateral;1;;1;;;;;;;;3;;;;
22/02/2014;14:32:00;111;com vítima;252;BR-101/RJ;Sul;Colisão Traseira;1;;1;;;;;;;;3;1;;;
01/03/2014;08:55:00;135;com vítima;252;BR-101/RJ;Norte;Colisão Lateral;2;;;;;;;;;;6;1;;;
06/03/2014;11:29:00;97;com vítima;252;BR-101/RJ;Sul;Engavetamento;3;;;;;;;;;;12;1;;;
21/04/2014;16:45:00;131;sem vítima;252;BR-101/RJ;Sul;Colisão Traseira;1;;;;;;;;;1;2;;;;
22/04/2014;14:53:00;105;com vítima;252;BR-101/RJ;Norte;Colisão Traseira;;;2;;;;;;;;2;1;;;
24/04/2014;22:44:00;174;sem vítima;252;BR-101/RJ;Norte;Choque - Elemento de Drenagem;1;;;;;1;;;;;3;;;;
26/04/2014;17:42:00;147;sem vítima;252;BR-101/RJ;Sul;Colisão Traseira;1;;1;;;;;;;;2;;;;
14/05/2014;22:39:00;189;com vítima;252,833;BR-101/RJ;Norte;Colisão Traseira;1;;;;;;;;;1;1;1;;;
15/05/2014;08:21:00;55;sem vítima;252;BR-101/RJ;Sul;Saida de Pista;;;1;;;;;;;;1;;;;
23/05/2014;07:53:00;45;sem vítima;252,3;BR-101/RJ;Norte;Colisão Traseira;;;2;;;;;;;;2;;;;
05/06/2014;16:41:00;145;sem vítima;252,3;BR-101/RJ;Sul;Colisão Traseira;1;;;;;;;;;1;2;;;;
10/06/2014;20:35:00;164;sem vítima;252;BR-101/RJ;Norte;Colisão Traseira;1;;1;;;;;;;;3;;;;
22/06/2014;20:36:00;151;sem vítima;252;BR-101/RJ;Norte;Atropelamento de Animal;1;;;;;;;;;;1;;;;
28/06/2014;02:24:00;19;sem vítima;252;BR-101/RJ;Sul;Saida de Pista;1;;;;;;;;;;1;;;;
30/06/2014;07:35:00;42;sem vítima;252;BR-101/RJ;Sul;Colisão Traseira;;;2;;;;;;;;2;;;;
31/07/2014;02:50:00;11;sem vítima;252;BR-101/RJ;Sul;Colisão Traseira;1;;1;;;;;;;;2;;;;
22/08/2014;00:59:00;8;sem vítima;252;BR-101/RJ;Sul;Colisão Traseira;;;1;;;;;;;1;2;;;;
15/09/2014;05:53:00;20;sem vítima;252;BR-101/RJ;Sul;Colisão Traseira;2;;;;;;;;;;4;;;;
20/09/2014;05:54:00;25;sem vítima;252;BR-101/RJ;Sul;Colisão Traseira;1;;1;;;;;;;;2;;;;
22/09/2014;00:12:00;3;sem vítima;252;BR-101/RJ;Norte;Colisão Lateral;1;;;;1;;;;;;2;;;;
28/09/2014;17:21:00;94;sem vítima;252,915;BR-101/RJ;Norte;Colisão Traseira;1;;1;;;;;;;;2;;;;
30/09/2014;06:20:00;31;sem vítima;252;BR-101/RJ;Sul;Colisão Traseira;;;2;;;;;;;;2;;;;
29/10/2014;07:07:00;31;sem vítima;252;BR-101/RJ;Sul;Colisão Traseira;2;;;;;;;;;;2;;;;
02/11/2014;18:21:00;136;sem vítima;252;BR-101/RJ;Norte;Engavetamento;3;;1;;;;;;;;11;;;;
06/11/2014;06:46:00;28;sem vítima;252;BR-101/RJ;Sul;Colisão Traseira;;;2;;;;;;;;2;;;;
06/11/2014;08:27:00;45;com vítima;252;BR-101/RJ;Sul;Atropelamento - Funcionário;1;;;;;1;;;;;2;1;;;
01/12/2014;05:26:00;18;sem vítima;252;BR-101/RJ;Norte;Colisão Traseira;2;;;;;;;;;;2;;;;
05/12/2014;12:08:00;84;sem vítima;252;BR-101/RJ;Sul;Colisão Traseira;1;;;;1;;;;;;2;;;;
10/12/2014;01:40:00;13;sem vítima;252;BR-101/RJ;Sul;Colisão Traseira;;;2;;;;;;;;2;;;;
27/12/2014;12:33:00;75;sem vítima;252,3;BR-101/RJ;Norte;Colisão Traseira;;;2;;;;;;;;2;;;;
29/12/2014;03:40:00;14;sem vítima;252;BR-101/RJ;Sul;Colisão Traseira;1;;1;;;;;;;;2;;;;
20/01/2015;15:50:00;138;sem vítima;252;BR-101/RJ;Norte;Colisão Traseira;1;;1;;;;;;;;4;;;;
21/01/2015;06:47:00;19;sem vítima;252;BR-101/RJ;Norte;Colisão Traseira;;;1;;;;;;;1;4;;;;
25/01/2015;17:17:00;103;sem vítima;252;BR-101/RJ;Sul;Colisão Lateral;1;;1;;;;;;;;3;;;;
04/02/2015;07:45:00;34;com vítima;252;BR-101/RJ;Sul;Colisão Traseira;;;2;;;;;;;;1;1;0;0;0
18/02/2015;07:43:00;39;sem vítima;252;BR-101/RJ;Sul;Choque - Defensa, barreira ou "submarino";1;;;;;;;;;;1;0;0;0;0
24/02/2015;15:35:00;116;com vítima;252;BR-101/RJ;Sul;Choque - Defensa, barreira ou "submarino";1;;;;;;;;;;2;1;;;
27/02/2015;21:47:00;189;com vítima;252;BR-101/RJ;Norte;Colisão Traseira;2;;;;;;;;;;6;2;;;
27/02/2015;23:41:00;207;sem vítima;252;BR-101/RJ;Norte;Colisão Traseira;2;;;;;;;;;;2;;;;
02/03/2015;10:05:00;66;sem vítima;252;BR-101/RJ;Sul;Choque - Suporte de Sinalização;;;1;;;;;;;;1;0;0;0;0
25/03/2015;02:14:00;15;sem vítima;252;BR-101/RJ;Sul;Choque - Defensa, barreira ou "submarino";1;;;;;;;;;;1;0;0;0;0
29/03/2015;05:12:00;26;sem vítima;252;BR-101/RJ;Norte;Engavetamento;3;;;;;;;;;;9;0;0;0;0
01/04/2015;08:06:00;42;sem vítima;252;BR-101/RJ;Sul;Colisão Traseira;1;;1;;;;;;;;2;;;;
21/04/2015;18:07:00;141;sem vítima;252;BR-101/RJ;Sul;Engavetamento;1;;;;;2;;;;;5;;;;
13/05/2015;18:27:00;153;sem vítima;252;BR-101/RJ;Norte;Colisão Traseira;2;;;;;;;;;;2;;;;
16/05/2015;19:44:00;177;sem vítima;252;BR-101/RJ;Sul;Choque - Suporte de Sinalização;1;;;;;;;;;;1;;;;
21/05/2015;11:51:00;111;com vítima;252,3;BR-101/RJ;Norte;Colisão Traseira;1;;1;;;;;;;;1;2;;;
23/06/2015;11:02:00;85;sem vítima;252;BR-101/RJ;Norte;Colisão Traseira;1;;;;;1;;;;;3;;;;
05/07/2015;17:49:00;127;sem vítima;252;BR-101/RJ;Norte;Engavetamento;3;;;;;;;;;;9;;;;
08/07/2015;16:55:00;170;sem vítima;252;BR-101/RJ;Norte;Colisão Traseira;1;;1;;;;;;;;2;;;;
11/07/2015;02:02:00;13;sem vítima;252;BR-101/RJ;Sul;Colisão Traseira;;;;;;2;;;;;2;;;;
17/07/2015;16:21:00;168;sem vítima;252;BR-101/RJ;Norte;Colisão Traseira;2;;;;;;;;;;3;;;;
17/07/2015;23:14:00;250;com vítima;252,82;BR-101/RJ;Sul;Colisão Traseira;;;2;;;;;;;;0;1;1;;
21/07/2015;15:42:00;153;com vítima;252,89;BR-101/RJ;Norte;Capotamento;1;;;;;;;;;;0;1;;;
11/08/2015;10:16:00;94;sem vítima;252;BR-101/RJ;Sul;Choque - Defensa, barreira ou "submarino";;;1;;;;;;;;1;;;;
13/08/2015;20:56:00;174;sem vítima;252;BR-101/RJ;Sul;Colisão Traseira;1;;;;;1;;;;;3;;;;
20/08/2015;05:17:00;18;sem vítima;252;BR-101/RJ;Sul;Colisão Lateral;1;;;;;1;;;;;2;;;;
01/09/2015;13:56:00;148;sem vítima;252;BR-101/RJ;Norte;Colisão Traseira;1;;1;;;;;;;;2;;;;
07/09/2015;18:36:00;162;sem vítima;252;BR-101/RJ;Sul;Colisão Traseira;2;;;;;;;;;;5;;;;
12/09/2015;17:01:00;118;sem vítima;252;BR-101/RJ;Norte;Colisão Traseira;2;;;;;;;;;;2;;;;
28/10/2015;10:44:00;85;sem vítima;252,886;BR-101/RJ;Sul;Colisão Traseira;2;;;;;;;;;;2;;;;
24/11/2015;09:40:00;87;sem vítima;252,3;BR-101/RJ;Norte;Colisão Traseira;1;;;;;1;;;;;3;;;;
04/12/2015;01:05:00;5;sem vítima;252;BR-101/RJ;Sul;Colisão Traseira;1;;1;;;;;;;;7;;;;
21/12/2015;10:52:00;96;sem vítima;252;BR-101/RJ;Norte;Engavetamento;3;;;;;;;;;;7;;;;
22/12/2015;04:43:00;29;sem vítima;252;BR-101/RJ;Sul;Colisão Traseira;1;;1;;;;;;;;2;;;;
29/12/2015;01:31:00;8;com vítima;252;BR-101/RJ;Norte;Colisão Frontal;;;2;;;;;;;;1;2;;;
17/02/2010;16:48:00;214;sem vítima;253,3000030517578;BR-101/RJ;Sul;Colisão Traseira;1;;1;;;;;;;;4;;;;
07/08/2010;15:45:00;132;com vítima;253;BR-101/RJ;Sul;Colisão Transversal;1;;;;1;;;;;;46;;1;;
11/08/2011;05:34:00;25;sem vítima;253;BR-101/RJ;Sul;Colisão Traseira;1;;1;;;;;;;;3;;;;
11/08/2011;06:28:00;31;com vítima;253;BR-101/RJ;Sul;Colisão Traseira;1;;;1;;;;;;;3;1;;;
26/08/2011;12:34:00;84;com vítima;253;BR-101/RJ;Norte;Saida de Pista;1;;;;;;;;;;0;1;;;
22/01/2012;00:02:00;1;sem vítima;253;BR-101/RJ;Sul;Engavetamento;2;;1;;;;;;;;11;;;;
08/08/2012;19:36:00;150;com vítima;253;BR-101/RJ;Sul;Colisão Lateral;2;;;;;;;;;;1;2;;;
02/10/2012;17:04:00;145;sem vítima;253;BR-101/RJ;Norte;Colisão Traseira;2;;;;;;;;;;2;;;;
05/01/2013;12:00:00;75;com vítima;253,5;BR-101/RJ;Sul;Colisão Frontal;2;;;;;;;;;;2;;1;2;1
06/01/2013;22:06:00;177;sem vítima;253;BR-101/RJ;Norte;Outros - Sequência;1;;1;;;;;;;;2;;;;
08/03/2013;15:34:00;129;sem vítima;253;BR-101/RJ;Sul;Colisão Traseira;1;;;;;;;;;1;2;;;;
05/04/2013;16:51:00;128;sem vítima;253;BR-101/RJ;Norte;Colisão Traseira;1;;;;1;;;;;;2;;;;
13/04/2013;14:16:00;132;sem vítima;253,333;BR-101/RJ;Norte;Colisão Frontal;2;;;;;;;;;;3;;;;
03/05/2013;19:26:00;168;sem vítima;253;BR-101/RJ;Sul;Engavetamento;1;;2;;;;;;;;3;;;;
05/05/2013;19:20:00;125;com vítima;253,5;BR-101/RJ;Sul;Atropelamento - Morador;1;;;;;;;;;;3;;1;;
15/05/2013;10:45:00;61;sem vítima;253,3;BR-101/RJ;Norte;Colisão Lateral;2;;;;;;;;;;2;;;;
13/06/2013;10:28:00;64;sem vítima;253;BR-101/RJ;Norte;Colisão Traseira;;;1;;;1;;;;;3;;;;
13/07/2013;07:51:00;42;sem vítima;253,5;BR-101/RJ;Sul;Colisão Lateral;1;;1;;;;;;;;5;;;;
02/08/2013;21:01:00;198;sem vítima;253;BR-101/RJ;Norte;Choque - Outros;;;1;;;;;;;;2;;;;
17/08/2013;07:16:00;39;sem vítima;253;BR-101/RJ;Norte;Saida de Pista;1;;;;;;;;;;4;;;;
01/09/2013;18:24:00;140;com vítima;253;BR-101/RJ;Sul;Saida de Pista;1;;;;;;;;;;1;1;;;
03/09/2013;10:39:00;75;sem vítima;253;BR-101/RJ;Sul;Colisão Traseira;2;;;;;;;;;;2;;;;
16/10/2013;11:41:00;88;sem vítima;253,041;BR-101/RJ;Sul;Colisão Traseira;1;;;;1;;;;;;4;;;;
22/10/2013;12:46:00;111;sem vítima;253,755;BR-101/RJ;Norte;Colisão Traseira;1;;1;;;;;;;;2;;;;
02/11/2013;18:40:00;170;sem vítima;253;BR-101/RJ;Sul;Colisão Lateral;2;;;;;;;;;;10;;;;
21/02/2014;17:21:00;180;sem vítima;253;BR-101/RJ;Sul;Colisão Traseira;2;;;;;;;;;;2;;;;
05/03/2014;12:35:00;97;com vítima;253;BR-101/RJ;Sul;Engavetamento;3;;;;;;;;;;9;2;;;
16/05/2014;11:05:00;83;sem vítima;253;BR-101/RJ;Sul;Colisão Traseira;2;;;;;;;;;;2;;;;
01/06/2014;08:35:00;50;sem vítima;253,6;BR-101/RJ;Norte;Saida de Pista;1;;;;;;;;;;1;;;;
31/07/2014;09:38:00;66;sem vítima;253;BR-101/RJ;Sul;Colisão Traseira;1;;;;1;;;;;;5;;;;
04/11/2014;22:37:00;204;sem vítima;253;BR-101/RJ;Sul;Atropelamento de Animal;1;;;;;;;;;;5;;;;
13/12/2014;00:37:00;5;sem vítima;253;BR-101/RJ;Norte;Colisão Lateral;1;;;;;1;;;;;2;;;;
15/12/2014;07:19:00;33;sem vítima;253;BR-101/RJ;Norte;Colisão Traseira;2;;;;;;;;;;2;;;;
11/01/2015;20:28:00;154;sem vítima;253;BR-101/RJ;Norte;Saida de Pista;1;;;;;;;;;;1;;;;
11/02/2015;09:55:00;67;sem vítima;253;BR-101/RJ;Sul;Colisão Traseira;2;;;;;;;;;;4;0;0;0;0
05/05/2015;15:03:00;132;sem vítima;253;BR-101/RJ;Norte;Colisão Traseira;;;2;;;;;;;;3;;;;
28/07/2015;14:47:00;144;sem vítima;253;BR-101/RJ;Sul;Colisão Traseira;2;;;;;;;;;;2;;;;
05/09/2015;04:48:00;28;sem vítima;253;BR-101/RJ;Norte;Saida de Pista;1;;;;;;;;;;3;;;;
10/10/2015;19:31:00;239;com vítima;253;BR-101/RJ;Norte;Choque - Defensa, barreira ou "submarino";;;;1;;;;;;;0;;1;;
22/11/2015;19:46:00;179;sem vítima;253;BR-101/RJ;Norte;Colisão Transversal;2;;;;;1;;;;;5;;;;
16/12/2015;11:01:00;120;sem vítima;253;BR-101/RJ;Norte;Colisão Traseira;1;;1;;;;;;;;2;;;;
13/02/2010;18:31:00;389;sem vítima;254;BR-101/RJ;Norte;Colisão Traseira;2;;;;;;;;;;2;;;;
15/06/2010;03:23:00;13;com vítima;254;BR-101/RJ;Norte;Saida de Pista;;;1;;;;;;;;0;;1;;
20/07/2010;10:42:00;78;sem vítima;254;BR-101/RJ;Sul;Colisão Traseira;1;;;;;1;;;;;2;;;;
08/08/2010;11:40:00;67;com vítima;254;BR-101/RJ;Sul;Colisão Traseira;2;;;;;;;;;;0;1;2;;