data;horario;n_da_ocorrencia;tipo_de_ocorrencia;km;trecho;sentido;tipo_de_acidente;automovel;bicicleta;caminhao;moto;onibus;outros;tracao_animal;transporte_de_cargas_especiais;trator_maquinas;utilitarios;ilesos;levemente_feridos;moderadamente_feridos;gravemente_feridos;mortos
19/11/2010;15:19:00;120;sem vítima;254;BR-101/RJ;Norte;Engavetamento;2;;1;;;1;;;;;4;;;;
06/12/2010;19:39:00;214;sem vítima;254;BR-101/RJ;Sul;Colisão Lateral;;;1;;;1;;;;;2;;;;
15/01/2011;07:28:00;33;com vítima;254;BR-101/RJ;Sul;Saida de Pista;1;;;;;;;;;;0;1;;;
13/02/2011;03:42:00;15;com vítima;254;BR-101/RJ;Sul;Outros - Sequência;;;1;1;;;;;;;2;;;;1
22/08/2011;19:25:00;149;com vítima;254,5;BR-101/RJ;Sul;Choque - Defensa, barreira ou "submarino";1;;;;;;;;;;0;1;;;
19/09/2011;19:48:00;183;sem vítima;254,5;BR-101/RJ;Norte;Choque - Defensa, barreira ou "submarino";1;;;;;;;;;;1;;;;
21/10/2011;18:40:00;149;sem vítima;254;BR-101/RJ;Norte;Colisão Lateral;1;;;;;;;;;1;8;;;;
05/12/2011;14:00:00;123;com vítima;254;BR-101/RJ;Norte;Colisão Lateral;;;;;1;1;;;;;1;4;;1;
11/12/2011;18:11:00;133;com vítima;254;BR-101/RJ;Norte;Colisão Frontal;2;;1;;;;;;;;2;1;1;;1
26/01/2012;15:14:00;103;com vítima;254,5;BR-101/RJ;Norte;Colisão Frontal;;;5;;;;;;;1;7;1;;;
05/02/2012;19:19:00;155;sem vítima;254;BR-101/RJ;Sul;Atropelamento de Animal;1;;;;;;;;;;1;;;;
31/05/2012;12:00:00;99;sem vítima;254;BR-101/RJ;Norte;Colisão Traseira;;;1;;;1;;;;;4;;;;
24/08/2012;03:53:00;11;sem vítima;254,6;BR-101/RJ;Sul;Saida de Pista;;;1;;;;;;;;1;;;;
07/09/2012;12:10:00;139;com vítima;254,781;BR-101/RJ;Norte;Colisão Transversal;1;;1;;;;;;;;1;1;2;;
22/09/2012;23:17:00;193;sem vítima;254,05;BR-101/RJ;Norte;Saida de Pista;1;;;;;;;;;;1;;;;
02/10/2012;17:22:00;149;sem vítima;254,154;BR-101/RJ;Norte;Colisão Traseira;1;;1;;;;;;;;2;;;;
04/01/2013;16:24:00;140;sem vítima;254;BR-101/RJ;Norte;Colisão Traseira;2;;;;;;;;;;6;;;;
13/01/2013;23:38:00;207;sem vítima;254;BR-101/RJ;Norte;Colisão Lateral;1;;;;;1;;;;;6;;;;
31/03/2013;04:47:00;21;sem vítima;254,646;BR-101/RJ;Sul;Saida de Pista;1;;;;;;;;;;1;;;;
01/04/2013;12:33:00;122;sem vítima;254,3;BR-101/RJ;Sul;Colisão Traseira;;;2;;;;;;;;2;;;;
13/07/2013;00:45:00;6;com vítima;254,43;BR-101/RJ;Norte;Choque - Defensa, barreira ou "submarino";1;;;;;;;;;;0;;1;;
19/08/2013;07:55:00;50;com vítima;254,5;BR-101/RJ;Sul;Queda de Moto;;;;1;;;;;;;0;1;;;
13/09/2013;01:17:00;4;com vítima;254,404;BR-101/RJ;Norte;Saida de Pista;;;1;;;;;;;;0;2;;;
14/09/2013;03:34:00;27;com vítima;254,524;BR-101/RJ;Norte;Saida de Pista;1;;;;;;;;;;0;2;;;
31/10/2013;10:53:00;54;sem vítima;254,527;BR-101/RJ;Norte;Choque - Defensa, barreira ou "submarino";1;;;;;;;;;;1;;;;
02/12/2013;00:03:00;1;sem vítima;254;BR-101/RJ;Sul;Colisão Lateral;1;;2;;;;;;;;3;;;;
25/12/2013;10:05:00;46;sem vítima;254,889;BR-101/RJ;Sul;Capotamento;1;;;;;;;;;;3;;;;
28/12/2013;16:00:00;193;sem vítima;254;BR-101/RJ;Sul;Colisão Traseira;1;;;;;;;;;;1;;;;
09/01/2014;11:57:00;102;com vítima;254,44;BR-101/RJ;Sul;Colisão Frontal;2;;;;;;;;;;0;;;2;2
02/11/2014;00:42:00;8;sem vítima;254;BR-101/RJ;Norte;Saida de Pista;1;;;;;;;;;;1;;;;
21/11/2014;04:38:00;21;com vítima;254,578;BR-101/RJ;Sul;Colisão Frontal;1;;1;;;;;;;;0;1;;;3
01/01/2015;08:40:00;40;sem vítima;254;BR-101/RJ;Sul;Saida de Pista;1;;;;;;;;;;2;;;;
30/04/2015;19:08:00;194;sem vítima;254,49;BR-101/RJ;Norte;Saida de Pista;;;1;;;;;;;;1;;;;
28/07/2015;14:02:00;133;com vítima;254,517;BR-101/RJ;Norte;Choque - Defensa, barreira ou "submarino";1;;;;;;;;;;0;1;;;
27/08/2015;05:47:00;25;com vítima;254,507;BR-101/RJ;Sul;Choque - Defensa, barreira ou "submarino";1;;;;;;;;;;0;3;;;
30/08/2015;03:22:00;19;com vítima;254,525;BR-101/RJ;Sul;Choque - Defensa, barreira ou "submarino";;;;;1;;;;;;0;15;4;;1
07/09/2015;17:58:00;144;sem vítima;254;BR-101/RJ;Sul;Colisão Traseira;2;;;;;;;;;;6;;;;
24/09/2015;21:58:00;218;com vítima;254;BR-101/RJ;Sul;Capotamento;;;1;;;;;;;;0;1;;;
08/11/2015;23:14:00;196;sem vítima;254;BR-101/RJ;Norte;Choque - Defensa, barreira ou "submarino";;;1;;;;;;;;4;;;;
12/01/2010;14:24:00;122;sem vítima;255;BR-101/RJ;Norte;Colisão Lateral;1;;;;;;;;;;2;;;;
27/03/2010;02:50:00;15;com vítima;255;BR-101/RJ;Norte;Atropelamento - Ciclista;;;;1;;1;;;;;1;;1;;1
31/07/2010;14:15:00;132;com vítima;255;BR-101/RJ;Norte;Colisão Lateral;1;;;1;;;;;;;2;;;2;
19/08/2010;15:26:00;117;sem vítima;255;BR-101/RJ;Norte;Colisão Traseira;1;;;;;1;;;;;4;;;;
25/08/2010;19:27:00;149;sem vítima;255;BR-101/RJ;Sul;Colisão Lateral;2;;;;;;;;;;2;;;;
02/11/2010;22:33:00;187;com vítima;255;BR-101/RJ;Sul;Colisão Traseira;2;;;;;;;;;;5;3;;;
16/12/2010;13:57:00;141;sem vítima;255;BR-101/RJ;Norte;Colisão Traseira;;;1;;;;;;;1;2;;;;
24/12/2010;23:13:00;210;sem vítima;255;BR-101/RJ;Norte;Capotamento;;;;;;;;;;1;1;;;;
24/01/2011;11:26:00;106;sem vítima;255;BR-101/RJ;Norte;Colisão Lateral;1;;;;;1;;;;;2;;;;
27/01/2011;08:21:00;50;sem vítima;255;BR-101/RJ;Sul;Engavetamento;4;;;;;;;;;;10;;;;
25/02/2011;01:53:00;11;com vítima;255;BR-101/RJ;Norte;Colisão Lateral;1;;1;;;;;;;;1;1;1;;
11/03/2011;07:41:00;28;com vítima;246;BR-101/RJ;Norte;Colisão Lateral;1;;1;;1;1;;;;;5;1;;;
08/05/2011;19:31:00;149;com vítima;255;BR-101/RJ;Norte;Colisão Transversal;2;;;;;;;;;;1;3;;;
08/09/2011;23:14:00;154;com vítima;255;BR-101/RJ;Norte;Queda de Moto;;;;1;;;;;;;0;;1;;
28/09/2011;21:49:00;159;com vítima;255;BR-101/RJ;Norte;Choque - Defensa, barreira ou "submarino";;;;1;;;;;;;0;;;1;
06/10/2011;16:29:00;150;sem vítima;255;BR-101/RJ;Norte;Colisão Lateral;1;;1;;;;;;;;2;;;;
13/11/2011;11:57:00;70;com vítima;255,5;BR-101/RJ;Sul;Colisão Frontal;2;;;;;;;;;;1;2;2;;
22/11/2011;03:53:00;17;com vítima;255;BR-101/RJ;Sul;Colisão Lateral;1;;;1;;;;;;;2;;;1;
30/11/2011;06:56:00;33;sem vítima;255;BR-101/RJ;Sul;Atropelamento de Animal;;;;;;2;;;;;2;;;;
12/02/2012;18:37:00;144;sem vítima;255;BR-101/RJ;Norte;Colisão Lateral;2;;;;;;;;;;6;;;;
26/03/2012;07:11:00;33;sem vítima;255;BR-101/RJ;Sul;Saida de Pista;;;1;;;;;;;;1;;;;
31/05/2012;20:34:00;174;sem vítima;255;BR-101/RJ;Sul;Colisão Lateral;;;2;;;;;;;;2;;;;
02/06/2012;14:39:00;123;com vítima;255,1;BR-101/RJ;Sul;Colisão Lateral;2;;1;;;;;;;;11;;1;;
06/06/2012;14:40:00;115;com vítima;255;BR-101/RJ;Sul;Colisão Frontal;1;;1;;;;;;;;2;1;;;
14/07/2012;17:33:00;143;com vítima;255,255;BR-101/RJ;Sul;Engavetamento;5;;;;;;;;;;8;1;;;
30/07/2012;23:51:00;194;com vítima;255,1;BR-101/RJ;Norte;Capotamento;1;;;;;1;;;;;1;1;;;
16/09/2012;22:19:00;196;sem vítima;255,15;BR-101/RJ;Norte;Colisão Lateral;1;;;;1;;;;;;2;;;;
10/11/2012;08:54:00;59;sem vítima;255;BR-101/RJ;Norte;Colisão Traseira;4;;1;;;;;;;;10;;;;
17/11/2012;23:16:00;155;com vítima;255;BR-101/RJ;Norte;Colisão Traseira;;;1;1;;;;;;;1;;1;;
16/03/2013;18:05:00;167;sem vítima;255;BR-101/RJ;Norte;Saida de Pista;1;;;;;;;;;;1;;;;
24/05/2013;21:17:00;170;sem vítima;255,389;BR-101/RJ;Sul;Colisão Lateral;1;;;;;1;;;;;2;;;;
02/06/2013;13:57:00;86;sem vítima;255;BR-101/RJ;Sul;Colisão Traseira;2;;;;;;;;;;2;;;;
08/06/2013;06:42:00;34;com vítima;255,145;BR-101/RJ;Norte;Atropelamento - Morador;;;;1;;;;;;;1;1;;;
13/08/2013;12:09:00;82;sem vítima;255;BR-101/RJ;Norte;Choque - Poste;1;;;;;;;;;;2;;;;
14/10/2013;18:09:00;180;com vítima;255,765;BR-101/RJ;Norte;Colisão Frontal;1;;1;;;;;;;;1;3;;;
03/11/2013;13:16:00;89;com vítima;255,319;BR-101/RJ;Sul;Colisão Traseira;1;;;1;;;;;;;1;1;;;
29/11/2013;04:26:00;26;sem vítima;255,41;BR-101/RJ;Norte;Saida de Pista;1;;;;;;;;;;3;;;;
27/02/2014;22:18:00;251;sem vítima;255;BR-101/RJ;Norte;Saida de Pista;1;;;;;;;;;;2;;;;
11/04/2014;06:52:00;35;com vítima;255,575;BR-101/RJ;Norte;Colisão Lateral;1;;1;;;;;;;;1;2;;1;1
15/04/2014;07:18:00;36;com vítima;255,81;BR-101/RJ;Sul;Colisão Traseira;;;2;;;;;;;;1;1;;;
18/04/2014;04:25:00;28;sem vítima;255;BR-101/RJ;Sul;Colisão Lateral;1;;1;;;;;;;;2;;;;
12/05/2014;13:00:00;107;sem vítima;255;BR-101/RJ;Norte;Saida de Pista;1;;;;;;;;;;1;;;;
11/06/2014;15:10:00;121;sem vítima;255,91;BR-101/RJ;Norte;Colisão Lateral;2;;;;;;;;;;3;;;;
13/06/2014;01:29:00;8;sem vítima;255;BR-101/RJ;Norte;Atropelamento de Animal;;;;;1;;;;;;1;;;;
26/08/2014;18:21:00;140;com vítima;255,392;BR-101/RJ;Norte;Colisão Transversal;;;2;;;;;;;;0;3;;;
08/11/2014;14:45:00;107;sem vítima;255,284;BR-101/RJ;Norte;Colisão Traseira;1;;1;;;;;;;;3;;;;
12/12/2014;17:11:00;129;sem vítima;255;BR-101/RJ;Sul;Colisão Frontal;1;;;;;;;;;2;4;;;;
26/12/2014;15:41:00;108;com vítima;255;BR-101/RJ;Norte;Queda de Moto;;;;1;;;;;;;0;1;;;
26/03/2015;14:22:00;121;sem vítima;255;BR-101/RJ;Norte;Engavetamento;2;;;;;1;;;;;4;0;0;0;0
15/05/2015;12:13:00;104;com vítima;255;BR-101/RJ;Sul;Atropelamento de Animal;;;;1;;;;;;;0;1;;;
04/06/2015;01:15:00;11;com vítima;255;BR-101/RJ;Sul;Queda de Moto;;;;1;;;;;;;0;1;;;
21/07/2015;13:59:00;132;sem vítima;255;BR-101/RJ;Sul;Colisão Traseira;1;;1;;;;;;;;5;;;;
23/09/2015;17:05:00;158;sem vítima;255;BR-101/RJ;Norte;Colisão Traseira;;;;1;;;;;;1;8;;;;
03/12/2015;22:40:00;249;sem vítima;255;BR-101/RJ;Sul;Colisão Traseira;;;1;;;1;;;;;2;;;;
21/12/2015;18:21:00;183;com vítima;255;BR-101/RJ;Sul;Colisão Traseira;;;2;;;;;;;;2;;1;;
15/03/2010;20:18:00;194;com vítima;256;BR-101/RJ;Sul;Saida de Pista;1;;;;;;;;;;0;1;;;
24/03/2010;14:26:00;93;com vítima;256;BR-101/RJ;Norte;Colisão Frontal;1;;;;;;;;;1;9;;5;1;
11/04/2010;14:35:00;106;sem vítima;256;BR-101/RJ;Sul;Colisão Traseira;2;;;;;;;;;;3;;;;
21/05/2010;12:20:00;83;com vítima;256;BR-101/RJ;Norte;Colisão Traseira;1;;;1;;;;;;;1;;1;;
11/06/2010;06:33:00;16;sem vítima;256;BR-101/RJ;Norte;Saida de Pista;1;;;;;;;;;;2;;;;
18/06/2010;10:35:00;78;sem vítima;256;BR-101/RJ;Sul;Colisão Traseira;2;;;;;;;;;;4;;;;
25/07/2010;00:29:00;2;com vítima;256;BR-101/RJ;Norte;Queda de Moto;;;;1;;1;;;;;1;;;1;
26/07/2010;01:35:00;14;sem vítima;256;BR-101/RJ;Sul;Atropelamento de Animal;1;;;;;;;;;;3;;;;
04/08/2010;19:12:00;138;com vítima;256;BR-101/RJ;Norte;Colisão Frontal;2;;;;;;;;;;1;2;;;
05/09/2010;18:55:00;144;com vítima;256;BR-101/RJ;Sul;Colisão Traseira;1;;1;;;;;;;;0;1;2;;
07/12/2010;11:07:00;90;com vítima;256,94000244140625;BR-101/RJ;Sul;Colisão Traseira;;;1;;1;;;;;;6;1;;;
19/01/2011;03:56:00;19;sem vítima;256;BR-101/RJ;Norte;Colisão Lateral;1;;1;;;;;;;;8;;;;
11/03/2011;10:48:00;62;sem vítima;65;BR-101/RJ;Sul;Colisão Traseira;1;;1;;;;;;;;4;;;;
13/08/2011;01:12:00;13;com vítima;256,79998779296875;BR-101/RJ;Sul;Colisão Lateral;3;;1;;;;;;;;10;2;1;;
04/10/2011;14:25:00;111;com vítima;256;BR-101/RJ;Sul;Colisão Traseira;1;;;1;;;;;;;2;1;;;
06/11/2011;18:31:00;116;com vítima;256,5;BR-101/RJ;Sul;Colisão Lateral;2;;;;;;;;;;1;;2;;
21/11/2011;09:49:00;78;com vítima;256,79998779296875;BR-101/RJ;Sul;Engavetamento;2;;;;;;;;;1;4;1;;;
15/12/2011;20:22:00;157;sem vítima;256;BR-101/RJ;Norte;Colisão Traseira;2;;;;;;;;;;7;;;;
29/12/2011;13:55:00;109;sem vítima;256,5;BR-101/RJ;Sul;Saida de Pista;;;;;;;;;;1;1;;;;
06/02/2012;18:49:00;161;sem vítima;256;BR-101/RJ;Norte;Tombamento;;;;;;;;;;1;3;;;;
16/02/2012;16:19:00;155;sem vítima;256;BR-101/RJ;Norte;Colisão Traseira;;;1;;;1;;;;;2;;;;
01/04/2012;20:13:00;155;sem vítima;256;BR-101/RJ;Norte;Colisão Lateral;1;;;1;;;;;;;4;;;;
26/05/2012;21:17:00;193;com vítima;256;BR-101/RJ;Norte;Queda de Moto;;;;1;;;;;;;0;;1;;
06/06/2012;11:44:00;94;com vítima;256;BR-101/RJ;Sul;Colisão Traseira;2;;;;;;;;;;1;1;;;
08/06/2012;21:44:00;191;com vítima;256;BR-101/RJ;Norte;Colisão Frontal;2;;;;;1;;;;;1;2;;1;
06/10/2012;19:02:00;169;com vítima;256;BR-101/RJ;Norte;Colisão Frontal;2;;;;;;;;;;4;2;;;
02/11/2012;20:37:00;162;com vítima;256,371;BR-101/RJ;Norte;Atropelamento - Andarilho;;;;;;1;;;;;1;;;;1
04/11/2012;21:52:00;186;com vítima;256,7;BR-101/RJ;Sul;Saida de Pista;1;;;;;;;;;;2;1;1;;
03/02/2013;17:16:00;140;com vítima;256;BR-101/RJ;Norte;Queda de Moto;;;;1;;;;;;;0;2;;;
07/03/2013;16:15:00;161;sem vítima;256;BR-101/RJ;Sul;Colisão Traseira;1;;1;;;;;;;;2;;;;
04/04/2013;16:20:00;126;sem vítima;256;BR-101/RJ;Sul;Saida de Pista;2;;;;;;;;;;7;;;;
20/05/2013;14:51:00;98;com vítima;256,289;BR-101/RJ;Norte;Colisão Frontal;3;;;;;;;;;;0;;2;;1
22/07/2013;03:03:00;8;sem vítima;256,15;BR-101/RJ;Sul;Choque - Defensa, barreira ou "submarino";1;;;;;;;;;;1;;;;
27/07/2013;16:55:00;123;com vítima;256;BR-101/RJ;Norte;Colisão Lateral;1;;;1;;;;;;;3;1;;;
15/08/2013;03:11:00;16;sem vítima;256;BR-101/RJ;Sul;Colisão Traseira;1;;;;;1;;;;;3;;;;
02/10/2013;20:09:00;155;sem vítima;256;BR-101/RJ;Norte;Colisão Transversal;1;;1;;;;;;;;2;;;;
26/10/2013;19:22:00;150;sem vítima;256;BR-101/RJ;Norte;Saida de Pista;2;;;;;1;;;;;3;;;;
26/10/2013;11:51:00;83;com vítima;256,304;BR-101/RJ;Sul;Colisão Frontal;2;;1;;;;;;;;2;;1;1;1
05/11/2013;10:23:00;73;com vítima;256,33;BR-101/RJ;Sul;Colisão Frontal;2;;1;;;;;;;;3;1;1;;
14/11/2013;06:20:00;34;sem vítima;256;BR-101/RJ;Norte;Colisão Traseira;;;2;;;;;;;;2;;;;
04/12/2013;20:30:00;187;com vítima;256;BR-101/RJ;Norte;Colisão Lateral;2;;;;;;;;;;1;2;;;
20/12/2013;20:22:00;191;com vítima;256,831;BR-101/RJ;Sul;Colisão Traseira;1;;1;;;;;;;;1;1;;;
22/12/2013;11:42:00;95;sem vítima;256;BR-101/RJ;Norte;Colisão Transversal;2;;;;;;;;;;4;;;;
30/12/2013;22:59:00;231;com vítima;256,05;BR-101/RJ;Norte;Colisão Frontal;2;;;;;;;;;;4;;2;;
08/02/2014;09:05:00;54;com vítima;256,177;BR-101/RJ;Sul;Colisão Frontal;2;;1;;;;;;;;5;2;2;;
22/02/2014;06:17:00;21;com vítima;256,772;BR-101/RJ;Sul;Colisão Lateral;1;;1;;;;;;;;3;1;;;
23/02/2014;13:05:00;85;sem vítima;256,54;BR-101/RJ;Norte;Saida de Pista;1;;;;;;;;;1;3;;;;
15/03/2014;09:55:00;81;sem vítima;256;BR-101/RJ;Sul;Colisão Traseira;2;;;;;;;;;;5;;;;
23/03/2014;01:20:00;7;com vítima;256,942;BR-101/RJ;Norte;Atropelamento - Sem Informação;;;;;;1;;;;;1;;;;1
18/04/2014;07:00:00;54;sem vítima;256;BR-101/RJ;Norte;Engavetamento;1;;1;;1;;;;;;6;;;;
09/07/2014;03:05:00;11;sem vítima;256;BR-101/RJ;Norte;Saida de Pista;1;;;;;;;;;;2;;;;
22/08/2014;16:56:00;133;sem vítima;256;BR-101/RJ;Norte;Saida de Pista;1;;;;;;;;;;3;;;;
09/11/2014;01:22:00;9;com vítima;256,539;BR-101/RJ;Sul;Colisão Traseira;;;;1;;1;;;;;1;1;1;;
15/11/2014;22:03:00;172;sem vítima;256;BR-101/RJ;Sul;Saida de Pista;1;;;;;;;;;;1;;;;
27/11/2014;21:41:00;160;sem vítima;256;BR-101/RJ;Sul;Colisão Lateral;1;;1;;;;;;;;4;;;;
30/12/2014;17:55:00;133;sem vítima;256,8;BR-101/RJ;Sul;Colisão Transversal;1;;;;;;;;;1;4;;;;
09/01/2015;14:09:00;97;sem vítima;256;BR-101/RJ;Norte;Colisão Traseira;2;;;;;;;;;;2;;;;
21/03/2015;04:10:00;15;sem vítima;256;BR-101/RJ;Sul;Saida de Pista;1;;;;;;;;;;1;0;0;0;0
12/05/2015;21:28:00;177;sem vítima;256;BR-101/RJ;Sul;Colisão Transversal;1;;1;;;;;;;;3;;;;
01/08/2015;12:28:00;87;com vítima;256,3;BR-101/RJ;Sul;Colisão Traseira;2;;;;;;;;;;3;1;;;
01/08/2015;12:28:00;81;com vítima;256,317;BR-101/RJ;Norte;Engavetamento;2;;2;;;;;;;1;7;;1;2;
11/08/2015;20:56:00;219;com vítima;256,6;BR-101/RJ;Sul;Colisão Transversal;1;;;;;;;;;1;0;1;1;;
11/08/2015;22:25:00;226;com vítima;256,6;BR-101/RJ;Norte;Capotamento;1;;;;;;;;;;0;3;;;
02/09/2015;01:51:00;9;sem vítima;256,16;BR-101/RJ;Sul;Choque - Defensa, barreira ou "submarino";;;;;;;;;;1;1;;;;
02/10/2015;18:13:00;194;com vítima;256,4;BR-101/RJ;Sul;Colisão Traseira;;;;1;;;;;;;1;1;;;
23/12/2015;17:08:00;203;com vítima;256;BR-101/RJ;Sul;Colisão Traseira;2;;;;;;;;;;3;1;;;
23/12/2015;17:39:00;213;sem vítima;256;BR-101/RJ;Sul;Colisão Traseira;2;;;;;;;;;;2;;;;
21/03/2010;22:31:00;162;com vítima;257;BR-101/RJ;Sul;Colisão Frontal;1;;1;;;;;;;;3;;;;1
25/04/2010;11:31:00;59;sem vítima;257;BR-101/RJ;Sul;Colisão Traseira;2;;;;;;;;;;3;;;;
10/06/2010;18:13:00;145;com vítima;257;BR-101/RJ;Norte;Saida de Pista;1;;;;;1;;;;;1;3;;;
23/07/2010;11:44:00;75;sem vítima;257;BR-101/RJ;Norte;Saida de Pista;1;;;;;;;;;;3;;;;
26/09/2010;22:40:00;175;com vítima;257;BR-101/RJ;Norte;Atropelamento - Morador;;;;1;;;;;;;0;1;;1;
16/01/2011;06:47:00;33;sem vítima;257;BR-101/RJ;Norte;Saida de Pista;1;;;;;;;;;;2;;;;
21/01/2011;22:02:00;221;sem vítima;257;BR-101/RJ;Sul;Colisão Traseira;1;;1;;;;;;;;2;;;;
17/09/2011;06:41:00;34;com vítima;257,3999938964844;BR-101/RJ;Sul;Colisão Traseira;1;;;;1;;;;;;20;;2;;
21/10/2011;10:09:00;60;sem vítima;257;BR-101/RJ;Sul;Colisão Lateral;2;;1;;;;;;;;3;;;;
05/04/2012;19:04:00;190;com vítima;257;BR-101/RJ;Norte;Atropelamento de Animal;;;;1;;;;;;;0;;1;;
18/05/2012;22:28:00;180;com vítima;257,26;BR-101/RJ;Sul;Saida de Pista;1;;;;;;;;;;0;;1;;
26/05/2012;11:17:00;83;sem vítima;257;BR-101/RJ;Norte;Saida de Pista;1;;;;;;;;;;1;;;;
30/06/2012;05:26:00;31;sem vítima;257;BR-101/RJ;Sul;Colisão Traseira;2;;;;;;;;;;3;;;;
06/09/2012;22:01:00;172;sem vítima;257,997;BR-101/RJ;Norte;Colisão Lateral;1;;;;;1;;;;;4;;;;
15/09/2012;20:48:00;189;com vítima;257,739;BR-101/RJ;Sul;Atropelamento - Morador;;;;;;1;;;;;1;;;;1
27/09/2012;20:44:00;184;com vítima;257;BR-101/RJ;Norte;Saida de Pista;1;;;;;;;;;;1;1;;;
13/12/2012;05:24:00;14;com vítima;257,8;BR-101/RJ;Norte;Colisão Frontal;;;;1;;;;;;1;8;;;;1
24/03/2013;06:03:00;21;com vítima;257,506;BR-101/RJ;Sul;Saida de Pista;;;;;;;;;;1;0;3;;;
07/07/2013;04:13:00;19;sem vítima;257,544;BR-101/RJ;Norte;Saida de Pista;1;;;;;;;;;;2;;;;
30/07/2013;11:53:00;73;sem vítima;257;BR-101/RJ;Norte;Outros - Sequência;2;;;;;;;;;;6;;;;
05/11/2013;20:54:00;156;sem vítima;257;BR-101/RJ;Norte;Saida de Pista;1;;;;;;;;;;1;;;;
06/02/2014;12:23:00;102;sem vítima;257;BR-101/RJ;Norte;Colisão Traseira;2;;;;;;;;;;5;;;;
22/03/2014;02:22:00;15;com vítima;257,203;BR-101/RJ;Norte;Outros - Sequência;1;;;;;;;;;1;2;1;;;
22/03/2014;03:06:00;18;com vítima;257,203;BR-101/RJ;Norte;Outros - Sequência;2;;;;;;;;;;4;1;;;
18/04/2014;06:28:00;47;sem vítima;257;BR-101/RJ;Norte;Colisão Traseira;2;;;;;;;;;;2;;;;
11/05/2014;19:01:00;150;sem vítima;257,32;BR-101/RJ;Sul;Engavetamento;1;;;;;2;;;;;3;;;;
14/05/2014;12:29:00;85;sem vítima;257;BR-101/RJ;Sul;Colisão Traseira;2;;;;;;;;;;2;;;;
24/06/2014;16:49:00;135;com vítima;257,03;BR-101/RJ;Sul;Colisão Transversal;1;;;;;;;;;1;1;1;1;;
13/09/2014;21:49:00;161;com vítima;257,888;BR-101/RJ;Norte;Colisão Transversal;2;;;;;;;;;;1;1;1;;
23/09/2014;06:58:00;23;com vítima;257;BR-101/RJ;Sul;Colisão Transversal;1;;;1;;;;;;;1;1;;;
01/12/2014;06:30:00;23;com vítima;257;BR-101/RJ;Sul;Atropelamento - Morador;;;;1;;;;;;;0;2;;;
07/12/2014;17:59:00;111;com vítima;257;BR-101/RJ;Sul;Saida de Pista;1;;;;;;;;;;0;1;1;;
27/12/2014;20:12:00;154;com vítima;257;BR-101/RJ;Norte;Outros - Sequência;5;;;;;;;;;;12;1;3;;
12/01/2015;18:00:00;162;com vítima;257;BR-101/RJ;Sul;Colisão Frontal;2;;;;;;;;;;0;4;;;
13/01/2015;17:41:00;138;sem vítima;257;BR-101/RJ;Norte;Colisão Traseira;1;;;1;;;;;;;3;;;;
25/01/2015;15:11:00;85;com vítima;257;BR-101/RJ;Sul;Engavetamento;3;;;;;;;;;;7;2;;;
14/04/2015;21:05:00;178;sem vítima;257;BR-101/RJ;Norte;Colisão Traseira;1;;;;;;;;;1;2;;;;
30/04/2015;07:05:00;30;com vítima;257,55;BR-101/RJ;Sul;Queda de Moto;;;;1;;;;;;;0;1;;;
03/10/2015;07:07:00;46;sem vítima;257,796;BR-101/RJ;Sul;Saida de Pista;;;;;;;;;;1;1;;;;
19/11/2015;18:05:00;194;sem vítima;257;BR-101/RJ;Norte;Colisão Lateral;;;1;;;1;;;;;2;;;;
09/02/2010;21:31:00;222;com vítima;258;BR-101/RJ;Sul;Atropelamento - Ciclista;1;1;;;;;;;;;3;;;;1
25/04/2010;11:09:00;54;com vítima;258;BR-101/RJ;Norte;Saida de Pista;1;;;;;;;;;;0;1;1;;
30/04/2010;02:06:00;11;com vítima;258;BR-101/RJ;Sul;Colisão Transversal;1;;1;;;;;;;;1;;1;;
29/05/2010;02:16:00;12;sem vítima;258;BR-101/RJ;Sul;Saida de Pista;;;1;;;;;;;;1;;;;
21/10/2010;13:12:00;104;sem vítima;258;BR-101/RJ;Sul;Saida de Pista;1;;;;;;;;;;4;;;;
09/12/2010;08:02:00;37;sem vítima;258;BR-101/RJ;Norte;Colisão Lateral;1;;;;;;;;;;1;;;;
28/08/2011;10:55:00;52;com vítima;258;BR-101/RJ;Norte;Atropelamento - Morador;1;;;;;;;;;;2;;;;1
04/10/2011;15:22:00;117;sem vítima;258;BR-101/RJ;Sul;Colisão Lateral;;;2;;;;;;;;2;;;;
04/10/2011;11:57:00;78;com vítima;258,8999938964844;BR-101/RJ;Norte;Tombamento;1;;2;;;;;;;;1;2;;1;
10/11/2011;12:34:00;89;sem vítima;258;BR-101/RJ;Norte;Colisão Traseira;;;;;1;;;;;1;3;;;;
25/11/2011;16:39:00;128;sem vítima;258;BR-101/RJ;Norte;Colisão Traseira;;;1;;;1;;;;;2;;;;
05/12/2011;08:05:00;64;sem vítima;258;BR-101/RJ;Sul;Saida de Pista;1;;;;;;;;;;1;;;;
20/12/2011;17:30:00;174;sem vítima;258,5;BR-101/RJ;Norte;Saida de Pista;1;;;;;;;;;;2;;;;
16/02/2012;23:04:00;228;com vítima;258;BR-101/RJ;Sul;Queda de Moto;;;;;;2;;;;;1;1;;;
02/04/2012;20:44:00;184;sem vítima;258,5;BR-101/RJ;Sul;Colisão Transversal;;;;;;1;;;;1;3;;;;
21/04/2012;22:31:00;172;com vítima;258,9;BR-101/RJ;Norte;Colisão Frontal;1;;1;;;;;;;;1;;1;;
01/08/2012;19:02:00;178;sem vítima;258,05;BR-101/RJ;Norte;Colisão Lateral;2;;;;;;;;;;5;;;;