data;horario;n_da_ocorrencia;tipo_de_ocorrencia;km;trecho;sentido;tipo_de_acidente;automovel;bicicleta;caminhao;moto;onibus;outros;tracao_animal;transporte_de_cargas_especiais;trator_maquinas;utilitarios;ilesos;levemente_feridos;moderadamente_feridos;gravemente_feridos;mortos
05/05/2015;11:11:00;102;sem vítima;260,215;BR-101/RJ;Sul;Colisão Traseira;2;;;;;;;;;;7;;;;
11/06/2015;07:09:00;24;sem vítima;260;BR-101/RJ;Norte;Engavetamento;2;;;;;1;;;;;3;;;;
05/07/2015;05:29:00;25;sem vítima;260,6;BR-101/RJ;Norte;Choque - Defensa, barreira ou "submarino";1;;;;;;;;;;3;;;;
27/09/2015;18:33:00;140;com vítima;260,446;BR-101/RJ;Sul;Atropelamento - Morador;1;;;;;;;;;;2;;;;1
21/12/2015;18:08:00;181;sem vítima;260;BR-101/RJ;Norte;Colisão Lateral;2;;;;;;;;;;7;;;;
10/01/2010;22:07:00;246;sem vítima;261;BR-101/RJ;Sul;Colisão Traseira;2;;1;;;;;;;;7;;;;
31/01/2010;20:36:00;192;sem vítima;261;BR-101/RJ;Sul;Tombamento;;;1;;;;;;;;1;;;;
18/02/2010;13:06:00;132;sem vítima;261;BR-101/RJ;Norte;Colisão Traseira;2;;;;;;;;;;6;;;;
22/02/2010;00:45:00;6;sem vítima;261;BR-101/RJ;Sul;Colisão Traseira;1;;1;;;;;;;;4;;;;
11/03/2010;13:00:00;95;sem vítima;261;BR-101/RJ;Norte;Colisão Traseira;1;;1;;;;;;;;2;;;;
12/03/2010;15:42:00;131;sem vítima;261;BR-101/RJ;Sul;Colisão Lateral;2;;;;;;;;;;2;;;;
04/04/2010;14:04:00;105;sem vítima;261;BR-101/RJ;Sul;Engavetamento;3;;;;;;;;;;13;;;;
04/04/2010;18:38:00;191;sem vítima;261;BR-101/RJ;Sul;Engavetamento;4;;;;;;;;;;12;;;;
04/04/2010;19:23:00;212;sem vítima;261;BR-101/RJ;Sul;Engavetamento;3;;;;;;;;;;14;;;;
04/04/2010;11:57:00;71;sem vítima;261,5;BR-101/RJ;Sul;Colisão Traseira;2;;;;;;;;;;3;;;;
07/07/2010;14:39:00;100;sem vítima;261;BR-101/RJ;Sul;Queda de Moto;;;;1;;1;;;;;2;;;;
17/07/2010;08:59:00;76;sem vítima;261;BR-101/RJ;Sul;Saida de Pista;1;;;;;;;;;;4;;;;
21/07/2010;12:03:00;106;sem vítima;261;BR-101/RJ;Sul;Colisão Traseira;;;1;;;1;;;;;3;;;;
04/08/2010;04:20:00;9;com vítima;261;BR-101/RJ;Sul;Colisão Frontal;1;;1;;;;;;;;0;1;;1;
31/08/2010;12:45:00;96;sem vítima;261;BR-101/RJ;Norte;Colisão Lateral;1;;;;;1;;;;;2;;;;
14/10/2010;14:44:00;110;com vítima;261;BR-101/RJ;Sul;Atropelamento - Andarilho;1;;;;;;;;;;1;;1;;
27/10/2010;01:42:00;14;com vítima;261;BR-101/RJ;Sul;Tombamento;;;1;;;;;;;;0;1;;;
29/10/2010;16:58:00;149;sem vítima;261;BR-101/RJ;Norte;Colisão Lateral;1;;1;;;;;;;;4;;;;
01/11/2010;13:54:00;85;sem vítima;261;BR-101/RJ;Norte;Saida de Pista;;;1;;;;;;;;1;;;;
22/12/2010;21:47:00;217;com vítima;261;BR-101/RJ;Sul;Tombamento;;;1;;;;;;;;0;2;;;
26/12/2010;21:54:00;201;sem vítima;261;BR-101/RJ;Norte;Colisão Traseira;2;;;;;;;;;;8;;;;
02/01/2011;18:18:00;164;sem vítima;261;BR-101/RJ;Sul;Colisão Traseira;3;;;;;;;;;;12;;;;
02/01/2011;18:38:00;178;sem vítima;261;BR-101/RJ;Sul;Colisão Traseira;2;;;;;;;;;;5;;;;
31/01/2011;19:01:00;175;sem vítima;261;BR-101/RJ;Sul;Engavetamento;3;;;;;;;;;;3;;;;
11/03/2011;14:44:00;109;sem vítima;224;BR-101/RJ;Sul;Colisão Traseira;2;;;;;;;;;;6;;;;
11/03/2011;18:03:00;141;sem vítima;305;BR-101/RJ;Sul;Colisão Lateral;1;;;1;;;;;;;3;;;;
11/03/2011;22:02:00;164;sem vítima;312;BR-101/RJ;Norte;Colisão Traseira;2;;;;;;;;;;7;;;;
13/05/2011;11:16:00;76;com vítima;261;BR-101/RJ;Norte;Queda de Moto;1;;;1;;;;;;;1;;1;;
18/05/2011;12:33:00;108;com vítima;261;BR-101/RJ;Norte;Queda de Moto;;;;1;;;;;;;0;1;;;
18/05/2011;18:37:00;180;com vítima;261,79998779296875;BR-101/RJ;Sul;Atropelamento - Ciclista;1;1;;;;;;;;;1;;;1;
05/06/2011;11:01:00;53;sem vítima;261;BR-101/RJ;Sul;Saida de Pista;1;;;;;;;;;;1;;;;
28/11/2011;17:31:00;133;sem vítima;261;BR-101/RJ;Sul;Colisão Traseira;;;2;;;;;;;;4;;;;
15/12/2011;15:25:00;104;com vítima;261;BR-101/RJ;Sul;Colisão Traseira;1;;1;;;;;;;;1;1;;;
15/12/2011;16:02:00;111;sem vítima;261;BR-101/RJ;Sul;Colisão Traseira;1;;1;;;;;;;;4;;;;
01/01/2012;17:37:00;129;sem vítima;261;BR-101/RJ;Sul;Colisão Traseira;2;;;;;;;;;;2;;;;
03/01/2012;02:06:00;8;sem vítima;261;BR-101/RJ;Sul;Colisão Traseira;1;;1;;;;;;;;5;;;;
08/01/2012;14:26:00;98;com vítima;261,4;BR-101/RJ;Sul;Saida de Pista;1;;;;;;;;;;1;1;;;
10/01/2012;11:20:00;103;com vítima;261;BR-101/RJ;Sul;Colisão Traseira;1;;;1;;;;;;;1;;1;;
31/01/2012;14:04:00;91;sem vítima;261;BR-101/RJ;Sul;Saida de Pista;1;;;;;;;;;;1;;;;
15/02/2012;15:43:00;124;sem vítima;261;BR-101/RJ;Norte;Tombamento;;;;;;;;;;1;1;;;;
01/03/2012;23:54:00;181;com vítima;261;BR-101/RJ;Norte;Colisão Traseira;;;3;;;;;;;;2;1;;;
30/03/2012;23:31:00;202;sem vítima;261;BR-101/RJ;Norte;Colisão Lateral;2;;;;;;;;;;6;;;;
18/04/2012;16:17:00;94;com vítima;261;BR-101/RJ;Sul;Colisão Transversal;;;;1;1;;;;;;1;;1;;
07/05/2012;09:00:00;62;com vítima;261;BR-101/RJ;Sul;Colisão Lateral;2;;2;;;;;;;;3;1;;;
13/05/2012;21:05:00;181;com vítima;261;BR-101/RJ;Sul;Colisão Traseira;2;;;;;;;;;;7;2;;;
18/05/2012;14:44:00;116;sem vítima;261;BR-101/RJ;Norte;Engavetamento;3;;;;;;;;;;8;;;;
18/07/2012;12:05:00;89;com vítima;261;BR-101/RJ;Sul;Colisão Transversal;;;1;1;;;;;;;1;;;1;
04/08/2012;22:20:00;214;sem vítima;261,495;BR-101/RJ;Sul;Engavetamento;3;;;;;;;;;;6;;;;
18/08/2012;22:25:00;161;com vítima;261,682;BR-101/RJ;Norte;Saida de Pista;1;;;;;;;;;;0;4;;;
23/10/2012;11:44:00;89;sem vítima;261;BR-101/RJ;Norte;Colisão Lateral;1;;1;;;;;;;;4;;;;
09/11/2012;20:44:00;189;sem vítima;261;BR-101/RJ;Sul;Tombamento;;;1;;;;;;;;1;;;;
15/11/2012;10:00:00;57;sem vítima;261;BR-101/RJ;Norte;Colisão Traseira;2;;;;;1;;;;;9;;;;
29/11/2012;09:46:00;73;sem vítima;261;BR-101/RJ;Norte;Colisão Traseira;1;;1;;;;;;;;2;;;;
06/12/2012;23:38:00;237;sem vítima;261,586;BR-101/RJ;Sul;Tombamento;;;1;;;;;;;;1;;;;
04/01/2013;10:46:00;85;sem vítima;261,064;BR-101/RJ;Norte;Choque - Defensa, barreira ou "submarino";1;;;;;;;;;;1;;;;
16/02/2013;23:25:00;269;com vítima;261;BR-101/RJ;Sul;Atropelamento - Ciclista;1;1;;;;;;;;;1;2;;;
08/03/2013;14:28:00;119;com vítima;261,8;BR-101/RJ;Sul;Saida de Pista;1;;;;;;;;;;1;1;;;
27/03/2013;11:04:00;78;sem vítima;261,45;BR-101/RJ;Norte;Colisão Lateral;1;;1;;;;;;;;4;;;;
30/03/2013;10:18:00;61;com vítima;261,3;BR-101/RJ;Sul;Colisão Transversal;1;;1;;;;;;;;2;3;;;
26/04/2013;00:48:00;11;sem vítima;261,5;BR-101/RJ;Sul;Saida de Pista;1;;;;;;;;;;2;;;;
27/04/2013;09:11:00;58;com vítima;261,76;BR-101/RJ;Sul;Atropelamento - Morador;;;;1;;;;;;;1;;;1;
27/04/2013;08:54:00;55;sem vítima;261,805;BR-101/RJ;Norte;Choque - Defensa, barreira ou "submarino";1;;;;;;;;;;2;;;;
29/04/2013;18:26:00;138;sem vítima;261,555;BR-101/RJ;Sul;Saida de Pista;1;;;;;;;;;;2;;;;
11/05/2013;12:40:00;94;com vítima;261,6;BR-101/RJ;Norte;Colisão Traseira;1;;2;;;;;;;;6;;1;;
29/05/2013;19:21:00;158;com vítima;261;BR-101/RJ;Sul;Atropelamento - Morador;1;;;;;;;;;;3;1;;;
13/06/2013;06:34:00;23;sem vítima;261,56;BR-101/RJ;Norte;Colisão Lateral;1;;1;;;;;;;;2;;;;
28/07/2013;04:03:00;25;com vítima;261,591;BR-101/RJ;Sul;Capotamento;1;;;;;;;;;;0;1;;;
30/07/2013;17:49:00;125;sem vítima;261;BR-101/RJ;Sul;Colisão Traseira;2;;;;;;;;;;2;;;;
20/09/2013;21:46:00;196;sem vítima;261,64;BR-101/RJ;Sul;Colisão Lateral;;;2;;;;;;;;3;;;;
09/10/2013;13:55:00;111;com vítima;261,113;BR-101/RJ;Norte;Queda de Moto;;;;1;;;;;;;0;;;1;
01/12/2013;08:08:00;43;sem vítima;261;BR-101/RJ;Norte;Saida de Pista;1;;;;;;;;;;1;;;;
25/12/2013;17:37:00;137;com vítima;261,51;BR-101/RJ;Norte;Colisão Frontal;2;;;;;;;;;;2;3;;;
07/01/2014;23:52:00;195;com vítima;261,81;BR-101/RJ;Sul;Choque - Outros;;;1;;;;;;;;0;1;1;;
17/02/2014;12:33:00;91;sem vítima;261,86;BR-101/RJ;Norte;Engavetamento;2;;;;;1;;;;;4;;;;
09/03/2014;02:00:00;17;com vítima;261,125;BR-101/RJ;Sul;Saida de Pista;1;;;;;;;;;;0;;1;;1
18/03/2014;05:07:00;14;sem vítima;261,876;BR-101/RJ;Sul;Colisão Lateral;1;;;;;;;;;1;5;;;;
26/03/2014;17:57:00;164;sem vítima;261;BR-101/RJ;Sul;Choque - Suporte de Sinalização;1;;;;;;;;;;3;;;;
27/03/2014;12:28:00;104;com vítima;261;BR-101/RJ;Norte;Saida de Pista;;;1;;;;;;;;0;1;;;
30/03/2014;17:28:00;149;sem vítima;261,6;BR-101/RJ;Sul;Saida de Pista;;;;1;;;;;;;2;;;;
15/06/2014;01:29:00;8;com vítima;261,417;BR-101/RJ;Sul;Saida de Pista;1;;;;;;;;;;0;1;2;;
23/06/2014;18:16:00;136;com vítima;261,83;BR-101/RJ;Sul;Colisão Traseira;1;;;1;;;;;;;1;1;;;
26/07/2014;09:43:00;42;com vítima;261;BR-101/RJ;Norte;Tombamento;;;;;;;;;;1;1;1;;;
14/09/2014;09:31:00;52;sem vítima;261,8;BR-101/RJ;Sul;Colisão Traseira;2;;;;;;;;;;7;;;;
05/10/2014;10:54:00;51;sem vítima;261,741;BR-101/RJ;Norte;Colisão Lateral;2;;;;;;;;;;5;;;;
13/10/2014;18:27:00;194;com vítima;261,665;BR-101/RJ;Sul;Capotamento;1;;;;;;;;;;0;;1;;
08/11/2014;19:05:00;158;com vítima;261,707;BR-101/RJ;Sul;Colisão Traseira;2;;;;;;;;;;1;2;;;
22/11/2014;14:16:00;70;com vítima;261;BR-101/RJ;Norte;Queda de Moto;;;;1;;;;;;;0;;1;;
26/02/2015;18:23:00;135;sem vítima;261;BR-101/RJ;Sul;Saida de Pista;;;;;;;;;;1;1;;;;
15/03/2015;16:48:00;102;sem vítima;261,9;BR-101/RJ;Sul;Choque - Defensa, barreira ou "submarino";1;;;;;;;;;;1;0;0;0;0
23/03/2015;09:16:00;77;sem vítima;261;BR-101/RJ;Sul;Colisão Lateral;1;;;1;;;;;;;3;0;0;0;0
04/05/2015;23:50:00;224;com vítima;261;BR-101/RJ;Norte;Colisão Frontal;1;;;;;;;;;1;1;5;;;
08/05/2015;11:19:00;87;sem vítima;261;BR-101/RJ;Norte;Saida de Pista;;;;;;;;;;1;2;;;;
17/05/2015;22:00:00;132;com vítima;261;BR-101/RJ;Norte;Colisão Frontal;;;;2;;;;;;;0;;1;1;
13/06/2015;04:55:00;32;sem vítima;261,325;BR-101/RJ;Norte;Colisão Frontal;2;;;;;;;;;;2;;;;
04/10/2015;16:35:00;107;com vítima;261;BR-101/RJ;Norte;Capotamento;1;;;;;;;;;;0;;;1;
08/11/2015;06:04:00;40;com vítima;261,543;BR-101/RJ;Sul;Choque - Outros;1;;;;;;;;;;0;;1;;1
07/12/2015;06:45:00;41;sem vítima;261;BR-101/RJ;Norte;Saida de Pista;1;;;;;;;;;;1;;;;
19/12/2015;18:47:00;230;sem vítima;261;BR-101/RJ;Norte;Colisão Traseira;1;;1;;;;;;;;2;;;;
13/01/2010;17:55:00;143;sem vítima;262;BR-101/RJ;Norte;Colisão Lateral;1;;1;;;;;;;;7;;;;
08/02/2010;18:16:00;217;sem vítima;262;BR-101/RJ;Sul;Colisão Traseira;1;;;1;;;;;;;3;;;;
08/02/2010;21:00:00;245;sem vítima;262;BR-101/RJ;Norte;Choque - Veiculo parado na pista;2;;;;;;;;;;4;;;;
11/02/2010;22:59:00;247;com vítima;262;BR-101/RJ;Norte;Queda de Moto;;;;1;;;;;;;0;;1;;
13/02/2010;15:44:00;318;com vítima;262;BR-101/RJ;Norte;Queda de Moto;;;;1;;1;;;;;1;1;1;;
20/02/2010;15:37:00;121;sem vítima;262;BR-101/RJ;Sul;Colisão Traseira;2;;;;;1;;;;;10;;;;
04/03/2010;08:27:00;59;sem vítima;262;BR-101/RJ;Norte;Colisão Lateral;1;;1;;;;;;;;2;;;;
21/03/2010;18:44:00;118;sem vítima;262;BR-101/RJ;Norte;Colisão Lateral;2;;;;;;;;;;2;;;;
28/03/2010;13:59:00;78;sem vítima;262;BR-101/RJ;Norte;Colisão Traseira;1;;1;;;;;;;;4;;;;
04/04/2010;12:24:00;84;sem vítima;262;BR-101/RJ;Sul;Colisão Traseira;2;;;;;;;;;;8;;;;
11/04/2010;19:22:00;140;com vítima;262;BR-101/RJ;Sul;Atropelamento - Andarilho;1;;;;;;;;;;2;1;;;
09/05/2010;01:37:00;12;sem vítima;262;BR-101/RJ;Sul;Choque - Defensa, barreira ou "submarino";1;;;;;;;;;;1;;;;
01/06/2010;16:19:00;119;sem vítima;262;BR-101/RJ;Sul;Choque - Defensa, barreira ou "submarino";1;;;;;;;;;;1;;;;
10/06/2010;05:29:00;21;com vítima;262,5;BR-101/RJ;Sul;Choque - Defensa, barreira ou "submarino";1;;;;;;;;;;0;1;;;
15/06/2010;20:12:00;135;com vítima;262;BR-101/RJ;Norte;Queda de Moto;;;;1;;;;;;;0;;;1;
11/07/2010;07:47:00;39;com vítima;262;BR-101/RJ;Sul;Choque - Defensa, barreira ou "submarino";1;;;;;;;;;;0;1;1;;
01/09/2010;16:48:00;120;sem vítima;262;BR-101/RJ;Norte;Colisão Traseira;2;;;;;;;;;;2;;;;
04/09/2010;17:49:00;222;com vítima;262;BR-101/RJ;Norte;Queda de Moto;;;;1;;;;;;;0;;1;;
05/09/2010;07:31:00;37;sem vítima;262;BR-101/RJ;Norte;Saida de Pista;1;;;;;;;;;;2;;;;
12/10/2010;04:01:00;18;sem vítima;262;BR-101/RJ;Sul;Capotamento;1;;;;;;;;;;1;;;;
07/11/2010;19:22:00;153;com vítima;262;BR-101/RJ;Norte;Atropelamento - Ciclista;;1;1;;;;;;;;1;;1;;
15/11/2010;03:23:00;8;com vítima;262;BR-101/RJ;Sul;Tombamento;;;1;;;;;;;;0;1;;;
05/12/2010;23:34:00;208;sem vítima;262;BR-101/RJ;Norte;Saida de Pista;1;;;;;;;;;;1;;;;
06/12/2010;17:49:00;184;com vítima;262;BR-101/RJ;Norte;Queda de Moto;;;;1;;;;;;;0;1;;;
02/01/2011;16:05:00;129;sem vítima;262;BR-101/RJ;Sul;Engavetamento;3;;;;;;;;;;11;;;;
03/01/2011;14:55:00;186;sem vítima;262;BR-101/RJ;Sul;Colisão Lateral;2;;1;;;;;;;;5;;;;
14/01/2011;17:35:00;157;com vítima;262;BR-101/RJ;Norte;Choque - Defensa, barreira ou "submarino";1;;;;;;;;;;0;;1;2;
14/01/2011;17:45:00;159;sem vítima;262;BR-101/RJ;Sul;Colisão Traseira;2;;;;;;;;;;3;;;;
18/01/2011;06:29:00;19;sem vítima;262;BR-101/RJ;Sul;Colisão Lateral;1;;1;;;;;;;;2;;;;
22/01/2011;15:12:00;135;sem vítima;262;BR-101/RJ;Norte;Capotamento;1;;;;;;;;;;2;;;;
31/01/2011;18:01:00;169;sem vítima;262;BR-101/RJ;Sul;Colisão Traseira;1;;;;1;1;;;;;5;;;;
31/01/2011;18:42:00;173;sem vítima;262;BR-101/RJ;Sul;Colisão Lateral;1;;1;;;;;;;;3;;;;
01/02/2011;08:49:00;52;com vítima;262;BR-101/RJ;Norte;Tombamento;;;1;;;;;;;;0;;1;;
07/02/2011;15:53:00;142;sem vítima;262;BR-101/RJ;Norte;Colisão Lateral;1;;1;;;;;;;;2;;;;
19/02/2011;01:21:00;9;sem vítima;262;BR-101/RJ;Norte;Colisão Lateral;1;;;;;;;;;;2;;;;
28/02/2011;19:00:00;192;sem vítima;262;BR-101/RJ;Sul;Saida de Pista;1;;;;;;;;;;2;;;;
11/03/2011;23:43:00;174;sem vítima;285;BR-101/RJ;Norte;Saida de Pista;1;;;;;;;;;;1;;;;
12/03/2011;01:20:00;3;sem vítima;145;BR-101/RJ;Sul;Saida de Pista;1;;;;;;;;;;1;;;;
12/03/2011;02:54:00;9;com vítima;244;BR-101/RJ;Norte;Colisão Lateral;;;;1;;1;;;;;1;;1;;
30/05/2011;07:37:00;38;sem vítima;262;BR-101/RJ;Sul;Colisão Lateral;1;;1;;;;;;;;2;;;;
07/08/2011;15:31:00;114;com vítima;262,70098876953125;BR-101/RJ;Sul;Saida de Pista;1;;;;;;;;;;0;1;;;
10/08/2011;21:35:00;163;sem vítima;262;BR-101/RJ;Norte;Choque - Outros;1;;;;;;;;;;1;;;;
29/09/2011;21:01:00;152;sem vítima;262;BR-101/RJ;Sul;Colisão Traseira;1;;;1;;;;;;;4;;;;
30/09/2011;13:03:00;108;com vítima;262;BR-101/RJ;Sul;Colisão Lateral;1;;;1;;;;;;;3;1;;;
05/10/2011;15:31:00;109;sem vítima;262;BR-101/RJ;Sul;Colisão Lateral;1;;1;;;;;;;;5;;;;
20/10/2011;16:42:00;140;sem vítima;262;BR-101/RJ;Norte;Colisão Lateral;1;;1;;;;;;;;2;;;;
29/10/2011;00:01:00;1;com vítima;262;BR-101/RJ;Norte;Queda de Moto;;;;1;;;;;;;0;1;;;
02/11/2011;15:23:00;75;sem vítima;262;BR-101/RJ;Norte;Saida de Pista;1;;;;;;;;;;4;;;;
28/11/2011;14:53:00;112;sem vítima;262;BR-101/RJ;Norte;Colisão Traseira;;;;;;;;;;2;2;;;;
19/12/2011;09:55:00;86;sem vítima;262;BR-101/RJ;Norte;Saida de Pista;1;;;;;;;;;;1;;;;
26/12/2011;22:12:00;204;sem vítima;262;BR-101/RJ;Norte;Saida de Pista;1;;;;;;;;;;3;;;;
02/01/2012;11:59:00;100;com vítima;262;BR-101/RJ;Sul;Colisão Traseira;2;;;;;;;;;;5;1;;;
13/01/2012;13:00:00;101;com vítima;262;BR-101/RJ;Norte;Tombamento;;;1;;;;;;;;2;;1;;
16/01/2012;17:02:00;159;sem vítima;262,8;BR-101/RJ;Sul;Colisão Traseira;;;1;;1;;;;;;2;;;;
21/01/2012;19:00:00;153;com vítima;262;BR-101/RJ;Sul;Colisão Traseira;1;;;1;;;;;;;1;1;1;;
23/01/2012;19:01:00;207;sem vítima;262;BR-101/RJ;Sul;Colisão Traseira;2;;;;;;;;;;2;;;;
28/01/2012;07:27:00;48;sem vítima;262;BR-101/RJ;Sul;Colisão Lateral;2;;;;;;;;;;2;;;;
16/02/2012;10:01:00;74;sem vítima;262;BR-101/RJ;Sul;Colisão Lateral;1;;1;;;;;;;;3;;;;
22/02/2012;11:28:00;70;sem vítima;262;BR-101/RJ;Sul;Engavetamento;3;;;;;;;;;;4;;;;
12/03/2012;11:25:00;90;sem vítima;262;BR-101/RJ;Sul;Saida de Pista;1;;;;;;;;;;2;;;;
09/04/2012;15:55:00;140;sem vítima;262;BR-101/RJ;Norte;Saida de Pista;1;;;;;;;;;;1;;;;
23/04/2012;08:01:00;38;com vítima;262;BR-101/RJ;Sul;Colisão Traseira;;;1;;;;;;;1;1;1;;;
26/05/2012;19:51:00;175;sem vítima;262;BR-101/RJ;Sul;Saida de Pista;1;;;;;;;;;;1;;;;
06/06/2012;12:30:00;101;sem vítima;262;BR-101/RJ;Norte;Outros - Sequência;2;;;;;;;;;;4;;;;
11/06/2012;10:22:00;86;com vítima;262;BR-101/RJ;Norte;Queda de Moto;;;;1;;;;;;;0;1;;;
20/06/2012;11:01:00;83;sem vítima;262,3;BR-101/RJ;Norte;Colisão Traseira;3;;;;;;;;;;8;;;;
09/07/2012;18:23:00;159;com vítima;262,8;BR-101/RJ;Norte;Choque - Defensa, barreira ou "submarino";1;;;;;;;;;;0;1;1;;
29/07/2012;18:53:00;168;com vítima;262,398;BR-101/RJ;Sul;Engavetamento;9;;;;;;;;;;23;1;1;;
02/08/2012;02:25:00;18;sem vítima;262,75;BR-101/RJ;Norte;Choque - Defensa, barreira ou "submarino";;;1;;;;;;;;1;;;;
05/08/2012;18:19:00;155;sem vítima;262;BR-101/RJ;Sul;Colisão Traseira;2;;;;;;;;;;6;;;;
05/08/2012;09:57:00;44;sem vítima;262,3;BR-101/RJ;Norte;Colisão Lateral;;;2;;;;;;;;2;;;;
05/08/2012;17:24:00;134;sem vítima;262,478;BR-101/RJ;Sul;Colisão Traseira;2;;;;;;;;;;6;;;;
05/08/2012;18:07:00;143;sem vítima;262,5;BR-101/RJ;Sul;Engavetamento;2;;;;;1;;;;;3;;;;
21/09/2012;23:31:00;204;sem vítima;262,5;BR-101/RJ;Sul;Saida de Pista;1;;;;;;;;;;3;;;;
28/09/2012;08:56:00;59;sem vítima;262;BR-101/RJ;Norte;Colisão Lateral;1;;1;;;;;;;;3;;;;
04/10/2012;20:38:00;193;sem vítima;262;BR-101/RJ;Sul;Colisão Lateral;2;;;;;;;;;;3;;;;
13/10/2012;08:31:00;36;sem vítima;262;BR-101/RJ;Norte;Colisão Lateral;;;2;;;;;;;;3;;;;
30/10/2012;17:24:00;166;sem vítima;262,495;BR-101/RJ;Norte;Colisão Traseira;1;;;;;1;;;;;2;;;;
11/11/2012;16:13:00;124;sem vítima;262;BR-101/RJ;Sul;Saida de Pista;1;;;;;;;;;;1;;;;
28/11/2012;17:22:00;147;sem vítima;262;BR-101/RJ;Sul;Colisão Lateral;1;;1;;;;;;;;2;;;;
01/12/2012;08:56:00;53;com vítima;262;BR-101/RJ;Norte;Queda de Moto;;;;1;;;;;;;0;;2;;
01/12/2012;21:34:00;175;sem vítima;262;BR-101/RJ;Sul;Outros;;1;;;;;;;;;1;;;;
02/12/2012;04:57:00;24;com vítima;262;BR-101/RJ;Sul;Queda de Moto;;;;1;;;;;;;0;;1;;
09/12/2012;10:18:00;65;sem vítima;262;BR-101/RJ;Norte;Capotamento;1;;;;;;;;;;7;;;;
17/12/2012;06:29:00;27;com vítima;262,8;BR-101/RJ;Sul;Choque - Defensa, barreira ou "submarino";;;;1;;;;;;;0;1;;;
23/12/2012;14:18:00;119;com vítima;262,3;BR-101/RJ;Sul;Saida de Pista;1;;;;;;;;;;1;3;;;
29/12/2012;07:00:00;40;com vítima;262;BR-101/RJ;Sul;Saida de Pista;1;;;;;;;;;;0;;1;;
02/01/2013;11:34:00;77;sem vítima;262;BR-101/RJ;Sul;Engavetamento;3;;;;;;;;;;7;;;;
02/01/2013;21:33:00;217;sem vítima;262;BR-101/RJ;Sul;Saida de Pista;1;;;;;;;;;;1;;;;
04/01/2013;17:13:00;147;sem vítima;262;BR-101/RJ;Sul;Colisão Lateral;1;;1;;;;;;;;2;;;;
10/01/2013;06:53:00;35;sem vítima;262;BR-101/RJ;Norte;Colisão Traseira;;;2;;;;;;;;2;;;;
10/01/2013;07:36:00;42;sem vítima;262;BR-101/RJ;Sul;Colisão Lateral;;;;;;2;;;;;2;;;;
19/01/2013;16:14:00;150;com vítima;262;BR-101/RJ;Sul;Atropelamento - Ciclista;;1;;1;;;;;;;1;1;1;;
20/01/2013;19:42:00;168;com vítima;262;BR-101/RJ;Sul;Engavetamento;6;;;;;;;;;;18;1;;;
05/02/2013;15:09:00;105;sem vítima;262;BR-101/RJ;Norte;Saida de Pista;1;;;;;;;;;;1;;;;
13/02/2013;20:08:00;248;com vítima;262;BR-101/RJ;Sul;Engavetamento;3;;;;;;;;;;13;1;;;
13/02/2013;23:41:00;285;sem vítima;262;BR-101/RJ;Sul;Colisão Traseira;1;;;;;1;;;;;4;;;;
03/03/2013;13:49:00;86;sem vítima;262,8;BR-101/RJ;Norte;Colisão Frontal;2;;;;;;;;;;6;;;;
04/04/2013;09:05:00;55;sem vítima;262,5;BR-101/RJ;Norte;Saida de Pista;1;;;;;;;;;;2;;;;
26/05/2013;01:49:00;15;com vítima;262;BR-101/RJ;Norte;Choque - Defensa, barreira ou "submarino";1;;;;;;;;;;0;1;;;
02/06/2013;12:27:00;80;sem vítima;262;BR-101/RJ;Sul;Colisão Traseira;2;;;;;;;;;;5;;;;
04/06/2013;00:57:00;2;sem vítima;262,525;BR-101/RJ;Norte;Colisão Traseira;2;;;;;;;;;;4;;;;
07/06/2013;21:41:00;189;sem vítima;262;BR-101/RJ;Norte;Choque - Defensa, barreira ou "submarino";1;;;;;1;;;;;5;;;;
15/06/2013;15:03:00;119;sem vítima;262;BR-101/RJ;Norte;Choque - Defensa, barreira ou "submarino";1;;;;;;;;;;4;;;;
22/06/2013;08:12:00;47;com vítima;262;BR-101/RJ;Sul;Colisão Traseira;2;;;;;;;;;;2;1;1;;
25/06/2013;07:46:00;34;sem vítima;262;BR-101/RJ;Sul;Saida de Pista;1;;;;;;;;;;3;;;;
02/07/2013;08:02:00;27;sem vítima;262;BR-101/RJ;Sul;Saida de Pista;1;;;;;;;;;;1;;;;
15/07/2013;16:34:00;144;sem vítima;262;BR-101/RJ;Norte;Colisão Traseira;2;;;;;;;;;;6;;;;
15/07/2013;02:38:00;18;sem vítima;262,491;BR-101/RJ;Sul;Saida de Pista;1;;;;;;;;;;4;;;;
16/07/2013;11:08:00;82;sem vítima;262;BR-101/RJ;Sul;Saida de Pista;1;;;;;;;;;;4;;;;
04/08/2013;21:52:00;211;com vítima;262;BR-101/RJ;Sul;Capotamento;1;;;;;;;;;;0;1;;;
08/08/2013;22:04:00;183;com vítima;262;BR-101/RJ;Norte;Saida de Pista;1;;;;;;;;;;0;1;;;
14/08/2013;11:31:00;92;sem vítima;262;BR-101/RJ;Norte;Engavetamento;2;;1;;;;;;;;5;;;;
24/08/2013;09:53:00;76;sem vítima;262,2;BR-101/RJ;Norte;Queda de Moto;;;;1;;;;;;;1;;;;
10/09/2013;08:49:00;57;sem vítima;262,5;BR-101/RJ;Norte;Colisão Traseira;2;;;1;;;;;;;3;;;;
10/09/2013;10:16:00;80;sem vítima;262,8;BR-101/RJ;Norte;Colisão Traseira;2;;;;;;;;;;3;;;;
15/09/2013;07:26:00;33;com vítima;262;BR-101/RJ;Norte;Saida de Pista;1;;;;;;;;;;0;2;;;
30/09/2013;16:57:00;110;sem vítima;262;BR-101/RJ;Norte;Colisão Traseira;1;;;;;1;;;;;5;;;;
04/10/2013;08:13:00;46;sem vítima;262;BR-101/RJ;Norte;Colisão Traseira;2;;;;;;;;;;2;;;;