data;horario;n_da_ocorrencia;tipo_de_ocorrencia;km;trecho;sentido;tipo_de_acidente;automovel;bicicleta;caminhao;moto;onibus;outros;tracao_animal;transporte_de_cargas_especiais;trator_maquinas;utilitarios;ilesos;levemente_feridos;moderadamente_feridos;gravemente_feridos;mortos
07/10/2013;10:17:00;59;com vítima;262,093;BR-101/RJ;Norte;Engavetamento;4;;1;;;;;;;;10;1;;;
07/10/2013;10:29:00;61;sem vítima;262,133;BR-101/RJ;Norte;Colisão Traseira;1;;1;;;;;;;;3;;;;
13/10/2013;18:35:00;154;sem vítima;262;BR-101/RJ;Sul;Colisão Traseira;2;;;;;;;;;;4;;;;
16/10/2013;18:52:00;148;com vítima;262;BR-101/RJ;Sul;Saida de Pista;1;;;;;;;;;;2;1;;;
16/10/2013;14:54:00;116;sem vítima;262,308;BR-101/RJ;Sul;Colisão Traseira;2;;;;;;;;;;3;;;;
16/10/2013;15:01:00;119;sem vítima;262,355;BR-101/RJ;Sul;Engavetamento;2;;1;;;;;;;;5;;;;
16/10/2013;15:01:00;122;sem vítima;262,363;BR-101/RJ;Sul;Choque - Defensa, barreira ou "submarino";1;;;;;;;;;;2;;;;
19/10/2013;00:28:00;2;sem vítima;262;BR-101/RJ;Sul;Saida de Pista;1;;;;;;;;;;2;;;;
26/10/2013;07:46:00;39;com vítima;262,36;BR-101/RJ;Sul;Saida de Pista;1;;;;;;;;;;0;1;;;
02/11/2013;18:45:00;172;sem vítima;262,054;BR-101/RJ;Norte;Capotamento;1;;;;;;;;;;2;;;;
02/11/2013;22:11:00;188;sem vítima;262,477;BR-101/RJ;Sul;Colisão Lateral;1;;;;;1;;;;;4;;;;
14/11/2013;15:01:00;120;com vítima;262;BR-101/RJ;Norte;Queda de Moto;;;;1;;;;;;;0;;1;;
22/11/2013;18:22:00;165;com vítima;262;BR-101/RJ;Sul;Colisão Lateral;2;;;;;;;;;;1;1;;;
23/11/2013;01:45:00;8;com vítima;262;BR-101/RJ;Sul;Saida de Pista;1;;;;;;;;;;3;2;;;
24/12/2013;11:25:00;88;sem vítima;262,5;BR-101/RJ;Norte;Saida de Pista;1;;;;;;;;;;1;;;;
03/01/2014;23:23:00;262;com vítima;262;BR-101/RJ;Sul;Queda de Moto;;;;1;;;;;;;0;1;;;
07/01/2014;17:16:00;142;com vítima;262,057;BR-101/RJ;Norte;Colisão Frontal;2;;;;;;;;;;0;1;2;;
17/01/2014;13:43:00;100;sem vítima;262;BR-101/RJ;Norte;Choque - Defensa, barreira ou "submarino";1;;;;;;;;;;1;;;;
19/01/2014;10:44:00;70;sem vítima;262,147;BR-101/RJ;Norte;Saida de Pista;1;;;;;;;;;;1;;;;
26/01/2014;20:19:00;172;sem vítima;262;BR-101/RJ;Sul;Colisão Traseira;1;;;;;1;;;;;6;;;;
26/01/2014;09:34:00;51;sem vítima;262,035;BR-101/RJ;Sul;Colisão Traseira;;;;1;1;;;;;;2;;;;
26/01/2014;19:51:00;167;sem vítima;262,363;BR-101/RJ;Sul;Engavetamento;2;;;;;1;;;;;8;;;;
02/02/2014;20:51:00;205;sem vítima;262;BR-101/RJ;Sul;Engavetamento;2;;;;;1;;;;;3;;;;
02/02/2014;21:12:00;208;sem vítima;262;BR-101/RJ;Sul;Engavetamento;4;;;;;;;;;;16;;;;
09/02/2014;22:24:00;196;sem vítima;262,573;BR-101/RJ;Sul;Colisão Traseira;2;;;;;;;;;;6;;;;
15/02/2014;08:41:00;63;sem vítima;262;BR-101/RJ;Norte;Choque - Defensa, barreira ou "submarino";1;;;;;;;;;;2;;;;
15/02/2014;16:39:00;152;com vítima;262,105;BR-101/RJ;Norte;Choque - Defensa, barreira ou "submarino";;;1;;;;;;;;0;1;;;
16/02/2014;20:14:00;161;sem vítima;262;BR-101/RJ;Sul;Colisão Traseira;2;;;;;;;;;;5;;;;
27/02/2014;17:21:00;185;sem vítima;262,044;BR-101/RJ;Sul;Colisão Lateral;1;;1;;;;;;;;2;;;;
04/03/2014;21:35:00;185;sem vítima;262;BR-101/RJ;Sul;Colisão Traseira;1;;;;;1;;;;;6;;;;
05/03/2014;21:28:00;215;com vítima;262;BR-101/RJ;Sul;Engavetamento;3;;;;;;;;;;3;2;;;
06/03/2014;01:27:00;15;sem vítima;262;BR-101/RJ;Sul;Saida de Pista;1;;;;;;;;;;2;;;;
08/03/2014;12:28:00;86;sem vítima;262;BR-101/RJ;Sul;Engavetamento;3;;;;;;;;;;6;;;;
11/03/2014;06:10:00;18;com vítima;262;BR-101/RJ;Norte;Queda de Moto;;;;1;;;;;;;0;;;1;
11/03/2014;06:36:00;22;sem vítima;262;BR-101/RJ;Norte;Engavetamento;3;;;;;;;;;;4;;;;
20/03/2014;04:49:00;20;sem vítima;262,102;BR-101/RJ;Norte;Colisão Lateral;;;3;;;;;;;;4;;;;
22/03/2014;01:34:00;12;sem vítima;262,528;BR-101/RJ;Sul;Colisão Lateral;;;2;;;;;;;;2;;;;
26/03/2014;11:40:00;91;com vítima;262;BR-101/RJ;Sul;Saida de Pista;1;;;;;;;;;;0;1;1;;
08/04/2014;02:57:00;10;sem vítima;262,5;BR-101/RJ;Norte;Choque - Defensa, barreira ou "submarino";;;1;;;;;;;;1;;;;
14/04/2014;17:28:00;139;sem vítima;262;BR-101/RJ;Sul;Saida de Pista;1;;;;;;;;;;3;;;;
21/04/2014;20:39:00;166;sem vítima;262,499;BR-101/RJ;Sul;Engavetamento;3;;;;;;;;;;9;;;;
28/04/2014;21:15:00;152;sem vítima;262,778;BR-101/RJ;Sul;Choque - Defensa, barreira ou "submarino";;;1;;;;;;;;2;;;;
01/05/2014;07:48:00;32;com vítima;262;BR-101/RJ;Sul;Colisão Frontal;;;;1;1;;;;;;1;;;1;
11/05/2014;15:55:00;109;com vítima;262,255;BR-101/RJ;Sul;Saida de Pista;1;;;;;;;;;;0;5;;;
21/05/2014;04:58:00;12;sem vítima;262,32;BR-101/RJ;Sul;Tombamento;;;;;;;;;;1;4;;;;
25/05/2014;09:39:00;68;com vítima;262,4;BR-101/RJ;Norte;Colisão Traseira;1;;;;;;;;;1;3;1;;;
28/05/2014;21:11:00;165;sem vítima;262;BR-101/RJ;Norte;Saida de Pista;1;;;;;;;;;;1;;;;
06/06/2014;20:20:00;182;sem vítima;262;BR-101/RJ;Norte;Colisão Traseira;2;;;;;;;;;;4;;;;
06/06/2014;20:49:00;190;sem vítima;262;BR-101/RJ;Norte;Colisão Traseira;2;;;;;;;;;;2;;;;
15/06/2014;08:35:00;40;sem vítima;262;BR-101/RJ;Norte;Colisão Lateral;1;;1;;;;;;;;2;;;;
21/06/2014;09:56:00;39;com vítima;262;BR-101/RJ;Norte;Capotamento;1;;;;;;;;;;1;;1;;
03/07/2014;17:28:00;146;com vítima;262,3;BR-101/RJ;Sul;Colisão Lateral;1;;;1;;;;;;;5;;1;;
15/07/2014;19:30:00;141;com vítima;262,1;BR-101/RJ;Norte;Capotamento;1;;;;;;;;;;0;1;;;
25/07/2014;16:31:00;136;sem vítima;262,023;BR-101/RJ;Norte;Choque - Defensa, barreira ou "submarino";1;;;;;;;;;;3;;;;
26/07/2014;18:45:00;109;sem vítima;262;BR-101/RJ;Norte;Colisão Traseira;2;;;;;;;;;;6;;;;
26/07/2014;18:36:00;107;sem vítima;262,9;BR-101/RJ;Norte;Choque - Defensa, barreira ou "submarino";;;1;;;;;;;;1;;;;
07/08/2014;12:04:00;95;com vítima;262;BR-101/RJ;Norte;Colisão Frontal;1;;1;;;;;;;;1;;;1;
09/08/2014;04:22:00;27;sem vítima;262,5;BR-101/RJ;Sul;Saida de Pista;1;;;;;;;;;;1;;;;
12/08/2014;14:18:00;115;com vítima;262,156;BR-101/RJ;Norte;Queda de Moto;;;;1;;1;;;;;1;1;;;
27/08/2014;17:22:00;125;com vítima;262;BR-101/RJ;Norte;Colisão Transversal;2;;;;;;;;;;4;1;;;
30/08/2014;07:02:00;22;com vítima;262,881;BR-101/RJ;Sul;Colisão Lateral;2;;;;;;;;;;1;2;;;
01/09/2014;01:40:00;6;com vítima;262,8;BR-101/RJ;Norte;Choque - Defensa, barreira ou "submarino";1;;;;;;;;;;0;;2;;
02/09/2014;05:20:00;16;com vítima;262,261;BR-101/RJ;Norte;Capotamento;2;;;;;;;;;;7;2;;;
06/09/2014;03:57:00;15;sem vítima;262;BR-101/RJ;Sul;Saida de Pista;1;;;;;;;;;;1;;;;
07/09/2014;21:00:00;152;sem vítima;262;BR-101/RJ;Sul;Colisão Traseira;2;;;;;;;;;;6;;;;
10/09/2014;15:00:00;106;com vítima;262,563;BR-101/RJ;Norte;Queda de Moto;;;;1;;;;;;;0;1;;;
11/09/2014;21:28:00;185;sem vítima;262,7;BR-101/RJ;Sul;Saida de Pista;1;;;;;;;;;;4;;;;
23/09/2014;07:33:00;31;sem vítima;262,565;BR-101/RJ;Sul;Colisão Lateral;2;;;;;;;;;;4;;;;
12/10/2014;20:45:00;170;sem vítima;262;BR-101/RJ;Sul;Colisão Traseira;2;;;;;;;;;;2;;;;
20/10/2014;14:55:00;139;com vítima;262,49;BR-101/RJ;Norte;Colisão Lateral;2;;;;;;;;;;2;2;;;
20/10/2014;00:20:00;4;sem vítima;262,8;BR-101/RJ;Norte;Capotamento;1;;;;;;;;;;1;;;;
02/11/2014;17:51:00;127;com vítima;262;BR-101/RJ;Sul;Engavetamento;1;;;;;3;;;;;5;2;;;
03/11/2014;05:00:00;26;sem vítima;262;BR-101/RJ;Norte;Outros - Sequência;2;;;;;;;;;;2;;;;
07/11/2014;04:13:00;22;sem vítima;262;BR-101/RJ;Norte;Choque - Defensa, barreira ou "submarino";;;1;;;;;;;;2;;;;
22/11/2014;17:15:00;106;sem vítima;262,485;BR-101/RJ;Norte;Saida de Pista;1;;;;;;;;;;1;;;;
23/11/2014;21:30:00;179;sem vítima;262,35;BR-101/RJ;Sul;Colisão Traseira;2;;;;;;;;;;2;;;;
29/11/2014;06:29:00;17;com vítima;262;BR-101/RJ;Sul;Choque - Defensa, barreira ou "submarino";1;;;;;;;;;;1;1;;;
11/12/2014;10:05:00;67;com vítima;262;BR-101/RJ;Norte;Capotamento;1;;;;;;;;;;0;1;;;
14/01/2015;19:14:00;137;sem vítima;262;BR-101/RJ;Sul;Colisão Traseira;2;;;;;;;;;;3;;;;
25/01/2015;18:24:00;116;sem vítima;262;BR-101/RJ;Sul;Engavetamento;3;;;;;;;;;;12;;;;
30/01/2015;21:18:00;185;sem vítima;262;BR-101/RJ;Sul;Colisão Lateral;2;;;;;;;;;;3;;;;
17/02/2015;21:08:00;152;sem vítima;262;BR-101/RJ;Sul;Engavetamento;3;;;;;;;;;;4;0;0;0;0
17/02/2015;21:37:00;158;sem vítima;262;BR-101/RJ;Sul;Colisão Traseira;1;;;;;;;;;1;2;0;0;0;0
20/02/2015;06:15:00;24;com vítima;262;BR-101/RJ;Sul;Queda de Moto;;;;1;;;;;;;0;2;0;0;0
19/03/2015;19:26:00;161;sem vítima;262,3;BR-101/RJ;Norte;Saida de Pista;;;1;;;;;;;;1;0;0;0;0
20/03/2015;17:36:00;142;sem vítima;262;BR-101/RJ;Sul;Colisão Lateral;1;;1;;;;;;;;2;0;0;0;0
24/04/2015;21:02:00;160;sem vítima;262;BR-101/RJ;Norte;Choque - Defensa, barreira ou "submarino";1;;;;;;;;;;1;;;;
11/05/2015;21:58:00;199;sem vítima;262;BR-101/RJ;Norte;Choque - Defensa, barreira ou "submarino";;;1;;;;;;;;1;;;;
12/05/2015;06:55:00;28;sem vítima;262;BR-101/RJ;Sul;Saida de Pista;1;;;;;;;;;;1;;;;
16/05/2015;14:20:00;122;sem vítima;262;BR-101/RJ;Norte;Choque - Suporte de Sinalização;1;;;;;;;;;;3;;;;
30/05/2015;00:22:00;2;com vítima;262,099;BR-101/RJ;Norte;Tombamento;;;1;;;;;;;;0;1;;;
05/06/2015;19:47:00;156;sem vítima;262;BR-101/RJ;Sul;Outros - Sequência;1;;1;;;;;;;;2;;;;
20/06/2015;04:14:00;15;sem vítima;262;BR-101/RJ;Sul;Choque - Defensa, barreira ou "submarino";1;;;;;;;;;;1;;;;
26/06/2015;22:06:00;214;com vítima;262,09;BR-101/RJ;Norte;Capotamento;1;;;;;;;;;;0;3;;;
30/06/2015;09:30:00;101;com vítima;262,123;BR-101/RJ;Norte;Choque - Elemento de Drenagem;1;;;;;;;;;;0;;1;;
15/07/2015;01:13:00;7;com vítima;262,775;BR-101/RJ;Norte;Atropelamento de Animal;1;;;;;;;;;;0;1;;;
19/07/2015;11:02:00;77;com vítima;262,1;BR-101/RJ;Norte;Queda de Moto;;;;1;;;;;;;0;1;;;
25/07/2015;13:51:00;128;com vítima;262,105;BR-101/RJ;Norte;Queda de Moto;;;;1;;;;;;;0;;1;;
30/08/2015;14:46:00;80;com vítima;262,752;BR-101/RJ;Sul;Choque - Defensa, barreira ou "submarino";;;;1;;;;;;;0;2;;;
17/09/2015;22:55:00;252;com vítima;262;BR-101/RJ;Norte;Choque - Defensa, barreira ou "submarino";;;;1;;;;;;;0;1;;;
04/10/2015;13:27:00;81;com vítima;262,537;BR-101/RJ;Norte;Choque - Defensa, barreira ou "submarino";1;;;;;;;;;;0;2;;;
17/10/2015;13:27:00;99;com vítima;262,166;BR-101/RJ;Norte;Queda de Moto;;;;1;;;;;;;0;;1;;
22/11/2015;13:56:00;100;sem vítima;262;BR-101/RJ;Sul;Colisão Traseira;1;;;;;1;;;;;2;;;;
23/12/2015;13:00:00;138;com vítima;262,5;BR-101/RJ;Sul;Engavetamento;2;;1;;;;;;;;5;1;;;
26/12/2015;16:21:00;167;com vítima;262;BR-101/RJ;Sul;Atropelamento - Andarilho;1;;;;;;;;;;1;1;;;
31/12/2015;00:14:00;5;com vítima;262;BR-101/RJ;Norte;Colisão Lateral;;;;1;;1;;;;;1;2;;;
24/01/2010;18:09:00;144;sem vítima;263;BR-101/RJ;Sul;Colisão Traseira;2;;;;;;;;;;7;;;;
19/02/2010;15:04:00;100;sem vítima;263;BR-101/RJ;Sul;Colisão Lateral;1;;1;;;;;;;;4;;;;
21/02/2010;17:27:00;161;sem vítima;263;BR-101/RJ;Sul;Choque - Defensa, barreira ou "submarino";1;;;;;;;;;;4;;;;
15/04/2010;18:48:00;168;sem vítima;263;BR-101/RJ;Norte;Colisão Lateral;;;2;;;;;;;;2;;;;
07/08/2010;19:04:00;157;com vítima;263;BR-101/RJ;Norte;Atropelamento - Morador;;;;;;1;;;;;1;;1;;
08/08/2010;18:14:00;152;com vítima;263,5;BR-101/RJ;Norte;Atropelamento - Morador;;;;;;1;;;;;1;;1;;
15/08/2010;20:38:00;166;com vítima;263;BR-101/RJ;Norte;Saida de Pista;1;;;;;;;;;;1;;1;;
07/09/2010;11:00:00;57;sem vítima;263;BR-101/RJ;Sul;Engavetamento;5;;;;1;;;;;;16;;;;
29/10/2010;23:48:00;207;com vítima;263;BR-101/RJ;Norte;Queda de Moto;;;;1;;;;;;;0;;2;;
01/02/2011;10:43:00;76;sem vítima;263;BR-101/RJ;Norte;Colisão Lateral;1;;1;;;;;;;;2;;;;
01/05/2011;04:30:00;16;com vítima;263;BR-101/RJ;Norte;Queda de Moto;;;;1;;;;;;;0;;1;;
12/06/2011;02:10:00;9;com vítima;263;BR-101/RJ;Norte;Queda de Moto;;;;1;;;;;;;1;;;1;
14/08/2011;16:11:00;106;com vítima;263,4989929199219;BR-101/RJ;Norte;Colisão Traseira;2;;;;;;;;;;3;3;;;
17/10/2011;10:18:00;66;sem vítima;263;BR-101/RJ;Sul;Saida de Pista;1;;;;;;;;;;1;;;;
19/10/2011;11:41:00;65;sem vítima;263;BR-101/RJ;Sul;Colisão Traseira;2;;;;;;;;;;3;;;;
10/12/2011;20:18:00;212;com vítima;263;BR-101/RJ;Sul;Queda de Moto;;;;1;;;;;;;0;;;1;
01/01/2012;11:59:00;67;sem vítima;263;BR-101/RJ;Sul;Colisão Traseira;1;;;;;1;;;;;3;;;;
01/01/2012;12:15:00;68;sem vítima;263;BR-101/RJ;Sul;Colisão Traseira;2;;;;;;;;;;4;;;;
13/01/2012;09:30:00;62;sem vítima;263;BR-101/RJ;Norte;Choque - Defensa, barreira ou "submarino";;;1;;;;;;;;2;;;;
30/01/2012;13:06:00;106;sem vítima;263;BR-101/RJ;Sul;Colisão Traseira;2;;;;;;;;;;6;;;;
22/02/2012;04:19:00;24;sem vítima;263;BR-101/RJ;Norte;Saida de Pista;1;;;;;;;;;;1;;;;
24/02/2012;19:52:00;168;com vítima;263;BR-101/RJ;Sul;Atropelamento - Ciclista;1;1;;;;;;;;;1;;1;;
28/06/2012;12:19:00;103;sem vítima;263,8;BR-101/RJ;Norte;Colisão Traseira;1;;;;;1;;;;;2;;;;
15/10/2012;06:47:00;22;sem vítima;263,6;BR-101/RJ;Norte;Choque - Defensa, barreira ou "submarino";1;;;;;;;;;;5;;;;
17/10/2012;12:35:00;91;com vítima;263;BR-101/RJ;Sul;Tombamento;;;;;;;;;;1;1;1;;;
07/11/2012;08:57:00;45;com vítima;263;BR-101/RJ;Sul;Colisão Lateral;;;2;;1;;;;;;24;;1;;
24/11/2012;00:49:00;2;sem vítima;263;BR-101/RJ;Sul;Colisão Frontal;2;;;;;;;;;;4;;;;
03/02/2013;18:15:00;153;sem vítima;263,409;BR-101/RJ;Norte;Atropelamento - Ciclista;2;1;;;;;;;;;5;;;;
13/02/2013;13:25:00;134;sem vítima;263,03;BR-101/RJ;Sul;Engavetamento;2;;;;;;;;;1;11;;;;
07/03/2013;18:47:00;187;sem vítima;263;BR-101/RJ;Norte;Colisão Lateral;1;;1;;;;;;;;4;;;;
07/04/2013;06:55:00;41;sem vítima;263,8;BR-101/RJ;Norte;Choque - Defensa, barreira ou "submarino";1;;;;;;;;;;1;;;;
29/06/2013;05:06:00;23;com vítima;263,429;BR-101/RJ;Norte;Atropelamento de Animal;;;;1;;;;;;;0;1;;;
12/08/2013;18:49:00;168;com vítima;263,3;BR-101/RJ;Sul;Choque - Defensa, barreira ou "submarino";1;;;;;;;;;;0;2;;;
15/08/2013;16:19:00;117;sem vítima;263;BR-101/RJ;Sul;Choque - Defensa, barreira ou "submarino";1;;;;;;;;;;2;;;;
06/09/2013;15:59:00;129;sem vítima;263;BR-101/RJ;Norte;Colisão Traseira;1;;1;;;;;;;;3;;;;
18/09/2013;18:31:00;165;sem vítima;263;BR-101/RJ;Norte;Choque - Outros;1;;;;;;;;;;2;;;;
06/10/2013;18:22:00;111;sem vítima;263;BR-101/RJ;Sul;Engavetamento;4;;;;;;;;;;6;;;;
06/10/2013;18:59:00;118;sem vítima;263,278;BR-101/RJ;Norte;Colisão Traseira;2;;;;;;;;;;6;;;;
14/10/2013;18:03:00;177;com vítima;263;BR-101/RJ;Norte;Queda de Moto;;;;1;;;;;;;0;;2;;
23/10/2013;17:25:00;132;sem vítima;263,3;BR-101/RJ;Norte;Choque - Defensa, barreira ou "submarino";1;;;;;;;;;;2;;;;
14/11/2013;00:34:00;8;sem vítima;263,7;BR-101/RJ;Sul;Colisão Traseira;;;2;;;;;;;;4;;;;
17/11/2013;23:23:00;251;sem vítima;263;BR-101/RJ;Sul;Colisão Traseira;;;3;;;;;;;;3;;;;
23/12/2013;12:11:00;126;sem vítima;263,84;BR-101/RJ;Norte;Engavetamento;3;;;;;;;;;;3;;;;
13/01/2014;22:14:00;214;com vítima;263,269;BR-101/RJ;Norte;Capotamento;1;;;;;1;;;;;1;1;;;
09/03/2014;22:11:00;199;com vítima;263;BR-101/RJ;Norte;Queda de Moto;;;;1;;1;;;;;1;2;;;
15/03/2014;17:56:00;185;sem vítima;263;BR-101/RJ;Sul;Engavetamento;1;;;;;2;;;;;3;;;;
23/03/2014;16:24:00;81;sem vítima;263;BR-101/RJ;Norte;Colisão Lateral;1;;;;;1;;;;;2;;;;
28/03/2014;17:44:00;161;com vítima;263,1;BR-101/RJ;Norte;Colisão Traseira;1;;;1;;;;;;;1;1;;;
15/04/2014;16:50:00;141;sem vítima;263;BR-101/RJ;Norte;Choque - Suporte de Sinalização;1;;;;;;;;;;1;;;;
17/04/2014;18:11:00;173;sem vítima;263;BR-101/RJ;Norte;Colisão Lateral;1;;1;;;;;;;;2;;;;
13/06/2014;16:58:00;147;com vítima;263,35;BR-101/RJ;Norte;Capotamento;;;;;;;;;;1;0;1;;;
18/06/2014;22:54:00;182;sem vítima;263,954;BR-101/RJ;Norte;Tombamento;;;1;;;;;;;;1;;;;
16/07/2014;02:48:00;13;sem vítima;263,654;BR-101/RJ;Sul;Colisão Traseira;;;2;;;;;;;;2;;;;
26/08/2014;01:23:00;6;sem vítima;263;BR-101/RJ;Norte;Atropelamento de Animal;1;;;;;;;;;;1;;;;
30/08/2014;17:28:00;113;sem vítima;263,8;BR-101/RJ;Sul;Saida de Pista;1;;;;;;;;;;1;;;;
10/11/2014;14:39:00;112;com vítima;263;BR-101/RJ;Sul;Colisão Lateral;1;;1;;;;;;;;1;1;;;
23/11/2014;12:23:00;69;com vítima;263,149;BR-101/RJ;Sul;Engavetamento;2;;;;;1;;;;;4;;1;;
14/12/2014;11:40:00;71;sem vítima;263;BR-101/RJ;Sul;Outros - Sequência;1;;1;;;;;;;;2;;;;
21/12/2014;18:06:00;152;sem vítima;263;BR-101/RJ;Sul;Capotamento;1;;;;;;;;;;1;;;;
24/12/2014;16:07:00;127;sem vítima;263;BR-101/RJ;Norte;Colisão Traseira;2;;;;;;;;;;3;;;;
21/01/2015;17:56:00;174;sem vítima;263;BR-101/RJ;Norte;Colisão Lateral;1;;1;;;;;;;;7;;;;
18/02/2015;13:49:00;106;sem vítima;263;BR-101/RJ;Sul;Colisão Traseira;2;;;;;;;;;;2;0;0;0;0
21/02/2015;05:05:00;25;com vítima;263;BR-101/RJ;Norte;Colisão Traseira;;;1;;;;;;;1;5;3;0;0;0
24/02/2015;13:10:00;92;sem vítima;263;BR-101/RJ;Norte;Colisão Lateral;2;;;;;;;;;;3;;;;
12/04/2015;15:20:00;105;com vítima;263,2;BR-101/RJ;Norte;Colisão Traseira;1;;;1;;;;;;;2;1;1;;
14/04/2015;13:29:00;111;sem vítima;263,263;BR-101/RJ;Norte;Colisão Lateral;1;;1;;;;;;;;2;;;;
24/08/2015;06:55:00;36;com vítima;263,201;BR-101/RJ;Norte;Colisão Traseira;1;1;;;;;;;;;5;;1;;
05/12/2015;09:46:00;67;sem vítima;263;BR-101/RJ;Sul;Choque - Defensa, barreira ou "submarino";1;;;;;;;;;;2;;;;
15/12/2015;17:08:00;215;sem vítima;263;BR-101/RJ;Sul;Engavetamento;2;;1;;;1;;;;;7;;;;
28/12/2015;09:56:00;93;sem vítima;263;BR-101/RJ;Norte;Colisão Lateral;2;;;;;;;;;;5;;;;
31/12/2015;16:59:00;213;com vítima;263;BR-101/RJ;Sul;Choque - Defensa, barreira ou "submarino";;;;1;;;;;;;0;;1;;
26/02/2010;10:26:00;64;sem vítima;264;BR-101/RJ;Norte;Colisão Lateral;2;;;;;;;;;;4;;;;
08/07/2010;20:15:00;154;com vítima;264;BR-101/RJ;Sul;Colisão Traseira;2;;;;;;;;;;3;4;;;
31/07/2010;18:13:00;185;com vítima;264;BR-101/RJ;Norte;Atropelamento - Ciclista;;1;;;;1;;;;;1;1;1;;
24/08/2010;05:27:00;22;sem vítima;264;BR-101/RJ;Sul;Colisão Lateral;;;2;;;;;;;;5;;;;
15/11/2010;18:58:00;169;sem vítima;264;BR-101/RJ;Sul;Colisão Traseira;2;;;;;;;;;;9;;;;
03/01/2011;15:07:00;190;sem vítima;264;BR-101/RJ;Sul;Colisão Traseira;2;;;;;;;;;;2;;;;
26/02/2011;17:57:00;124;sem vítima;264;BR-101/RJ;Sul;Colisão Traseira;2;;;;;;;;;;2;;;;
11/08/2011;18:40:00;152;com vítima;264,5;BR-101/RJ;Sul;Atropelamento - Andarilho;;;;;;;;;;1;0;1;;;1
18/08/2011;06:02:00;18;sem vítima;264,8999938964844;BR-101/RJ;Sul;Saida de Pista;1;;;;;;;;;;1;;;;
15/10/2011;12:07:00;94;sem vítima;264;BR-101/RJ;Sul;Colisão Lateral;1;;;;;1;;;;;2;;;;
27/10/2011;21:34:00;188;sem vítima;264;BR-101/RJ;Norte;Saida de Pista;1;;;;;;;;;;1;;;;
07/01/2012;17:26:00;137;sem vítima;264;BR-101/RJ;Norte;Colisão Traseira;2;;;;;;;;;;5;;;;
24/01/2012;16:40:00;146;sem vítima;264;BR-101/RJ;Sul;Colisão Traseira;2;;;;;;;;;;4;;;;
24/01/2012;17:00:00;149;sem vítima;264;BR-101/RJ;Sul;Colisão Traseira;2;;;;;;;;;;3;;;;
28/01/2012;12:56:00;101;sem vítima;264;BR-101/RJ;Sul;Engavetamento;5;;;;;;;;;;14;;;;
10/03/2012;13:31:00;88;sem vítima;264;BR-101/RJ;Norte;Colisão Traseira;1;;1;;;;;;;;3;;;;
18/06/2012;22:58:00;197;com vítima;264;BR-101/RJ;Sul;Colisão Traseira;2;;;;;;;;;;1;;1;;
23/06/2012;23:24:00;166;sem vítima;264,9;BR-101/RJ;Sul;Saida de Pista;1;;;;;;;;;;1;;;;
24/06/2012;16:42:00;121;com vítima;264,4;BR-101/RJ;Norte;Queda de Moto;;;;1;;;;;;;0;1;;;
12/07/2012;08:46:00;58;sem vítima;264;BR-101/RJ;Sul;Choque - Veiculo parado no acostamento;2;;;;;;;;;;2;;;;
21/07/2012;00:52:00;4;sem vítima;264;BR-101/RJ;Sul;Saida de Pista;1;;;;;;;;;;2;;;;
27/07/2012;11:14:00;77;sem vítima;264;BR-101/RJ;Norte;Colisão Traseira;2;;;;;;;;;;6;;;;
19/08/2012;11:39:00;65;com vítima;264;BR-101/RJ;Sul;Colisão Traseira;1;;;1;;;;;;;2;;;1;
08/09/2012;19:43:00;154;sem vítima;264,15;BR-101/RJ;Norte;Saida de Pista;;;1;;;;;;;;1;;;;
09/09/2012;10:17:00;69;sem vítima;264,1;BR-101/RJ;Sul;Engavetamento;3;;;;;1;;;;;9;;;;
05/10/2012;08:50:00;72;sem vítima;264;BR-101/RJ;Norte;Colisão Lateral;;;2;;;;;;;;2;;;;
09/10/2012;15:22:00;132;sem vítima;264;BR-101/RJ;Norte;Choque - Defensa, barreira ou "submarino";1;;;;;;;;;;1;;;;
30/12/2012;07:51:00;38;com vítima;264;BR-101/RJ;Norte;Colisão Traseira;3;;;;;;;;;;10;2;;;
09/02/2013;22:04:00;347;com vítima;264,653;BR-101/RJ;Sul;Atropelamento - Andarilho;1;;;;;;;;;;4;1;;;
18/02/2013;11:28:00;107;sem vítima;264;BR-101/RJ;Norte;Choque - Objeto sobre a pista;2;;;;;;;;;;4;;;;
11/03/2013;12:55:00;117;sem vítima;264;BR-101/RJ;Norte;Colisão Traseira;2;;;;;;;;;;4;;;;
14/04/2013;06:55:00;27;sem vítima;264;BR-101/RJ;Norte;Choque - Defensa, barreira ou "submarino";1;;;;;;;;;;1;;;;
18/04/2013;14:52:00;107;sem vítima;264;BR-101/RJ;Norte;Colisão Traseira;2;;;;;;;;;;5;;;;
21/04/2013;13:46:00;74;sem vítima;264;BR-101/RJ;Norte;Colisão Traseira;2;;;;;;;;;;3;;;;
22/04/2013;17:21:00;120;com vítima;264;BR-101/RJ;Norte;Colisão Traseira;2;;;;;;;;;;2;;1;;
05/05/2013;21:31:00;141;com vítima;264,493;BR-101/RJ;Sul;Colisão Traseira;1;;;1;;;;;;;1;1;1;;
24/05/2013;17:45:00;133;sem vítima;264,5;BR-101/RJ;Norte;Saida de Pista;1;;;;;;;;;;2;;;;
28/07/2013;18:10:00;147;sem vítima;264;BR-101/RJ;Sul;Engavetamento;5;;;;;;;;;;5;;;;