data;horario;n_da_ocorrencia;tipo_de_ocorrencia;km;trecho;sentido;tipo_de_acidente;automovel;bicicleta;caminhao;moto;onibus;outros;tracao_animal;transporte_de_cargas_especiais;trator_maquinas;utilitarios;ilesos;levemente_feridos;moderadamente_feridos;gravemente_feridos;mortos
04/08/2013;21:19:00;203;sem vítima;264;BR-101/RJ;Norte;Colisão Transversal;1;;;;;1;;;;;2;;;;
13/09/2013;19:30:00;180;com vítima;264,1;BR-101/RJ;Sul;Engavetamento;4;;;;;;;;;;8;1;;;
22/09/2013;18:09:00;132;sem vítima;264,778;BR-101/RJ;Sul;Engavetamento;2;;;;;1;;;;;7;;;;
14/10/2013;08:45:00;51;sem vítima;264,166;BR-101/RJ;Sul;Engavetamento;2;;;;1;;;;;1;53;;;;
10/01/2014;00:52:00;3;com vítima;264,246;BR-101/RJ;Sul;Capotamento;1;;;;;;;;;;0;;;1;
10/01/2014;22:11:00;238;sem vítima;264,531;BR-101/RJ;Norte;Colisão Traseira;1;;;;1;;;;;;41;;;;
01/03/2014;02:59:00;49;com vítima;264;BR-101/RJ;Norte;Engavetamento;4;;;;;;;;;;4;1;;;
05/03/2014;07:51:00;53;sem vítima;264;BR-101/RJ;Sul;Colisão Traseira;2;;;;;;;;;;8;;;;
13/05/2014;00:18:00;3;sem vítima;264;BR-101/RJ;Sul;Choque - Defensa, barreira ou "submarino";1;;;;;;;;;;1;;;;
02/06/2014;14:02:00;108;com vítima;264;BR-101/RJ;Norte;Capotamento;1;;1;;;;;;;;2;2;;;
23/06/2014;16:57:00;127;com vítima;264,89;BR-101/RJ;Norte;Colisão Traseira;1;;;1;;;;;;;1;;1;;
09/07/2014;04:52:00;21;com vítima;264;BR-101/RJ;Sul;Atropelamento - Outros;1;;;;;;;;;;1;1;;;
02/11/2014;18:34:00;141;sem vítima;264;BR-101/RJ;Sul;Engavetamento;2;;;;;2;;;;;9;;;;
12/11/2014;20:58:00;166;sem vítima;264,5;BR-101/RJ;Norte;Colisão Lateral;1;;1;;;;;;;;5;;;;
21/11/2014;12:50:00;86;sem vítima;264;BR-101/RJ;Sul;Saida de Pista;1;;;;;;;;;;3;;;;
18/12/2014;14:15:00;113;sem vítima;264;BR-101/RJ;Norte;Colisão Traseira;2;;;;;;;;;;2;;;;
31/12/2014;07:05:00;41;sem vítima;264;BR-101/RJ;Norte;Saida de Pista;1;;;;;;;;;;2;;;;
30/01/2015;14:22:00;130;sem vítima;264;BR-101/RJ;Sul;Colisão Lateral;2;;;;;;;;;;6;;;;
05/02/2015;12:27:00;65;sem vítima;264;BR-101/RJ;Norte;Colisão Traseira;3;;;;;;;;;;3;0;0;0;0
22/02/2015;00:42:00;4;com vítima;264;BR-101/RJ;Norte;Atropelamento - Morador;;;;;;1;;;;;1;1;;;
07/03/2015;21:09:00;177;sem vítima;264,9;BR-101/RJ;Norte;Saida de Pista;1;;;;;;;;;;1;0;0;0;0
08/03/2015;05:19:00;28;sem vítima;264;BR-101/RJ;Sul;Saida de Pista;1;;;;;;;;;;4;0;0;0;0
10/04/2015;05:46:00;33;sem vítima;264;BR-101/RJ;Norte;Atropelamento de Animal;1;;;;;;;;;;2;;;;
18/04/2015;19:59:00;180;com vítima;264;BR-101/RJ;Norte;Tombamento;;;1;;;;;;;;0;1;;;
13/05/2015;17:14:00;140;sem vítima;264;BR-101/RJ;Sul;Colisão Lateral;2;;;;;;;;;;2;;;;
04/06/2015;14:13:00;119;sem vítima;264;BR-101/RJ;Sul;Choque - Defensa, barreira ou "submarino";1;;;;;;;;;;1;;;;
10/07/2015;23:59:00;244;com vítima;264,246;BR-101/RJ;Norte;Atropelamento - Morador;1;;;;;;;;;;3;;;;1
05/08/2015;21:08:00;173;com vítima;264;BR-101/RJ;Norte;Colisão Traseira;1;;1;;;;;;;;1;;1;;
24/11/2015;05:42:00;29;com vítima;264,938;BR-101/RJ;Sul;Saida de Pista;1;;;;;;;;;;2;2;;;
29/11/2015;23:18:00;213;sem vítima;264;BR-101/RJ;Sul;Saida de Pista;1;;;;;;;;;;1;;;;
04/01/2010;12:06:00;125;sem vítima;265;BR-101/RJ;Sul;Engavetamento;3;;;;;1;;;;;17;;;;
09/01/2010;21:26:00;231;sem vítima;265;BR-101/RJ;Norte;;;;;;;;;;;;1;;;;
19/01/2010;19:48:00;187;com vítima;265;BR-101/RJ;Sul;Queda de Moto;;;;1;;;;;;;0;;1;;
06/02/2010;20:38:00;225;com vítima;265;BR-101/RJ;Sul;Colisão Traseira;4;;;;;;;;;1;9;;2;;
22/02/2010;15:18:00;144;com vítima;265;BR-101/RJ;Norte;Colisão Lateral;2;;;;;;;;;;4;;1;;
14/03/2010;21:54:00;211;sem vítima;265;BR-101/RJ;Norte;Saida de Pista;1;;;;;;;;;;1;;;;
31/03/2010;06:53:00;30;com vítima;265;BR-101/RJ;Norte;Colisão Traseira;1;;1;;;;;;;;7;2;;;
08/05/2010;14:46:00;125;com vítima;265;BR-101/RJ;Norte;Capotamento;2;;;;;;;;;;8;;1;;
12/05/2010;15:53:00;106;com vítima;265;BR-101/RJ;Norte;Choque - Defensa, barreira ou "submarino";1;;;;;;;;;;0;;1;;
21/05/2010;15:49:00;115;com vítima;265;BR-101/RJ;Norte;Colisão Lateral;1;;1;;;;;;;;1;1;;;
31/05/2010;17:08:00;141;com vítima;265;BR-101/RJ;Norte;Colisão Lateral;1;;;1;;;;;;;1;4;;;
04/06/2010;18:43:00;147;com vítima;265;BR-101/RJ;Sul;Atropelamento - Morador;;;;1;;;;;;;1;;1;;
17/06/2010;16:10:00;129;sem vítima;265;BR-101/RJ;Sul;Capotamento;1;;;;;;;;;;1;;;;
27/06/2010;16:40:00;103;sem vítima;265;BR-101/RJ;Sul;Colisão Lateral;1;;1;;;;;;;;3;;;;
22/08/2010;21:03:00;156;com vítima;265;BR-101/RJ;Sul;Atropelamento - Morador;;;;;;1;;;;;1;;1;;
28/08/2010;19:55:00;178;com vítima;265;BR-101/RJ;Norte;Colisão Traseira;2;;;;;;;;;;1;2;;;
15/09/2010;11:44:00;98;sem vítima;265;BR-101/RJ;Sul;Colisão Lateral;1;;1;;;;;;;;2;;;;
24/09/2010;18:10:00;150;com vítima;265;BR-101/RJ;Norte;Colisão Traseira;2;;;;;;;;;;2;;4;;
26/09/2010;02:45:00;13;sem vítima;265;BR-101/RJ;Sul;Colisão Lateral;1;;;;;;;;;;1;;;;
27/09/2010;23:52:00;189;com vítima;265;BR-101/RJ;Norte;Colisão Traseira;1;;1;;;;;;;;3;;1;;
18/10/2010;14:51:00;86;sem vítima;265;BR-101/RJ;Sul;Saida de Pista;1;;;;;;;;;;2;;;;
07/11/2010;14:26:00;86;com vítima;265;BR-101/RJ;Sul;Choque - Defensa, barreira ou "submarino";1;;;;;;;;;;0;;2;;
12/12/2010;17:38:00;139;sem vítima;265;BR-101/RJ;Sul;Colisão Lateral;1;;;1;;;;;;;3;;;;
13/12/2010;20:08:00;202;com vítima;265;BR-101/RJ;Sul;Colisão Lateral;1;;;1;;;;;;;2;;1;;
18/12/2010;17:08:00;173;sem vítima;265;BR-101/RJ;Sul;Colisão Lateral;;;;;1;;;;;1;2;;;;
27/12/2010;20:19:00;184;com vítima;265;BR-101/RJ;Sul;Colisão Lateral;2;;;;;;;;;;4;3;;1;
27/12/2010;21:39:00;198;com vítima;265;BR-101/RJ;Sul;Colisão Lateral;1;;;1;;;;;;;5;;;2;
31/12/2010;06:56:00;57;com vítima;265;BR-101/RJ;Norte;Saida de Pista;1;;;;;;;;;;1;;2;;1
03/01/2011;07:57:00;89;sem vítima;265;BR-101/RJ;Sul;Saida de Pista;1;;;;;;;;;;2;;;;
04/01/2011;15:05:00;147;sem vítima;265;BR-101/RJ;Sul;Saida de Pista;1;;;;;;;;;;4;;;;
09/01/2011;21:47:00;193;com vítima;265;BR-101/RJ;Sul;Queda de Moto;;;;1;;;;;;;0;1;;;
14/01/2011;08:12:00;50;com vítima;265;BR-101/RJ;Sul;Atropelamento - Ciclista;;1;;;1;;;;;;1;;;1;
16/01/2011;19:36:00;208;com vítima;265;BR-101/RJ;Sul;Queda de Moto;;;;1;;;;;;;1;1;;;
24/01/2011;08:15:00;51;com vítima;265;BR-101/RJ;Sul;Queda de Moto;;;;1;;1;;;;;1;;;1;
24/01/2011;10:23:00;85;sem vítima;265,20001220703125;BR-101/RJ;Sul;Colisão Traseira;2;;;;;;;;;;4;;;;
14/02/2011;09:22:00;81;sem vítima;265;BR-101/RJ;Sul;Colisão Lateral;;;1;;;;;;;1;6;;;;
27/02/2011;22:07:00;220;sem vítima;265;BR-101/RJ;Sul;Saida de Pista;1;;;;;;;;;;5;;;;
12/03/2011;03:41:00;12;sem vítima;303;BR-101/RJ;Norte;Saida de Pista;1;;;;;;;;;;1;;;;
12/03/2011;05:03:00;15;sem vítima;236;BR-101/RJ;Sul;Colisão Lateral;;;1;;;1;;;;;2;;;;
05/05/2011;15:51:00;110;sem vítima;265;BR-101/RJ;Sul;Saida de Pista;1;;;;;;;;;;1;;;;
13/05/2011;06:02:00;17;sem vítima;265;BR-101/RJ;Sul;Saida de Pista;1;;;;;;;;;;1;;;;
14/05/2011;18:51:00;152;sem vítima;265;BR-101/RJ;Sul;Saida de Pista;;;;;;;;;;1;1;;;;
15/06/2011;23:24:00;190;sem vítima;265;BR-101/RJ;Norte;Colisão Traseira;;;2;;;;;;;;4;;;;
18/06/2011;20:57:00;154;com vítima;265;BR-101/RJ;Norte;Colisão Lateral;1;;;1;;;;;;;3;1;1;;
07/08/2011;04:05:00;20;sem vítima;265;BR-101/RJ;Sul;Saida de Pista;1;;;;;;;;;;1;;;;
01/09/2011;13:47:00;97;sem vítima;265,5;BR-101/RJ;Sul;Colisão Lateral;1;;1;;;;;;;;3;;;;
03/09/2011;15:58:00;100;sem vítima;265,5;BR-101/RJ;Sul;Colisão Traseira;2;;;;;;;;;;10;;;;
19/09/2011;15:38:00;152;sem vítima;265;BR-101/RJ;Sul;Atropelamento de Animal;;;1;;;;;;;;1;;;;
23/09/2011;17:43:00;142;sem vítima;265,79998779296875;BR-101/RJ;Sul;Colisão Frontal;2;;;;;;;;;;2;;;;
26/09/2011;06:50:00;26;sem vítima;265,70001220703125;BR-101/RJ;Norte;Colisão Lateral;1;;1;;;;;;;;6;;;;
01/10/2011;22:49:00;211;com vítima;265,8999938964844;BR-101/RJ;Sul;Saida de Pista;1;;;;;;;;;;1;1;;;
15/10/2011;11:25:00;85;com vítima;265;BR-101/RJ;Sul;Capotamento;6;;1;;;;;;;;13;3;2;1;
17/10/2011;07:13:00;39;com vítima;265;BR-101/RJ;Sul;Colisão Traseira;1;;;1;;;;;;;1;;;;1
17/10/2011;07:13:00;42;sem vítima;265;BR-101/RJ;Sul;Colisão Traseira;2;;;;;;;;;;4;;;;
23/10/2011;19:41:00;135;sem vítima;265,6000061035156;BR-101/RJ;Sul;Colisão Traseira;4;;;;;;;;;;7;;;;
23/10/2011;19:22:00;133;com vítima;265,79998779296875;BR-101/RJ;Sul;Colisão Lateral;2;;;;;;;;;;2;2;;;
10/11/2011;10:50:00;74;com vítima;265,6000061035156;BR-101/RJ;Sul;Atropelamento - Morador;1;;;;;;;;;;1;;;;1
04/12/2011;17:51:00;133;com vítima;265;BR-101/RJ;Sul;Saida de Pista;1;;;;;;;;;;0;;2;;
07/12/2011;05:48:00;25;sem vítima;265,5;BR-101/RJ;Sul;Colisão Traseira;;;2;;;;;;;;2;;;;
27/12/2011;03:32:00;14;sem vítima;265,5;BR-101/RJ;Sul;Choque - Defensa, barreira ou "submarino";1;;;;;;;;;;2;;;;
24/01/2012;06:50:00;36;com vítima;265,5;BR-101/RJ;Norte;Atropelamento - Ciclista;1;1;;;;;;;;;1;;;1;1
30/01/2012;22:57:00;198;com vítima;265;BR-101/RJ;Norte;Colisão Lateral;1;;1;;;;;;;;4;1;;;
07/02/2012;09:46:00;64;com vítima;265,5;BR-101/RJ;Sul;Outros - Sequência;3;;;;;;;;;;5;1;1;;
10/02/2012;02:19:00;14;com vítima;265,5;BR-101/RJ;Norte;Colisão Traseira;;;;1;;;;;;;0;1;;;
18/02/2012;13:15:00;194;sem vítima;265;BR-101/RJ;Norte;Engavetamento;3;;;;;;;;;;4;;;;
24/02/2012;18:05:00;143;com vítima;265,8;BR-101/RJ;Sul;Colisão Transversal;2;;;;;;;;;;1;2;;;
17/03/2012;05:13:00;19;com vítima;265;BR-101/RJ;Norte;Saida de Pista;1;;;;;;;;;;3;1;;;
19/03/2012;17:49:00;140;sem vítima;265;BR-101/RJ;Norte;Colisão Lateral;2;;;;;;;;;;2;;;;
23/03/2012;05:03:00;12;sem vítima;265;BR-101/RJ;Norte;Saida de Pista;1;;;;;;;;;;4;;;;
23/03/2012;22:55:00;184;sem vítima;265;BR-101/RJ;Sul;Colisão Lateral;1;;1;;;;;;;;2;;;;
26/03/2012;12:19:00;89;sem vítima;265;BR-101/RJ;Norte;Colisão Lateral;;;1;;;;;;;1;2;;;;
08/04/2012;15:21:00;129;com vítima;265;BR-101/RJ;Norte;Colisão Traseira;2;;;;;;;;;;2;1;;;
08/04/2012;00:21:00;3;sem vítima;265,6;BR-101/RJ;Sul;Colisão Traseira;2;;1;;;;;;;;3;;;;
18/04/2012;09:16:00;43;sem vítima;265;BR-101/RJ;Norte;Colisão Traseira;1;;1;;;;;;;;3;;;;
25/04/2012;14:23:00;119;sem vítima;265;BR-101/RJ;Norte;Colisão Traseira;2;;1;;;;;;;;4;;;;
10/05/2012;21:37:00;189;sem vítima;265;BR-101/RJ;Sul;Atropelamento de Animal;1;;;;;;;;;;3;;;;
18/05/2012;03:42:00;12;sem vítima;265;BR-101/RJ;Sul;Saida de Pista;1;;;;;;;;;;1;;;;
07/06/2012;20:16:00;156;sem vítima;265;BR-101/RJ;Norte;Saida de Pista;1;;;;;;;;;;5;;;;
10/06/2012;21:02:00;205;com vítima;265;BR-101/RJ;Sul;Saida de Pista;1;;;;;;;;;;2;2;;;
13/07/2012;12:46:00;96;sem vítima;265,763;BR-101/RJ;Sul;Colisão Traseira;1;;1;;;;;;;;5;;;;
19/07/2012;17:58:00;145;sem vítima;265;BR-101/RJ;Norte;Saida de Pista;1;;;;;;;;;;1;;;;
11/08/2012;00:09:00;2;com vítima;265;BR-101/RJ;Sul;Capotamento;2;;;;;;;;;;5;1;;3;
16/08/2012;19:23:00;152;com vítima;265;BR-101/RJ;Sul;Colisão Transversal;1;;;1;;;;;;;1;1;;;
16/08/2012;18:33:00;148;com vítima;265,8;BR-101/RJ;Norte;Atropelamento - Ciclista;1;1;;;;;;;;;1;1;;;
22/08/2012;21:36:00;219;sem vítima;265,75;BR-101/RJ;Sul;Colisão Lateral;;;1;;1;;;;;;5;;;;
24/08/2012;14:43:00;115;com vítima;265,8;BR-101/RJ;Sul;Colisão Lateral;2;;;;;;;;;;0;3;;;
24/08/2012;14:43:00;119;com vítima;265,8;BR-101/RJ;Sul;Colisão Lateral;2;;1;;;;;;;;2;;;;2
24/08/2012;17:10:00;133;sem vítima;265,8;BR-101/RJ;Sul;Colisão Traseira;3;;;;;;;;;;6;;;;
14/09/2012;07:39:00;31;com vítima;265;BR-101/RJ;Sul;Capotamento;1;;;;;;;;;;0;1;;;
08/10/2012;17:15:00;152;sem vítima;265;BR-101/RJ;Norte;Saida de Pista;1;;;;;;;;;;1;;;;
09/10/2012;16:01:00;142;sem vítima;265;BR-101/RJ;Sul;Colisão Lateral;1;;1;;;;;;;;2;;;;
13/10/2012;03:03:00;8;com vítima;265,651;BR-101/RJ;Sul;Saida de Pista;2;;1;;;;;;;;5;;;1;2
20/10/2012;22:44:00;215;com vítima;265,7;BR-101/RJ;Sul;Colisão Traseira;1;;;1;;;;;;;4;1;;;
22/10/2012;12:14:00;98;sem vítima;265;BR-101/RJ;Sul;Colisão Lateral;1;;;;;1;;;;;2;;;;
22/10/2012;16:47:00;150;com vítima;265;BR-101/RJ;Sul;Colisão Lateral;1;;1;;;;;;;;2;4;;;
29/10/2012;09:15:00;60;com vítima;265;BR-101/RJ;Norte;Atropelamento - Ciclista;1;1;;;;;;;;;2;;1;;
31/10/2012;11:16:00;99;sem vítima;265;BR-101/RJ;Sul;Colisão Traseira;1;;1;;;;;;;;4;;;;
01/11/2012;01:28:00;9;sem vítima;265,438;BR-101/RJ;Norte;Saida de Pista;1;;;;;;;;;;2;;;;
04/11/2012;13:43:00;93;sem vítima;265;BR-101/RJ;Sul;Colisão Traseira;2;;;;;;;;;;5;;;;
09/11/2012;21:37:00;196;sem vítima;265;BR-101/RJ;Sul;Saida de Pista;1;;;;;;;;;;1;;;;
10/11/2012;05:10:00;20;com vítima;265;BR-101/RJ;Norte;Colisão Traseira;1;;;1;;;;;;;2;;2;;
21/11/2012;16:00:00;126;sem vítima;265;BR-101/RJ;Sul;Colisão Traseira;;;1;;;1;;;;;2;;;;
24/11/2012;12:28:00;83;sem vítima;265;BR-101/RJ;Sul;Colisão Traseira;1;;1;;;;;;;;2;;;;
24/11/2012;12:27:00;92;sem vítima;265;BR-101/RJ;Norte;Saida de Pista;1;;;;;;;;;;1;;;;
24/11/2012;12:49:00;86;sem vítima;265,5;BR-101/RJ;Sul;Outros - Sequência;2;;;;;;;;;;5;;;;
24/11/2012;10:53:00;70;com vítima;265,7;BR-101/RJ;Sul;Colisão Lateral;2;;;;;;;;;;0;3;1;1;
25/11/2012;18:19:00;125;sem vítima;265;BR-101/RJ;Sul;Colisão Traseira;3;;;;;;;;;;3;;;;
06/12/2012;13:37:00;126;sem vítima;265,5;BR-101/RJ;Norte;Colisão Transversal;2;;;;;;;;;;5;;;;
23/12/2012;01:09:00;5;sem vítima;265;BR-101/RJ;Sul;Capotamento;1;;;;;;;;;;1;;;;
27/12/2012;17:54:00;167;sem vítima;265;BR-101/RJ;Sul;Colisão Lateral;2;;;;;;;;;;4;;;;
02/01/2013;16:14:00;151;com vítima;265;BR-101/RJ;Sul;Atropelamento - Morador;1;;;;;;;;;;1;;1;;
08/01/2013;21:54:00;232;sem vítima;265;BR-101/RJ;Norte;Choque - Defensa, barreira ou "submarino";1;;;;;;;;;;2;;;;
13/01/2013;19:36:00;165;sem vítima;265;BR-101/RJ;Sul;Saida de Pista;1;;;;;;;;;;1;;;;
19/01/2013;09:21:00;68;com vítima;265;BR-101/RJ;Norte;Saida de Pista;1;;;;;;;;;;1;1;;;
22/01/2013;14:02:00;122;sem vítima;265;BR-101/RJ;Norte;Colisão Traseira;;;;;1;1;;;;;2;;;;
18/02/2013;16:34:00;168;com vítima;265,78;BR-101/RJ;Sul;Colisão Lateral;2;;;;;;;;;;1;2;;;
28/02/2013;07:03:00;28;com vítima;265,15;BR-101/RJ;Sul;Colisão Traseira;;;;1;;;;;;1;1;;1;;
01/03/2013;20:07:00;168;com vítima;265;BR-101/RJ;Sul;Tombamento;;;1;;;;;;;;0;3;;;
18/03/2013;07:53:00;50;sem vítima;265;BR-101/RJ;Sul;Colisão Lateral;1;;1;;;;;;;;2;;;;
23/03/2013;08:07:00;48;sem vítima;265;BR-101/RJ;Sul;Colisão Traseira;2;;;;;;;;;;2;;;;
01/04/2013;15:11:00;142;com vítima;265;BR-101/RJ;Norte;Colisão Traseira;1;;1;;;;;;;;2;2;;;
05/05/2013;12:25:00;51;sem vítima;265;BR-101/RJ;Sul;Colisão Lateral;1;;;;;1;;;;;2;;;;
08/05/2013;14:06:00;94;sem vítima;265;BR-101/RJ;Sul;Colisão Lateral;1;;;;;;;;;;1;;;;
27/05/2013;19:18:00;175;com vítima;265,6;BR-101/RJ;Sul;Atropelamento - Morador;1;;;;;;;;;;1;;;;1
31/05/2013;11:00:00;64;com vítima;265,8;BR-101/RJ;Norte;Saida de Pista;;;1;;;;;;;;0;1;;;
17/06/2013;16:23:00;112;sem vítima;265,2;BR-101/RJ;Norte;Tombamento;1;;1;;;;;;;;3;;;;
21/06/2013;21:48:00;180;sem vítima;265;BR-101/RJ;Norte;Saida de Pista;1;;;;;;;;;;1;;;;
24/06/2013;20:09:00;148;sem vítima;265;BR-101/RJ;Norte;Saida de Pista;1;;;;;;;;;;2;;;;
05/07/2013;15:12:00;126;sem vítima;265;BR-101/RJ;Norte;Colisão Lateral;2;;;;;;;;;;2;;;;
13/07/2013;14:31:00;127;sem vítima;265;BR-101/RJ;Norte;Colisão Lateral;1;;1;;;;;;;;3;;;;
16/07/2013;22:32:00;192;sem vítima;265,821;BR-101/RJ;Sul;Colisão Lateral;1;;;;;1;;;;;2;;;;
17/07/2013;10:53:00;79;sem vítima;265;BR-101/RJ;Norte;Colisão Traseira;1;;1;;;;;;;;2;;;;
02/08/2013;16:50:00;133;sem vítima;265,541;BR-101/RJ;Sul;Colisão Transversal;2;;;;;;;;;;5;;;;
08/08/2013;09:43:00;56;com vítima;265,775;BR-101/RJ;Sul;Colisão Transversal;1;;;1;;;;;;;2;;1;;
14/08/2013;00:44:00;5;com vítima;265;BR-101/RJ;Norte;Choque - Defensa, barreira ou "submarino";1;;;;;;;;;;0;;1;;
22/08/2013;14:02:00;109;com vítima;265,93;BR-101/RJ;Sul;Colisão Traseira;1;;1;;;;;;;;3;1;;;
14/09/2013;10:27:00;75;com vítima;265,5;BR-101/RJ;Sul;Queda de Moto;;;;1;;;;;;;0;;1;;
24/09/2013;18:36:00;143;com vítima;265,874;BR-101/RJ;Norte;Saida de Pista;1;;;;;;;;;;4;1;;;
27/09/2013;07:11:00;29;com vítima;265;BR-101/RJ;Sul;Queda de Moto;;;;1;;;;;;;0;;1;;
16/10/2013;18:38:00;145;sem vítima;265;BR-101/RJ;Norte;Saida de Pista;1;;;;;;;;;;1;;;;
30/11/2013;00:03:00;2;sem vítima;265,879;BR-101/RJ;Sul;Colisão Frontal;1;;;;;1;;;;;4;;;;
03/12/2013;18:33:00;176;com vítima;265;BR-101/RJ;Norte;Queda de Moto;;;;1;;;;;;;0;1;1;;
09/02/2014;22:50:00;203;sem vítima;265;BR-101/RJ;Sul;Engavetamento;2;;;;;1;;;;;5;;;;
03/03/2014;15:51:00;98;com vítima;265,588;BR-101/RJ;Sul;Choque - Defensa, barreira ou "submarino";;;1;;;;;;;;0;1;;;
09/04/2014;15:25:00;138;com vítima;265,94;BR-101/RJ;Norte;Saida de Pista;1;;;;;;;;;;0;2;;;
12/04/2014;03:28:00;22;com vítima;265,938;BR-101/RJ;Sul;Colisão Transversal;1;;;1;;;;;;;1;;;;1
14/04/2014;01:13:00;3;sem vítima;265;BR-101/RJ;Sul;Saida de Pista;1;;;;;;;;;;1;;;;
09/05/2014;15:51:00;126;com vítima;265;BR-101/RJ;Sul;Queda de Moto;;;;1;;;;;;;0;1;;;
12/07/2014;10:43:00;77;com vítima;265,495;BR-101/RJ;Sul;Choque - Defensa, barreira ou "submarino";1;;;;;;;;;;0;1;;;
28/07/2014;02:57:00;13;sem vítima;265;BR-101/RJ;Norte;Choque - Defensa, barreira ou "submarino";1;;;;;;;;;;1;;;;
06/08/2014;08:05:00;43;sem vítima;265;BR-101/RJ;Norte;Saida de Pista;1;;;;;;;;;;1;;;;
12/08/2014;22:44:00;188;com vítima;265,663;BR-101/RJ;Sul;Queda de Moto;;;;1;;;;;;;0;;1;;
19/08/2014;16:18:00;101;com vítima;265,315;BR-101/RJ;Norte;Capotamento;1;;;;;;;;;;0;1;;;
22/08/2014;08:15:00;50;sem vítima;265;BR-101/RJ;Norte;Colisão Traseira;2;;;;;;;;;;2;;;;
24/08/2014;04:46:00;25;sem vítima;265;BR-101/RJ;Sul;Saida de Pista;1;;;;;;;;;;1;;;;
31/08/2014;15:21:00;80;com vítima;265,429;BR-101/RJ;Sul;Queda de Moto;;;;1;;;;;;;0;1;;;
19/09/2014;16:03:00;135;sem vítima;265,105;BR-101/RJ;Sul;Choque - Defensa, barreira ou "submarino";1;;;;;;;;;;2;;;;
23/09/2014;19:06:00;150;sem vítima;265;BR-101/RJ;Sul;Saida de Pista;1;;;;;;;;;;1;;;;
06/10/2014;08:16:00;57;sem vítima;265;BR-101/RJ;Sul;Choque - Defensa, barreira ou "submarino";1;;;;;;;;;;1;;;;
16/11/2014;21:44:00;170;sem vítima;265,85;BR-101/RJ;Sul;Colisão Traseira;1;;;1;;;;;;;2;;;;
03/02/2015;12:26:00;94;sem vítima;265;BR-101/RJ;Sul;Colisão Traseira;1;;;;;;;;;1;2;0;0;0;0
18/02/2015;12:03:00;91;sem vítima;265;BR-101/RJ;Norte;Capotamento;1;;;;;;;;;;1;0;0;0;0
31/03/2015;09:41:00;92;com vítima;265,501;BR-101/RJ;Sul;Choque - Defensa, barreira ou "submarino";1;;;;;;;;;;0;0;1;0;0
07/04/2015;04:16:00;15;com vítima;265;BR-101/RJ;Sul;Colisão Traseira;1;;1;;;;;;;;2;;1;;
02/05/2015;17:13:00;110;sem vítima;265;BR-101/RJ;Sul;Choque - Defensa, barreira ou "submarino";1;;;;;;;;;;2;;;;
05/05/2015;07:34:00;52;sem vítima;265;BR-101/RJ;Norte;Saida de Pista;1;;;;;;;;;;3;;;;
24/05/2015;06:17:00;22;sem vítima;265,092;BR-101/RJ;Norte;Saida de Pista;1;;;;;;;;;;1;;;;
08/08/2015;18:33:00;178;com vítima;265;BR-101/RJ;Sul;Saida de Pista;1;;;;;;;;;;1;1;;;
09/08/2015;16:49:00;114;sem vítima;265;BR-101/RJ;Sul;Capotamento;1;;;;;;;;;;2;;;;
11/08/2015;20:02:00;214;com vítima;265;BR-101/RJ;Sul;Queda de Moto;;;;1;;;;;;;0;;1;;
14/08/2015;14:30:00;119;com vítima;265;BR-101/RJ;Norte;Tombamento;1;;;;;;;;;;1;1;;;
01/11/2015;08:03:00;56;com vítima;265,978;BR-101/RJ;Sul;Capotamento;1;;;;;;;;;;0;1;;;
05/12/2015;04:57:00;23;com vítima;265,5;BR-101/RJ;Sul;Colisão Frontal;1;;;1;;;;;;;0;2;2;;1
07/12/2015;00:58:00;7;sem vítima;265;BR-101/RJ;Norte;Saida de Pista;1;;;;;;;;;;2;;;;
22/12/2015;17:18:00;197;com vítima;265;BR-101/RJ;Sul;Queda de Moto;;;;1;;;;;;;0;2;;;
04/01/2010;13:27:00;147;sem vítima;266;BR-101/RJ;Sul;Colisão Traseira;2;;;;;;;;;;2;;;;
08/01/2010;13:35:00;100;com vítima;266;BR-101/RJ;Norte;Capotamento;1;;;;;;;;;;0;1;;;
10/01/2010;20:22:00;222;sem vítima;266;BR-101/RJ;Sul;Colisão Traseira;3;;;;;;;;;;12;;;;
10/01/2010;21:26:00;236;com vítima;266;BR-101/RJ;Sul;Queda de Moto;;;;1;;;;;;;0;;1;;
24/01/2010;18:52:00;155;sem vítima;266;BR-101/RJ;Sul;Colisão Traseira;2;;;;;;;;;;8;;;;
13/02/2010;18:48:00;400;com vítima;266;BR-101/RJ;Norte;Saida de Pista;1;;;;;;;;;;0;1;;;
13/02/2010;21:12:00;444;sem vítima;266;BR-101/RJ;Norte;Saida de Pista;;;;;;;;;;1;1;;;;
19/02/2010;08:40:00;45;sem vítima;266;BR-101/RJ;Sul;Saida de Pista;1;;;;;;;;;;1;;;;
22/02/2010;15:34:00;145;com vítima;266;BR-101/RJ;Norte;Colisão Lateral;1;;;;;;;;;1;3;;1;;
24/02/2010;19:02:00;181;com vítima;266;BR-101/RJ;Sul;Engavetamento;3;;;;;;;;;;4;;1;;
14/04/2010;07:27:00;43;sem vítima;266;BR-101/RJ;Norte;Saida de Pista;1;;;;;;;;;;1;;;;
19/04/2010;15:20:00;124;com vítima;266;BR-101/RJ;Sul;Colisão Transversal;2;;;;;;;;;;0;3;;;
27/04/2010;09:28:00;53;sem vítima;266;BR-101/RJ;Sul;Capotamento;1;;;;;;;;;;1;;;;
14/05/2010;15:10:00;111;sem vítima;266;BR-101/RJ;Norte;Saida de Pista;1;;;;;;;;;;2;;;;
25/07/2010;17:06:00;118;sem vítima;266;BR-101/RJ;Sul;Saida de Pista;1;;;;;;;;;;5;;;;
15/08/2010;06:52:00;28;com vítima;266;BR-101/RJ;Sul;Saida de Pista;1;;;;;;;;;;0;1;;;