data;horario;n_da_ocorrencia;tipo_de_ocorrencia;km;trecho;sentido;tipo_de_acidente;automovel;bicicleta;caminhao;moto;onibus;outros;tracao_animal;transporte_de_cargas_especiais;trator_maquinas;utilitarios;ilesos;levemente_feridos;moderadamente_feridos;gravemente_feridos;mortos
18/01/2014;04:24:00;45;com vítima;268,069;BR-101/RJ;Norte;Capotamento;1;;;;;;;;;;0;2;;;
24/01/2014;16:02:00;109;com vítima;268;BR-101/RJ;Sul;Atropelamento - Ciclista;;1;;1;;;;;;;0;;1;;1
04/02/2014;09:04:00;64;sem vítima;268;BR-101/RJ;Sul;Colisão Traseira;1;;;;;;;;;1;3;;;;
21/02/2014;23:21:00;242;sem vítima;268;BR-101/RJ;Sul;Saida de Pista;1;;;;;;;;;;1;;;;
05/03/2014;09:43:00;68;com vítima;268,363;BR-101/RJ;Sul;Colisão Traseira;1;;;1;;;;;;;1;1;;;
17/10/2014;11:42:00;93;sem vítima;268;BR-101/RJ;Norte;Saida de Pista;1;;;;;1;;;;;2;;;;
02/05/2015;23:42:00;150;com vítima;268;BR-101/RJ;Norte;Outros - Sequência;1;;;1;;1;;;;;4;;1;1;
29/09/2015;13:23:00;108;sem vítima;268;BR-101/RJ;Sul;Saida de Pista;1;;;;;;;;;;4;;;;
18/10/2015;19:42:00;140;sem vítima;268;BR-101/RJ;Sul;Engavetamento;8;;;;;2;;;;;32;;;;
22/10/2015;09:09:00;62;com vítima;268,051;BR-101/RJ;Sul;Queda de Moto;;;;1;;;;;;;0;1;;;
16/11/2015;17:26:00;172;com vítima;268;BR-101/RJ;Sul;Capotamento;1;;;;;;;;;;0;1;;;
04/12/2015;07:22:00;48;com vítima;268;BR-101/RJ;Norte;Colisão Traseira;1;;;;;;;;;1;1;1;;;
20/12/2015;21:00:00;194;sem vítima;268;BR-101/RJ;Norte;Colisão Lateral;1;;;;;1;;;;;2;;;;
27/12/2015;02:18:00;15;com vítima;268,3;BR-101/RJ;Sul;Atropelamento de Animal;1;;;;;;;;;;0;2;;;
02/01/2010;13:05:00;100;sem vítima;269;BR-101/RJ;Norte;Colisão Lateral;1;;1;;;;;;;;4;;;;
08/01/2010;14:33:00;115;sem vítima;269;BR-101/RJ;Norte;Colisão Traseira;2;;;;;;;;;;5;;;;
21/01/2010;21:17:00;222;sem vítima;269;BR-101/RJ;Norte;Colisão Lateral;1;;;;;;;;;1;4;;;;
25/01/2010;10:01:00;81;sem vítima;269;BR-101/RJ;Sul;Colisão Traseira;2;;;;;;;;;;6;;;;
13/02/2010;05:27:00;76;sem vítima;269;BR-101/RJ;Norte;Colisão Traseira;1;;1;;;;;;;;2;;;;
15/02/2010;19:57:00;159;com vítima;269;BR-101/RJ;Norte;Atropelamento - Morador;;;;;;1;;;;;1;;;1;
16/02/2010;07:06:00;34;sem vítima;269;BR-101/RJ;Sul;Colisão Traseira;1;;;;;;;;;1;5;;;;
22/02/2010;13:53:00;118;sem vítima;269;BR-101/RJ;Sul;Saida de Pista;1;;;;;;;;;;1;;;;
26/02/2010;03:24:00;9;com vítima;269;BR-101/RJ;Norte;Colisão Traseira;1;;1;;;;;;;;3;;2;;
11/03/2010;07:43:00;49;sem vítima;269;BR-101/RJ;Norte;Colisão Lateral;1;;;1;;;;;;;2;;;;
11/03/2010;16:18:00;125;sem vítima;269;BR-101/RJ;Sul;Colisão Traseira;2;;;;;;;;;;8;;;;
21/03/2010;20:34:00;140;com vítima;269;BR-101/RJ;Norte;Atropelamento - Morador;;;;;;1;;;;;1;1;;;
28/04/2010;20:37:00;181;sem vítima;269;BR-101/RJ;Norte;Saida de Pista;1;;;;;;;;;;1;;;;
02/05/2010;19:06:00;141;com vítima;269;BR-101/RJ;Sul;Atropelamento - Andarilho;1;;;;;;;;;;1;;;;1
02/05/2010;19:31:00;148;sem vítima;269;BR-101/RJ;Sul;Colisão Traseira;1;;;;;;;;;1;5;;;;
05/07/2010;06:15:00;28;com vítima;269;BR-101/RJ;Norte;Queda de Moto;;;;1;;;;;;;0;1;;;
14/08/2010;00:22:00;3;sem vítima;269;BR-101/RJ;Norte;Colisão Traseira;2;;;;;;;;;;3;;;;
07/09/2010;13:27:00;89;sem vítima;269;BR-101/RJ;Norte;Colisão Transversal;1;;;1;;;;;;;5;;;;
16/09/2010;16:35:00;121;sem vítima;269;BR-101/RJ;Sul;Atropelamento de Animal;1;;;;;1;;;;;3;;;;
16/10/2010;19:30:00;135;com vítima;269;BR-101/RJ;Norte;Colisão Lateral;2;;;;;;;;;;7;;1;;
24/11/2010;17:28:00;140;sem vítima;269;BR-101/RJ;Sul;Colisão Traseira;;;1;;1;;;;;;3;;;;
26/12/2010;10:16:00;50;sem vítima;269;BR-101/RJ;Sul;Colisão Traseira;2;;;;;;;;;;5;;;;
22/01/2011;21:12:00;199;com vítima;269;BR-101/RJ;Norte;Atropelamento - Ciclista;;1;;1;;;;;;;0;;2;2;
22/01/2011;21:22:00;202;com vítima;269;BR-101/RJ;Norte;Colisão Traseira;1;;;;;1;;;;;3;1;;;
23/02/2011;23:59:00;177;com vítima;269;BR-101/RJ;Sul;Colisão Traseira;;;2;;;;;;;;1;;1;;
24/02/2011;09:59:00;70;sem vítima;269;BR-101/RJ;Norte;Colisão Traseira;1;;1;;;;;;;;5;;;;
26/02/2011;00:29:00;3;sem vítima;269;BR-101/RJ;Norte;Choque - Defensa, barreira ou "submarino";1;;;;;;;;;;2;;;;
12/03/2011;20:35:00;167;sem vítima;316;BR-101/RJ;Norte;Saida de Pista;1;;;;;;;;;;1;;;;
05/05/2011;14:25:00;98;sem vítima;269;BR-101/RJ;Norte;Colisão Lateral;1;;1;;;;;;;;2;;;;
22/05/2011;15:03:00;100;com vítima;269;BR-101/RJ;Norte;Colisão Lateral;1;;;1;;;;;;;2;3;;;
29/06/2011;15:07:00;111;com vítima;269;BR-101/RJ;Norte;Colisão Lateral;1;;;1;;;;;;;2;;1;;
23/08/2011;15:02:00;117;com vítima;269;BR-101/RJ;Norte;Colisão Traseira;2;;;;;;;;;;1;;3;;
02/10/2011;08:11:00;45;com vítima;269;BR-101/RJ;Norte;Colisão Traseira;;;;2;;;;;;;0;2;;;
03/11/2011;12:46:00;107;sem vítima;269;BR-101/RJ;Sul;Saida de Pista;;;;;;;;;;1;1;;;;
27/11/2011;10:22:00;60;sem vítima;269;BR-101/RJ;Norte;Saida de Pista;1;;;;;;;;;;1;;;;
27/11/2011;14:20:00;96;sem vítima;269;BR-101/RJ;Sul;Colisão Traseira;2;;;;;;;;;;6;;;;
14/12/2011;03:30:00;14;sem vítima;269,5;BR-101/RJ;Norte;Objeto lançado contra veículo;;;2;;;;;;;;2;;;;
30/12/2011;20:29:00;183;com vítima;269;BR-101/RJ;Norte;Colisão Traseira;1;;;1;;;;;;;4;;1;;
17/01/2012;21:01:00;197;sem vítima;269;BR-101/RJ;Sul;Colisão Lateral;2;;;;;;;;;;4;;;;
24/01/2012;14:18:00;127;com vítima;269,4;BR-101/RJ;Norte;Colisão Lateral;1;;1;;;;;;;;1;;2;;
07/02/2012;13:56:00;103;sem vítima;269;BR-101/RJ;Norte;Colisão Lateral;1;;1;;;;;;;;2;;;;
13/02/2012;21:58:00;200;com vítima;269;BR-101/RJ;Norte;Outros - Sequência;2;;;;;;;;;;0;6;;;
20/02/2012;00:40:00;3;sem vítima;269;BR-101/RJ;Norte;Saida de Pista;1;;;;;;;;;;1;;;;
29/02/2012;07:25:00;31;com vítima;269;BR-101/RJ;Norte;Atropelamento - Ciclista;;1;1;;;;;;;;3;;1;;
04/03/2012;19:27:00;146;sem vítima;269;BR-101/RJ;Norte;Colisão Traseira;2;;;;;;;;;;7;;;;
25/03/2012;21:14:00;156;sem vítima;269;BR-101/RJ;Sul;Saida de Pista;1;;;;;;;;;;1;;;;
24/04/2012;15:34:00;156;sem vítima;269;BR-101/RJ;Norte;Colisão Lateral;1;;1;;;;;;;;3;;;;
30/04/2012;16:49:00;106;com vítima;269;BR-101/RJ;Sul;Atropelamento - Ciclista;1;1;;;;;;;;;1;;;1;
02/05/2012;18:30:00;181;sem vítima;269;BR-101/RJ;Norte;Colisão Lateral;1;;;;;1;;;;;4;;;;
31/05/2012;18:36:00;150;com vítima;269;BR-101/RJ;Norte;Colisão Lateral;;;;1;;1;;;;;1;1;;;
12/06/2012;14:38:00;150;sem vítima;269;BR-101/RJ;Sul;Capotamento;1;;;;;;;;;;2;;;;
15/06/2012;09:58:00;69;com vítima;269,3;BR-101/RJ;Sul;Colisão Traseira;;;1;;;;;;;1;2;2;;;
22/06/2012;23:13:00;173;com vítima;269;BR-101/RJ;Norte;Choque - Defensa, barreira ou "submarino";;;;1;;;;;;;0;2;;;
20/07/2012;18:34:00;161;sem vítima;269;BR-101/RJ;Sul;Colisão Traseira;2;;;;;;;;;;4;;;;
23/07/2012;18:17:00;162;com vítima;269;BR-101/RJ;Norte;Colisão Traseira;1;;;1;;;;;;;2;1;;;
03/08/2012;16:03:00;133;sem vítima;269;BR-101/RJ;Sul;Colisão Lateral;;;1;;1;;;;;;2;;;;
09/09/2012;21:08:00;274;sem vítima;269;BR-101/RJ;Sul;Colisão Lateral;1;;;;1;;;;;;3;;;;
09/09/2012;17:07:00;181;sem vítima;269,9;BR-101/RJ;Sul;Colisão Traseira;2;;;;;;;;;;6;;;;
15/10/2012;10:51:00;71;sem vítima;269;BR-101/RJ;Norte;Colisão Lateral;2;;;;;;;;;;5;;;;
30/12/2012;08:51:00;53;com vítima;269;BR-101/RJ;Norte;Queda de Moto;1;;;1;;;;;;;2;;1;;
30/12/2012;17:45:00;185;com vítima;269;BR-101/RJ;Norte;Colisão Transversal;2;;;;;;;;;;5;2;1;;
31/12/2012;20:14:00;142;com vítima;269,88;BR-101/RJ;Norte;Atropelamento - Morador;;;;;;1;;;;;1;;1;;
30/01/2013;11:17:00;85;sem vítima;269;BR-101/RJ;Sul;Colisão Lateral;1;;1;;;;;;;;4;;;;
08/02/2013;11:17:00;129;sem vítima;269,5;BR-101/RJ;Norte;Colisão Traseira;1;;1;;;;;;;;2;;;;
13/02/2013;08:25:00;70;com vítima;269;BR-101/RJ;Sul;Engavetamento;2;;;;;;;;;1;14;1;;;
25/02/2013;15:05:00;140;com vítima;269;BR-101/RJ;Norte;Colisão Transversal;;;;1;;1;;;;;1;1;;;
11/03/2013;17:08:00;167;sem vítima;269;BR-101/RJ;Norte;Colisão Lateral;1;;;;1;;;;;;2;;;;
14/03/2013;12:18:00;89;com vítima;269,678;BR-101/RJ;Sul;Queda de Moto;;;;1;;;;;;;0;1;;;
04/04/2013;15:01:00;113;sem vítima;269;BR-101/RJ;Norte;Colisão Lateral;1;;;1;;;;;;;5;;;;
14/04/2013;22:24:00;179;com vítima;269;BR-101/RJ;Sul;Colisão Traseira;;;;1;;1;;;;;1;;1;;
09/06/2013;17:46:00;111;com vítima;269;BR-101/RJ;Norte;Colisão Lateral;1;;;1;;;;;;;2;;;1;
22/06/2013;04:55:00;26;com vítima;269;BR-101/RJ;Norte;Queda de Moto;;;;1;;;;;;;0;;1;;
22/07/2013;08:13:00;43;com vítima;269;BR-101/RJ;Norte;Colisão Transversal;2;;;;;;;;;;2;3;;;
23/07/2013;08:02:00;49;sem vítima;269;BR-101/RJ;Sul;Colisão Traseira;1;;1;;;;;;;;2;;;;
23/08/2013;23:26:00;211;sem vítima;269,272;BR-101/RJ;Norte;Colisão Lateral;2;;;;;;;;;;2;;;;
05/10/2013;13:53:00;91;sem vítima;269,29;BR-101/RJ;Sul;Saida de Pista;1;;;;;;;;;;4;;;;
14/10/2013;10:41:00;79;sem vítima;269,275;BR-101/RJ;Norte;Colisão Traseira;2;;;;;;;;;;2;;;;
15/10/2013;20:17:00;197;sem vítima;269;BR-101/RJ;Sul;Colisão Traseira;1;;;;;1;;;;;2;;;;
20/10/2013;05:34:00;10;sem vítima;269;BR-101/RJ;Sul;Saida de Pista;1;;;;;;;;;;1;;;;
23/10/2013;21:26:00;164;com vítima;269,6;BR-101/RJ;Sul;Colisão Traseira;;;1;;1;;;;;;1;1;;;
25/10/2013;15:17:00;136;sem vítima;269;BR-101/RJ;Sul;Capotamento;1;;;;;;;;;;1;;;;
14/11/2013;09:22:00;75;com vítima;269,956;BR-101/RJ;Sul;Colisão Traseira;1;;1;;;;;;;;3;;;;1
30/11/2013;16:47:00;164;com vítima;269;BR-101/RJ;Sul;Colisão Traseira;2;;;;;;;;;;3;3;;;
04/12/2013;14:59:00;129;com vítima;269;BR-101/RJ;Sul;Queda de Moto;1;;;1;;;;;;;1;1;;;
04/12/2013;17:15:00;152;com vítima;269;BR-101/RJ;Sul;Colisão Traseira;2;;;;;1;;;;;2;1;;;
16/12/2013;11:18:00;110;sem vítima;269,341;BR-101/RJ;Sul;Choque - Defensa, barreira ou "submarino";1;;;;;;;;;;1;;;;
25/12/2013;01:34:00;9;com vítima;269;BR-101/RJ;Sul;Colisão Transversal;;;;1;;1;;;;;1;;1;;
29/12/2013;03:07:00;14;sem vítima;269,825;BR-101/RJ;Sul;Saida de Pista;1;;;;;;;;;;2;;;;
04/01/2014;11:14:00;99;sem vítima;269,37;BR-101/RJ;Sul;Colisão Lateral;2;;;;;;;;;;4;;;;
12/01/2014;23:31:00;228;com vítima;269,112;BR-101/RJ;Sul;Colisão Traseira;;;1;1;;;;;;;1;;;1;1
12/03/2014;19:00:00;196;com vítima;269,26;BR-101/RJ;Norte;Colisão Transversal;1;;;1;;;;;;;1;1;;;
13/03/2014;17:16:00;190;sem vítima;269;BR-101/RJ;Norte;Colisão Traseira;2;;;;;;;;;;3;;;;
14/03/2014;23:40:00;219;sem vítima;269;BR-101/RJ;Norte;Colisão Traseira;2;;;;;;;;;;2;;;;
26/03/2014;17:06:00;147;sem vítima;269;BR-101/RJ;Norte;Colisão Traseira;1;;1;;;;;;;;4;;;;
12/04/2014;02:36:00;16;com vítima;269,955;BR-101/RJ;Norte;Saida de Pista;1;;;;;;;;;;0;3;;;
24/04/2014;17:29:00;137;com vítima;269;BR-101/RJ;Norte;Colisão Transversal;1;;;;;1;;;;;1;1;1;;
29/04/2014;09:25:00;69;sem vítima;269;BR-101/RJ;Sul;Colisão Traseira;1;;1;;;;;;;;2;;;;
25/05/2014;14:55:00;103;com vítima;269;BR-101/RJ;Sul;Colisão Transversal;1;;;1;;;;;;;0;2;;;1
05/06/2014;20:31:00;182;com vítima;269,235;BR-101/RJ;Norte;Queda de Moto;;;;1;;;;;;;0;1;;;
18/06/2014;22:28:00;177;sem vítima;269;BR-101/RJ;Sul;Colisão Transversal;1;;;;;;;;;1;7;;;;
19/06/2014;08:59:00;36;sem vítima;269;BR-101/RJ;Sul;Colisão Lateral;2;;;;;;;;;;4;;;;
11/07/2014;07:17:00;29;com vítima;269;BR-101/RJ;Sul;Colisão Transversal;1;;1;;;;;;;;3;1;;;
11/07/2014;10:25:00;68;com vítima;269;BR-101/RJ;Sul;Colisão Traseira;2;;;;;;;;;;2;1;;;
14/07/2014;19:13:00;142;sem vítima;269;BR-101/RJ;Norte;Colisão Traseira;2;;;;;;;;;;3;;;;
10/08/2014;17:42:00;124;com vítima;269,255;BR-101/RJ;Norte;Outros - Sequência;3;;;;;;;;;;1;2;;;
10/08/2014;22:07:00;166;com vítima;269,657;BR-101/RJ;Norte;Colisão Traseira;;;;;1;1;;;;;1;1;;;
21/08/2014;06:55:00;36;sem vítima;269;BR-101/RJ;Norte;Colisão Traseira;2;;;;;;;;;;2;;;;
23/08/2014;20:56:00;175;sem vítima;269,085;BR-101/RJ;Norte;Colisão Traseira;2;;;;;;;;;;3;;;;
28/08/2014;19:11:00;120;sem vítima;269,315;BR-101/RJ;Norte;Choque - Poste;1;;;;;;;;;;1;;;;
07/09/2014;17:18:00;113;sem vítima;269;BR-101/RJ;Norte;Engavetamento;3;;;;;;;;;;3;;;;
13/09/2014;14:23:00;105;sem vítima;269,32;BR-101/RJ;Norte;Colisão Lateral;1;;;;;;;;;1;5;;;;
06/10/2014;08:46:00;66;com vítima;269;BR-101/RJ;Sul;Colisão Lateral;;;1;1;;;;;;;1;;2;;
10/10/2014;19:56:00;193;com vítima;269,22;BR-101/RJ;Norte;Atropelamento - Ciclista;1;1;;;;;;;;;5;;;;1
11/10/2014;11:49:00;94;com vítima;269;BR-101/RJ;Norte;Colisão Transversal;2;2;;;;;;;;;1;;2;1;
12/10/2014;14:23:00;96;sem vítima;269,7;BR-101/RJ;Sul;Colisão Lateral;1;;1;;;;;;;;6;;;;
26/10/2014;11:32:00;64;com vítima;269,306;BR-101/RJ;Sul;Colisão Transversal;1;;;1;;;;;;;2;;1;;
17/11/2014;12:18:00;94;com vítima;269;BR-101/RJ;Norte;Colisão Traseira;1;;;1;;;;;;;1;1;;;
19/12/2014;07:20:00;36;sem vítima;269;BR-101/RJ;Sul;Saida de Pista;1;;;;;;;;;;1;;;;
31/12/2014;08:15:00;57;com vítima;269;BR-101/RJ;Norte;Colisão Lateral;1;;;1;;;;;;;0;2;1;;
08/01/2015;11:14:00;71;sem vítima;269;BR-101/RJ;Sul;Colisão Traseira;2;;;;;;;;;;3;;;;
10/01/2015;00:08:00;1;com vítima;269;BR-101/RJ;Norte;Colisão Lateral;2;;;;;;;;;;1;4;1;;
16/03/2015;17:22:00;174;sem vítima;269;BR-101/RJ;Sul;Colisão Lateral;1;;1;;;;;;;;2;0;0;0;0
24/03/2015;11:36:00;93;com vítima;269;BR-101/RJ;Norte;Atropelamento - Ciclista;;1;;;;;;;;1;5;1;0;0;0
02/04/2015;18:10:00;184;com vítima;269;BR-101/RJ;Norte;Atropelamento - Morador;1;;;;;;;;;;3;;;2;
20/04/2015;07:06:00;31;sem vítima;269;BR-101/RJ;Norte;Engavetamento;3;;;;;;;;;;6;;;;
10/05/2015;10:52:00;62;sem vítima;269;BR-101/RJ;Sul;Saida de Pista;1;;;;;;;;;;1;;;;
13/05/2015;16:11:00;125;com vítima;269;BR-101/RJ;Sul;Atropelamento - Morador;1;;;;;;;;;;1;;;1;
26/05/2015;20:42:00;183;com vítima;269;BR-101/RJ;Norte;Colisão Transversal;1;;;1;;;;;;;2;;;1;
07/06/2015;15:59:00;119;com vítima;269;BR-101/RJ;Sul;Colisão Traseira;1;;;1;;;;;;;2;1;;;
16/07/2015;20:04:00;207;sem vítima;269,884;BR-101/RJ;Sul;Colisão Lateral;;;2;;;1;;;;;5;;;;
15/08/2015;12:01:00;80;com vítima;269;BR-101/RJ;Sul;Colisão Traseira;2;;;;;;;;;;3;1;;;
16/08/2015;08:12:00;26;com vítima;269;BR-101/RJ;Norte;Colisão Lateral;;;;1;;1;;;;;1;1;;;
12/09/2015;18:35:00;135;sem vítima;269,79;BR-101/RJ;Norte;Colisão Traseira;2;;;;;;;;;;2;;;;
27/09/2015;00:03:00;2;sem vítima;269;BR-101/RJ;Norte;Colisão Traseira;2;;;;;;;;;;2;;;;
03/10/2015;11:56:00;92;sem vítima;269;BR-101/RJ;Norte;Colisão Lateral;2;;;;;;;;;;2;;;;
08/10/2015;23:43:00;229;sem vítima;269;BR-101/RJ;Norte;Choque - Veiculo parado no acostamento;1;;;;1;;;;;;4;;;;
11/10/2015;16:26:00;119;com vítima;269;BR-101/RJ;Norte;Colisão Transversal;1;;1;;;;;;;;4;3;;;
12/10/2015;19:21:00;161;sem vítima;269;BR-101/RJ;Sul;Engavetamento;3;;;;;;;;;;3;;;;
14/10/2015;21:05:00;207;sem vítima;269;BR-101/RJ;Sul;Colisão Traseira;1;;1;;;;;;;;3;;;;
08/11/2015;12:50:00;92;sem vítima;269,433;BR-101/RJ;Norte;Colisão Lateral;2;;;;;;;;;;3;;;;
21/11/2015;19:08:00;158;sem vítima;269,059;BR-101/RJ;Norte;Saida de Pista;1;;;;;;;;;;1;;;;
28/11/2015;16:28:00;153;sem vítima;269,9;BR-101/RJ;Norte;Colisão Traseira;2;;;;;;;;;;5;;;;
05/12/2015;00:48:00;3;sem vítima;269,345;BR-101/RJ;Sul;Colisão Traseira;2;;;;;;;;;;2;;;;
05/12/2015;01:00:00;5;sem vítima;269,345;BR-101/RJ;Sul;Colisão Traseira;;;2;;;;;;;;2;;;;
21/12/2015;15:32:00;155;sem vítima;269;BR-101/RJ;Norte;Colisão Lateral;1;;1;;;;;;;;2;;;;
23/01/2010;13:06:00;98;com vítima;270;BR-101/RJ;Norte;Colisão Traseira;;;;1;1;;;;;;1;1;;;
14/03/2010;23:03:00;229;com vítima;270;BR-101/RJ;Sul;Colisão Transversal;2;;;;;;;;;;3;2;2;;
05/06/2010;07:52:00;49;com vítima;270;BR-101/RJ;Norte;Atropelamento - Morador;;;;;;1;;;;;1;1;;;
05/06/2010;18:19:00;137;com vítima;270;BR-101/RJ;Norte;Atropelamento - Morador;;;;;;;;;;1;1;;;;1
17/10/2010;18:33:00;123;com vítima;270;BR-101/RJ;Norte;Colisão Lateral;2;;;;;;;;;;1;1;;;
15/11/2010;17:01:00;135;sem vítima;270;BR-101/RJ;Sul;Engavetamento;3;;;;;;;;;;9;;;;
07/12/2010;13:35:00;116;com vítima;270;BR-101/RJ;Sul;Colisão Lateral;;;1;;;;;;;1;9;1;;;
09/02/2011;02:19:00;6;sem vítima;270;BR-101/RJ;Norte;Saida de Pista;1;;;;;;;;;;1;;;;
12/02/2011;00:04:00;1;com vítima;270;BR-101/RJ;Sul;Atropelamento - Morador;1;;;;;;;;;;4;;;;1
12/02/2011;02:39:00;13;sem vítima;270;BR-101/RJ;Norte;Colisão Lateral;1;;1;;;;;;;;2;;;;
13/03/2011;00:27:00;9;com vítima;67;BR-101/RJ;Norte;Colisão Traseira;1;;;1;;;;;;;2;1;;;
13/03/2011;10:46:00;71;sem vítima;202;BR-101/RJ;Sul;Colisão Traseira;1;;;;;1;;;;;2;;;;
21/05/2011;00:32:00;5;com vítima;270;BR-101/RJ;Sul;Capotamento;1;;;;;;;;;;0;1;;;
12/06/2011;20:58:00;152;sem vítima;270;BR-101/RJ;Sul;Saida de Pista;1;;;;;;;;;;1;;;;
24/08/2011;18:41:00;138;sem vítima;270;BR-101/RJ;Norte;Colisão Traseira;1;;;;;1;;;;;2;;;;
04/09/2011;23:36:00;153;com vítima;270,3999938964844;BR-101/RJ;Sul;Queda de Moto;;;;1;;;;;;;1;;1;;
06/11/2011;10:18:00;38;sem vítima;270;BR-101/RJ;Sul;Colisão Lateral;2;;;;;;;;;;5;;;;
27/11/2011;12:47:00;79;com vítima;270;BR-101/RJ;Sul;Queda de Moto;;;;1;;;;;;;0;1;;;
27/11/2011;12:54:00;82;sem vítima;270;BR-101/RJ;Sul;Colisão Traseira;2;;;;;;;;;;8;;;;
25/12/2011;12:58:00;63;com vítima;270;BR-101/RJ;Norte;Capotamento;1;;;;;;;;;;0;2;1;;1
02/01/2012;10:44:00;78;sem vítima;270;BR-101/RJ;Sul;Colisão Traseira;2;;;;;;;;;;9;;;;
16/01/2012;18:16:00;177;com vítima;270;BR-101/RJ;Sul;Colisão Traseira;2;;1;;;;;;;;7;;2;;
22/01/2012;17:13:00;143;sem vítima;270;BR-101/RJ;Sul;Colisão Traseira;2;;;;;;;;;;2;;;;
05/02/2012;21:23:00;186;sem vítima;270;BR-101/RJ;Sul;Colisão Traseira;2;;;;;;;;;;6;;;;
13/03/2012;20:09:00;185;sem vítima;270,5;BR-101/RJ;Sul;Colisão Traseira;2;;;;;;;;;;3;;;;
24/03/2012;08:15:00;51;sem vítima;270;BR-101/RJ;Sul;Colisão Lateral;2;;;;;;;;;;2;;;;
14/05/2012;06:23:00;24;sem vítima;270;BR-101/RJ;Sul;Colisão Traseira;1;;;;1;;;;;;2;;;;
04/06/2012;14:48:00;114;com vítima;270;BR-101/RJ;Sul;Colisão Traseira;1;;;;1;;;;;;4;;1;;
13/08/2012;13:59:00;126;com vítima;270,85;BR-101/RJ;Sul;Queda de Moto;;;;1;;;;;;;0;1;;;
24/08/2012;06:07:00;19;sem vítima;270;BR-101/RJ;Norte;Capotamento;1;;;;;;;;;;1;;;;
02/09/2012;01:12:00;2;sem vítima;270;BR-101/RJ;Sul;Saida de Pista;1;;;;;;;;;;1;;;;
15/09/2012;14:38:00;119;com vítima;270;BR-101/RJ;Sul;Colisão Lateral;2;;;;;;;;;;3;1;;;
12/11/2012;15:49:00;137;sem vítima;270;BR-101/RJ;Sul;Saida de Pista;2;;1;;;;;;;;3;;;;
21/11/2012;17:52:00;152;sem vítima;270;BR-101/RJ;Norte;Colisão Lateral;1;;;1;;;;;;;2;;;;
09/12/2012;12:10:00;84;sem vítima;270,5;BR-101/RJ;Norte;Queda de Moto;;;;1;;;;;;;2;;;;
27/12/2012;13:23:00;113;sem vítima;270;BR-101/RJ;Sul;Colisão Traseira;2;;;;;;;;;;2;;;;
28/12/2012;04:33:00;35;com vítima;270;BR-101/RJ;Norte;Saida de Pista;1;;;;;;;;;;0;1;;;
23/03/2013;20:12:00;190;sem vítima;270;BR-101/RJ;Norte;Colisão Traseira;2;;;;;;;;;;6;;;;
23/03/2013;19:43:00;187;com vítima;270,58;BR-101/RJ;Norte;Atropelamento - Andarilho;1;;;;;;;;;;1;;;;1
14/04/2013;20:15:00;159;sem vítima;270;BR-101/RJ;Sul;Colisão Traseira;1;;1;;;;;;;;3;;;;
08/05/2013;11:10:00;72;sem vítima;270;BR-101/RJ;Sul;Choque - Defensa, barreira ou "submarino";1;;;;;;;;;;1;;;;
19/05/2013;04:11:00;20;sem vítima;270,178;BR-101/RJ;Sul;Atropelamento de Animal;1;;;;;;;;;;1;;;;
19/05/2013;04:01:00;18;com vítima;270,222;BR-101/RJ;Sul;Atropelamento de Animal;1;;;;;;;;;;0;2;;;
01/06/2013;16:55:00;132;com vítima;270;BR-101/RJ;Norte;Colisão Lateral;1;;;1;;;;;;;1;1;2;;
02/07/2013;12:00:00;68;com vítima;270,462;BR-101/RJ;Norte;Capotamento;1;;;;;;;;;;1;1;;;
06/07/2013;03:56:00;17;sem vítima;270,4;BR-101/RJ;Norte;Atropelamento de Animal;;;1;;;;;;;;1;;;;
13/07/2013;03:05:00;14;sem vítima;270,6;BR-101/RJ;Norte;Saida de Pista;1;;;;;;;;;;1;;;;
29/07/2013;07:00:00;34;com vítima;270;BR-101/RJ;Sul;Atropelamento - Ciclista;;1;;;;1;;;;;1;;1;;
01/09/2013;13:16:00;77;com vítima;270;BR-101/RJ;Sul;Capotamento;1;;;;;;;;;;0;1;;1;2
01/09/2013;16:12:00;112;sem vítima;270,5;BR-101/RJ;Sul;Colisão Traseira;2;;;;;;;;;;5;;;;
08/10/2013;02:13:00;12;com vítima;270,6;BR-101/RJ;Sul;Capotamento;1;;;;;;;;;;0;;;1;1
17/11/2013;17:56:00;171;sem vítima;270;BR-101/RJ;Norte;Saida de Pista;1;;;;;;;;;;1;;;;
27/12/2013;16:22:00;148;com vítima;270,324;BR-101/RJ;Sul;Saida de Pista;;;1;;;;;;;;0;1;;;
18/01/2014;06:42:00;57;sem vítima;270,956;BR-101/RJ;Norte;Saida de Pista;1;;;;;;;;;;2;;;;
27/02/2014;00:01:00;1;com vítima;270,3;BR-101/RJ;Sul;Atropelamento - Morador;1;;;1;;;;;;;1;;2;;1
18/03/2014;17:44:00;133;com vítima;270;BR-101/RJ;Norte;Outros - Sequência;2;1;;;1;;;;;;2;4;;;
01/04/2014;18:45:00;149;com vítima;270,805;BR-101/RJ;Sul;Queda de Moto;;;;1;;;;;;;0;;;;1
05/05/2014;06:46:00;23;sem vítima;270;BR-101/RJ;Norte;Colisão Lateral;1;;;;1;;;;;;2;;;;
23/07/2014;18:52:00;147;com vítima;270;BR-101/RJ;Sul;Saida de Pista;1;;;;;;;;;;0;1;;;
06/08/2014;08:30:00;45;com vítima;270,9;BR-101/RJ;Norte;Colisão Traseira;;;1;1;;;;;;;1;;1;;
09/10/2014;21:39:00;208;sem vítima;270;BR-101/RJ;Sul;Saida de Pista;1;;;;;;;;;;2;;;;
20/12/2014;10:28:00;76;sem vítima;270;BR-101/RJ;Sul;Saida de Pista;;;;1;;;;;;;1;;;;