data;horario;n_da_ocorrencia;tipo_de_ocorrencia;km;trecho;sentido;tipo_de_acidente;automovel;bicicleta;caminhao;moto;onibus;outros;tracao_animal;transporte_de_cargas_especiais;trator_maquinas;utilitarios;ilesos;levemente_feridos;moderadamente_feridos;gravemente_feridos;mortos
22/01/2015;01:43:00;6;sem vítima;270,667;BR-101/RJ;Norte;Atropelamento de Animal;;;1;;;;;;;;1;;;;
05/03/2015;17:38:00;105;sem vítima;270;BR-101/RJ;Norte;Saida de Pista;1;;;;;;;;;;1;0;0;0;0
17/04/2015;12:35:00;114;com vítima;270,557;BR-101/RJ;Norte;Atropelamento de Animal;1;;;;;;;;;;0;1;;;
07/06/2015;11:02:00;62;sem vítima;270;BR-101/RJ;Sul;Colisão Traseira;1;;;;;1;;;;;2;;;;
16/06/2015;20:08:00;162;com vítima;270,5;BR-101/RJ;Norte;Atropelamento - Morador;;;;;;1;;;;;1;;;;1
19/06/2015;05:52:00;23;com vítima;270,511;BR-101/RJ;Norte;Colisão Traseira;1;;1;;;;;;;;1;4;;;
07/07/2015;15:17:00;159;com vítima;270;BR-101/RJ;Sul;Colisão Traseira;2;;;;;;;;;;0;3;;;
02/08/2015;18:11:00;135;com vítima;270,2;BR-101/RJ;Norte;Capotamento;1;;;;;;;;;;0;1;;;
19/09/2015;06:01:00;30;sem vítima;270,212;BR-101/RJ;Sul;Colisão Lateral;1;;1;;;;;;;;2;;;;
19/09/2015;06:01:00;35;sem vítima;270,212;BR-101/RJ;Sul;Colisão Traseira;;;;;1;1;;;;;2;;;;
10/01/2010;18:55:00;198;com vítima;271;BR-101/RJ;Sul;Colisão Traseira;3;;;;;;;;;;9;1;;;
10/01/2010;19:12:00;200;sem vítima;271;BR-101/RJ;Sul;Colisão Traseira;2;;;;;;;;;;4;;;;
24/01/2010;06:52:00;30;sem vítima;271;BR-101/RJ;Sul;Saida de Pista;1;;;;;;;;;;1;;;;
11/02/2010;09:53:00;64;com vítima;271;BR-101/RJ;Sul;Colisão Traseira;;;;1;;1;;;;;1;;1;;
06/03/2010;22:24:00;206;sem vítima;271;BR-101/RJ;Sul;Choque - Defensa, barreira ou "submarino";1;;;;;;;;;;1;;;;
11/06/2010;05:08:00;11;com vítima;271;BR-101/RJ;Sul;Capotamento;1;;;;;;;;;;0;;1;;
29/06/2010;09:17:00;44;sem vítima;271,5;BR-101/RJ;Norte;Saida de Pista;1;;;;;1;;;;;2;;;;
06/09/2010;04:30:00;17;com vítima;271;BR-101/RJ;Sul;Saida de Pista;1;;;;;;;;;;0;1;;;
07/09/2010;20:21:00;186;sem vítima;271;BR-101/RJ;Norte;Saida de Pista;1;;;;;;;;;;2;;;;
07/09/2010;21:05:00;192;sem vítima;271;BR-101/RJ;Norte;Saida de Pista;1;;;;;;;;;;4;;;;
18/09/2010;03:34:00;24;com vítima;271;BR-101/RJ;Sul;Saida de Pista;1;;;;;;;;;;0;;2;;
27/09/2010;07:04:00;29;com vítima;271;BR-101/RJ;Norte;Atropelamento - Ciclista;;1;;;;;;;;1;1;;1;;
06/10/2010;09:31:00;59;com vítima;271;BR-101/RJ;Sul;Capotamento;1;;;;;;;;;;0;1;;;
12/10/2010;11:04:00;57;com vítima;271;BR-101/RJ;Norte;Capotamento;1;;;;;;;;;;0;;1;1;
18/10/2010;14:29:00;82;sem vítima;271;BR-101/RJ;Sul;Saida de Pista;1;;;;;;;;;;1;;;;
15/11/2010;15:17:00;113;sem vítima;271;BR-101/RJ;Sul;Engavetamento;3;;;;;;;;;;7;;;;
21/12/2010;16:14:00;153;com vítima;271;BR-101/RJ;Norte;Colisão Lateral;2;;;;;;;;;;1;3;;;
31/12/2010;16:28:00;194;sem vítima;271;BR-101/RJ;Norte;Saida de Pista;1;;;;;;;;;;4;;;;
01/01/2011;06:48:00;20;com vítima;271;BR-101/RJ;Norte;Capotamento;1;;;;;;;;;;0;;2;;
05/02/2011;13:58:00;130;com vítima;271;BR-101/RJ;Sul;Saida de Pista;1;;;;;;;;;;0;;1;;
06/02/2011;12:56:00;81;com vítima;271;BR-101/RJ;Sul;Queda de Moto;;;;1;;;;;;;0;;1;;
13/02/2011;19:02:00;137;sem vítima;271;BR-101/RJ;Sul;Engavetamento;3;;;;;;;;;;14;;;;
13/02/2011;20:12:00;158;sem vítima;271;BR-101/RJ;Sul;Engavetamento;4;;;;;;;;;;13;;;;
13/03/2011;12:27:00;88;sem vítima;235;BR-101/RJ;Sul;Colisão Traseira;2;;;;;;;;;;10;;;;
13/03/2011;12:38:00;94;sem vítima;292;BR-101/RJ;Sul;Engavetamento;6;;;;;;;;;;18;;;;
13/03/2011;16:19:00;140;com vítima;292;BR-101/RJ;Sul;Engavetamento;5;;;;;;;;;;16;2;;;
06/06/2011;15:00:00;121;com vítima;271;BR-101/RJ;Sul;Saida de Pista;1;;;;;;;;;;0;;1;;
12/06/2011;04:22:00;18;sem vítima;271;BR-101/RJ;Sul;Capotamento;1;;;;;;;;;;1;;;;
13/06/2011;20:22:00;176;com vítima;271;BR-101/RJ;Sul;Colisão Traseira;;;;1;;1;;;;;1;;1;;
19/06/2011;08:58:00;40;sem vítima;271,79998779296875;BR-101/RJ;Norte;Saida de Pista;1;;;;;1;;;;;5;;;;
14/09/2011;08:07:00;37;com vítima;271;BR-101/RJ;Sul;Atropelamento - Ciclista;1;;;;;;;;;;2;;1;;
14/09/2011;03:27:00;10;sem vítima;271,20001220703125;BR-101/RJ;Sul;Saida de Pista;;;1;;;;;;;;1;;;;
23/09/2011;16:02:00;120;sem vítima;271,5;BR-101/RJ;Norte;Colisão Lateral;1;;1;;;;;;;;4;;;;
07/10/2011;15:59:00;138;sem vítima;271;BR-101/RJ;Sul;Colisão Lateral;1;;;;1;;;;;;5;;;;
12/10/2011;09:59:00;52;sem vítima;271,2640075683594;BR-101/RJ;Sul;Choque - Defensa, barreira ou "submarino";1;;;;;;;;;;1;;;;
31/10/2011;15:13:00;104;sem vítima;271;BR-101/RJ;Sul;Colisão Traseira;2;;;;;;;;;;4;;;;
31/10/2011;13:28:00;89;sem vítima;271,1000061035156;BR-101/RJ;Sul;Colisão Traseira;2;;;;;1;;;;;5;;;;
01/11/2011;07:11:00;25;sem vítima;271;BR-101/RJ;Norte;Saida de Pista;1;;;;;;;;;;1;;;;
16/11/2011;09:50:00;57;sem vítima;271;BR-101/RJ;Sul;Colisão Traseira;2;;;;;;;;;;4;;;;
27/11/2011;12:23:00;76;sem vítima;271;BR-101/RJ;Sul;Colisão Traseira;2;;;;;;;;;;5;;;;
15/12/2011;16:53:00;126;com vítima;271;BR-101/RJ;Sul;Saida de Pista;;;1;;;;;;;;2;1;;;
26/12/2011;17:38:00;150;sem vítima;271;BR-101/RJ;Norte;Colisão Traseira;2;;;;;;;;;;6;;;;
03/01/2012;14:53:00;155;com vítima;271;BR-101/RJ;Sul;Engavetamento;3;;;;;;;;;;11;;2;;
08/01/2012;15:58:00;118;sem vítima;271;BR-101/RJ;Sul;Colisão Traseira;2;;;;;;;;;;4;;;;
14/01/2012;01:55:00;8;com vítima;271;BR-101/RJ;Norte;Capotamento;1;;;;;;;;;;0;1;1;1;
23/01/2012;07:15:00;40;sem vítima;271;BR-101/RJ;Sul;Colisão Traseira;1;;;;;1;;;;;2;;;;
22/02/2012;15:02:00;135;com vítima;271;BR-101/RJ;Sul;Saida de Pista;1;;;;;;;;;;2;3;;;
22/05/2012;05:58:00;22;sem vítima;271,35;BR-101/RJ;Norte;Tombamento;;;1;;;;;;;;1;;;;
22/05/2012;06:48:00;30;com vítima;271,75;BR-101/RJ;Norte;Engavetamento;1;;1;;;;;;;1;17;;2;;
24/05/2012;23:27:00;184;com vítima;271,3;BR-101/RJ;Sul;Atropelamento de Animal;1;;;;;;;;;;0;;1;1;
26/05/2012;20:17:00;178;sem vítima;271;BR-101/RJ;Norte;Capotamento;1;;;;;;;;;;1;;;;
31/07/2012;16:06:00;112;sem vítima;271,9;BR-101/RJ;Sul;Colisão Lateral;1;;;;;;;;;1;5;;;;
03/08/2012;12:46:00;104;sem vítima;271;BR-101/RJ;Sul;Colisão Lateral;1;;;;;;1;;;;3;;;;
07/08/2012;04:55:00;9;sem vítima;271;BR-101/RJ;Norte;Tombamento;;;1;;;;;;;;1;;;;
07/08/2012;06:59:00;30;sem vítima;271;BR-101/RJ;Norte;Colisão Traseira;2;;;;;;;;;;2;;;;
10/08/2012;18:21:00;184;com vítima;271,834;BR-101/RJ;Sul;Queda de Moto;;;;1;;;;;;;0;1;;;
06/10/2012;13:09:00;112;com vítima;271;BR-101/RJ;Norte;Capotamento;1;;;;;;;;;;0;1;;;
16/11/2012;01:21:00;9;sem vítima;271;BR-101/RJ;Norte;Saida de Pista;;;;;;;;;;1;2;;;;
17/11/2012;03:01:00;9;sem vítima;271;BR-101/RJ;Norte;Saida de Pista;1;;;;;;;;;;2;;;;
24/11/2012;20:18:00;175;com vítima;271,218;BR-101/RJ;Norte;Capotamento;1;;;;;;;;;;0;5;;;
06/01/2013;10:46:00;57;com vítima;271;BR-101/RJ;Sul;Colisão Lateral;1;;1;;;;;;;;4;1;1;;
17/01/2013;05:18:00;24;com vítima;271,923;BR-101/RJ;Norte;Saida de Pista;1;;;;;;;;;;0;1;;;
22/01/2013;14:07:00;124;sem vítima;271;BR-101/RJ;Norte;Saida de Pista;;;;;;;;;;1;1;;;;
11/02/2013;17:01:00;127;sem vítima;271;BR-101/RJ;Norte;Capotamento;1;;;;;;;;;;2;;;;
20/02/2013;15:18:00;136;com vítima;271,5;BR-101/RJ;Sul;Saida de Pista;;;;;;;;;;1;0;2;;;
26/02/2013;17:09:00;165;sem vítima;271;BR-101/RJ;Norte;Choque - Defensa, barreira ou "submarino";1;;;;;;;;;;2;;;;
23/03/2013;07:50:00;42;sem vítima;271,68;BR-101/RJ;Norte;Atropelamento de Animal;1;;;;;;;;;;2;;;;
28/03/2013;03:10:00;19;com vítima;271;BR-101/RJ;Norte;Saida de Pista;1;;;;;;;;;;0;1;;;
05/04/2013;17:42:00;139;sem vítima;271,433;BR-101/RJ;Norte;Saida de Pista;1;;;;;;;;;;1;;;;
25/04/2013;13:17:00;103;com vítima;271;BR-101/RJ;Sul;Saida de Pista;2;;;;;;;;;;0;3;;;
24/05/2013;17:05:00;125;sem vítima;271,245;BR-101/RJ;Sul;Saida de Pista;;;1;;;;;;;;1;;;;
30/05/2013;11:38:00;71;com vítima;271,59;BR-101/RJ;Sul;Colisão Traseira;2;;;;;;;;;;5;3;;;
13/07/2013;09:42:00;63;com vítima;271,8;BR-101/RJ;Norte;Queda de Moto;;;;1;;;;;;;1;1;;;
20/07/2013;05:38:00;39;com vítima;271,369;BR-101/RJ;Sul;Colisão Traseira;1;;;;1;;;;;;1;2;;;
23/09/2013;08:07:00;48;sem vítima;271,181;BR-101/RJ;Norte;Saida de Pista;;;;;;;;;;1;1;;;;
26/09/2013;10:13:00;80;sem vítima;271,3;BR-101/RJ;Norte;Saida de Pista;;;1;;;;;;;;1;;;;
26/10/2013;00:08:00;3;sem vítima;271,8;BR-101/RJ;Sul;Saida de Pista;1;;;;;;;;;;1;;;;
30/11/2013;16:34:00;158;sem vítima;271;BR-101/RJ;Sul;Saida de Pista;1;;;;;;;;;;1;;;;
05/12/2013;22:30:00;211;sem vítima;271;BR-101/RJ;Norte;Capotamento;1;;;;;;;;;;1;;;;
11/12/2013;10:39:00;91;sem vítima;271;BR-101/RJ;Norte;Saida de Pista;1;;;;;;;;;;1;;;;
12/12/2013;12:27:00;109;sem vítima;271;BR-101/RJ;Sul;Saida de Pista;1;;;;;;;;;;4;;;;
15/12/2013;22:22:00;170;sem vítima;271;BR-101/RJ;Norte;Saida de Pista;1;;;;;;;;;;1;;;;
19/01/2014;00:10:00;1;com vítima;271,437;BR-101/RJ;Sul;Saida de Pista;1;;;;;;;;;;0;;1;;1
16/02/2014;22:28:00;181;com vítima;271;BR-101/RJ;Sul;Saida de Pista;1;;;;;;;;;;1;1;;;
18/03/2014;04:04:00;12;sem vítima;271;BR-101/RJ;Sul;Saida de Pista;1;;;;;;;;;;1;;;;
21/03/2014;17:00:00;165;sem vítima;271;BR-101/RJ;Norte;Colisão Traseira;1;;;;;;;;;1;2;;;;
22/03/2014;00:51:00;6;sem vítima;271,917;BR-101/RJ;Norte;Colisão Traseira;2;;;;;;;;;;6;;;;
23/03/2014;13:52:00;61;com vítima;271;BR-101/RJ;Sul;Choque - Defensa, barreira ou "submarino";1;;;;;;;;;;0;1;;;
27/03/2014;16:41:00;141;sem vítima;271;BR-101/RJ;Norte;Saida de Pista;1;;;;;;;;;;1;;;;
14/04/2014;18:36:00;157;com vítima;271,185;BR-101/RJ;Norte;Saida de Pista;;;1;;;;;;;;1;2;;;
21/04/2014;14:17:00;95;sem vítima;271;BR-101/RJ;Sul;Engavetamento;4;;;;;;;;;;9;;;;
28/05/2014;09:49:00;66;sem vítima;271;BR-101/RJ;Sul;Saida de Pista;1;;;;;;;;;;2;;;;
01/06/2014;23:17:00;166;sem vítima;271,183;BR-101/RJ;Sul;Saida de Pista;1;;;;;;;;;;1;;;;
26/07/2014;08:31:00;30;sem vítima;271;BR-101/RJ;Sul;Capotamento;1;;;;;;;;;;1;;;;
05/09/2014;16:58:00;134;com vítima;271,464;BR-101/RJ;Sul;Atropelamento - Usuário;1;;;;;;;;;1;2;;1;;
17/09/2014;15:43:00;91;com vítima;271,361;BR-101/RJ;Norte;Colisão Traseira;1;;;;1;;;;;;1;;;;1
28/09/2014;21:09:00;146;sem vítima;271;BR-101/RJ;Norte;Atropelamento de Animal;1;;;;;;;;;;2;;;;
04/10/2014;19:01:00;143;sem vítima;271,37;BR-101/RJ;Sul;Saida de Pista;1;;;;;;;;;;1;;;;
06/10/2014;04:29:00;32;com vítima;271;BR-101/RJ;Sul;Atropelamento de Animal;2;;;;;;;;;;0;2;;;
12/10/2014;13:41:00;86;com vítima;271,059;BR-101/RJ;Sul;Saida de Pista;1;;;;;;;;;;0;2;;;
19/10/2014;16:58:00;109;sem vítima;271,085;BR-101/RJ;Sul;Colisão Traseira;;;1;;;;;;;1;3;;;;
08/11/2014;22:02:00;184;sem vítima;271,01;BR-101/RJ;Sul;Colisão Traseira;1;;;;;1;;;;;2;;;;
12/11/2014;21:44:00;173;sem vítima;271,2;BR-101/RJ;Norte;Saida de Pista;1;;;;;;;;;;1;;;;
14/12/2014;06:36:00;35;com vítima;271;BR-101/RJ;Norte;Saida de Pista;1;;;;;;;;;;3;1;;;
17/12/2014;22:29:00;210;sem vítima;271;BR-101/RJ;Sul;Colisão Lateral;1;;1;;;;;;;;2;;;;
17/01/2015;18:38:00;164;sem vítima;271;BR-101/RJ;Norte;Saida de Pista;;;;;;1;;;;;1;;;;
15/02/2015;13:46:00;95;sem vítima;271;BR-101/RJ;Norte;Colisão Lateral;1;;1;;;;;;;;2;0;0;0;0
22/02/2015;10:30:00;57;sem vítima;271;BR-101/RJ;Sul;Engavetamento;5;;;;;;;;;;13;;;;
22/03/2015;21:13:00;149;com vítima;271;BR-101/RJ;Norte;Saida de Pista;1;;;;;;;;;;1;1;0;0;0
08/06/2015;13:33:00;124;sem vítima;271;BR-101/RJ;Norte;Colisão Lateral;2;;;;;;;;;;3;;;;
17/06/2015;18:35:00;173;com vítima;271;BR-101/RJ;Sul;Colisão Traseira;1;;;;;1;;;;;1;1;;;
26/07/2015;00:29:00;2;sem vítima;271;BR-101/RJ;Sul;Choque - Elemento de Drenagem;1;;;;;;;;;;1;;;;
04/09/2015;09:11:00;68;com vítima;271;BR-101/RJ;Norte;Colisão Transversal;3;;;;;;;;;;1;8;;1;
13/09/2015;05:49:00;25;sem vítima;271,097;BR-101/RJ;Norte;Choque - Defensa, barreira ou "submarino";1;;;;;;;;;;1;;;;
02/10/2015;17:47:00;190;com vítima;271,186;BR-101/RJ;Norte;Atropelamento - Morador;1;;;;;;;;;;1;;;1;
17/10/2015;05:28:00;21;com vítima;271;BR-101/RJ;Norte;Queda de Moto;;;;1;;;;;;;0;2;;;
18/10/2015;10:56:00;53;sem vítima;271,222;BR-101/RJ;Norte;Choque - Defensa, barreira ou "submarino";;;;;;;;;;1;5;;;;
28/10/2015;08:20:00;58;com vítima;271,444;BR-101/RJ;Norte;Choque - Poste;1;;;;;;;;;;0;3;;;
01/11/2015;12:17:00;82;com vítima;271,957;BR-101/RJ;Norte;Queda de Moto;;;;1;;;;;;;0;1;1;;
30/11/2015;12:03:00;135;com vítima;271;BR-101/RJ;Norte;Colisão Traseira;1;;;;;1;;;;;5;2;;;
10/12/2015;13:08:00;152;com vítima;271;BR-101/RJ;Sul;Colisão Lateral;;;;;1;1;;;;;2;1;;;
17/12/2015;09:24:00;97;sem vítima;271,3;BR-101/RJ;Sul;Colisão Lateral;;;1;;1;;;;;;3;;;;
22/12/2015;10:06:00;96;sem vítima;271;BR-101/RJ;Sul;Choque - Defensa, barreira ou "submarino";1;;;;;;;;;;1;;;;
10/01/2010;18:20:00;187;sem vítima;272;BR-101/RJ;Sul;Colisão Traseira;3;;;;;;;;;;11;;;;
19/01/2010;16:18:00;147;com vítima;272;BR-101/RJ;Sul;Saida de Pista;1;;;;;;;;;;0;;;1;
14/02/2010;04:57:00;46;sem vítima;272;BR-101/RJ;Sul;Saida de Pista;;;;;;;;;;1;1;;;;
22/04/2010;22:31:00;208;sem vítima;272,1000061035156;BR-101/RJ;Norte;Capotamento;1;;;;;;;;;;2;;;;
03/05/2010;20:35:00;175;sem vítima;272;BR-101/RJ;Sul;Atropelamento de Animal;1;;;;;;;;;;1;;;;
20/05/2010;22:00:00;180;com vítima;272;BR-101/RJ;Norte;Saida de Pista;1;;;;;;;;;;1;;1;;
24/05/2010;03:44:00;25;sem vítima;272;BR-101/RJ;Sul;Atropelamento de Animal;1;;;;1;;;;;;3;;;;
13/08/2010;14:34:00;113;com vítima;272;BR-101/RJ;Norte;Saida de Pista;1;;;;;;;;;;0;2;1;1;
07/09/2010;12:22:00;78;com vítima;272;BR-101/RJ;Sul;Colisão Traseira;3;;;;;;;;;;6;1;1;;
15/09/2010;10:27:00;79;sem vítima;272;BR-101/RJ;Norte;Saida de Pista;;;1;;;;;;;;1;;;;
07/11/2010;06:13:00;25;com vítima;272;BR-101/RJ;Sul;Saida de Pista;1;;;;;;;;;;0;;1;;
24/11/2010;13:41:00;98;com vítima;272;BR-101/RJ;Sul;Saida de Pista;1;;;;;;;;;;0;1;;;
03/12/2010;12:27:00;91;com vítima;272;BR-101/RJ;Sul;Saida de Pista;1;;;;;;;;;;0;;1;;
17/12/2010;17:53:00;173;sem vítima;272;BR-101/RJ;Sul;Colisão Traseira;2;;;;;;;;;;3;;;;
03/01/2011;08:27:00;95;com vítima;272;BR-101/RJ;Norte;Colisão Lateral;1;;;;;;;;;1;1;;1;;
13/03/2011;22:12:00;191;com vítima;279;BR-101/RJ;Sul;Atropelamento - Outros;1;;;;;;;;;;3;;;1;
23/06/2011;03:27:00;19;sem vítima;272;BR-101/RJ;Sul;Saida de Pista;1;;;;;;;;;;1;;;;
06/08/2011;09:34:00;63;sem vítima;272;BR-101/RJ;Norte;Colisão Lateral;1;;1;;;;;;;;3;;;;
13/08/2011;18:20:00;182;com vítima;272,1000061035156;BR-101/RJ;Sul;Atropelamento - Ciclista;1;1;;;;;;;;;1;;;;1
23/08/2011;14:20:00;109;sem vítima;272,79998779296875;BR-101/RJ;Norte;Colisão Traseira;1;;1;;;;;;;;3;;;;
01/10/2011;12:28:00;91;com vítima;272,1000061035156;BR-101/RJ;Norte;Atropelamento - Ambulante;1;;;;;;;;;;1;;;1;
12/11/2011;07:00:00;35;sem vítima;272;BR-101/RJ;Sul;Choque - Defensa, barreira ou "submarino";;;;;;;;;;1;1;;;;
21/11/2011;05:55:00;22;com vítima;272,70001220703125;BR-101/RJ;Norte;Atropelamento - Ciclista;;;;;;2;;;;;1;;1;;
22/01/2012;15:14:00;113;sem vítima;272;BR-101/RJ;Sul;Colisão Lateral;1;;;;;1;;;;;6;;;;
23/01/2012;17:19:00;174;sem vítima;272;BR-101/RJ;Sul;Colisão Lateral;1;;1;;;;;;;;2;;;;
22/02/2012;12:26:00;88;sem vítima;272,4;BR-101/RJ;Sul;Colisão Traseira;2;;;;;;;;;;8;;;;
02/03/2012;16:27:00;149;sem vítima;272;BR-101/RJ;Sul;Colisão Lateral;1;;1;;;;;;;;2;;;;
02/03/2012;17:13:00;161;sem vítima;272;BR-101/RJ;Sul;Engavetamento;3;;;;;1;;;;;11;;;;
18/03/2012;02:57:00;14;sem vítima;272;BR-101/RJ;Sul;Saida de Pista;1;;;;;;;;;;1;;;;
05/04/2012;19:59:00;205;com vítima;272;BR-101/RJ;Sul;Colisão Lateral;;;;1;;;;;;;0;;1;;
07/04/2012;22:18:00;151;com vítima;272;BR-101/RJ;Norte;Colisão Frontal;2;;;;;;;;;;0;4;;1;
22/05/2012;15:29:00;123;sem vítima;272;BR-101/RJ;Norte;Colisão Transversal;1;;1;;;;;;;;2;;;;
26/05/2012;21:00:00;189;com vítima;272;BR-101/RJ;Norte;Saida de Pista;1;;;;;;;;;;0;;1;;
02/07/2012;11:32:00;75;sem vítima;272;BR-101/RJ;Sul;Colisão Lateral;1;;1;;;;;;;;3;;;;
06/07/2012;16:17:00;146;com vítima;272;BR-101/RJ;Sul;Choque - Defensa, barreira ou "submarino";;;;;;;;;;1;1;1;;;
22/07/2012;20:35:00;169;com vítima;272,793;BR-101/RJ;Norte;Atropelamento - Ciclista;1;1;;;;;;;;;2;;1;;
12/08/2012;23:18:00;203;sem vítima;272,8;BR-101/RJ;Sul;Saida de Pista;1;;;;;;;;;;1;;;;
17/08/2012;15:03:00;110;sem vítima;272;BR-101/RJ;Sul;Colisão Traseira;1;;;;;1;;;;;3;;;;
17/08/2012;17:09:00;133;sem vítima;272;BR-101/RJ;Sul;Colisão Traseira;1;;;;;1;;;;;2;;;;
25/12/2012;18:49:00;160;com vítima;272,8;BR-101/RJ;Sul;Atropelamento - Morador;1;;;;;;;;;;1;;;;1
09/02/2013;12:55:00;193;sem vítima;272;BR-101/RJ;Norte;Colisão Traseira;2;;;;;;;;;;2;;;;
19/02/2013;19:19:00;186;com vítima;272;BR-101/RJ;Norte;Atropelamento - Morador;1;;;;;;;;;;1;1;;;
12/07/2013;01:38:00;10;sem vítima;272,737;BR-101/RJ;Sul;Atropelamento de Animal;;;1;;;;;;;;1;;;;
31/07/2013;23:37:00;187;com vítima;272,196;BR-101/RJ;Sul;Capotamento;1;;;;;;;;;;0;;1;;
13/08/2013;06:22:00;12;sem vítima;272,666;BR-101/RJ;Sul;Capotamento;1;;;;;;;;;;1;;;;
13/11/2013;13:56:00;104;com vítima;272,288;BR-101/RJ;Sul;Colisão Traseira;1;;1;1;;;;;;;3;;;;2
23/11/2013;15:22:00;128;sem vítima;272;BR-101/RJ;Norte;Saida de Pista;1;;;;;;;;;;1;;;;
13/01/2014;07:34:00;37;com vítima;272,822;BR-101/RJ;Sul;Colisão Lateral;1;;;;1;;;;;;3;1;;;
19/01/2014;04:57:00;18;sem vítima;272,872;BR-101/RJ;Sul;Saida de Pista;1;;;;;;;;;;1;;;;
23/02/2014;13:51:00;94;sem vítima;272,4;BR-101/RJ;Sul;Saida de Pista;1;;;;;;;;;;1;;;;
07/03/2014;12:11:00;113;sem vítima;272;BR-101/RJ;Sul;Colisão Traseira;1;;;;;1;;;;;7;;;;
27/03/2014;15:02:00;128;sem vítima;272,13;BR-101/RJ;Norte;Saida de Pista;1;;;;;;;;;;4;;;;
23/04/2014;16:43:00;120;sem vítima;272;BR-101/RJ;Norte;Saida de Pista;1;;;;;;;;;;1;;;;
19/07/2014;23:02:00;157;com vítima;272;BR-101/RJ;Norte;Queda de Moto;;;;1;;;;;;;0;1;;;
20/07/2014;18:27:00;137;sem vítima;272;BR-101/RJ;Sul;Colisão Traseira;2;;;;;;;;;;3;;;;
28/07/2014;22:30:00;169;sem vítima;272;BR-101/RJ;Sul;Saida de Pista;1;;;;;;;;;;1;;;;
05/09/2014;18:22:00;155;com vítima;272;BR-101/RJ;Sul;Atropelamento - Ciclista;;1;;;;1;;;;;1;1;;;
16/11/2014;19:56:00;144;com vítima;272,799;BR-101/RJ;Sul;Queda de Moto;;;;;;1;;;;;0;1;;;
19/12/2014;06:07:00;23;sem vítima;272,5;BR-101/RJ;Norte;Saida de Pista;1;;;;;;;;;;2;;;;
27/12/2014;17:58:00;133;com vítima;272;BR-101/RJ;Norte;Saida de Pista;1;;;;;;;;;;1;1;;;
27/12/2014;18:00:00;140;sem vítima;272;BR-101/RJ;Sul;Colisão Traseira;2;;;;;;;;;;2;;;;
11/01/2015;18:39:00;126;sem vítima;272;BR-101/RJ;Sul;Engavetamento;4;;;;;;;;;;17;;;;
26/01/2015;00:12:00;2;com vítima;272,4;BR-101/RJ;Sul;Colisão Traseira;2;;;;;;;;;;1;1;;2;
03/02/2015;10:05:00;70;sem vítima;272;BR-101/RJ;Norte;Engavetamento;4;;1;;;;;;;;7;0;0;0;0
11/02/2015;06:27:00;27;com vítima;272;BR-101/RJ;Norte;Capotamento;1;;;;;;;;;;0;3;0;0;0
11/02/2015;08:08:00;40;sem vítima;272;BR-101/RJ;Norte;Colisão Traseira;1;;;1;;;;;;;3;0;0;0;0
03/06/2015;22:58:00;212;com vítima;272;BR-101/RJ;Sul;Colisão Traseira;1;;;;;;;;;;0;1;;;
25/06/2015;03:28:00;13;com vítima;272,571;BR-101/RJ;Sul;Saida de Pista;1;;;;;;;;;;0;1;;;
22/08/2015;06:54:00;40;com vítima;272,133;BR-101/RJ;Norte;Capotamento;1;;;;;;;;;;0;1;;;
12/09/2015;11:07:00;72;com vítima;272,573;BR-101/RJ;Norte;Capotamento;1;;;;;;;;;;0;4;;;
11/11/2015;20:56:00;222;com vítima;272,112;BR-101/RJ;Norte;Colisão Lateral;;1;;;;1;;;;;1;1;;;
05/12/2015;16:00:00;157;sem vítima;272;BR-101/RJ;Norte;Choque - Outros;1;;;;;;;;;;2;;;;
06/12/2015;21:03:00;169;sem vítima;272;BR-101/RJ;Norte;Choque - Suporte de Sinalização;1;;;;;;;;;;1;;;;
15/12/2015;15:00:00;168;sem vítima;272;BR-101/RJ;Norte;Colisão Traseira;1;;;;;1;;;;;2;;;;
27/12/2015;21:55:00;245;com vítima;272;BR-101/RJ;Sul;Colisão Traseira;1;;;;;;;;;1;2;1;;;
07/02/2010;17:38:00;153;sem vítima;273;BR-101/RJ;Sul;Colisão Traseira;2;;;;;;;;;;6;;;;
12/02/2010;08:08:00;61;sem vítima;273;BR-101/RJ;Norte;Engavetamento;3;;;;;;;;;;7;;;;
02/04/2010;22:33:00;205;com vítima;273,5;BR-101/RJ;Norte;Atropelamento - Morador;1;;;;;;;;;;0;1;;;1
06/04/2010;16:01:00;127;com vítima;273;BR-101/RJ;Sul;Colisão Lateral;;;2;;;;;;;;1;1;3;;
26/04/2010;15:15:00;119;com vítima;273;BR-101/RJ;Sul;Saida de Pista;1;;;;;;;;;;0;1;;;
04/05/2010;06:44:00;30;com vítima;273;BR-101/RJ;Sul;Choque - Defensa, barreira ou "submarino";;;;;;;;;;1;0;1;;;
26/08/2010;03:30:00;19;sem vítima;273;BR-101/RJ;Norte;Atropelamento de Animal;;;1;;;;;;;;1;;;;
19/10/2010;23:32:00;183;sem vítima;273;BR-101/RJ;Sul;Saida de Pista;;;;;;;;;;1;2;;;;
03/12/2010;04:55:00;16;com vítima;273;BR-101/RJ;Norte;Colisão Traseira;;;1;1;;;;;;;3;;;1;
14/03/2011;01:20:00;3;com vítima;56;BR-101/RJ;Sul;Colisão Transversal;;;;1;1;;;;;;2;;;;1
14/03/2011;06:34:00;22;sem vítima;306;BR-101/RJ;Norte;Saida de Pista;1;;;;;;;;;;1;;;;
25/05/2011;20:09:00;166;com vítima;273,5;BR-101/RJ;Norte;Capotamento;1;;;;;;;;;;0;1;;;
05/06/2011;20:07:00;136;com vítima;273;BR-101/RJ;Norte;Colisão Lateral;2;;;;;;;;;;6;1;3;;