data;horario;n_da_ocorrencia;tipo_de_ocorrencia;km;trecho;sentido;tipo_de_acidente;automovel;bicicleta;caminhao;moto;onibus;outros;tracao_animal;transporte_de_cargas_especiais;trator_maquinas;utilitarios;ilesos;levemente_feridos;moderadamente_feridos;gravemente_feridos;mortos
13/06/2011;04:09:00;14;sem vítima;273;BR-101/RJ;Sul;Saida de Pista;;;1;;;;;;;;2;;;;
22/06/2011;19:35:00;179;com vítima;273;BR-101/RJ;Norte;Queda de Moto;;;;1;;;;;;;0;;;1;
08/08/2011;21:30:00;204;sem vítima;273;BR-101/RJ;Norte;Saida de Pista;1;;;;;;;;;;1;;;;
26/08/2011;00:12:00;2;sem vítima;273;BR-101/RJ;Sul;Colisão Traseira;1;;1;;;;;;;;2;;;;
29/08/2011;10:30:00;85;sem vítima;273;BR-101/RJ;Norte;Colisão Traseira;2;;;;;;;;;;5;;;;
06/09/2011;18:41:00;139;sem vítima;273;BR-101/RJ;Norte;Saida de Pista;1;;;;;;;;;;4;;;;
07/09/2011;16:11:00;122;sem vítima;273;BR-101/RJ;Sul;Capotamento;1;;;;;;;;;;1;;;;
09/09/2011;15:06:00;107;sem vítima;273;BR-101/RJ;Norte;Colisão Traseira;1;;;;;1;;;;;4;;;;
13/09/2011;19:03:00;116;sem vítima;273;BR-101/RJ;Sul;Saida de Pista;1;;;;;;;;;;2;;;;
16/09/2011;16:14:00;106;sem vítima;273;BR-101/RJ;Norte;Colisão Traseira;1;;1;;;;;;;;2;;;;
17/09/2011;12:04:00;101;sem vítima;273;BR-101/RJ;Norte;Colisão Lateral;1;;1;;;1;;;;;6;;;;
24/09/2011;13:08:00;87;sem vítima;273;BR-101/RJ;Norte;Colisão Traseira;2;;;;;;;;;;2;;;;
13/10/2011;04:55:00;17;sem vítima;273;BR-101/RJ;Sul;Saida de Pista;1;;;;;;;;;;1;;;;
28/11/2011;03:29:00;17;sem vítima;273;BR-101/RJ;Sul;Saida de Pista;1;;;;;;;;;;1;;;;
25/12/2011;13:34:00;68;sem vítima;273;BR-101/RJ;Sul;Choque - Suporte de Sinalização;1;;;;;;;;;;1;;;;
15/01/2012;09:40:00;47;com vítima;273;BR-101/RJ;Norte;Atropelamento - Ciclista;1;1;;;;;;;;;1;;;1;
18/02/2012;17:29:00;264;sem vítima;273,5;BR-101/RJ;Norte;Colisão Traseira;;;2;;;;;;;;5;;;;
03/03/2012;08:02:00;45;com vítima;273;BR-101/RJ;Norte;Atropelamento - Ciclista;1;1;;;;;;;;;1;;;1;
11/04/2012;22:35:00;160;sem vítima;273;BR-101/RJ;Sul;Atropelamento de Animal;1;;;;;;;;;;1;;;;
13/04/2012;19:06:00;193;sem vítima;273;BR-101/RJ;Sul;Atropelamento de Animal;1;;;;;;;;;;3;;;;
24/08/2012;21:05:00;177;sem vítima;273;BR-101/RJ;Norte;Colisão Lateral;1;;;;1;;;;;;2;;;;
09/09/2012;09:52:00;63;sem vítima;273,77;BR-101/RJ;Sul;Engavetamento;4;;;;;;;;;;10;;;;
13/09/2012;15:52:00;131;sem vítima;273;BR-101/RJ;Norte;Capotamento;1;;;;;;;;;;1;;;;
22/09/2012;01:35:00;16;sem vítima;273,404;BR-101/RJ;Sul;Atropelamento de Animal;;;1;;;;;;;;1;;;;
12/12/2012;08:13:00;49;com vítima;273;BR-101/RJ;Sul;Tombamento;1;;;;;;;;;;1;1;;;
17/12/2012;11:26:00;84;sem vítima;273;BR-101/RJ;Sul;Capotamento;1;;;;;;;;;;3;;;;
26/12/2012;06:59:00;39;com vítima;273;BR-101/RJ;Sul;Queda de Moto;;;;1;;;;;;;0;2;;;
10/01/2013;08:49:00;58;com vítima;273,714;BR-101/RJ;Sul;Saida de Pista;1;;;;;;;;;;1;2;;;
21/01/2013;05:20:00;22;sem vítima;273;BR-101/RJ;Sul;Atropelamento de Animal;;;;;;;;;;1;1;;;;
17/02/2013;11:07:00;75;sem vítima;273,7;BR-101/RJ;Norte;Colisão Traseira;2;;;;;;;;;;7;;;;
14/04/2013;07:28:00;33;sem vítima;273;BR-101/RJ;Sul;Choque - Elemento de Drenagem;1;;;;;;;;;;1;;;;
25/04/2013;17:02:00;128;com vítima;273;BR-101/RJ;Norte;Queda de Moto;;;;1;;;;;;;0;2;;;
14/06/2013;23:42:00;190;com vítima;273,306;BR-101/RJ;Norte;Atropelamento - Ciclista;1;1;;;;;;;;;3;;;;1
11/09/2013;15:48:00;97;sem vítima;273,331;BR-101/RJ;Sul;Saida de Pista;1;;;;;;;;;;2;;;;
02/10/2013;06:52:00;29;sem vítima;273,371;BR-101/RJ;Sul;Colisão Lateral;;;2;;;;;;;;4;;;;
30/10/2013;22:10:00;174;com vítima;273;BR-101/RJ;Sul;Colisão Traseira;2;;;;;;;;;;2;2;;;
10/11/2013;16:22:00;126;com vítima;273;BR-101/RJ;Sul;Saida de Pista;1;;;;;;;;;;0;;1;;
14/11/2013;08:30:00;58;sem vítima;273;BR-101/RJ;Norte;Colisão Traseira;2;;;;;;;;;;3;;;;
02/01/2014;17:23:00;164;sem vítima;273;BR-101/RJ;Sul;Colisão Traseira;2;;;;;;;;;;6;;;;
17/01/2014;19:55:00;161;com vítima;273,27;BR-101/RJ;Norte;Capotamento;1;;;;;;;;;;0;2;2;;
02/02/2014;05:33:00;25;sem vítima;273;BR-101/RJ;Sul;Saida de Pista;1;;;;;;;;;;1;;;;
15/02/2014;18:14:00;166;sem vítima;273;BR-101/RJ;Sul;Saida de Pista;1;;;;;;;;;;4;;;;
17/02/2014;20:44:00;167;com vítima;273;BR-101/RJ;Sul;Atropelamento - Morador;;;;;;1;;;;;1;;;1;
12/06/2014;05:06:00;23;sem vítima;273;BR-101/RJ;Sul;Saida de Pista;1;;;;;;;;;;9;;;;
01/07/2014;09:39:00;75;com vítima;273,71;BR-101/RJ;Sul;Colisão Frontal;;;;1;;;;;;1;1;;1;;
12/07/2014;13:57:00;105;sem vítima;273;BR-101/RJ;Sul;Saida de Pista;1;;;;;;;;;;1;;;;
22/07/2014;17:54:00;132;com vítima;273,938;BR-101/RJ;Norte;Colisão Traseira;1;;;;1;;;;;;6;;;1;
04/08/2014;14:10:00;117;com vítima;273;BR-101/RJ;Norte;Colisão Traseira;1;;1;;;;;;;;1;1;;;
14/09/2014;22:04:00;188;com vítima;273;BR-101/RJ;Sul;Colisão Traseira;1;;;1;;;;;;;2;1;;;
14/10/2014;00:09:00;2;sem vítima;273;BR-101/RJ;Sul;Choque - Defensa, barreira ou "submarino";1;;;;;;;;;;1;;;;
14/10/2014;10:55:00;76;sem vítima;273;BR-101/RJ;Sul;Saida de Pista;1;;;;;;;;;;1;;;;
17/10/2014;19:48:00;181;sem vítima;273;BR-101/RJ;Sul;Capotamento;1;;;;;;;;;;1;;;;
03/11/2014;21:48:00;193;com vítima;273,975;BR-101/RJ;Sul;Colisão Traseira;;;1;;;;;;;1;2;;1;;
28/11/2014;10:35:00;67;com vítima;273,823;BR-101/RJ;Norte;Saida de Pista;1;;;;;;;;;;0;;;1;
28/11/2014;02:07:00;7;sem vítima;273,855;BR-101/RJ;Sul;Atropelamento de Animal;;;1;;;;;;;;1;;;;
11/12/2014;18:37:00;157;com vítima;273,6;BR-101/RJ;Sul;Queda de Moto;;;;1;;;;;;;0;;1;;
20/12/2014;01:10:00;14;com vítima;273;BR-101/RJ;Norte;Capotamento;1;;;;;;;;;;0;3;;;
05/01/2015;13:52:00;114;sem vítima;273;BR-101/RJ;Sul;Engavetamento;4;;;;;;;;;;8;;;;
10/02/2015;02:10:00;8;sem vítima;273;BR-101/RJ;Sul;Colisão Traseira;2;;;;;;;;;;2;0;0;0;0
14/02/2015;08:34:00;106;sem vítima;273;BR-101/RJ;Norte;Colisão Traseira;2;;;;;;;;;;2;0;0;0;0
14/02/2015;23:04:00;302;com vítima;273,8;BR-101/RJ;Norte;Colisão Traseira;2;;;;;;;;;;3;1;0;0;0
05/03/2015;16:26:00;100;sem vítima;273,5;BR-101/RJ;Norte;Saida de Pista;1;;;;;;;;;;1;0;0;0;0
08/03/2015;18:26:00;155;com vítima;273;BR-101/RJ;Norte;Atropelamento - Morador;1;;;;;;;;;;1;1;0;0;0
07/04/2015;11:46:00;78;sem vítima;273,688;BR-101/RJ;Norte;Saida de Pista;;;;;;;;;;1;2;;;;
12/04/2015;23:39:00;199;com vítima;273;BR-101/RJ;Sul;Queda de Moto;;;;1;;;;;;;1;1;;;
25/05/2015;13:11:00;131;com vítima;273;BR-101/RJ;Sul;Atropelamento - Ciclista;;1;;;;1;;;;;1;1;;;
27/05/2015;15:53:00;119;com vítima;273,745;BR-101/RJ;Norte;Outros - Sequência;;;2;;;;;;;;1;2;;;
14/06/2015;18:05:00;134;com vítima;273,519;BR-101/RJ;Sul;Atropelamento - Morador;1;;;;;;;;;;1;1;;1;
17/06/2015;21:09:00;196;sem vítima;273,58;BR-101/RJ;Norte;Colisão Transversal;2;;;;;;;;;;2;;;;
15/07/2015;17:52:00;160;com vítima;273;BR-101/RJ;Sul;Engavetamento;3;;;;;1;;;;1;5;1;;;
03/08/2015;18:25:00;173;com vítima;273,417;BR-101/RJ;Sul;Colisão Traseira;1;;;;1;;;;;;10;;1;1;
26/09/2015;18:25:00;201;com vítima;273,68;BR-101/RJ;Sul;Atropelamento - Morador;;;;;;;;;;1;4;;;;1
26/10/2015;09:12:00;77;sem vítima;273;BR-101/RJ;Sul;Colisão Lateral;3;;;;;;;;;;3;;;;
08/11/2015;02:08:00;18;sem vítima;273,56;BR-101/RJ;Sul;Atropelamento de Animal;;;1;;;;;;;;1;;;;
18/11/2015;09:22:00;85;sem vítima;273,966;BR-101/RJ;Norte;Colisão Lateral;;;1;;;;;;;1;2;;;;
23/11/2015;15:49:00;153;com vítima;273,833;BR-101/RJ;Sul;Capotamento;1;;;;;;;;;;0;1;;;
19/12/2015;17:13:00;210;sem vítima;273,5;BR-101/RJ;Norte;Colisão Traseira;2;;;;;;;;;;8;;;;
19/12/2015;12:16:00;141;sem vítima;273,6;BR-101/RJ;Sul;Colisão Traseira;2;;;;;;;;;;6;;;;
22/01/2010;19:40:00;178;sem vítima;274;BR-101/RJ;Sul;Colisão Traseira;1;;;;;;;;;1;9;;;;
31/01/2010;05:00:00;26;sem vítima;274;BR-101/RJ;Norte;Capotamento;1;;;;;;;;;;3;;;;
09/02/2010;20:04:00;209;com vítima;274;BR-101/RJ;Sul;Colisão Traseira;;;;1;1;;;;;;1;1;;;
02/03/2010;23:57:00;186;com vítima;274;BR-101/RJ;Sul;Atropelamento - Ciclista;;1;;;1;;;;;;1;;1;;
12/03/2010;19:05:00;179;com vítima;274;BR-101/RJ;Norte;Queda de Moto;;;;1;;;;;;;0;;2;;
17/03/2010;20:15:00;165;sem vítima;274;BR-101/RJ;Norte;Saida de Pista;1;;;;;;;;;;1;;;;
26/03/2010;18:26:00;164;sem vítima;274,5;BR-101/RJ;Sul;Colisão Lateral;;;1;;1;;;;;;13;;;;
27/03/2010;20:05:00;157;sem vítima;274;BR-101/RJ;Norte;Saida de Pista;1;;;;;;;;;;2;;;;
19/04/2010;19:12:00;202;com vítima;274;BR-101/RJ;Norte;Atropelamento - Morador;1;;;;;;;;;;1;;2;;
30/04/2010;18:00:00;127;sem vítima;274;BR-101/RJ;Sul;Colisão Traseira;2;;;;;;;;;;2;;;;
30/04/2010;17:42:00;125;sem vítima;274,5;BR-101/RJ;Sul;Colisão Traseira;2;;1;;;;;;;;3;;;;
11/07/2010;03:02:00;18;sem vítima;274;BR-101/RJ;Sul;Atropelamento de Animal;1;;;;;;;;;;1;;;;
30/07/2010;14:16:00;121;sem vítima;274;BR-101/RJ;Sul;Saida de Pista;1;;;;;;;;;;1;;;;
28/08/2010;18:27:00;158;com vítima;274;BR-101/RJ;Norte;Queda de Moto;;;;1;;1;;;;;1;;1;;
05/09/2010;07:10:00;34;com vítima;274;BR-101/RJ;Norte;Atropelamento de Animal;1;;;;;;;;;;2;3;;;
07/09/2010;08:50:00;41;com vítima;274;BR-101/RJ;Sul;Atropelamento - Ciclista;1;1;;;;;;;;;3;;;1;
11/09/2010;20:03:00;171;sem vítima;274;BR-101/RJ;Norte;Capotamento;1;;;;;;;;;;3;;;;
15/09/2010;18:48:00;163;com vítima;274;BR-101/RJ;Norte;Colisão Traseira;1;;;1;;;;;;;1;;1;;
24/10/2010;20:18:00;165;com vítima;274;BR-101/RJ;Sul;Colisão Transversal;1;;;1;;;;;;;1;;1;;
15/11/2010;14:25:00;99;sem vítima;274;BR-101/RJ;Sul;Colisão Traseira;2;;;;;;;;;;6;;;;
15/11/2010;16:46:00;132;sem vítima;274;BR-101/RJ;Sul;Colisão Traseira;;;1;;;;;;;1;2;;;;
15/11/2010;21:00:00;195;com vítima;274;BR-101/RJ;Sul;Colisão Traseira;1;;;1;;;;;;;5;1;;;
18/11/2010;15:45:00;145;sem vítima;274;BR-101/RJ;Sul;Choque - Defensa, barreira ou "submarino";1;;;;;;;;;;3;;;;
05/12/2010;19:49:00;154;sem vítima;274;BR-101/RJ;Sul;Colisão Lateral;2;;;;;;;;;;2;;;;
29/12/2010;02:38:00;18;sem vítima;274;BR-101/RJ;Sul;Atropelamento de Animal;;;1;;;1;;;;;2;;;;
09/01/2011;10:20:00;50;com vítima;274;BR-101/RJ;Norte;Queda de Moto;;;;1;;;;;;;0;;1;1;
04/02/2011;12:03:00;100;com vítima;274;BR-101/RJ;Sul;Colisão Frontal;;;2;1;;;;;;;4;1;;;
05/02/2011;21:05:00;218;com vítima;274;BR-101/RJ;Norte;Colisão Frontal;1;;;1;;;;;;;2;;;3;
21/02/2011;18:59:00;177;sem vítima;274;BR-101/RJ;Sul;Choque - Defensa, barreira ou "submarino";1;;;;;;;;;;4;;;;
14/03/2011;08:43:00;44;sem vítima;236;BR-101/RJ;Sul;Capotamento;1;;;;;;;;;;1;;;;
14/03/2011;10:44:00;62;sem vítima;316;BR-101/RJ;Sul;Colisão Traseira;1;;;;;;;;;1;3;;;;
18/05/2011;19:34:00;187;com vítima;274;BR-101/RJ;Sul;Atropelamento - Morador;1;;;;;;;;;;1;;1;;
21/05/2011;20:00:00;170;com vítima;274,70001220703125;BR-101/RJ;Sul;Colisão Frontal;;;;2;;;;;;;0;1;;1;
28/06/2011;22:12:00;183;sem vítima;274;BR-101/RJ;Sul;Saida de Pista;1;;;;;;;;;;1;;;;
30/06/2011;18:49:00;113;com vítima;274,55499267578125;BR-101/RJ;Norte;Atropelamento - Ciclista;;1;;1;;;;;;;1;1;;1;
06/08/2011;00:28:00;8;sem vítima;274;BR-101/RJ;Norte;Colisão Traseira;1;;;;;1;;;;;2;;;;
09/08/2011;14:55:00;101;com vítima;274,29998779296875;BR-101/RJ;Norte;Atropelamento - Ciclista;;1;;;;1;;;;;1;;1;;
12/08/2011;15:12:00;126;sem vítima;274,7439880371094;BR-101/RJ;Norte;Colisão Lateral;;;2;;;;;;;;2;;;;
24/08/2011;08:21:00;34;sem vítima;274;BR-101/RJ;Norte;Colisão Traseira;1;;2;;;;;;;;5;;;;
27/08/2011;16:46:00;115;com vítima;274;BR-101/RJ;Sul;Colisão Traseira;2;;;;;;;;;;4;2;1;;
16/09/2011;20:06:00;167;com vítima;274;BR-101/RJ;Sul;Atropelamento - Ciclista;;1;;1;;;;;;;1;1;1;;
24/09/2011;07:49:00;37;com vítima;274,79998779296875;BR-101/RJ;Norte;Saida de Pista;1;;;;;;;;;;0;;1;;
05/10/2011;15:09:00;106;com vítima;274;BR-101/RJ;Norte;Colisão Frontal;;;;1;;;;;;1;1;;1;;
12/10/2011;18:22:00;134;com vítima;274,5;BR-101/RJ;Norte;Atropelamento - Morador;1;;;;;;;;;;2;;1;;
14/10/2011;18:14:00;167;sem vítima;274;BR-101/RJ;Sul;Colisão Lateral;2;;;;;;;;;;2;;;;
05/11/2011;23:56:00;190;sem vítima;274;BR-101/RJ;Sul;Saida de Pista;1;;;;;;;;;;2;;;;
26/11/2011;15:54:00;108;sem vítima;274;BR-101/RJ;Norte;Saida de Pista;1;;;;;;;;;;1;;;;
08/01/2012;07:42:00;35;com vítima;274;BR-101/RJ;Norte;Colisão Transversal;2;;;;;1;;;;;2;;1;;
16/02/2012;04:52:00;23;sem vítima;274;BR-101/RJ;Sul;Atropelamento de Animal;;;1;;;;;;;;1;;;;
02/03/2012;21:29:00;202;sem vítima;274;BR-101/RJ;Sul;Outros - Sequência;2;;2;;;;;;;;6;;;;
06/03/2012;06:02:00;23;sem vítima;274;BR-101/RJ;Sul;Engavetamento;3;;;;;;;;;;7;;;;
08/03/2012;16:22:00;109;com vítima;274;BR-101/RJ;Norte;Colisão Traseira;1;;;;1;;;;;1;2;1;1;;
21/03/2012;19:29:00;142;sem vítima;274,5;BR-101/RJ;Sul;Colisão Lateral;1;;;;;1;;;;;2;;;;
13/04/2012;22:55:00;225;sem vítima;274;BR-101/RJ;Norte;Atropelamento de Animal;2;;;;1;;;;;;24;;;;
06/05/2012;06:28:00;21;sem vítima;274;BR-101/RJ;Sul;Saida de Pista;1;;;;;;;;;;1;;;;
26/05/2012;19:21:00;165;sem vítima;274;BR-101/RJ;Norte;Saida de Pista;1;;;;;;;;;;3;;;;
17/06/2012;03:02:00;20;com vítima;274;BR-101/RJ;Sul;Saida de Pista;1;;;;;;;;;;0;2;;;
22/06/2012;05:24:00;22;com vítima;274,4;BR-101/RJ;Sul;Atropelamento de Animal;;;;;1;;;;;;25;;1;;
14/07/2012;21:03:00;169;sem vítima;274,2;BR-101/RJ;Sul;Colisão Lateral;2;;;;;;;;;;4;;;;
15/07/2012;03:50:00;16;sem vítima;274,8;BR-101/RJ;Norte;Saida de Pista;1;;;;;;;;;;1;;;;
24/07/2012;18:05:00;159;com vítima;274;BR-101/RJ;Sul;Engavetamento;3;;;;;;;;;;8;3;;;
28/07/2012;20:56:00;204;sem vítima;274,642;BR-101/RJ;Norte;Atropelamento de Animal;2;;;;;;;;;;4;;;;
31/07/2012;18:21:00;140;com vítima;274,5;BR-101/RJ;Norte;Colisão Frontal;1;;;1;;;;;;;2;1;;;
25/08/2012;23:38:00;195;com vítima;274;BR-101/RJ;Norte;Atropelamento - Morador;;1;;;;1;;;;;1;;2;;
25/09/2012;13:59:00;110;sem vítima;274;BR-101/RJ;Sul;Saida de Pista;1;;;;;;;;;;1;;;;
29/09/2012;19:35:00;150;com vítima;274,583;BR-101/RJ;Norte;Atropelamento - Andarilho;;;;1;;;;;;;1;;1;;
06/10/2012;03:57:00;22;sem vítima;274;BR-101/RJ;Sul;Colisão Traseira;1;;1;;;;;;;;5;;;;
18/10/2012;11:22:00;97;com vítima;274;BR-101/RJ;Sul;Colisão Lateral;1;;;;;1;;;;;1;;1;;
04/11/2012;11:29:00;74;sem vítima;274,5;BR-101/RJ;Sul;Engavetamento;3;;;;;;;;;;5;;;;
04/11/2012;00:35:00;6;com vítima;274,613;BR-101/RJ;Sul;Colisão Frontal;;;;2;;;;;;;1;;1;1;
10/11/2012;14:48:00;112;sem vítima;274;BR-101/RJ;Norte;Colisão Traseira;2;;;;;;;;;;2;;;;
03/05/2013;18:44:00;161;sem vítima;274;BR-101/RJ;Sul;Colisão Lateral;1;;1;;;;;;;;2;;;;
03/05/2013;19:03:00;163;sem vítima;274;BR-101/RJ;Sul;Colisão Traseira;1;;1;;;;;;;;2;;;;
02/06/2013;22:41:00;203;com vítima;274,245;BR-101/RJ;Norte;Atropelamento - Ciclista;1;1;;;;;;;;;1;;1;;
07/07/2013;11:04:00;64;sem vítima;274,5;BR-101/RJ;Norte;Saida de Pista;1;;;;;;;;;;2;;;;
08/07/2013;02:24:00;12;com vítima;274,84;BR-101/RJ;Sul;Choque - Defensa, barreira ou "submarino";1;;;;;;;;;;0;1;;;
06/08/2013;20:24:00;146;sem vítima;274;BR-101/RJ;Sul;Colisão Traseira;;;2;;;;;;;;2;;;;
16/09/2013;10:02:00;65;sem vítima;274,594;BR-101/RJ;Norte;Colisão Traseira;2;;;;;;;;;;2;;;;
16/11/2013;01:02:00;6;com vítima;274,5;BR-101/RJ;Sul;Atropelamento de Animal;1;;;;;;;;;;0;;;1;
06/12/2013;13:21:00;105;com vítima;274;BR-101/RJ;Norte;Atropelamento - Ciclista;1;1;;;;;;;;;2;;;1;
20/12/2013;16:44:00;138;sem vítima;274;BR-101/RJ;Norte;Colisão Traseira;;;;;1;;;;;1;2;;;;
08/03/2014;01:47:00;7;com vítima;274;BR-101/RJ;Norte;Saida de Pista;1;;;;;;;;;;0;1;;;
13/03/2014;02:15:00;21;sem vítima;274;BR-101/RJ;Norte;Atropelamento de Animal;;;1;;;;;;;;1;;;;
26/04/2014;13:50:00;101;sem vítima;274,628;BR-101/RJ;Norte;Colisão Traseira;2;;;;;;;;;;2;;;;
26/04/2014;10:47:00;75;sem vítima;274,76;BR-101/RJ;Norte;Colisão Traseira;2;;;;;;;;;;2;;;;
16/06/2014;03:03:00;23;sem vítima;274;BR-101/RJ;Sul;Atropelamento de Animal;;;;;;1;;;;;1;;;;
04/07/2014;23:12:00;159;sem vítima;274;BR-101/RJ;Sul;Colisão Frontal;2;;;;;;;;;;4;;;;
13/08/2014;16:11:00;113;com vítima;274,95;BR-101/RJ;Norte;Atropelamento - Ciclista;1;1;;;;;;;;;1;;1;;
23/09/2014;13:18:00;89;com vítima;274,377;BR-101/RJ;Sul;Atropelamento - Ciclista;;1;;1;;;;;;;0;2;;;
07/10/2014;05:55:00;23;com vítima;274;BR-101/RJ;Norte;Atropelamento - Ciclista;;1;;1;;;;;;;1;2;;;
25/11/2014;17:13:00;105;sem vítima;274;BR-101/RJ;Sul;Colisão Transversal;2;;;;;;;;;;2;;;;
11/01/2015;18:11:00;121;sem vítima;274;BR-101/RJ;Sul;Colisão Traseira;2;;;;;;;;;;2;;;;
18/01/2015;20:29:00;198;sem vítima;274;BR-101/RJ;Sul;Colisão Lateral;1;;1;;;;;;;;4;;;;
18/01/2015;22:06:00;218;com vítima;274;BR-101/RJ;Norte;Colisão Frontal;1;;;1;;;;;;;0;;1;2;
14/02/2015;22:40:00;299;sem vítima;274;BR-101/RJ;Norte;Saida de Pista;1;;;;;;;;;;2;0;0;0;0
15/02/2015;22:34:00;196;com vítima;274,5;BR-101/RJ;Norte;Atropelamento - Morador;;;;;;1;;;;;1;0;0;0;1
16/02/2015;23:13:00;118;com vítima;274;BR-101/RJ;Norte;Capotamento;1;;;;;;;;;;2;1;0;0;0
23/02/2015;08:20:00;36;com vítima;274;BR-101/RJ;Norte;Colisão Frontal;2;;;;;;;;;;0;1;;1;
05/03/2015;08:50:00;50;sem vítima;274;BR-101/RJ;Sul;Colisão Transversal;1;;;;;;;;;1;2;0;0;0;0
08/03/2015;23:56:00;219;sem vítima;274;BR-101/RJ;Sul;Choque - Defensa, barreira ou "submarino";1;;;;;;;;;;3;0;0;0;0
08/03/2015;21:10:00;192;sem vítima;274;BR-101/RJ;Sul;Colisão Traseira;2;;;;;;;;;;2;0;0;0;0
16/04/2015;23:01:00;209;sem vítima;274;BR-101/RJ;Norte;Saida de Pista;2;;;;;;;;;;5;;;;
08/05/2015;06:48:00;34;com vítima;274,6;BR-101/RJ;Sul;Choque - Defensa, barreira ou "submarino";1;;;;;;;;;;0;1;;;
24/05/2015;17:43:00;129;com vítima;274,845;BR-101/RJ;Sul;Saida de Pista;1;;;;;;;;;;1;2;1;;
27/05/2015;17:03:00;129;sem vítima;274;BR-101/RJ;Norte;Colisão Traseira;2;;;;;;;;;;2;;;;
29/05/2015;20:42:00;158;sem vítima;274;BR-101/RJ;Sul;Atropelamento de Animal;;;1;;;;;;;;2;;;;
29/05/2015;20:59:00;161;sem vítima;274;BR-101/RJ;Sul;Colisão Traseira;1;;1;;;;;;;;4;;;;
21/07/2015;06:51:00;23;com vítima;274;BR-101/RJ;Norte;Queda de Moto;;;;1;;;;;;;0;1;;;
23/08/2015;16:39:00;129;sem vítima;274;BR-101/RJ;Sul;Engavetamento;3;;;;;;;;;;6;;;;
04/10/2015;20:24:00;138;sem vítima;274;BR-101/RJ;Sul;Engavetamento;4;;;;;;;;;;12;;;;
25/11/2015;19:44:00;211;com vítima;274;BR-101/RJ;Norte;Colisão Transversal;;1;;1;;;;;;;1;1;1;;
28/12/2015;01:36:00;10;com vítima;274;BR-101/RJ;Norte;Choque - Defensa, barreira ou "submarino";1;;;;;;;;;;2;1;1;;
31/12/2015;17:06:00;216;sem vítima;274;BR-101/RJ;Norte;Capotamento;1;;;;;;;;;;4;;;;
24/01/2010;21:50:00;188;sem vítima;275;BR-101/RJ;Sul;Colisão Traseira;2;;;;;;;;;;2;;;;
20/02/2010;12:56:00;90;sem vítima;275;BR-101/RJ;Sul;Colisão Traseira;2;;;;;;;;;;2;;;;
26/02/2010;04:25:00;14;sem vítima;275;BR-101/RJ;Sul;Saida de Pista;1;;;;;;;;;;2;;;;
25/04/2010;12:23:00;68;sem vítima;275;BR-101/RJ;Sul;Colisão Traseira;2;;;;;;;;;;2;;;;
09/05/2010;17:15:00;108;com vítima;275;BR-101/RJ;Norte;Atropelamento - Morador;;;;;;1;;;;;1;;;;1
22/05/2010;23:07:00;165;sem vítima;275;BR-101/RJ;Sul;Saida de Pista;1;;;;;;;;;;1;;;;
30/05/2010;04:11:00;23;sem vítima;275;BR-101/RJ;Sul;Atropelamento de Animal;;;;;1;;;;;;1;;;;
28/06/2010;22:55:00;149;com vítima;275;BR-101/RJ;Sul;Colisão Traseira;1;;;;;1;;;;;1;;1;;
24/09/2010;10:38:00;77;com vítima;275;BR-101/RJ;Sul;Colisão Traseira;1;;;1;;;;;;;1;1;1;;
04/10/2010;06:32:00;20;sem vítima;275;BR-101/RJ;Sul;Objeto lançado contra veículo;2;;;;;;;;;;2;;;;
28/10/2010;11:30:00;86;com vítima;275;BR-101/RJ;Norte;Saida de Pista;1;;;;;;;;;;1;1;;;
13/11/2010;09:50:00;78;sem vítima;275;BR-101/RJ;Sul;Colisão Traseira;2;;;;;;;;;;8;;;;
01/12/2010;23:06:00;216;sem vítima;275;BR-101/RJ;Sul;Atropelamento de Animal;;;1;;;1;;;;;2;;;;
12/12/2010;07:54:00;37;com vítima;275;BR-101/RJ;Norte;Capotamento;1;;;;;;;;;;0;;3;;
20/12/2010;00:27:00;2;sem vítima;275;BR-101/RJ;Sul;Saida de Pista;1;;;;;;;;;;2;;;;
22/12/2010;02:40:00;14;sem vítima;275;BR-101/RJ;Norte;Atropelamento de Animal;1;;;;;1;;;;;6;;;;
29/12/2010;23:32:00;224;com vítima;275;BR-101/RJ;Sul;Atropelamento - Ciclista;;1;;;;1;;;;;1;;1;;
13/02/2011;20:35:00;164;com vítima;275;BR-101/RJ;Norte;Colisão Traseira;;;;1;;1;;;;;1;;1;;
26/02/2011;20:04:00;143;com vítima;275;BR-101/RJ;Sul;Atropelamento - Morador;1;;;;;;;;;;4;;;;1
14/03/2011;11:42:00;75;sem vítima;252;BR-101/RJ;Sul;Saida de Pista;1;;;;;;;;;;1;;;;
06/05/2011;14:12:00;113;sem vítima;275;BR-101/RJ;Sul;Saida de Pista;1;;;;;;;;;;1;;;;
07/06/2011;05:53:00;21;sem vítima;275;BR-101/RJ;Sul;Saida de Pista;1;;1;;;;;;;;2;;;;
10/06/2011;17:31:00;156;sem vítima;275;BR-101/RJ;Sul;Colisão Traseira;2;;;;;;;;;;5;;;;
11/06/2011;04:55:00;27;com vítima;275;BR-101/RJ;Norte;Queda de Moto;;;;1;;;;;;;0;;;1;
22/06/2011;18:27:00;165;sem vítima;275;BR-101/RJ;Norte;Saida de Pista;1;;;;;;;;;;1;;;;
23/06/2011;04:03:00;21;sem vítima;275;BR-101/RJ;Norte;Choque - Suporte de Sinalização;1;;;;;;;;;;1;;;;
02/08/2011;00:14:00;2;sem vítima;275;BR-101/RJ;Sul;Choque - Outros;;;2;;;;;;;;2;;;;