data;horario;n_da_ocorrencia;tipo_de_ocorrencia;km;trecho;sentido;tipo_de_acidente;automovel;bicicleta;caminhao;moto;onibus;outros;tracao_animal;transporte_de_cargas_especiais;trator_maquinas;utilitarios;ilesos;levemente_feridos;moderadamente_feridos;gravemente_feridos;mortos
11/09/2011;05:23:00;28;sem vítima;277;BR-101/RJ;Norte;Saida de Pista;1;;;;;;;;;;5;;;;
18/09/2011;02:52:00;18;sem vítima;277;BR-101/RJ;Sul;Saida de Pista;1;;;;;;;;;;1;;;;
21/09/2011;18:40:00;136;com vítima;277;BR-101/RJ;Sul;Saida de Pista;1;;;;;;;;;;1;1;;;
23/09/2011;20:32:00;178;com vítima;277,8500061035156;BR-101/RJ;Norte;Capotamento;1;;;;1;;;;;;2;2;2;;
03/10/2011;19:25:00;163;com vítima;277;BR-101/RJ;Sul;Saida de Pista;1;;;;;;;;;;2;1;;;
16/10/2011;19:50:00;138;sem vítima;277;BR-101/RJ;Norte;Saida de Pista;1;;;;;;;;;;4;;;;
17/10/2011;02:55:00;19;sem vítima;277;BR-101/RJ;Sul;Saida de Pista;1;;;;;;;;;;1;;;;
29/10/2011;01:18:00;6;com vítima;277;BR-101/RJ;Sul;Saida de Pista;1;;;;;;;;;;0;2;1;;
13/11/2011;00:44:00;2;sem vítima;277;BR-101/RJ;Sul;Saida de Pista;1;;;;;;;;;;1;;;;
14/11/2011;14:38:00;82;sem vítima;277;BR-101/RJ;Sul;Queda de Moto;;;;1;;;;;;;2;;;;
16/11/2011;05:50:00;17;sem vítima;277;BR-101/RJ;Sul;Saida de Pista;1;;;;;;;;;;2;;;;
22/11/2011;00:04:00;1;sem vítima;277,8999938964844;BR-101/RJ;Sul;Colisão Traseira;;;2;;;;;;;;2;;;;
23/11/2011;05:26:00;17;sem vítima;277;BR-101/RJ;Sul;Saida de Pista;1;;;;;;;;;;1;;;;
27/11/2011;20:37:00;164;com vítima;277;BR-101/RJ;Sul;Saida de Pista;;;;;;;;;;1;1;2;;;
01/12/2011;20:36:00;162;com vítima;277;BR-101/RJ;Sul;Saida de Pista;1;;;;;;;;;;3;1;;;
20/01/2012;12:25:00;112;sem vítima;277;BR-101/RJ;Sul;Saida de Pista;1;;;;;;;;;;1;;;;
25/01/2012;17:40:00;148;com vítima;277;BR-101/RJ;Sul;Atropelamento - Ciclista;;1;;1;;;;;;;1;;2;;
29/01/2012;06:04:00;16;sem vítima;277;BR-101/RJ;Sul;Saida de Pista;1;;;;;;;;;;4;;;;
30/01/2012;04:56:00;22;sem vítima;277;BR-101/RJ;Sul;Saida de Pista;1;;;;;;;;;;1;;;;
03/02/2012;22:49:00;215;com vítima;277;BR-101/RJ;Sul;Atropelamento - Andarilho;;;;;;1;;;;;1;;1;;
04/02/2012;22:29:00;210;com vítima;277;BR-101/RJ;Sul;Saida de Pista;;;;;;;;;;1;6;6;;;
09/02/2012;14:13:00;86;com vítima;277;BR-101/RJ;Norte;Colisão Lateral;1;;;;;1;;;;;4;1;;;
13/02/2012;12:27:00;95;com vítima;277;BR-101/RJ;Norte;Capotamento;1;;;;;;;;;;0;;2;;
16/02/2012;06:25:00;27;com vítima;277;BR-101/RJ;Sul;Colisão Traseira;1;;1;;;;;;;;3;;;1;
22/02/2012;23:27:00;249;sem vítima;277;BR-101/RJ;Sul;Colisão Lateral;1;;1;;;;;;;;2;;;;
23/02/2012;06:06:00;40;sem vítima;277;BR-101/RJ;Sul;Saida de Pista;1;;;;;;;;;;4;;;;
25/02/2012;10:55:00;71;sem vítima;277;BR-101/RJ;Sul;Colisão Traseira;2;;;;;;;;;;6;;;;
11/05/2012;18:46:00;160;sem vítima;277;BR-101/RJ;Sul;Saida de Pista;;;1;;;;;;;;2;;;;
17/05/2012;16:20:00;122;sem vítima;277;BR-101/RJ;Sul;Colisão Lateral;1;;;;1;;;;;;2;;;;
19/05/2012;21:39:00;155;sem vítima;277,725;BR-101/RJ;Norte;Saida de Pista;1;;;;;;;;;;2;;;;
31/05/2012;03:26:00;16;sem vítima;277,8;BR-101/RJ;Sul;Colisão Traseira;;;2;;;;;;;;2;;;;
05/06/2012;19:13:00;153;sem vítima;277;BR-101/RJ;Sul;Saida de Pista;1;;;;;;;;;;1;;;;
25/06/2012;06:45:00;27;sem vítima;277,85;BR-101/RJ;Norte;Saida de Pista;1;;;;;;;;;;1;;;;
26/08/2012;19:07:00;143;sem vítima;277,407;BR-101/RJ;Sul;Colisão Traseira;2;;;;;;;;;;2;;;;
07/09/2012;04:28:00;36;com vítima;277,7;BR-101/RJ;Norte;Atropelamento - Andarilho;1;;;;;;;;;;2;;;;1
21/09/2012;18:20:00;152;sem vítima;277;BR-101/RJ;Norte;Saida de Pista;;;1;;;;;;;;1;;;;
22/09/2012;05:34:00;40;com vítima;277,099;BR-101/RJ;Norte;Capotamento;2;;;;;;;;;;6;;2;;
06/10/2012;19:20:00;172;com vítima;277;BR-101/RJ;Norte;Colisão Traseira;1;;;;;;;;;1;1;1;;;
22/10/2012;01:34:00;14;sem vítima;277;BR-101/RJ;Norte;Saida de Pista;1;;;;;;;;;;1;;;;
02/11/2012;10:18:00;77;sem vítima;277;BR-101/RJ;Norte;Colisão Transversal;2;;;;;;;;;;5;;;;
09/11/2012;17:40:00;153;sem vítima;277,5;BR-101/RJ;Sul;Colisão Traseira;2;;;;;;;;;;2;;;;
23/11/2012;22:24:00;224;sem vítima;277;BR-101/RJ;Sul;Colisão Traseira;1;;;;;1;;;;;2;;;;
10/12/2012;06:45:00;37;sem vítima;277;BR-101/RJ;Sul;Colisão Traseira;1;;;;;1;;;;;2;;;;
04/01/2013;16:08:00;136;sem vítima;277;BR-101/RJ;Sul;Saida de Pista;2;;;;;1;;;;;6;;;;
25/01/2013;19:19:00;189;sem vítima;277,4;BR-101/RJ;Norte;Colisão Lateral;1;;;1;;;;;;;4;;;;
30/01/2013;14:05:00;113;com vítima;277,1;BR-101/RJ;Norte;Atropelamento - Usuário;1;;;;;;;;;;0;1;;1;
13/02/2013;05:09:00;39;com vítima;277,2;BR-101/RJ;Sul;Queda de Moto;;;;1;;;;;;;0;2;;;
20/02/2013;07:47:00;48;sem vítima;277;BR-101/RJ;Sul;Colisão Traseira;;;2;;;;;;;;4;;;;
10/03/2013;16:03:00;114;sem vítima;277;BR-101/RJ;Sul;Capotamento;1;;;;;;;;;;1;;;;
30/03/2013;13:26:00;85;com vítima;277;BR-101/RJ;Sul;Colisão Traseira;2;;;;;;;;;;4;1;;;
30/03/2013;21:59:00;153;sem vítima;277;BR-101/RJ;Norte;Colisão Traseira;2;;;;;;;;;;2;;;;
07/05/2013;03:58:00;18;sem vítima;277;BR-101/RJ;Sul;Colisão Traseira;;;1;;;1;;;;;2;;;;
08/05/2013;02:30:00;7;sem vítima;277;BR-101/RJ;Sul;Colisão Traseira;;;2;;;;;;;;2;;;;
12/05/2013;19:00:00;135;com vítima;277;BR-101/RJ;Sul;Saida de Pista;1;;;;;;;;;;1;2;;;
28/05/2013;22:19:00;175;com vítima;277;BR-101/RJ;Norte;Colisão Traseira;1;;;;;;;;;1;0;2;2;;
05/08/2013;18:37:00;162;sem vítima;277;BR-101/RJ;Norte;Colisão Traseira;2;;;;;;;;;;4;;;;
11/08/2013;17:57:00;126;com vítima;277,09;BR-101/RJ;Norte;Atropelamento - Morador;;;;;;1;;;;;1;;1;;
27/08/2013;17:04:00;116;sem vítima;277,4;BR-101/RJ;Sul;Saida de Pista;;;1;;;;;;;;2;;;;
27/08/2013;17:06:00;118;com vítima;277,4;BR-101/RJ;Norte;Engavetamento;2;;;;;2;;;;;6;;1;;
27/08/2013;15:26:00;103;sem vítima;277,45;BR-101/RJ;Sul;Colisão Traseira;2;;;;;;;;;;3;;;;
24/10/2013;20:36:00;170;com vítima;277;BR-101/RJ;Norte;Choque - Poste;2;;;;;;;;;;2;;;;1
24/10/2013;15:51:00;118;com vítima;277,897;BR-101/RJ;Sul;Colisão Traseira;1;;;;;;;;;;0;;1;;
31/10/2013;12:52:00;70;sem vítima;277,206;BR-101/RJ;Sul;Colisão Traseira;2;;;;;;;;;;4;;;;
09/12/2013;22:46:00;207;sem vítima;277;BR-101/RJ;Sul;Saida de Pista;1;;;;;;;;;;1;;;;
28/12/2013;19:17:00;238;sem vítima;277;BR-101/RJ;Norte;Colisão Traseira;2;;;;;;;;;;6;;;;
09/02/2014;21:46:00;188;sem vítima;277;BR-101/RJ;Sul;Colisão Traseira;1;;;;;;;;;1;2;;;;
18/02/2014;21:34:00;173;sem vítima;277;BR-101/RJ;Norte;Saida de Pista;1;;;;;;;;;;1;;;;
23/02/2014;04:27:00;19;com vítima;277,836;BR-101/RJ;Norte;Capotamento;1;;;;;;;;;;0;;2;;
23/03/2014;18:50:00;101;sem vítima;277,1;BR-101/RJ;Norte;Colisão Lateral;2;;;;;;;;;;4;;;;
25/03/2014;19:17:00;161;com vítima;277;BR-101/RJ;Norte;Queda de Moto;;;;1;;;;;;;0;;1;;
17/04/2014;12:08:00;84;com vítima;277,923;BR-101/RJ;Sul;Saida de Pista;1;;;;;;;;;;2;2;;;
12/05/2014;18:38:00;168;sem vítima;277;BR-101/RJ;Norte;Colisão Lateral;2;;;;;;;;;;2;;;;
18/05/2014;18:48:00;135;sem vítima;277;BR-101/RJ;Sul;Choque - Defensa, barreira ou "submarino";1;;;;;;;;;;3;;;;
05/06/2014;21:31:00;188;com vítima;277;BR-101/RJ;Sul;Queda de Moto;;;;1;;;;;;;0;1;;;
22/07/2014;08:07:00;36;com vítima;277;BR-101/RJ;Norte;Atropelamento - Outros;;;;1;;;;;;;0;1;1;;
22/07/2014;09:36:00;58;com vítima;277;BR-101/RJ;Norte;Queda de Moto;;;;1;;;;;;;0;1;;;
27/07/2014;14:02:00;74;sem vítima;277;BR-101/RJ;Sul;Colisão Traseira;2;;;;;;;;;;3;;;;
03/08/2014;18:53:00;127;sem vítima;277,915;BR-101/RJ;Sul;Engavetamento;2;;;;;1;;;;;9;;;;
05/10/2014;20:46:00;135;sem vítima;277;BR-101/RJ;Norte;Choque - Defensa, barreira ou "submarino";1;;;;;;;;;;1;;;;
11/10/2014;09:29:00;61;sem vítima;277;BR-101/RJ;Norte;Colisão Lateral;2;;;;;;;;;;3;;;;
12/10/2014;04:33:00;18;sem vítima;277;BR-101/RJ;Norte;Saida de Pista;1;;;;;;;;;;1;;;;
26/10/2014;22:46:00;153;com vítima;277;BR-101/RJ;Norte;Queda de Moto;;;;1;;1;;;;;1;1;;;
16/11/2014;01:34:00;13;sem vítima;277;BR-101/RJ;Sul;Saida de Pista;1;;;;;;;;;;1;;;;
26/11/2014;05:25:00;17;sem vítima;277;BR-101/RJ;Sul;Colisão Traseira;2;;;;;;;;;;3;;;;
02/12/2014;00:21:00;5;com vítima;277,742;BR-101/RJ;Sul;Capotamento;1;;;;;;;;;;0;;1;;
15/12/2014;12:30:00;106;com vítima;277;BR-101/RJ;Sul;Saida de Pista;1;;;;;;;;;;0;;1;;
17/12/2014;11:57:00;93;sem vítima;277,8;BR-101/RJ;Sul;Saida de Pista;1;;;;;;;;;;1;;;;
18/12/2014;10:17:00;70;sem vítima;277;BR-101/RJ;Sul;Tombamento;;;1;;;;;;;;1;;;;
20/12/2014;18:38:00;163;com vítima;277;BR-101/RJ;Norte;Colisão Lateral;1;;;1;;;;;;;2;;1;;
22/12/2014;11:27:00;80;sem vítima;277;BR-101/RJ;Norte;Colisão Lateral;1;;;;;1;;;;;2;;;;
02/01/2015;20:39:00;151;sem vítima;277;BR-101/RJ;Norte;Saida de Pista;1;;;;;;;;;;1;;;;
09/02/2015;13:16:00;104;sem vítima;277;BR-101/RJ;Sul;Colisão Traseira;2;;;;;;;;;;4;0;0;0;0
14/02/2015;06:04:00;60;com vítima;277;BR-101/RJ;Norte;Queda de Moto;;;;1;;;;;;;0;1;0;0;0
14/02/2015;21:43:00;290;sem vítima;277;BR-101/RJ;Sul;Colisão Lateral;1;;1;;;;;;;;3;0;0;0;0
14/02/2015;10:55:00;140;sem vítima;277,943;BR-101/RJ;Norte;Colisão Traseira;2;;;;;;;;;;2;0;0;0;0
18/02/2015;08:14:00;46;sem vítima;277;BR-101/RJ;Sul;Saida de Pista;1;;;;;1;;;;;7;0;0;0;0
19/02/2015;14:36:00;127;sem vítima;277;BR-101/RJ;Sul;Colisão Traseira;2;;;;;;;;;;2;0;0;0;0
22/02/2015;09:32:00;49;sem vítima;277;BR-101/RJ;Sul;Engavetamento;3;;;;;;;;;;13;;;;
23/02/2015;12:54:00;90;sem vítima;277;BR-101/RJ;Norte;Colisão Traseira;1;;;;;;;;;;1;;;;
22/03/2015;20:52:00;144;sem vítima;277;BR-101/RJ;Norte;Saida de Pista;1;;;;;;;;;;1;0;0;0;0
12/04/2015;19:20:00;145;com vítima;277;BR-101/RJ;Sul;Colisão Traseira;;;;;;;;;;2;3;1;;;
05/05/2015;18:05:00;154;sem vítima;277;BR-101/RJ;Sul;Colisão Lateral;1;;1;;;;;;;;2;;;;
12/05/2015;11:25:00;87;com vítima;277,64;BR-101/RJ;Norte;Atropelamento - Morador;;;;1;;;;;;;0;1;1;;1
22/06/2015;08:59:00;63;com vítima;277;BR-101/RJ;Sul;Colisão Traseira;2;;;;;;;;;;1;;1;;
16/07/2015;06:59:00;31;com vítima;277;BR-101/RJ;Sul;Queda de Moto;;;;1;;;;;;;0;1;;;
07/09/2015;11:47:00;62;com vítima;277;BR-101/RJ;Sul;Queda de Moto;;;;1;;;;;;;0;2;;;
18/09/2015;08:20:00;81;com vítima;277,461;BR-101/RJ;Norte;Colisão Traseira;;;1;;1;;;;;;3;2;;;
22/09/2015;14:12:00;124;sem vítima;277;BR-101/RJ;Sul;Colisão Lateral;2;;;;;;;;;;5;;;;
05/10/2015;03:40:00;11;com vítima;277,26;BR-101/RJ;Sul;Atropelamento de Animal;;;;1;;;;;;;0;1;;;
11/10/2015;18:25:00;138;com vítima;277;BR-101/RJ;Norte;Colisão Frontal;2;;;;;;;;;;1;3;2;;
02/11/2015;15:38:00;97;sem vítima;277;BR-101/RJ;Sul;Colisão Traseira;2;;;;;;;;;;7;;;;
05/11/2015;17:22:00;166;com vítima;277;BR-101/RJ;Norte;Colisão Traseira;1;;;;;1;;;;;2;1;;;
22/11/2015;10:04:00;61;com vítima;277,7;BR-101/RJ;Sul;Engavetamento;1;;;5;;;;;;;4;1;2;;
07/12/2015;03:21:00;17;sem vítima;277,8;BR-101/RJ;Norte;Saida de Pista;1;;;;;;;;;;1;;;;
08/01/2010;18:22:00;162;sem vítima;278;BR-101/RJ;Sul;Saida de Pista;1;;;;;;;;;;1;;;;
20/01/2010;00:12:00;6;sem vítima;278,8999938964844;BR-101/RJ;Sul;Saida de Pista;1;;;;;;;;;;1;;;;
11/02/2010;20:46:00;227;com vítima;278;BR-101/RJ;Sul;Atropelamento - Ciclista;;1;;;;1;;;;;1;;;;1
25/04/2010;09:47:00;40;sem vítima;278;BR-101/RJ;Sul;Colisão Traseira;1;;;;;;;;;;2;;;;
30/04/2010;11:57:00;74;sem vítima;278;BR-101/RJ;Norte;Saida de Pista;1;;;;;;;;;;2;;;;
02/05/2010;20:26:00;159;sem vítima;278;BR-101/RJ;Sul;Saida de Pista;1;;;;;;;;;;3;;;;
20/05/2010;14:58:00;121;com vítima;278;BR-101/RJ;Norte;Saida de Pista;1;;;;;;;;;;1;;1;;
24/05/2010;15:12:00;139;sem vítima;278;BR-101/RJ;Sul;Colisão Traseira;2;;;;;;;;;;6;;;;
15/08/2010;16:54:00;130;com vítima;278;BR-101/RJ;Norte;Atropelamento - Ciclista;;2;;;;1;;;;;1;;1;1;
08/09/2010;02:09:00;24;sem vítima;278;BR-101/RJ;Sul;Saida de Pista;1;;;;;;;;;;1;;;;
09/10/2010;09:24:00;66;com vítima;278;BR-101/RJ;Norte;Saida de Pista;1;;;;;;;;;;0;1;;;
22/10/2010;15:48:00;101;sem vítima;278;BR-101/RJ;Sul;Colisão Lateral;1;;1;;;;;;;;4;;;;
26/01/2011;18:31:00;149;sem vítima;278;BR-101/RJ;Sul;Choque - Outros;2;;;;;;;;;;4;;;;
28/01/2011;20:41:00;260;com vítima;278;BR-101/RJ;Sul;Atropelamento - Ciclista;;1;;;;1;;;;;1;;1;1;
28/02/2011;06:46:00;34;sem vítima;278;BR-101/RJ;Sul;Saida de Pista;1;;;;;;;;;;1;;;;
15/03/2011;06:49:00;25;sem vítima;170;BR-101/RJ;Norte;Colisão Traseira;1;;;;1;;;;;;2;;;;
15/03/2011;10:02:00;59;sem vítima;270;BR-101/RJ;Sul;Colisão Lateral;1;;;;;1;;;;;5;;;;
15/03/2011;16:37:00;138;com vítima;183;BR-101/RJ;Sul;Colisão Frontal;1;;1;;;;;;;;1;;;2;2
06/06/2011;23:10:00;191;sem vítima;278;BR-101/RJ;Norte;Saida de Pista;;;;;;;;;;1;5;;;;
04/08/2011;03:56:00;10;com vítima;278;BR-101/RJ;Norte;Saida de Pista;1;;;;;;;;;;2;1;;;
28/09/2011;04:44:00;9;sem vítima;278;BR-101/RJ;Sul;Colisão Traseira;;;1;;1;;;;;;2;;;;
07/10/2011;20:01:00;195;sem vítima;278;BR-101/RJ;Norte;Engavetamento;3;;;;;;;;;;4;;;;
12/10/2011;19:55:00;154;sem vítima;278,70001220703125;BR-101/RJ;Norte;Colisão Traseira;;;;;2;;;;;;2;;;;
15/10/2011;08:51:00;56;sem vítima;278,29998779296875;BR-101/RJ;Norte;Colisão Traseira;1;;;;1;;;;;;2;;;;
17/10/2011;20:24:00;156;sem vítima;278;BR-101/RJ;Norte;Saida de Pista;1;;;;;;;;;;6;;;;
27/10/2011;13:01:00;99;sem vítima;278,70001220703125;BR-101/RJ;Sul;Engavetamento;3;;;;;;;;;;6;;;;
27/10/2011;13:01:00;108;com vítima;278,70001220703125;BR-101/RJ;Sul;Capotamento;;;;;;;;;;1;0;;2;;
15/12/2011;19:45:00;152;sem vítima;278;BR-101/RJ;Sul;Saida de Pista;1;;;;;;;;;;1;;;;
23/12/2011;07:28:00;46;com vítima;278,70001220703125;BR-101/RJ;Sul;Colisão Traseira;2;;;;;;;;;;3;1;1;;
08/01/2012;04:00:00;14;sem vítima;278;BR-101/RJ;Sul;Saida de Pista;1;;;;;;;;;;1;;;;
04/02/2012;04:48:00;20;sem vítima;278;BR-101/RJ;Sul;Colisão Traseira;;;1;;;1;;;;;2;;;;
11/02/2012;01:37:00;7;sem vítima;278;BR-101/RJ;Sul;Saida de Pista;1;;;;;;;;;;4;;;;
03/05/2012;15:48:00;134;com vítima;278;BR-101/RJ;Norte;Queda de Moto;;;;1;;;;;;;0;;2;;
06/07/2012;21:57:00;238;sem vítima;278;BR-101/RJ;Norte;Queda de Moto;;;;1;;;;;;;2;;;;
19/08/2012;17:10:00;123;sem vítima;278,705;BR-101/RJ;Sul;Colisão Traseira;2;;;;;;;;;;3;;;;
07/09/2012;10:52:00;120;sem vítima;278;BR-101/RJ;Norte;Saida de Pista;1;;;;;;;;;;2;;;;
07/10/2012;13:11:00;99;sem vítima;278;BR-101/RJ;Sul;Saida de Pista;1;;;;;;;;;;1;;;;
27/10/2012;06:42:00;45;sem vítima;278;BR-101/RJ;Norte;Colisão Lateral;1;;1;;;;;;;;4;;;;
03/11/2012;22:07:00;151;com vítima;278,188;BR-101/RJ;Norte;Colisão Frontal;2;;;;;;;;;;0;;4;;1
13/11/2012;15:56:00;125;sem vítima;278,5;BR-101/RJ;Sul;Colisão Traseira;2;;;;;;;;;;3;;;;
14/12/2012;05:29:00;23;sem vítima;278;BR-101/RJ;Sul;Queda de Moto;;;;1;;;;;;;1;;;;
01/01/2013;20:49:00;205;sem vítima;278;BR-101/RJ;Sul;Colisão Traseira;2;;;;;;;;;;2;;;;
05/02/2013;17:54:00;124;sem vítima;278,05;BR-101/RJ;Norte;Saida de Pista;1;;;;;;;;;;4;;;;
02/03/2013;05:58:00;28;sem vítima;278;BR-101/RJ;Norte;Saida de Pista;1;;;;;;;;;;5;;;;
12/03/2013;23:08:00;185;sem vítima;278;BR-101/RJ;Sul;Colisão Traseira;2;;;;;;;;;;2;;;;
27/03/2013;15:14:00;116;sem vítima;278;BR-101/RJ;Sul;Colisão Lateral;1;;1;;;;;;;;3;;;;
02/05/2013;21:11:00;149;sem vítima;278;BR-101/RJ;Sul;Colisão Traseira;;;2;;;;;;;;2;;;;
03/08/2013;13:32:00;108;com vítima;278;BR-101/RJ;Norte;Saida de Pista;1;;;;;;;;;;0;;2;;
04/08/2013;12:04:00;85;com vítima;278;BR-101/RJ;Sul;Colisão Traseira;2;;;;;;;;;;5;1;;;
28/08/2013;08:46:00;39;com vítima;278,3;BR-101/RJ;Sul;Colisão Lateral;;;;;;;;;;2;3;1;;;
09/10/2013;06:01:00;24;sem vítima;278;BR-101/RJ;Sul;Engavetamento;3;;;;;;;;;;3;;;;
23/10/2013;03:47:00;14;sem vítima;278,05;BR-101/RJ;Sul;Saida de Pista;1;;;;;;;;;;1;;;;
02/01/2014;13:46:00;121;sem vítima;278,2;BR-101/RJ;Norte;Saida de Pista;1;;;;;;;;;;4;;;;
09/01/2014;21:35:00;196;com vítima;278;BR-101/RJ;Sul;Queda de Moto;;;;1;;;;;;;0;;1;;
10/01/2014;07:21:00;36;com vítima;278,053;BR-101/RJ;Norte;Atropelamento - Ciclista;;1;1;;;;;;;;1;;1;;
01/03/2014;16:29:00;278;com vítima;278;BR-101/RJ;Norte;Atropelamento - Morador;;;;;;1;;;;;1;1;;;
02/08/2014;10:15:00;50;com vítima;278;BR-101/RJ;Norte;Queda de Moto;;;;1;;;;;;;0;1;;;
03/08/2014;11:18:00;49;sem vítima;278;BR-101/RJ;Norte;Colisão Lateral;2;;;;;;;;;;5;;;;
11/08/2014;10:19:00;70;com vítima;278;BR-101/RJ;Norte;Colisão Lateral;;;;2;;;;;;;1;1;;;
07/09/2014;15:27:00;93;com vítima;278,595;BR-101/RJ;Sul;Atropelamento - Morador;;;1;;;;;;;;1;;;;1
09/12/2014;07:51:00;39;sem vítima;278,292;BR-101/RJ;Sul;Saida de Pista;1;;;;;;;;;;2;;;;
13/12/2014;19:53:00;189;sem vítima;278;BR-101/RJ;Sul;Tombamento;;;1;;;;;;;;1;;;;
27/12/2014;05:56:00;16;sem vítima;278;BR-101/RJ;Sul;Colisão Traseira;2;;;;;;;;;;3;;;;
17/01/2015;00:51:00;7;com vítima;278;BR-101/RJ;Norte;Colisão Lateral;1;;1;;;;;;;;4;1;;;
04/02/2015;08:06:00;44;com vítima;278;BR-101/RJ;Norte;Atropelamento - Funcionário;;;;;;;;;;1;1;1;0;0;0
07/02/2015;15:12:00;96;com vítima;278,5;BR-101/RJ;Sul;Colisão Traseira;2;;;;;;;;;;2;1;2;0;1
25/04/2015;00:56:00;8;com vítima;278;BR-101/RJ;Norte;Queda de Moto;;;;1;;;;;;;0;2;;;
29/07/2015;17:21:00;160;sem vítima;278;BR-101/RJ;Norte;Colisão Traseira;2;;;;;;;;;;5;;;;
11/08/2015;03:58:00;18;sem vítima;278,4;BR-101/RJ;Sul;Colisão Traseira;;;1;;;1;;;;;2;;;;
13/10/2015;18:41:00;202;com vítima;278;BR-101/RJ;Sul;Queda de Moto;;;;1;;;;;;;0;;1;;
27/10/2015;00:19:00;1;com vítima;278,8;BR-101/RJ;Norte;Capotamento;1;;;;;;;;;;0;1;1;;
05/11/2015;16:30:00;153;sem vítima;278;BR-101/RJ;Norte;Colisão Lateral;2;;;;;;;;;;2;;;;
16/11/2015;06:33:00;37;com vítima;278,737;BR-101/RJ;Norte;Capotamento;1;;;;;;;;;;0;;1;;
18/12/2015;23:36:00;299;sem vítima;278;BR-101/RJ;Sul;Choque - Arvore;1;;;;;;;;;;1;;;;
29/12/2015;22:57:00;235;com vítima;278,43;BR-101/RJ;Sul;Atropelamento - Andarilho;;;;;;1;;;;;1;;1;;
29/12/2015;07:01:00;30;sem vítima;278,805;BR-101/RJ;Sul;Choque - Defensa, barreira ou "submarino";1;;;;;;;;;;1;;;;
09/01/2010;23:29:00;249;sem vítima;279;BR-101/RJ;Norte;Colisão Traseira;1;;;;1;1;;;;;3;;;;
19/01/2010;23:27:00;217;com vítima;279;BR-101/RJ;Sul;Colisão Traseira;;;2;;;;;;;;1;;;;1
11/02/2010;13:08:00;112;com vítima;279;BR-101/RJ;Sul;Colisão Traseira;;;1;1;;;;;;;2;;1;;
25/03/2010;18:45:00;142;com vítima;279;BR-101/RJ;Norte;Colisão Frontal;;;;2;;;;;;;0;;2;;
13/04/2010;11:12:00;86;sem vítima;279;BR-101/RJ;Sul;Capotamento;1;;;;;;;;;;2;;;;
23/04/2010;15:52:00;108;sem vítima;279;BR-101/RJ;Norte;Capotamento;1;;;;;;;;;1;6;;;;
25/04/2010;09:29:00;37;com vítima;279;BR-101/RJ;Sul;Colisão Lateral;2;;;;;;;;;;2;3;1;;
09/05/2010;21:44:00;157;sem vítima;279;BR-101/RJ;Sul;Saida de Pista;1;;;;;;;;;;2;;;;
02/08/2010;02:32:00;19;com vítima;279;BR-101/RJ;Sul;Atropelamento - Outros;;;;;;1;;;;;1;;1;;
21/08/2010;01:46:00;12;com vítima;279,1000061035156;BR-101/RJ;Norte;Saida de Pista;;;;1;;;;;;;0;;1;;
28/08/2010;08:45:00;55;sem vítima;279;BR-101/RJ;Sul;Saida de Pista;1;;;;;;;;;;4;;;;
07/10/2010;14:05:00;106;com vítima;279;BR-101/RJ;Norte;Capotamento;;;;;;;;;;1;4;;1;1;
22/11/2010;08:56:00;69;sem vítima;279;BR-101/RJ;Norte;Colisão Traseira;1;;;;;;;;;1;2;;;;
18/12/2010;05:53:00;36;sem vítima;279;BR-101/RJ;Norte;Capotamento;;;;;;;;;;1;1;;;;
25/12/2010;16:21:00;105;com vítima;279;BR-101/RJ;Sul;Colisão Traseira;3;;;;;;;;;;4;;1;;
03/01/2011;12:31:00;152;com vítima;279;BR-101/RJ;Sul;Atropelamento - Ciclista;1;1;;;;;;;;;0;2;1;;
13/01/2011;19:32:00;150;sem vítima;279;BR-101/RJ;Norte;Colisão Traseira;1;;;;;1;;;;;2;;;;
16/01/2011;02:48:00;19;com vítima;279;BR-101/RJ;Sul;Capotamento;1;;;;;;;;;;0;2;;;
23/01/2011;11:37:00;56;sem vítima;279;BR-101/RJ;Sul;Colisão Traseira;2;;;;;;;;;;2;;;;
26/01/2011;01:39:00;8;sem vítima;279;BR-101/RJ;Sul;Atropelamento de Animal;1;;;;;1;;;;;3;;;;
12/02/2011;16:55:00;147;com vítima;279;BR-101/RJ;Norte;Colisão Traseira;2;;;;;;;;;;2;1;;;
15/03/2011;19:53:00;179;sem vítima;221;BR-101/RJ;Sul;Colisão Traseira;1;;1;;;;;;;;4;;;;
15/03/2011;20:56:00;192;com vítima;47,5;BR-101/RJ;Sul;Colisão Lateral;;;;1;;1;;;;;1;1;;;
31/05/2011;07:33:00;24;com vítima;279;BR-101/RJ;Norte;Queda de Moto;;;;1;;;;;;;0;1;;;
31/05/2011;16:41:00;116;sem vítima;279;BR-101/RJ;Norte;Capotamento;1;;;;;;;;;;1;;;;
06/06/2011;18:43:00;166;com vítima;279;BR-101/RJ;Sul;Colisão Transversal;1;;1;;;;;;;;5;2;;;
16/06/2011;14:37:00;113;sem vítima;279;BR-101/RJ;Norte;Colisão Lateral;1;;1;;;;;;;;5;;;;
01/10/2011;18:02:00;164;com vítima;279;BR-101/RJ;Sul;Colisão Lateral;1;;;1;;;;;;;4;;1;;
08/10/2011;16:53:00;154;com vítima;279;BR-101/RJ;Sul;Atropelamento - Ciclista;1;1;;;;;;;;;3;;;1;
10/12/2011;17:51:00;186;sem vítima;279,6000061035156;BR-101/RJ;Sul;Saida de Pista;1;;;1;;;;;;;4;;;;
22/12/2011;22:59:00;234;sem vítima;279,20001220703125;BR-101/RJ;Norte;Saida de Pista;1;;;;;;;;;;1;;;;
31/12/2011;18:40:00;129;sem vítima;279;BR-101/RJ;Norte;Saida de Pista;1;;;;;;;;;;3;;;;
29/01/2012;07:11:00;21;sem vítima;279;BR-101/RJ;Sul;Saida de Pista;1;;;;;;;;;;1;;;;