data;horario;n_da_ocorrencia;tipo_de_ocorrencia;km;trecho;sentido;tipo_de_acidente;automovel;bicicleta;caminhao;moto;onibus;outros;tracao_animal;transporte_de_cargas_especiais;trator_maquinas;utilitarios;ilesos;levemente_feridos;moderadamente_feridos;gravemente_feridos;mortos
10/02/2012;19:33:00;184;sem vítima;279;BR-101/RJ;Norte;Colisão Traseira;2;;;;;;;;;;6;;;;
11/02/2012;15:51:00;109;com vítima;279;BR-101/RJ;Sul;Saida de Pista;1;;;;;;;;;;0;1;;;
19/02/2012;10:26:00;92;sem vítima;279,5;BR-101/RJ;Norte;Colisão Traseira;1;;;1;;;;;;;6;;;;
04/03/2012;16:05:00;101;sem vítima;279,65;BR-101/RJ;Sul;Colisão Traseira;2;;;;;;;;;;5;;;;
11/03/2012;20:01:00;165;sem vítima;279;BR-101/RJ;Norte;Colisão Traseira;1;;;;;;;;;1;4;;;;
18/03/2012;07:42:00;42;com vítima;279;BR-101/RJ;Norte;Saida de Pista;1;;;;;;;;;;0;;1;;
24/03/2012;18:26:00;151;sem vítima;279;BR-101/RJ;Norte;Saida de Pista;1;;;;;;;;;;1;;;;
31/03/2012;09:30:00;63;com vítima;279;BR-101/RJ;Sul;Saida de Pista;;;;;1;;;;;;3;4;1;;
21/04/2012;20:00:00;152;sem vítima;279;BR-101/RJ;Norte;Colisão Traseira;1;;;;;1;;;;;2;;;;
21/04/2012;20:05:00;154;sem vítima;279;BR-101/RJ;Norte;Colisão Traseira;2;;;;;;;;;;3;;;;
10/05/2012;16:04:00;147;com vítima;279,5;BR-101/RJ;Norte;Colisão Transversal;;;2;;;;;;;;3;;1;;
15/05/2012;18:35:00;127;sem vítima;279,737;BR-101/RJ;Sul;Colisão Lateral;2;;;;;;;;;;9;;;;
14/07/2012;20:31:00;165;sem vítima;279,859;BR-101/RJ;Sul;Queda de Moto;;;;1;;1;;;;;3;;;;
10/08/2012;23:45:00;234;com vítima;279;BR-101/RJ;Sul;Queda de Moto;;;;1;;;;;;;0;;1;;
12/08/2012;06:04:00;35;com vítima;279,461;BR-101/RJ;Norte;Atropelamento - Ciclista;;1;;1;;;;;;;0;;2;;
18/08/2012;20:01:00;144;com vítima;279,768;BR-101/RJ;Norte;Capotamento;1;;;;;;;;;;0;1;;;
30/09/2012;15:42:00;110;sem vítima;279;BR-101/RJ;Sul;Colisão Traseira;2;;;1;;;;;;;3;;;;
31/10/2012;06:00:00;25;sem vítima;279;BR-101/RJ;Sul;Colisão Traseira;;;1;;1;;;;;;2;;;;
08/12/2012;14:07:00;154;sem vítima;279;BR-101/RJ;Norte;Capotamento;1;;;;;;;;;;2;;;;
28/12/2012;13:35:00;138;sem vítima;279;BR-101/RJ;Sul;Colisão Frontal;1;;1;;;;;;;;4;;;;
28/12/2012;17:58:00;192;sem vítima;279;BR-101/RJ;Norte;Colisão Traseira;2;;;;;;;;;;7;;;;
16/02/2013;00:19:00;6;com vítima;279,5;BR-101/RJ;Sul;Colisão Traseira;2;;;;;;;;;;2;;2;;
22/03/2013;13:25:00;113;sem vítima;279;BR-101/RJ;Norte;Saida de Pista;1;;;;;1;;;;;2;;;;
12/04/2013;10:39:00;96;com vítima;279,527;BR-101/RJ;Norte;Colisão Lateral;;;2;;;;;;;;2;1;;;
11/05/2013;05:21:00;24;sem vítima;279,34;BR-101/RJ;Norte;Colisão Traseira;2;;;;;;;;;;2;;;;
21/05/2013;17:34:00;131;sem vítima;279,855;BR-101/RJ;Sul;Saida de Pista;1;;;;;;;;;;2;;;;
09/08/2013;09:25:00;47;sem vítima;279;BR-101/RJ;Norte;Colisão Lateral;1;;1;;;;;;;;2;;;;
12/10/2013;15:06:00;140;sem vítima;279;BR-101/RJ;Norte;Capotamento;1;;;;;;;;;;6;;;;
21/10/2013;19:58:00;189;sem vítima;279;BR-101/RJ;Sul;Queda de Moto;;;;1;;;;;;;2;;;;
24/11/2013;17:45:00;129;sem vítima;279,65;BR-101/RJ;Sul;Engavetamento;3;;;;;;;;;;11;;;;
20/12/2013;00:27:00;1;com vítima;279,93;BR-101/RJ;Norte;Atropelamento - Morador;;;1;;;;;;;;1;;;1;
21/12/2013;23:26:00;225;sem vítima;279;BR-101/RJ;Norte;Colisão Traseira;1;;;;;1;;;;;6;;;;
27/12/2013;12:56:00;104;sem vítima;279;BR-101/RJ;Norte;Colisão Traseira;1;;;;;;;;;1;4;;;;
31/12/2013;21:35:00;209;com vítima;279;BR-101/RJ;Norte;Colisão Frontal;2;;;;;;;;;;3;1;;;
14/02/2014;13:29:00;125;sem vítima;279;BR-101/RJ;Sul;Saida de Pista;1;;;;;;;;;;5;;;;
04/03/2014;12:19:00;76;com vítima;279,633;BR-101/RJ;Sul;Colisão Lateral;1;;;1;;;;;;;3;2;;;
06/03/2014;09:41:00;85;sem vítima;279;BR-101/RJ;Sul;Colisão Traseira;2;;;;;1;;;;;3;;;;
30/03/2014;22:57:00;209;com vítima;279,747;BR-101/RJ;Sul;Colisão Transversal;2;;;;;;;;;;6;1;;;
17/05/2014;22:30:00;157;com vítima;279;BR-101/RJ;Sul;Colisão Lateral;1;;;1;;;;;;;0;1;1;1;
17/05/2014;22:30:00;160;com vítima;279;BR-101/RJ;Sul;Atropelamento - Usuário;1;;;;;;;;;;1;;;1;
21/05/2014;18:32:00;132;sem vítima;279;BR-101/RJ;Sul;Saida de Pista;1;;;;;;;;;;3;;;;
26/06/2014;08:09:00;26;com vítima;279;BR-101/RJ;Norte;Colisão Lateral;;;1;;;;;;;1;2;1;;;
29/06/2014;03:20:00;22;sem vítima;279;BR-101/RJ;Norte;Saida de Pista;1;;;;;;;;;;1;;;;
06/07/2014;16:12:00;91;sem vítima;279;BR-101/RJ;Sul;Colisão Traseira;2;;;;;;;;;;6;;;;
30/07/2014;08:20:00;55;sem vítima;279;BR-101/RJ;Norte;Saida de Pista;;;1;;;;;;;;1;;;;
10/11/2014;04:43:00;24;com vítima;279,796;BR-101/RJ;Norte;Atropelamento - Andarilho;1;;;;;;;;;;1;;;;1
21/11/2014;09:56:00;55;sem vítima;279;BR-101/RJ;Sul;Saida de Pista;;;1;;;;;;;;1;;;;
14/01/2015;10:09:00;63;sem vítima;279;BR-101/RJ;Norte;Saida de Pista;1;;;;;;;;;;1;;;;
20/01/2015;16:05:00;142;com vítima;279;BR-101/RJ;Sul;Queda de Moto;;;;1;;;;;;;0;2;;;
07/02/2015;13:56:00;85;com vítima;279;BR-101/RJ;Sul;Queda de Moto;;;;1;;;;;;;0;2;0;0;0
11/02/2015;18:54:00;177;sem vítima;279;BR-101/RJ;Sul;Saida de Pista;1;;;;;;;;;;2;0;0;0;0
05/04/2015;23:04:00;232;com vítima;279;BR-101/RJ;Sul;Atropelamento - Ciclista;1;1;;;;;;;;;7;;1;;
10/06/2015;11:09:00;93;sem vítima;279;BR-101/RJ;Norte;Colisão Traseira;2;;;;;;;;;;7;;;;
14/06/2015;04:36:00;19;com vítima;279,47;BR-101/RJ;Norte;Capotamento;1;;;;;;;;;;0;2;;;
21/06/2015;04:41:00;16;sem vítima;279;BR-101/RJ;Norte;Capotamento;1;;;;;1;;;;;2;;;;
29/06/2015;00:33:00;5;sem vítima;279;BR-101/RJ;Sul;Choque - Defensa, barreira ou "submarino";1;;;;;;;;;;2;;;;
05/07/2015;06:01:00;27;com vítima;279;BR-101/RJ;Sul;Choque - Outros;1;;;;;;;;;;0;2;;;
14/08/2015;17:54:00;158;sem vítima;279;BR-101/RJ;Norte;Engavetamento;3;;;;;;;;;;4;;;;
14/12/2015;12:49:00;136;sem vítima;279,8;BR-101/RJ;Sul;Choque - Defensa, barreira ou "submarino";1;;;;;;;;;;1;;;;
02/01/2010;21:32:00;218;com vítima;280;BR-101/RJ;Sul;Colisão Traseira;2;;;;;;;;;;8;3;;;
22/02/2010;20:18:00;203;sem vítima;280;BR-101/RJ;Sul;Colisão Traseira;2;;;;;;;;;;2;;;;
13/03/2010;04:49:00;18;sem vítima;280;BR-101/RJ;Sul;Capotamento;1;;;;;;;;;;1;;;;
10/05/2010;04:20:00;18;sem vítima;280;BR-101/RJ;Norte;Atropelamento de Animal;;;1;;;;;;;;1;;;;
16/05/2010;00:19:00;2;com vítima;280;BR-101/RJ;Sul;Colisão Traseira;2;;;;;;;;;;0;;2;;
10/07/2010;12:22:00;92;sem vítima;280;BR-101/RJ;Sul;Colisão Lateral;4;;;;;;;;;;9;;;;
26/07/2010;04:46:00;22;com vítima;280;BR-101/RJ;Sul;Atropelamento - Morador;;;;;;1;;;;;1;;1;;
21/08/2010;08:47:00;52;sem vítima;280;BR-101/RJ;Norte;Colisão Traseira;1;;;1;;;;;;;4;;;;
29/12/2010;20:05:00;196;com vítima;280;BR-101/RJ;Norte;Colisão Traseira;1;;;;;;;;;1;2;;1;;
03/01/2011;08:07:00;92;sem vítima;280;BR-101/RJ;Sul;Colisão Traseira;2;;;;;;;;;;6;;;;
03/01/2011;09:42:00;114;sem vítima;280;BR-101/RJ;Sul;Colisão Traseira;3;;;;;;;;;;7;;;;
23/01/2011;11:29:00;55;sem vítima;280;BR-101/RJ;Sul;Colisão Traseira;2;;;;;;;;;;6;;;;
23/01/2011;18:32:00;143;com vítima;280;BR-101/RJ;Norte;Atropelamento - Ciclista;;1;;1;;;;;;;1;;;2;
28/02/2011;22:53:00;231;sem vítima;280;BR-101/RJ;Sul;Colisão Traseira;;;2;;;;;;;;2;;;;
16/03/2011;04:13:00;11;sem vítima;320;BR-101/RJ;Sul;Choque - Defensa, barreira ou "submarino";1;;;;;;;;;;3;;;;
08/09/2011;07:25:00;28;sem vítima;280;BR-101/RJ;Sul;Atropelamento de Animal;1;;;;;;;;;;1;;;;
17/09/2011;11:13:00;93;com vítima;280,8999938964844;BR-101/RJ;Sul;Saida de Pista;1;;;;;;;;;;0;1;;;
09/11/2011;18:23:00;139;com vítima;280,20001220703125;BR-101/RJ;Sul;Saida de Pista;;;1;;;;;;;;1;;;1;
12/11/2011;18:01:00;168;com vítima;280;BR-101/RJ;Norte;Queda de Moto;;;;1;;;;;;;0;1;;;
06/02/2012;00:47:00;11;sem vítima;280;BR-101/RJ;Sul;Saida de Pista;1;;;;;;;;;;3;;;;
27/02/2012;01:02:00;9;com vítima;280;BR-101/RJ;Norte;Colisão Transversal;1;;;1;;;;;;;3;1;;;
03/03/2012;23:17:00;177;com vítima;280,2;BR-101/RJ;Norte;Atropelamento - Ciclista;1;1;;;;;;;;;1;;;;1
15/03/2012;09:43:00;55;sem vítima;280;BR-101/RJ;Norte;Colisão Lateral;1;;1;;;;;;;;4;;;;
20/03/2012;10:15:00;58;com vítima;280,5;BR-101/RJ;Sul;Capotamento;1;;;;;;;;;;0;2;;;
15/04/2012;08:25:00;38;sem vítima;280;BR-101/RJ;Norte;Saida de Pista;1;;;;;;;;;;1;;;;
07/06/2012;05:51:00;23;sem vítima;280;BR-101/RJ;Sul;Colisão Lateral;;;;;1;;;;;1;2;;;;
25/08/2012;04:21:00;15;sem vítima;280,8;BR-101/RJ;Norte;Saida de Pista;1;;;;;;;;;;1;;;;
30/08/2012;11:09:00;78;com vítima;280,75;BR-101/RJ;Norte;Queda de Moto;;;;1;;;;;;;0;;1;;
10/09/2012;07:52:00;55;sem vítima;280;BR-101/RJ;Norte;Engavetamento;1;;;;;2;;;;;3;;;;
14/09/2012;19:29:00;158;sem vítima;280,073;BR-101/RJ;Sul;Saida de Pista;1;;;;;;;;;;2;;;;
28/09/2012;02:02:00;7;sem vítima;280;BR-101/RJ;Norte;Atropelamento de Animal;;;1;;;;;;;;1;;;;
05/10/2012;20:04:00;213;com vítima;280,35;BR-101/RJ;Norte;Engavetamento;5;;;;;;;;;;6;2;;;
05/10/2012;20:07:00;214;sem vítima;280,35;BR-101/RJ;Norte;Colisão Traseira;2;;;;;;;;;;4;;;;
10/10/2012;15:15:00;186;sem vítima;280;BR-101/RJ;Norte;Colisão Traseira;;;2;;;;;;;;3;;;;
15/10/2012;12:32:00;77;com vítima;280;BR-101/RJ;Sul;Colisão Traseira;2;;;1;;;;;;;2;1;;;
18/10/2012;02:31:00;18;sem vítima;280,548;BR-101/RJ;Norte;Atropelamento de Animal;;;;;;2;;;;;2;;;;
04/11/2012;22:13:00;189;com vítima;280,529;BR-101/RJ;Sul;Capotamento;1;;;;;;;;;;4;;1;;
05/11/2012;03:27:00;17;sem vítima;280,539;BR-101/RJ;Norte;Colisão Traseira;1;;2;;;;;;;;4;;;;
09/11/2012;15:52:00;134;sem vítima;280;BR-101/RJ;Norte;Colisão Traseira;3;;;;;;;;;;6;;;;
13/11/2012;15:10:00;115;sem vítima;280;BR-101/RJ;Sul;Colisão Lateral;1;;1;;;;;;;;2;;;;
09/12/2012;07:42:00;45;sem vítima;280,7;BR-101/RJ;Sul;Saida de Pista;1;;;;;;;;;;2;;;;
01/01/2013;18:11:00;176;sem vítima;280;BR-101/RJ;Sul;Engavetamento;3;;;;;;;;;;3;;;;
25/01/2013;13:37:00;105;com vítima;280;BR-101/RJ;Norte;Colisão Traseira;3;;;;;;;;;;3;2;;;
09/03/2013;18:46:00;182;com vítima;280,5;BR-101/RJ;Sul;Saida de Pista;1;;;;;;;;;;0;2;;;
24/03/2013;17:36:00;128;com vítima;280;BR-101/RJ;Sul;Colisão Traseira;3;;;;;;;;;;10;1;;;
08/04/2013;03:59:00;22;com vítima;280,851;BR-101/RJ;Norte;Tombamento;;;1;;;;;;;;0;2;;;
09/05/2013;09:41:00;63;com vítima;280;BR-101/RJ;Sul;Saida de Pista;1;;;;;;;;;;0;;1;;
20/07/2013;18:47:00;186;sem vítima;280;BR-101/RJ;Sul;Saida de Pista;1;;;;;;;;;;1;;;;
08/09/2013;18:53:00;167;sem vítima;280;BR-101/RJ;Sul;Colisão Traseira;1;;;;;1;;;;;2;;;;
06/11/2013;12:22:00;89;com vítima;280,719;BR-101/RJ;Norte;Saida de Pista;1;;;;;;;;;;0;2;;;
21/12/2013;17:48:00;155;sem vítima;280,1;BR-101/RJ;Sul;Colisão Lateral;3;;;;;;;;;;3;;;;
21/02/2014;13:02:00;121;com vítima;280;BR-101/RJ;Sul;Queda de Moto;;;;1;;;;;;;0;1;1;;
26/03/2014;12:58:00;105;com vítima;280;BR-101/RJ;Norte;Colisão Traseira;1;;;1;;;;;;;1;1;1;;
29/03/2014;13:01:00;120;com vítima;280;BR-101/RJ;Norte;Saida de Pista;1;;;;;;;;;;0;;1;;
23/04/2014;15:15:00;110;com vítima;280;BR-101/RJ;Norte;Queda de Moto;;;;1;;;;;;;1;1;;;
30/04/2014;11:34:00;84;sem vítima;280;BR-101/RJ;Norte;Engavetamento;3;;;;;;;;;;6;;;;
30/06/2014;14:47:00;119;com vítima;280,646;BR-101/RJ;Sul;Choque - Poste;;;1;;;;;;;;0;2;;;
08/07/2014;19:09:00;123;sem vítima;280;BR-101/RJ;Norte;Saida de Pista;1;;;;;;;;;;3;;;;
02/12/2014;08:19:00;57;com vítima;280,05;BR-101/RJ;Sul;Saida de Pista;1;;1;;;;;;;;1;1;;;
06/01/2015;12:08:00;66;sem vítima;280;BR-101/RJ;Sul;Colisão Traseira;1;;1;;;;;;;;3;;;;
14/02/2015;12:43:00;169;com vítima;280,318;BR-101/RJ;Norte;Atropelamento - Morador;1;;;;;;;;;;1;1;0;0;0
19/02/2015;00:34:00;4;sem vítima;280;BR-101/RJ;Sul;Colisão Traseira;4;;;;;;;;;;10;0;0;0;0
22/05/2015;20:35:00;210;com vítima;280;BR-101/RJ;Sul;Colisão Traseira;;;;;;1;;;;1;4;1;;;
29/08/2015;06:00:00;24;com vítima;280,601;BR-101/RJ;Sul;Colisão Traseira;2;;;;;;;;;;0;2;;;
04/01/2010;13:34:00;149;sem vítima;281;BR-101/RJ;Sul;Colisão Traseira;1;;;;;1;;;;;2;;;;
16/01/2010;23:59:00;216;sem vítima;281;BR-101/RJ;Sul;Capotamento;1;;;;;;;;;;1;;;;
16/02/2010;18:17:00;230;com vítima;281;BR-101/RJ;Sul;Outros;1;;;;;;;;;;1;;1;;
01/03/2010;06:32:00;34;sem vítima;281;BR-101/RJ;Sul;Saida de Pista;1;;;;;;;;;;1;;;;
07/04/2010;12:06:00;85;com vítima;281;BR-101/RJ;Sul;Atropelamento - Ciclista;;1;;;;1;;;;;1;;1;;
07/04/2010;12:29:00;88;sem vítima;281;BR-101/RJ;Norte;Colisão Lateral;;;1;;;;;;;1;2;;;;
14/08/2010;10:00:00;69;sem vítima;281;BR-101/RJ;Norte;Colisão Traseira;2;;;;;;;;;;3;;;;
20/08/2010;15:00:00;121;sem vítima;281;BR-101/RJ;Norte;Colisão Traseira;2;;;;;;;;;;2;;;;
17/10/2010;20:34:00;140;sem vítima;281;BR-101/RJ;Norte;Saida de Pista;1;;;;;;;;;;1;;;;
26/10/2010;18:41:00;157;com vítima;281;BR-101/RJ;Norte;Colisão Transversal;1;;;1;;;;;;;2;1;;;
06/02/2011;23:24:00;225;com vítima;281;BR-101/RJ;Norte;Atropelamento - Ciclista;;2;;;;1;;;;;1;;2;;
20/02/2011;18:31:00;164;com vítima;281,5;BR-101/RJ;Sul;Atropelamento - Ciclista;;;;;;1;;;;;1;1;1;;
16/03/2011;06:51:00;21;sem vítima;136;BR-101/RJ;Norte;Saida de Pista;1;;;;;;;;;;1;;;;
16/03/2011;07:08:00;25;com vítima;84;BR-101/RJ;Norte;Colisão Lateral;1;;;1;;;;;;;1;;1;;
08/05/2011;19:14:00;142;com vítima;281;BR-101/RJ;Norte;Colisão Lateral;2;;;;;;;;;;0;2;;;
23/05/2011;19:38:00;186;com vítima;281,79998779296875;BR-101/RJ;Sul;Atropelamento - Morador;1;;;;;;;;;;2;1;;;
23/09/2011;13:40:00;89;com vítima;281,6000061035156;BR-101/RJ;Norte;Colisão Traseira;1;;1;;1;;;;;;2;8;2;;
26/11/2011;14:30:00;97;com vítima;281;BR-101/RJ;Norte;Choque - Defensa, barreira ou "submarino";1;;;;;1;;;;;1;1;;;
09/12/2011;19:44:00;170;com vítima;281,5;BR-101/RJ;Sul;Saida de Pista;1;;;;;;;;;;0;1;;;
25/12/2011;02:49:00;10;sem vítima;281,79998779296875;BR-101/RJ;Sul;Saida de Pista;1;;;;;;;;;;1;;;;
11/02/2012;22:09:00;178;com vítima;281,597;BR-101/RJ;Norte;Saida de Pista;1;;;;;;;;;;0;;2;;
20/02/2012;19:56:00;10;com vítima;281;BR-101/RJ;Sul;Atropelamento - Andarilho;1;1;;;;;;;;;1;1;;;
24/02/2012;11:08:00;64;com vítima;281,825;BR-101/RJ;Sul;Engavetamento;4;;;;;1;;;;;14;2;;;
15/03/2012;18:31:00;154;sem vítima;281;BR-101/RJ;Sul;Saida de Pista;1;;;;;;;;;;1;;;;
08/04/2012;22:57:00;247;com vítima;281;BR-101/RJ;Norte;Atropelamento - Andarilho;;;;;;1;;;;;1;;1;;
11/06/2012;08:14:00;50;sem vítima;281;BR-101/RJ;Norte;Queda de Moto;;;;1;;;;;;;1;;;;
08/07/2012;19:32:00;138;com vítima;281,6;BR-101/RJ;Sul;Saida de Pista;1;;;;;;;;;;0;;;;1
29/07/2012;23:30:00;207;sem vítima;281;BR-101/RJ;Norte;Capotamento;1;;;;;;;;;;2;;;;
24/08/2012;11:29:00;88;sem vítima;281;BR-101/RJ;Sul;Colisão Traseira;2;;;;;;;;;;4;;;;
04/09/2012;19:18:00;162;com vítima;281,755;BR-101/RJ;Norte;Atropelamento de Animal;1;;;;;;;;;;1;;2;;
05/09/2012;18:16:00;173;sem vítima;281;BR-101/RJ;Sul;Colisão Traseira;2;;;;;;;;;;2;;;;
10/09/2012;06:30:00;40;com vítima;281;BR-101/RJ;Sul;Atropelamento - Morador;;;;1;;;;;;;1;1;;;
26/09/2012;16:42:00;103;sem vítima;281;BR-101/RJ;Sul;Colisão Traseira;2;;;;;;;;;;4;;;;
30/09/2012;14:20:00;95;sem vítima;281;BR-101/RJ;Sul;Colisão Traseira;1;;;;;1;;;;;3;;;;
15/10/2012;11:50:00;85;sem vítima;281;BR-101/RJ;Sul;Engavetamento;6;;;;;;;;;;17;;;;
16/10/2012;15:35:00;150;com vítima;281,1;BR-101/RJ;Sul;Atropelamento - Morador;1;;;;;;;;;;1;2;;;
18/10/2012;17:51:00;157;com vítima;281,701;BR-101/RJ;Norte;Colisão Traseira;1;;2;;;;;;;;4;1;;;
29/10/2012;04:51:00;23;com vítima;281,479;BR-101/RJ;Sul;Queda de Moto;;;;1;;;;;;;0;;1;;
04/11/2012;17:54:00;138;sem vítima;281;BR-101/RJ;Sul;Colisão Traseira;2;;;;;;;;;;2;;;;
07/11/2012;15:01:00;107;sem vítima;281;BR-101/RJ;Sul;Colisão Traseira;1;;;;;1;;;;;3;;;;
19/12/2012;12:50:00;98;sem vítima;281;BR-101/RJ;Sul;Choque - Defensa, barreira ou "submarino";1;;;;;;;;;;3;;;;
09/01/2013;11:15:00;106;com vítima;281;BR-101/RJ;Norte;Queda de Moto;;;;1;;;;;;;0;2;;;
19/03/2013;04:46:00;12;sem vítima;281,1;BR-101/RJ;Norte;Saida de Pista;1;;;;;;;;;;2;;;;
24/03/2013;18:58:00;149;sem vítima;281;BR-101/RJ;Sul;Colisão Traseira;1;;;;1;;;;;;3;;;;
24/03/2013;19:13:00;154;sem vítima;281;BR-101/RJ;Sul;Colisão Traseira;1;;;;;1;;;;;3;;;;
15/04/2013;12:05:00;103;com vítima;281;BR-101/RJ;Sul;Colisão Traseira;1;;;;;;;;;1;7;1;;;
23/04/2013;18:30:00;158;com vítima;281,9;BR-101/RJ;Sul;Atropelamento - Morador;1;;;;;;;;;;4;;;;1
18/06/2013;22:21:00;192;com vítima;281,1;BR-101/RJ;Norte;Atropelamento - Andarilho;;;;1;;;;;;;0;;1;1;
24/06/2013;19:38:00;142;com vítima;281,339;BR-101/RJ;Norte;Atropelamento - Morador;;;1;;;;;;;;1;;;;1
29/06/2013;08:35:00;50;com vítima;281;BR-101/RJ;Norte;Saida de Pista;1;;;;;;;;;;0;;1;;
14/07/2013;18:23:00;152;com vítima;281;BR-101/RJ;Sul;Colisão Traseira;2;;;;;;;;;;5;1;;;
23/07/2013;13:44:00;89;com vítima;281;BR-101/RJ;Sul;Colisão Traseira;2;;;;;;;;;;2;2;;;
07/08/2013;13:37:00;90;com vítima;281,75;BR-101/RJ;Sul;Saida de Pista;1;;;;;;;;;;0;;1;1;
25/08/2013;03:00:00;16;com vítima;281,141;BR-101/RJ;Norte;Atropelamento de Animal;1;;;;;;;;;;0;1;;;
25/08/2013;03:00:00;17;com vítima;281,148;BR-101/RJ;Norte;Atropelamento de Animal;1;;;;;;;;;;0;1;;;
26/08/2013;00:16:00;3;com vítima;281,502;BR-101/RJ;Sul;Colisão Traseira;1;;;1;;;;;;;1;2;;;
08/09/2013;17:01:00;143;sem vítima;281;BR-101/RJ;Sul;Colisão Traseira;2;;;;;;;;;;7;;;;
13/09/2013;21:28:00;196;com vítima;281,169;BR-101/RJ;Norte;Atropelamento - Morador;1;;;;;;;;;;2;;;;1
22/09/2013;19:00:00;145;sem vítima;281;BR-101/RJ;Sul;Engavetamento;2;;;;;1;;;;;3;;;;
05/10/2013;12:14:00;80;com vítima;281,252;BR-101/RJ;Sul;Queda de Moto;;;;1;;;;;;;0;1;;;
28/10/2013;15:16:00;111;sem vítima;281,78;BR-101/RJ;Sul;Colisão Transversal;1;;;1;;1;;;;;4;;;;
31/10/2013;17:26:00;109;sem vítima;281;BR-101/RJ;Sul;Colisão Lateral;1;;1;;;;;;;;2;;;;
14/11/2013;17:49:00;154;com vítima;281;BR-101/RJ;Norte;Queda de Moto;;1;;1;;;;;;;1;;1;;
20/11/2013;17:33:00;109;com vítima;281,8;BR-101/RJ;Sul;Colisão Traseira;1;;1;;;;;;;;1;2;;;
08/01/2014;12:11:00;101;sem vítima;281;BR-101/RJ;Sul;Engavetamento;3;;;;;;;;;1;9;;;;
08/01/2014;18:36:00;170;sem vítima;281,3;BR-101/RJ;Sul;Engavetamento;4;;;;;;;;;;7;;;;
09/01/2014;15:56:00;140;sem vítima;281;BR-101/RJ;Sul;Colisão Traseira;;;2;;;;;;;;4;;;;
12/01/2014;21:52:00;217;sem vítima;281;BR-101/RJ;Norte;Atropelamento de Animal;;;;;;;;;;1;2;;;;
16/01/2014;14:40:00;120;sem vítima;281;BR-101/RJ;Sul;Colisão Traseira;1;;;;;1;;;;;3;;;;
03/02/2014;00:03:00;1;com vítima;281;BR-101/RJ;Sul;Colisão Lateral;1;;;1;;;;;;;2;1;;;
14/02/2014;11:29:00;106;sem vítima;281;BR-101/RJ;Sul;Engavetamento;4;;;;2;;;;;;9;;;;
06/03/2014;17:21:00;183;com vítima;281;BR-101/RJ;Sul;Engavetamento;2;;;;;1;;;;;4;1;;;
13/04/2014;18:24:00;147;sem vítima;281;BR-101/RJ;Norte;Saida de Pista;1;;;;;;;;;;1;;;;
27/04/2014;16:54:00;99;com vítima;281,754;BR-101/RJ;Sul;Queda de Moto;;;;1;;;;;;;0;1;;;
05/05/2014;10:44:00;75;com vítima;281,248;BR-101/RJ;Norte;Queda de Moto;;;;1;;;;;;;0;1;;;
06/05/2014;11:29:00;79;com vítima;281;BR-101/RJ;Norte;Colisão Traseira;2;;;;;;;;;;6;;1;;
22/06/2014;12:28:00;63;sem vítima;281;BR-101/RJ;Sul;Colisão Traseira;1;;;;;1;;;;;5;;;;
20/07/2014;18:03:00;133;com vítima;281,955;BR-101/RJ;Sul;Colisão Lateral;1;;1;1;;;;;;;2;;2;;
24/07/2014;16:28:00;139;com vítima;281,588;BR-101/RJ;Sul;Colisão Lateral;;;;1;;1;;;;;1;1;1;;
01/08/2014;18:43:00;147;com vítima;281,605;BR-101/RJ;Sul;Queda de Moto;;;;1;;;;;;;0;1;1;;
14/08/2014;17:24:00;118;sem vítima;281;BR-101/RJ;Norte;Saida de Pista;1;;;;;;;;;;1;;;;
05/09/2014;17:51:00;151;sem vítima;281,569;BR-101/RJ;Sul;Colisão Traseira;2;;;;;;;;;;2;;;;
07/09/2014;16:02:00;98;com vítima;281;BR-101/RJ;Norte;Capotamento;1;;;;;;;;;;0;;2;;
19/09/2014;13:04:00;105;sem vítima;281;BR-101/RJ;Norte;Choque - Defensa, barreira ou "submarino";1;;;;;;;;;;1;;;;
01/11/2014;05:53:00;35;sem vítima;281;BR-101/RJ;Norte;Colisão Traseira;1;;;;;1;;;;;2;;;;
14/12/2014;02:57:00;22;sem vítima;281;BR-101/RJ;Norte;Colisão Traseira;2;;;;;;;;;;6;;;;
08/01/2015;17:21:00;134;sem vítima;281;BR-101/RJ;Norte;Choque - Outros;1;;;;;;;;;;1;;;;
05/04/2015;10:36:00;53;sem vítima;281,75;BR-101/RJ;Sul;Colisão Traseira;1;;;;;1;;;;;2;;;;
28/06/2015;12:01:00;59;sem vítima;281,162;BR-101/RJ;Sul;Colisão Lateral;2;;;;;;;;;;9;;;;
01/08/2015;10:03:00;65;sem vítima;281,567;BR-101/RJ;Sul;Engavetamento;3;;;;;;;;;1;8;;;;
18/09/2015;09:39:00;111;com vítima;281;BR-101/RJ;Sul;Queda de Moto;;;;1;;;;;;;0;2;;;
26/09/2015;17:36:00;190;sem vítima;281;BR-101/RJ;Norte;Choque - Defensa, barreira ou "submarino";1;;;;;;;;;;4;;;;
27/09/2015;12:49:00;79;com vítima;281,34;BR-101/RJ;Norte;Choque - Defensa, barreira ou "submarino";1;;;;;;;;;;0;2;;;
12/10/2015;17:30:00;140;sem vítima;281,8;BR-101/RJ;Sul;Colisão Lateral;1;;;;1;;;;;;7;;;;
09/11/2015;11:33:00;107;com vítima;281;BR-101/RJ;Sul;Colisão Traseira;1;;1;;;;;;;;2;1;;;
19/12/2015;15:25:00;188;sem vítima;281;BR-101/RJ;Norte;Colisão Traseira;1;;1;;;;;;;;2;;;;
08/01/2010;00:52:00;1;sem vítima;282;BR-101/RJ;Norte;Saida de Pista;1;;;;;;;;;;5;;;;
10/01/2010;05:01:00;19;com vítima;282;BR-101/RJ;Norte;Capotamento;1;;;;;;;;;;2;;1;1;1