data;horario;n_da_ocorrencia;tipo_de_ocorrencia;km;trecho;sentido;tipo_de_acidente;automovel;bicicleta;caminhao;moto;onibus;outros;tracao_animal;transporte_de_cargas_especiais;trator_maquinas;utilitarios;ilesos;levemente_feridos;moderadamente_feridos;gravemente_feridos;mortos
15/12/2012;12:12:00;93;com vítima;283;BR-101/RJ;Norte;Queda de Moto;;;;1;;;;;;;0;1;;;
15/12/2012;12:46:00;95;sem vítima;283;BR-101/RJ;Norte;Tombamento;;;1;;;;;;;;1;;;;
22/12/2012;05:08:00;38;sem vítima;283;BR-101/RJ;Sul;Saida de Pista;1;;;;;;;;;;3;;;;
25/12/2012;18:17:00;147;com vítima;283;BR-101/RJ;Sul;Queda de Moto;;;;1;;;;;;;0;;1;;
30/12/2012;18:01:00;187;com vítima;283;BR-101/RJ;Norte;Capotamento;1;;;;;;;;;;2;;2;;
01/01/2013;17:17:00;159;sem vítima;283;BR-101/RJ;Norte;Outros - Sequência;2;;;;;;;;;;2;;;;
06/01/2013;08:03:00;35;sem vítima;283;BR-101/RJ;Norte;Saida de Pista;1;;;;;;;;;;1;;;;
22/01/2013;09:12:00;61;sem vítima;283;BR-101/RJ;Sul;Colisão Lateral;1;;;;1;;;;;;16;;;;
07/02/2013;06:09:00;44;com vítima;283;BR-101/RJ;Sul;Atropelamento - Andarilho;;;;1;;;;;;;0;2;1;;
15/02/2013;10:17:00;95;sem vítima;283;BR-101/RJ;Sul;Colisão Traseira;2;;;;;;;;;;7;;;;
15/02/2013;22:31:00;238;sem vítima;283;BR-101/RJ;Norte;Colisão Traseira;2;;;;;;;;;;5;;;;
19/02/2013;06:31:00;27;sem vítima;283,2;BR-101/RJ;Sul;Choque - Defensa, barreira ou "submarino";1;;;;;;;;;;1;;;;
27/02/2013;06:06:00;24;sem vítima;283;BR-101/RJ;Norte;Colisão Traseira;2;;;;;;;;;;2;;;;
08/03/2013;16:38:00;143;com vítima;283,3;BR-101/RJ;Norte;Queda de Moto;;;;1;;;;;;;0;1;;;
14/03/2013;12:54:00;95;sem vítima;283,086;BR-101/RJ;Norte;Colisão Lateral;1;;1;;;;;;;;2;;;;
18/03/2013;05:59:00;32;sem vítima;283;BR-101/RJ;Norte;Choque - Defensa, barreira ou "submarino";;;;;;;;;;1;3;;;;
27/03/2013;07:51:00;37;com vítima;283;BR-101/RJ;Norte;Queda de Moto;;;;1;;;;;;;0;;1;;
29/03/2013;10:31:00;88;sem vítima;283;BR-101/RJ;Norte;Saida de Pista;1;;;;;;;;;;5;;;;
06/04/2013;02:00:00;12;com vítima;283;BR-101/RJ;Norte;Saida de Pista;1;;;;;;;;;;0;2;;;
19/04/2013;17:48:00;169;sem vítima;283;BR-101/RJ;Norte;Saida de Pista;1;;;;;;;;;;2;;;;
24/05/2013;06:12:00;20;sem vítima;283;BR-101/RJ;Norte;Saida de Pista;1;;;;;;;;;;1;;;;
02/06/2013;09:37:00;57;com vítima;283;BR-101/RJ;Norte;Queda de Moto;;;;1;;;;;;;0;1;;;
06/07/2013;21:54:00;179;com vítima;283;BR-101/RJ;Sul;Atropelamento - Andarilho;1;;;;;;;;;;2;;;1;
26/07/2013;06:26:00;28;sem vítima;283;BR-101/RJ;Norte;Colisão Lateral;;;;;1;1;;;;;2;;;;
26/07/2013;10:45:00;83;sem vítima;283;BR-101/RJ;Norte;Saida de Pista;1;;;;;;;;;;2;;;;
04/08/2013;05:52:00;29;sem vítima;283;BR-101/RJ;Norte;Saida de Pista;1;;;;;;;;;;1;;;;
23/08/2013;19:11:00;171;sem vítima;283;BR-101/RJ;Sul;Colisão Transversal;1;;;;1;;;;;;2;;;;
06/09/2013;19:04:00;173;sem vítima;283;BR-101/RJ;Sul;Saida de Pista;1;;;;;;;;;;2;;;;
08/09/2013;08:31:00;48;sem vítima;283;BR-101/RJ;Sul;Choque - Defensa, barreira ou "submarino";1;;;;;;;;;;2;;;;
15/09/2013;22:02:00;207;sem vítima;283;BR-101/RJ;Sul;Saida de Pista;1;;;;;;;;;;2;;;;
19/09/2013;16:58:00;145;sem vítima;283,319;BR-101/RJ;Sul;Colisão Lateral;1;;1;;;;;;;;3;;;;
27/09/2013;10:44:00;81;sem vítima;283;BR-101/RJ;Norte;Colisão Traseira;1;;1;;;;;;;;2;;;;
09/10/2013;05:11:00;19;sem vítima;283;BR-101/RJ;Norte;Saida de Pista;1;;;;;;;;;;2;;;;
14/10/2013;12:13:00;101;sem vítima;283,052;BR-101/RJ;Sul;Engavetamento;3;;;;;;;;;;6;;;;
20/10/2013;16:56:00;117;sem vítima;283;BR-101/RJ;Sul;Choque - Defensa, barreira ou "submarino";1;;;;;;;;;;2;;;;
28/10/2013;13:23:00;87;sem vítima;283;BR-101/RJ;Sul;Colisão Traseira;1;;1;;;;;;;;2;;;;
13/11/2013;22:34:00;178;com vítima;283;BR-101/RJ;Norte;Queda de Moto;;;;1;;;;;;;0;1;;;
17/11/2013;09:21:00;59;sem vítima;283;BR-101/RJ;Sul;Colisão Traseira;1;;;;;1;;;;;5;;;;
20/11/2013;15:21:00;88;com vítima;283;BR-101/RJ;Sul;Colisão Traseira;1;;1;;;;;;;;1;1;1;;
24/11/2013;22:04:00;167;com vítima;283,5;BR-101/RJ;Sul;Colisão Traseira;1;;1;;;;;;;;2;1;2;;
01/12/2013;15:19:00;111;sem vítima;283,053;BR-101/RJ;Sul;Colisão Traseira;2;;;;;;;;;;7;;;;
01/12/2013;15:50:00;115;sem vítima;283,786;BR-101/RJ;Sul;Colisão Traseira;1;;;;;1;;;;;6;;;;
07/12/2013;14:35:00;146;sem vítima;283;BR-101/RJ;Norte;Colisão Traseira;2;;;;;;;;;;4;;;;
18/12/2013;15:14:00;129;sem vítima;283,447;BR-101/RJ;Sul;Choque - Defensa, barreira ou "submarino";;;;;;;;;;1;2;;;;
26/12/2013;12:30:00;132;sem vítima;283;BR-101/RJ;Sul;Colisão Lateral;2;;;;;;;;;;2;;;;
31/12/2013;21:41:00;211;sem vítima;283;BR-101/RJ;Sul;Choque - Defensa, barreira ou "submarino";1;;;;;;;;;;1;;;;
02/01/2014;07:54:00;46;com vítima;283,157;BR-101/RJ;Sul;Engavetamento;3;;;;;1;;;;;5;4;;;
04/01/2014;21:59:00;221;sem vítima;283,287;BR-101/RJ;Norte;Engavetamento;2;;;;;1;;;;;8;;;;
06/01/2014;17:18:00;135;sem vítima;283;BR-101/RJ;Sul;Outros - Sequência;2;;;;;;;;;;2;;;;
26/01/2014;06:06:00;23;sem vítima;283;BR-101/RJ;Norte;Colisão Traseira;2;;;;;;;;;;9;;;;
30/01/2014;18:03:00;180;com vítima;283;BR-101/RJ;Norte;Colisão Traseira;;;1;1;;;;;;;2;1;;;
27/02/2014;07:14:00;41;sem vítima;283;BR-101/RJ;Sul;Queda de Moto;;;;1;;;;;;;1;;;;
01/03/2014;16:59:00;288;sem vítima;283;BR-101/RJ;Norte;Choque - Poste;1;;;;;;;;;;1;;;;
03/03/2014;17:41:00;119;sem vítima;283;BR-101/RJ;Norte;Saida de Pista;1;;;;;;;;;;5;;;;
04/03/2014;08:41:00;43;sem vítima;283,32;BR-101/RJ;Sul;Engavetamento;3;;;;;;;;;;7;;;;
07/03/2014;07:30:00;44;sem vítima;283,046;BR-101/RJ;Sul;Choque - Outros;1;;;;;;;;;;4;;;;
18/04/2014;21:57:00;225;sem vítima;283;BR-101/RJ;Norte;Engavetamento;2;;;;;1;;;;;3;;;;
24/04/2014;17:39:00;140;sem vítima;283;BR-101/RJ;Norte;Saida de Pista;;;1;;;;;;;;1;;;;
13/05/2014;16:38:00;147;sem vítima;283;BR-101/RJ;Norte;Colisão Traseira;1;;1;;;;;;;;4;;;;
17/05/2014;12:35:00;76;com vítima;283;BR-101/RJ;Norte;Choque - Defensa, barreira ou "submarino";;;;1;;;;;;;0;;1;;
18/05/2014;01:44:00;10;com vítima;283;BR-101/RJ;Norte;Queda de Moto;;;;1;;;;;;;0;1;;;
24/05/2014;06:24:00;30;sem vítima;283;BR-101/RJ;Sul;Choque - Defensa, barreira ou "submarino";1;;;;;;;;;;1;;;;
12/06/2014;23:46:00;189;com vítima;283,039;BR-101/RJ;Sul;Queda de Moto;;;;1;;;;;;;0;1;1;;
19/06/2014;20:08:00;103;sem vítima;283;BR-101/RJ;Norte;Saida de Pista;1;;;;;;;;;;3;;;;
22/06/2014;00:59:00;2;com vítima;283;BR-101/RJ;Norte;Capotamento;1;;;;;;;;;;0;1;;;
11/07/2014;13:33:00;102;sem vítima;283;BR-101/RJ;Sul;Choque - Defensa, barreira ou "submarino";1;;;;;;;;;;1;;;;
15/07/2014;15:57:00;106;com vítima;283;BR-101/RJ;Norte;Choque - Poste;1;;;;;;;;;;0;1;;;
25/07/2014;08:31:00;43;sem vítima;283;BR-101/RJ;Norte;Colisão Lateral;;;2;;;;;;;;2;;;;
01/09/2014;02:53:00;12;com vítima;283;BR-101/RJ;Norte;Capotamento;1;;;;;;;;;;0;1;1;;
08/09/2014;00:51:00;5;sem vítima;283;BR-101/RJ;Norte;Saida de Pista;1;;;;;;;;;;1;;;;
15/09/2014;04:18:00;15;com vítima;283,8;BR-101/RJ;Sul;Queda de Moto;;;;1;;;;;;;0;;1;;
25/10/2014;16:02:00;108;sem vítima;283;BR-101/RJ;Sul;Saida de Pista;1;;;;;;;;;;1;;;;
01/11/2014;16:19:00;144;sem vítima;283;BR-101/RJ;Norte;Saida de Pista;1;;;;;;;;;;2;;;;
01/11/2014;18:56:00;177;com vítima;283,23;BR-101/RJ;Sul;Engavetamento;2;;1;;;;;;;;5;;1;;
08/11/2014;09:24:00;57;sem vítima;283;BR-101/RJ;Norte;Engavetamento;4;;;1;;;;;;;11;;;;
10/11/2014;16:03:00;124;com vítima;283;BR-101/RJ;Norte;Queda de Moto;;;;1;;;;;;;1;1;;;
14/11/2014;18:05:00;174;sem vítima;283,159;BR-101/RJ;Sul;Colisão Traseira;1;;;;1;;;;;;3;;;;
22/11/2014;15:44:00;88;sem vítima;283;BR-101/RJ;Sul;Colisão Traseira;1;;;;;1;;;;;3;;;;
24/11/2014;01:07:00;11;com vítima;283;BR-101/RJ;Sul;Capotamento;1;;;;;1;;;;;2;1;;;
09/12/2014;13:39:00;106;sem vítima;283;BR-101/RJ;Sul;Saida de Pista;1;;;;;;;;;;2;;;;
12/12/2014;22:44:00;185;com vítima;283;BR-101/RJ;Norte;Saida de Pista;1;;;;;;;;;;2;1;;;
25/12/2014;08:06:00;29;sem vítima;283;BR-101/RJ;Norte;Colisão Traseira;1;;;1;;;;;;;6;;;;
31/12/2014;20:29:00;205;sem vítima;283;BR-101/RJ;Norte;Colisão Traseira;2;;;;;;;;;;5;;;;
04/01/2015;13:00:00;94;sem vítima;283;BR-101/RJ;Sul;Colisão Traseira;2;;;;;;;;;;5;;;;
09/01/2015;02:40:00;6;sem vítima;283;BR-101/RJ;Sul;Capotamento;1;;;;;;;;;;1;;;;
11/01/2015;07:23:00;28;sem vítima;283,052;BR-101/RJ;Sul;Choque - Defensa, barreira ou "submarino";1;;;;;;;;;;1;;;;
24/01/2015;00:44:00;4;sem vítima;283;BR-101/RJ;Norte;Choque - Poste;1;;;;;;;;;;1;;;;
26/01/2015;17:06:00;159;com vítima;283;BR-101/RJ;Sul;Colisão Lateral;;;1;1;;;;;;;1;1;1;;
11/02/2015;13:59:00;116;sem vítima;283;BR-101/RJ;Norte;Colisão Lateral;1;;1;;;;;;;;2;0;0;0;0
16/02/2015;21:27:00;111;sem vítima;283;BR-101/RJ;Sul;Choque - Poste;1;;;;;;;;;;4;0;0;0;0
07/03/2015;22:56:00;193;sem vítima;283;BR-101/RJ;Sul;Saida de Pista;1;;;;;;;;;;4;0;0;0;0
12/03/2015;17:59:00;146;sem vítima;283;BR-101/RJ;Sul;Colisão Lateral;2;;;;;;;;;;4;0;0;0;0
15/03/2015;16:46:00;107;com vítima;283;BR-101/RJ;Sul;Colisão Lateral;1;;;1;;;;;;;3;1;1;0;0
18/03/2015;16:47:00;154;com vítima;283;BR-101/RJ;Norte;Choque - Defensa, barreira ou "submarino";;;;1;;;;;;;0;0;1;0;0
18/03/2015;17:22:00;161;sem vítima;283;BR-101/RJ;Norte;Colisão Traseira;2;;;;;;;;;;2;0;0;0;0
26/03/2015;12:03:00;100;com vítima;283,317;BR-101/RJ;Norte;Queda de Moto;;;;1;;;;;;;0;0;1;0;0
16/04/2015;03:58:00;12;com vítima;283;BR-101/RJ;Norte;Atropelamento - Sem Informação;;;;;;;;;;;0;;1;;
19/04/2015;19:22:00;118;sem vítima;283;BR-101/RJ;Norte;Colisão Traseira;2;;;;;;;;;;6;;;;
22/04/2015;11:40:00;87;com vítima;283;BR-101/RJ;Sul;Choque - Defensa, barreira ou "submarino";1;;;;;;;;;;0;1;;;
22/04/2015;20:00:00;162;sem vítima;283;BR-101/RJ;Norte;Colisão Frontal;2;;;;;;;;;;3;;;;
13/06/2015;10:49:00;105;com vítima;283;BR-101/RJ;Norte;Colisão Frontal;2;;;;;;;;;;5;1;;;
15/06/2015;13:30:00;116;sem vítima;283;BR-101/RJ;Norte;Choque - Defensa, barreira ou "submarino";1;;;;;;;;;;1;;;;
02/07/2015;19:07:00;182;sem vítima;283;BR-101/RJ;Norte;Colisão Lateral;1;;1;;;;;;;;2;;;;
01/08/2015;16:27:00;126;com vítima;283,3;BR-101/RJ;Sul;Queda de Moto;;;;1;;;;;;;0;1;;;
04/08/2015;13:21:00;114;sem vítima;283;BR-101/RJ;Norte;Colisão Traseira;;;1;;;;;;1;;2;;;;
07/08/2015;22:36:00;236;sem vítima;283,9;BR-101/RJ;Norte;Colisão Traseira;1;;;;;1;;;;;2;;;;
13/08/2015;13:42:00;109;com vítima;283;BR-101/RJ;Norte;Colisão Frontal;1;1;;;;;;;;;1;2;;;
17/08/2015;15:12:00;156;sem vítima;283;BR-101/RJ;Norte;Choque - Defensa, barreira ou "submarino";1;;;;;;;;;;1;;;;
22/08/2015;15:18:00;126;com vítima;283;BR-101/RJ;Sul;Queda de Moto;;;;1;;;;;;;0;1;;;
28/08/2015;18:09:00;170;sem vítima;283;BR-101/RJ;Sul;Colisão Lateral;2;;;;;;;;;;3;;;;
29/08/2015;16:01:00;126;sem vítima;283;BR-101/RJ;Sul;Choque - Defensa, barreira ou "submarino";4;;;;;;;;;;10;;;;
06/09/2015;16:48:00;104;sem vítima;283;BR-101/RJ;Sul;Saida de Pista;1;;;;;;;;;;1;;;;
07/09/2015;10:39:00;56;sem vítima;283;BR-101/RJ;Sul;Colisão Traseira;2;;;;;;;;;;10;;;;
05/10/2015;12:50:00;112;com vítima;283;BR-101/RJ;Norte;Tombamento;;;1;;;;;;;;0;2;;;
09/10/2015;14:56:00;159;com vítima;283;BR-101/RJ;Sul;Capotamento;1;;;;;;;;;;0;1;;;
02/11/2015;16:31:00;108;sem vítima;283;BR-101/RJ;Sul;Choque - Defensa, barreira ou "submarino";1;;;;;;;;;;2;;;;
21/11/2015;14:44:00;110;com vítima;283;BR-101/RJ;Norte;Queda de Moto;;;;1;;;;;;;0;1;;;
22/11/2015;08:27:00;51;com vítima;283;BR-101/RJ;Sul;Choque - Defensa, barreira ou "submarino";;;1;;;;;;;;0;;1;;
22/11/2015;08:32:00;54;sem vítima;283;BR-101/RJ;Sul;Engavetamento;5;;;;;;;;;1;18;;;;
22/11/2015;08:46:00;56;sem vítima;283;BR-101/RJ;Norte;Colisão Traseira;1;;1;;;;;;;;3;;;;
22/11/2015;14:01:00;101;sem vítima;283;BR-101/RJ;Sul;Colisão Lateral;2;;;;;;;;;;5;;;;
29/11/2015;20:33:00;189;com vítima;283;BR-101/RJ;Sul;Colisão Frontal;2;;;;;;;;;;4;3;;;
03/12/2015;23:17:00;252;sem vítima;283;BR-101/RJ;Norte;Choque - Defensa, barreira ou "submarino";1;;;;;;;;;;1;;;;
12/12/2015;23:08:00;237;sem vítima;283;BR-101/RJ;Sul;Colisão Traseira;2;;;;;;;;;;2;;;;
17/12/2015;16:47:00;207;com vítima;283;BR-101/RJ;Norte;Colisão Traseira;1;;;1;;;;;;;2;1;;;
28/12/2015;15:05:00;150;sem vítima;283;BR-101/RJ;Norte;Colisão Lateral;1;;1;;;;;;;;6;;;;
29/12/2015;22:41:00;233;sem vítima;283;BR-101/RJ;Norte;Colisão Frontal;2;;;;;;;;;;6;;;;
18/02/2010;11:17:00;105;sem vítima;284;BR-101/RJ;Sul;Colisão Traseira;1;;;;;;;;;1;3;;;;
14/04/2010;16:39:00;119;com vítima;284;BR-101/RJ;Norte;Choque - Defensa, barreira ou "submarino";1;;;;;;;;;;0;2;;;
22/04/2010;16:14:00;142;sem vítima;284;BR-101/RJ;Sul;Colisão Lateral;1;;;;;;;;;1;3;;;;
06/05/2010;20:01:00;138;sem vítima;284;BR-101/RJ;Sul;Saida de Pista;1;;;;;;;;;;1;;;;
16/05/2010;16:47:00;109;sem vítima;284;BR-101/RJ;Sul;Colisão Lateral;1;;1;;;;;;;;2;;;;
21/05/2010;20:20:00;154;sem vítima;284;BR-101/RJ;Sul;Colisão Traseira;;;;;;1;;;;1;3;;;;
23/05/2010;06:13:00;32;sem vítima;284;BR-101/RJ;Sul;Colisão Traseira;2;;;;;;;;;;5;;;;
25/05/2010;12:57:00;80;sem vítima;284;BR-101/RJ;Sul;Colisão Traseira;1;;1;;;;;;;;3;;;;
27/05/2010;18:24:00;141;sem vítima;284;BR-101/RJ;Sul;Colisão Traseira;1;;1;;;;;;;;4;;;;
28/05/2010;20:25:00;170;com vítima;284;BR-101/RJ;Norte;Engavetamento;5;;;;;;;;;;5;1;2;;
16/07/2010;20:48:00;213;sem vítima;284;BR-101/RJ;Sul;Choque - Suporte de Sinalização;1;;;;;;;;;;1;;;;
16/07/2010;21:15:00;224;sem vítima;284;BR-101/RJ;Sul;Choque - Suporte de Sinalização;1;;;;;;;;;;1;;;;
18/07/2010;17:17:00;139;sem vítima;284;BR-101/RJ;Sul;Colisão Traseira;2;;;;;;;;;;9;;;;
18/07/2010;17:58:00;143;sem vítima;284;BR-101/RJ;Sul;Colisão Lateral;1;;1;;;;;;;;3;;;;
31/08/2010;20:08:00;197;com vítima;284;BR-101/RJ;Norte;Queda de Moto;;;;1;;;;;;;0;;1;;
01/09/2010;16:18:00;117;sem vítima;284;BR-101/RJ;Sul;Colisão Traseira;1;;;;;1;;;;;2;;;;
23/09/2010;14:41:00;113;sem vítima;284;BR-101/RJ;Norte;Engavetamento;1;;2;;;;;;;;5;;;;
10/10/2010;05:07:00;44;com vítima;284;BR-101/RJ;Sul;Capotamento;1;;;;;;;;;;0;3;1;;
22/10/2010;19:08:00;162;sem vítima;284;BR-101/RJ;Sul;Colisão Lateral;1;;1;;;;;;;;4;;;;
23/12/2010;12:55:00;131;sem vítima;284;BR-101/RJ;Sul;Saida de Pista;1;;;;;;;;;;2;;;;
13/01/2011;15:10:00;98;com vítima;284;BR-101/RJ;Norte;Saida de Pista;1;;;;;;;;;;0;;1;2;
28/01/2011;09:13:00;70;com vítima;284;BR-101/RJ;Norte;Engavetamento;3;;;;;;;;;;6;1;;;
12/02/2011;03:16:00;18;sem vítima;284;BR-101/RJ;Norte;Capotamento;;;;;;;;;;1;1;;;;
17/05/2011;17:34:00;136;sem vítima;284;BR-101/RJ;Norte;Saida de Pista;1;;;;;;;;;;1;;;;
24/06/2011;01:27:00;4;com vítima;284,70001220703125;BR-101/RJ;Norte;Colisão Traseira;;;2;;;;;;;;0;1;1;;
25/08/2011;03:09:00;19;com vítima;284,79998779296875;BR-101/RJ;Norte;Colisão Traseira;2;;;;;;;;;;0;2;1;1;1
21/10/2011;04:28:00;12;com vítima;284;BR-101/RJ;Sul;Colisão Traseira;;;2;;;;;;;;0;2;;;
30/10/2011;20:19:00;144;com vítima;284;BR-101/RJ;Norte;Colisão Traseira;2;;;;;;;;;;3;;2;;
30/12/2011;00:17:00;2;sem vítima;284;BR-101/RJ;Sul;Choque - Veiculo parado na pista;1;;;1;;;;;;;6;;;;
30/12/2011;14:42:00;120;com vítima;284;BR-101/RJ;Norte;Colisão Traseira;1;;;1;;;;;;;3;1;;;
03/01/2012;13:46:00;140;sem vítima;284;BR-101/RJ;Sul;Engavetamento;2;;;;;1;;;;;5;;;;
23/01/2012;15:20:00;141;sem vítima;284;BR-101/RJ;Norte;Colisão Traseira;1;;1;;;;;;;;2;;;;
13/02/2012;22:07:00;203;com vítima;284;BR-101/RJ;Sul;Choque - Defensa, barreira ou "submarino";1;;1;;;;;;;;0;3;;;
08/04/2012;11:09:00;75;sem vítima;284;BR-101/RJ;Sul;Engavetamento;3;;;;;;;;;;10;;;;
10/04/2012;00:24:00;2;sem vítima;284;BR-101/RJ;Norte;Colisão Traseira;1;;1;;;;;;;;3;;;;
16/04/2012;09:09:00;54;com vítima;284,5;BR-101/RJ;Norte;Atropelamento - Morador;;;1;;;;;;;;1;;1;;
13/05/2012;19:48:00;160;sem vítima;284;BR-101/RJ;Sul;Saida de Pista;1;;;;;;;;;;3;;;;
01/06/2012;18:35:00;166;sem vítima;284;BR-101/RJ;Norte;Colisão Traseira;1;;;;;1;;;;;2;;;;
22/07/2012;19:02:00;153;com vítima;284,354;BR-101/RJ;Sul;Engavetamento;3;;;;;;;;;;9;2;;;
27/07/2012;21:57:00;213;com vítima;284;BR-101/RJ;Sul;Colisão Traseira;1;;;;1;;;;;;1;1;;;
04/08/2012;05:12:00;25;sem vítima;284;BR-101/RJ;Norte;Colisão Lateral;1;;1;;;;;;;;4;;;;
04/08/2012;00:22:00;2;sem vítima;284,197;BR-101/RJ;Sul;Saida de Pista;;;1;;;;;;;;1;;;;
07/09/2012;10:41:00;118;sem vítima;284,3;BR-101/RJ;Norte;Saida de Pista;1;;;;;;;;;;2;;;;
20/09/2012;12:23:00;87;sem vítima;284;BR-101/RJ;Norte;Colisão Lateral;;;2;;;;;;;;3;;;;
21/10/2012;05:06:00;22;com vítima;284;BR-101/RJ;Norte;Queda de Moto;;;;1;;;;;;;0;2;;;
10/11/2012;04:34:00;18;sem vítima;284;BR-101/RJ;Norte;Colisão Traseira;1;;1;;;;;;;;4;;;;
26/11/2012;17:29:00;154;sem vítima;284;BR-101/RJ;Norte;Colisão Traseira;2;;;;;;;;;;3;;;;
29/11/2012;20:50:00;186;com vítima;284,408;BR-101/RJ;Norte;Atropelamento - Morador;1;;;;;;;;;;1;;;;1
24/12/2012;01:03:00;8;com vítima;284,3;BR-101/RJ;Sul;Saida de Pista;1;;;;;1;;;;;3;2;;;
23/01/2013;06:26:00;26;com vítima;284,776;BR-101/RJ;Norte;Capotamento;1;;1;;;;;;;;1;1;;;
01/02/2013;14:58:00;135;sem vítima;284;BR-101/RJ;Norte;Queda de Moto;;;;1;;;;;;;1;;;;
09/02/2013;12:36:00;182;sem vítima;284;BR-101/RJ;Norte;Colisão Traseira;1;;1;;;;;;;;3;;;;
11/02/2013;10:53:00;65;com vítima;284;BR-101/RJ;Norte;Queda de Moto;;;;1;;;;;;;0;1;;;
13/04/2013;12:38:00;107;sem vítima;284;BR-101/RJ;Norte;Colisão Lateral;1;;1;;;1;;;;;4;;;;
01/07/2013;09:31:00;60;sem vítima;284;BR-101/RJ;Sul;Choque - Objeto sobre a pista;;;;;;;;;;1;1;;;;
08/09/2013;12:33:00;91;sem vítima;284;BR-101/RJ;Sul;Engavetamento;3;;;;;;;;;;6;;;;
13/10/2013;21:12:00;189;sem vítima;284;BR-101/RJ;Sul;Colisão Lateral;1;;;;;1;;;;;2;;;;
07/11/2013;16:18:00;123;sem vítima;284,2;BR-101/RJ;Sul;Colisão Traseira;1;;1;;;;;;;;3;;;;
06/12/2013;18:56:00;172;sem vítima;284;BR-101/RJ;Sul;Colisão Lateral;1;;1;;;;;;;;2;;;;
08/12/2013;01:36:00;11;sem vítima;284,76;BR-101/RJ;Norte;Saida de Pista;1;;;;;;;;;;1;;;;
29/12/2013;12:26:00;101;com vítima;284,682;BR-101/RJ;Sul;Saida de Pista;1;;;;;;;;;;0;1;;;
02/01/2014;08:22:00;53;sem vítima;284,302;BR-101/RJ;Sul;Colisão Traseira;1;;1;;;;;;;;10;;;;
02/01/2014;06:36:00;33;com vítima;284,395;BR-101/RJ;Sul;Colisão Traseira;2;;;;;;;;;;4;3;;;
02/01/2014;05:45:00;26;sem vítima;284,6;BR-101/RJ;Sul;Colisão Traseira;2;;;;;1;;;;;4;;;;
02/01/2014;06:33:00;32;com vítima;284,712;BR-101/RJ;Sul;Choque - Defensa, barreira ou "submarino";1;;;;;1;;;;;1;1;;;
15/01/2014;18:21:00;149;sem vítima;284;BR-101/RJ;Sul;Colisão Traseira;1;;1;;;;;;;;3;;;;
16/02/2014;08:49:00;33;com vítima;284;BR-101/RJ;Sul;Queda de Moto;;;;1;;;;;;;0;1;;;
22/02/2014;06:44:00;16;com vítima;284,928;BR-101/RJ;Norte;Colisão Lateral;1;;1;;;;;;;;1;1;;;
11/04/2014;12:47:00;97;sem vítima;284,3;BR-101/RJ;Norte;Colisão Traseira;;;2;;;;;;;;2;;;;
26/04/2014;13:36:00;95;sem vítima;284,227;BR-101/RJ;Sul;Colisão Lateral;1;;1;;;;;;;;2;;;;
12/05/2014;03:32:00;20;sem vítima;284,328;BR-101/RJ;Sul;Atropelamento de Animal;1;;;;;;;;;;1;;;;
03/06/2014;11:32:00;84;sem vítima;284,93;BR-101/RJ;Sul;Colisão Traseira;1;;1;;;;;;;;2;;;;
05/06/2014;19:30:00;171;sem vítima;284,669;BR-101/RJ;Sul;Colisão Traseira;1;;;;;1;;;;;3;;;;
08/06/2014;17:56:00;127;sem vítima;284;BR-101/RJ;Sul;Colisão Traseira;2;;;;;;;;;;2;;;;
26/06/2014;10:01:00;55;sem vítima;284;BR-101/RJ;Sul;Colisão Traseira;2;;;;;;;;;;4;;;;
06/07/2014;19:45:00;128;sem vítima;284;BR-101/RJ;Sul;Colisão Traseira;1;;;;;1;;;;;4;;;;
10/08/2014;12:11:00;76;sem vítima;284;BR-101/RJ;Sul;Colisão Traseira;2;;;;;;;;;;2;;;;
12/08/2014;10:48:00;80;com vítima;284,897;BR-101/RJ;Norte;Colisão Lateral;1;;1;;;;;;;;1;1;;;
14/09/2014;17:18:00;125;sem vítima;284;BR-101/RJ;Norte;Saida de Pista;2;;;;;;;;;;6;;;;
03/10/2014;10:32:00;76;sem vítima;284;BR-101/RJ;Sul;Choque - Defensa, barreira ou "submarino";1;;;;;;;;;;1;;;;
07/10/2014;20:22:00;169;sem vítima;284,365;BR-101/RJ;Sul;Colisão Lateral;2;;;;;;;;;;2;;;;
29/10/2014;16:39:00;118;sem vítima;284,848;BR-101/RJ;Norte;Colisão Lateral;;;;;1;1;;;;;41;;;;
17/11/2014;09:45:00;67;com vítima;284,975;BR-101/RJ;Sul;Colisão Traseira;;;1;;1;;;;;;38;2;2;;
21/11/2014;15:14:00;113;sem vítima;284,982;BR-101/RJ;Sul;Colisão Traseira;1;;;;;;;;;1;5;;;;
05/12/2014;20:45:00;169;sem vítima;284,8;BR-101/RJ;Sul;Colisão Traseira;2;;;;;;;;;;7;;;;
11/12/2014;14:45:00;120;sem vítima;284;BR-101/RJ;Sul;Colisão Lateral;2;;;;;;;;;;3;;;;
12/12/2014;17:23:00;132;sem vítima;284;BR-101/RJ;Sul;Colisão Traseira;2;;;;;;;;;;2;;;;
19/12/2014;07:08:00;32;com vítima;284;BR-101/RJ;Sul;Queda de Moto;;;;1;;;;;;;0;1;;;
19/02/2015;13:04:00;111;sem vítima;284;BR-101/RJ;Sul;Engavetamento;1;;;;;1;;;;1;5;;0;0;0
21/02/2015;19:37:00;171;com vítima;284;BR-101/RJ;Sul;Choque - Defensa, barreira ou "submarino";1;;;;;;;;;;0;2;1;;
16/03/2015;17:43:00;180;sem vítima;284;BR-101/RJ;Sul;Colisão Lateral;1;;1;;;;;;;;2;0;0;0;0
26/04/2015;21:03:00;149;com vítima;284;BR-101/RJ;Norte;Colisão Lateral;1;;;1;;;;;;;2;;1;;