data;horario;n_da_ocorrencia;tipo_de_ocorrencia;km;trecho;sentido;tipo_de_acidente;automovel;bicicleta;caminhao;moto;onibus;outros;tracao_animal;transporte_de_cargas_especiais;trator_maquinas;utilitarios;ilesos;levemente_feridos;moderadamente_feridos;gravemente_feridos;mortos
23/05/2015;05:54:00;22;sem vítima;284;BR-101/RJ;Norte;Colisão Traseira;2;;;;;;;;;;3;;;;
03/06/2015;21:10:00;204;sem vítima;284;BR-101/RJ;Norte;Colisão Traseira;1;;;;;;;;;1;2;;;;
07/08/2015;14:42:00;138;sem vítima;284;BR-101/RJ;Norte;Engavetamento;1;;2;;;;;;;;6;;;;
09/08/2015;19:55:00;145;sem vítima;284;BR-101/RJ;Norte;Saida de Pista;1;;;;;;;;;;1;;;;
22/08/2015;09:01:00;70;com vítima;284;BR-101/RJ;Sul;Engavetamento;3;;;;;;;;;;6;1;;;
22/08/2015;09:47:00;78;sem vítima;284,441;BR-101/RJ;Sul;Engavetamento;2;;;;;1;;;;;4;;;;
27/08/2015;19:34:00;165;sem vítima;284;BR-101/RJ;Sul;Choque - Defensa, barreira ou "submarino";1;;;;;;;;;;3;;;;
29/08/2015;14:41:00;112;sem vítima;284;BR-101/RJ;Sul;Colisão Lateral;1;;1;;;;;;;;3;;;;
30/08/2015;18:42:00;131;com vítima;284,4;BR-101/RJ;Norte;Colisão Lateral;1;;;1;;;;;;;0;1;;;
30/08/2015;03:52:00;21;com vítima;284,405;BR-101/RJ;Sul;Queda de Moto;;;;1;;;;;;;0;1;;;
30/08/2015;18:13:00;124;com vítima;284,562;BR-101/RJ;Sul;Queda de Moto;;;;1;;;;;;;0;1;1;;
06/09/2015;00:28:00;2;sem vítima;284;BR-101/RJ;Sul;Choque - Defensa, barreira ou "submarino";;;;;;;;;;1;7;;;;
16/09/2015;14:19:00;156;sem vítima;284;BR-101/RJ;Sul;Colisão Traseira;2;;;;;;;;;;2;;;;
23/10/2015;05:28:00;17;com vítima;284,844;BR-101/RJ;Sul;Colisão Traseira;;;2;;;;;;;;2;1;;;
14/11/2015;05:55:00;30;com vítima;284,388;BR-101/RJ;Norte;Choque - Defensa, barreira ou "submarino";;;;1;;;;;;;0;;1;;
17/11/2015;12:25:00;111;com vítima;284;BR-101/RJ;Sul;Queda de Moto;;;;1;;;;;;;0;2;;;
28/11/2015;12:09:00;92;sem vítima;284;BR-101/RJ;Sul;Colisão Traseira;2;;;;;;;;;;3;;;;
03/12/2015;12:23:00;128;sem vítima;284;BR-101/RJ;Norte;Saida de Pista;1;;;;;;;;;;1;;;;
15/04/2010;10:17:00;84;sem vítima;285;BR-101/RJ;Norte;Outros - Sequência;2;;1;;;;;;;;5;;;;
14/05/2010;06:53:00;31;com vítima;285;BR-101/RJ;Sul;Colisão Traseira;2;;;;;;;;;;4;2;;;
18/05/2010;13:39:00;95;com vítima;285;BR-101/RJ;Sul;Engavetamento;3;;;;;1;;;;;5;;1;;
08/06/2010;10:52:00;70;sem vítima;285;BR-101/RJ;Sul;Colisão Traseira;1;;;;;1;;;;;3;;;;
27/08/2010;22:42:00;212;sem vítima;285;BR-101/RJ;Norte;Choque - Defensa, barreira ou "submarino";;;;;;;;;;1;1;;;;
30/09/2010;10:53:00;59;com vítima;285;BR-101/RJ;Norte;Colisão Traseira;1;;1;;;;;;;;4;;2;;
04/11/2010;09:59:00;61;sem vítima;285;BR-101/RJ;Norte;Colisão Traseira;2;;;;;;;;;;2;;;;
04/11/2010;11:44:00;78;sem vítima;285;BR-101/RJ;Norte;Colisão Traseira;2;;;;;;;;;;4;;;;
04/11/2010;23:04:00;184;sem vítima;285;BR-101/RJ;Sul;Saida de Pista;;;1;;;;;;;;1;;;;
25/11/2010;05:54:00;25;sem vítima;285;BR-101/RJ;Sul;Colisão Traseira;1;;;;;;;;;;2;;;;
10/12/2010;02:29:00;8;com vítima;285;BR-101/RJ;Norte;Capotamento;1;;;;;;;;;;0;1;;;
11/12/2010;18:44:00;174;com vítima;285;BR-101/RJ;Norte;Saida de Pista;1;;;;;;;;;;1;;2;;
31/12/2010;21:38:00;235;com vítima;285;BR-101/RJ;Norte;Queda de Moto;;;;1;;;;;;;0;;2;;
31/01/2011;10:58:00;87;sem vítima;285;BR-101/RJ;Sul;Colisão Traseira;2;;;;;;;;;;6;;;;
16/03/2011;19:26:00;150;sem vítima;320;BR-101/RJ;Norte;Colisão Lateral;1;;;;1;;;;;;2;;;;
16/03/2011;20:22:00;156;sem vítima;297;BR-101/RJ;Norte;Colisão Lateral;;;1;;1;;;;;;2;;;;
11/05/2011;10:30:00;58;sem vítima;285;BR-101/RJ;Sul;Saida de Pista;1;;;;;;;;;;1;;;;
10/08/2011;06:52:00;24;sem vítima;285;BR-101/RJ;Norte;Queda de Moto;;;;1;;1;;;;;2;;;;
29/08/2011;09:45:00;69;sem vítima;285,29998779296875;BR-101/RJ;Sul;Choque - Defensa, barreira ou "submarino";1;;;;;;;;;;1;;;;
02/10/2011;18:54:00;153;sem vítima;285,5;BR-101/RJ;Sul;Colisão Traseira;1;;;;;1;;;;;4;;;;
15/10/2011;13:06:00;103;sem vítima;285;BR-101/RJ;Norte;Saida de Pista;1;;;;;;;;;;2;;;;
10/12/2011;06:27:00;40;sem vítima;285;BR-101/RJ;Sul;Saida de Pista;1;;;;;;;;;;1;;;;
18/12/2011;21:16:00;155;sem vítima;285;BR-101/RJ;Norte;Colisão Traseira;2;;;;;1;;;;;5;;;;
24/12/2011;21:06:00;209;sem vítima;285;BR-101/RJ;Norte;Saida de Pista;1;;;;;;;;;;1;;;;
26/12/2011;14:55:00;118;sem vítima;285;BR-101/RJ;Sul;Colisão Lateral;;;2;;;;;;;;2;;;;
22/01/2012;12:24:00;71;sem vítima;285;BR-101/RJ;Sul;Colisão Traseira;3;;;;;;;;;;11;;;;
22/01/2012;08:26:00;43;com vítima;285,5;BR-101/RJ;Norte;Colisão Lateral;1;;;1;;;;;;;5;2;;;
26/01/2012;18:49:00;138;sem vítima;285;BR-101/RJ;Sul;Colisão Lateral;2;;;;;;;;;;2;;;;
28/01/2012;00:45:00;9;sem vítima;285;BR-101/RJ;Norte;Colisão Traseira;1;;1;;;;;;;;5;;;;
22/02/2012;16:27:00;163;sem vítima;285;BR-101/RJ;Sul;Colisão Traseira;2;;;;;;;;;;9;;;;
02/03/2012;04:31:00;17;sem vítima;285,8;BR-101/RJ;Norte;Saida de Pista;1;;;;;;;;;;1;;;;
10/04/2012;07:04:00;26;sem vítima;285;BR-101/RJ;Sul;Colisão Lateral;1;;;;1;;;;;;3;;;;
22/04/2012;11:05:00;56;com vítima;285;BR-101/RJ;Norte;Colisão Traseira;2;;;;;;;;;;6;2;;;
28/05/2012;13:11:00;110;sem vítima;285,83;BR-101/RJ;Norte;Choque - Defensa, barreira ou "submarino";;;1;;;;;;;;1;;;;
03/06/2012;12:44:00;97;sem vítima;285,9;BR-101/RJ;Sul;Saida de Pista;1;;;;;;;;;;2;;;;
21/07/2012;05:25:00;30;com vítima;285;BR-101/RJ;Norte;Colisão Traseira;1;;1;;;;;;;;1;1;;;
29/07/2012;19:04:00;161;sem vítima;285,503;BR-101/RJ;Norte;Colisão Traseira;2;;;;;;;;;;2;;;;
19/09/2012;11:19:00;93;sem vítima;285;BR-101/RJ;Norte;Tombamento;;;1;;;;;;;;2;;;;
10/01/2013;18:49:00;174;sem vítima;285;BR-101/RJ;Norte;Colisão Traseira;2;;1;;;;;;;;7;;;;
24/02/2013;18:21:00;142;sem vítima;285;BR-101/RJ;Norte;Colisão Traseira;2;;;;;;;;;;4;;;;
12/04/2013;00:01:00;1;com vítima;285;BR-101/RJ;Norte;Colisão Transversal;;;1;;1;;;;;;1;3;;;
07/05/2013;16:24:00;107;com vítima;285,269;BR-101/RJ;Sul;Queda de Moto;;;;1;;;;;;;0;;1;;
05/06/2013;06:05:00;18;com vítima;285,8;BR-101/RJ;Norte;Colisão Traseira;1;;;;1;;;;;;2;1;;;
12/06/2013;00:19:00;4;com vítima;285,45;BR-101/RJ;Sul;Colisão Traseira;;;2;;;;;;;;1;;;;1
04/07/2013;09:47:00;70;sem vítima;285,5;BR-101/RJ;Norte;Colisão Traseira;1;;1;;;;;;;;3;;;;
09/08/2013;19:37:00;158;sem vítima;285;BR-101/RJ;Sul;Engavetamento;4;;;;;;;;;;4;;;;
16/08/2013;12:33:00;105;com vítima;285;BR-101/RJ;Norte;Choque - Outros;2;;1;;;;;;;;11;1;;;
07/10/2013;17:18:00;121;sem vítima;285;BR-101/RJ;Norte;Engavetamento;1;;2;;;;;;;;6;;;;
25/10/2013;17:15:00;163;sem vítima;285;BR-101/RJ;Sul;Engavetamento;3;;;;;;;;;;5;;;;
14/11/2013;10:14:00;88;sem vítima;285,95;BR-101/RJ;Sul;Saida de Pista;;;1;;;;;;;;1;;;;
17/11/2013;21:21:00;226;sem vítima;285;BR-101/RJ;Norte;Outros;1;;;;;;;;;;1;;;;
22/11/2013;13:41:00;115;sem vítima;285;BR-101/RJ;Sul;Colisão Traseira;1;;1;;;;;;;;3;;;;
23/11/2013;18:14:00;163;com vítima;285,324;BR-101/RJ;Sul;Colisão Lateral;1;;;1;;;;;;;4;1;;;
08/12/2013;16:11:00;134;sem vítima;285;BR-101/RJ;Sul;Colisão Traseira;2;;;;;;;;;;2;;;;
16/12/2013;15:58:00;146;com vítima;285,444;BR-101/RJ;Sul;Choque - Defensa, barreira ou "submarino";;;;;;1;;;;1;1;1;;;
18/12/2013;20:56:00;179;sem vítima;285,937;BR-101/RJ;Sul;Colisão Traseira;2;;;;;;;;;;3;;;;
21/12/2013;09:14:00;51;sem vítima;285,95;BR-101/RJ;Sul;Colisão Lateral;;;;;;1;;;;1;3;;;;
23/12/2013;12:14:00;127;sem vítima;285;BR-101/RJ;Sul;Colisão Traseira;1;;;;1;;;;;;4;;;;
28/12/2013;13:50:00;160;sem vítima;285;BR-101/RJ;Sul;Colisão Traseira;1;;;;;;;;;1;3;;;;
28/12/2013;01:26:00;12;com vítima;285,336;BR-101/RJ;Sul;Colisão Traseira;2;;;;;;;;;;1;;1;;
28/12/2013;09:50:00;87;sem vítima;285,9;BR-101/RJ;Sul;Engavetamento;3;;;;;;;;;;3;;;;
29/12/2013;13:28:00;108;sem vítima;285;BR-101/RJ;Sul;Colisão Traseira;2;;;;;;;;;;2;;;;
29/12/2013;14:46:00;123;com vítima;285;BR-101/RJ;Sul;Colisão Transversal;2;;;;;;;;;;4;1;;;
29/12/2013;16:11:00;143;com vítima;285;BR-101/RJ;Sul;Saida de Pista;1;;;;;;;;;;0;1;2;;
02/01/2014;03:34:00;20;sem vítima;285,65;BR-101/RJ;Sul;Colisão Lateral;1;;1;;;;;;;;7;;;;
03/01/2014;10:45:00;87;sem vítima;285,449;BR-101/RJ;Sul;Colisão Traseira;2;;;;;;;;;;4;;;;
03/01/2014;16:37:00;172;sem vítima;285,556;BR-101/RJ;Sul;Saida de Pista;;;;;;;;;;1;3;;;;
06/01/2014;01:22:00;8;sem vítima;285,496;BR-101/RJ;Sul;Engavetamento;4;;;;;;;;;;15;;;;
13/01/2014;06:40:00;27;sem vítima;285;BR-101/RJ;Sul;Colisão Traseira;1;;;;;1;;;;;4;;;;
13/01/2014;11:32:00;95;com vítima;285,53;BR-101/RJ;Sul;Choque - Defensa, barreira ou "submarino";1;;;;;;;;;;1;1;;;
19/01/2014;15:45:00;107;sem vítima;285,468;BR-101/RJ;Sul;Colisão Traseira;1;;;;;1;;;;;2;;;;
19/01/2014;21:57:00;158;sem vítima;285,545;BR-101/RJ;Sul;Colisão Traseira;2;;;;;;;;;;6;;;;
20/01/2014;07:31:00;28;sem vítima;285,577;BR-101/RJ;Sul;Colisão Lateral;2;;;;;;;;;;5;;;;
21/01/2014;19:40:00;191;sem vítima;285,5;BR-101/RJ;Sul;Colisão Traseira;1;;;;;1;;;;;6;;;;
01/02/2014;07:02:00;25;com vítima;285,534;BR-101/RJ;Sul;Colisão Traseira;2;;;;;;;;;;3;4;1;;
02/02/2014;08:13:00;37;com vítima;285,9;BR-101/RJ;Sul;Colisão Traseira;1;;;1;;;;;;;6;;1;;
10/02/2014;20:32:00;189;com vítima;285,5;BR-101/RJ;Sul;Saida de Pista;1;;;;;1;;;;;3;1;1;;
14/02/2014;21:52:00;232;sem vítima;285;BR-101/RJ;Sul;Engavetamento;1;;3;;;;;;;;5;;;;
16/02/2014;06:18:00;17;sem vítima;285,2;BR-101/RJ;Norte;Colisão Traseira;1;;;;1;;;;;;5;;;;
17/02/2014;01:38:00;13;sem vítima;285;BR-101/RJ;Sul;Saida de Pista;1;;;;;;;;;;2;;;;
22/02/2014;14:38:00;113;sem vítima;285;BR-101/RJ;Sul;Choque - Objeto sobre a pista;1;;;;;;;;;;2;;;;
06/03/2014;15:20:00;153;sem vítima;285;BR-101/RJ;Sul;Colisão Traseira;2;;1;;;;;;;;6;;;;
23/03/2014;08:50:00;30;sem vítima;285;BR-101/RJ;Norte;Choque - Defensa, barreira ou "submarino";1;;;;;;;;;;1;;;;
29/03/2014;14:50:00;140;sem vítima;285,8;BR-101/RJ;Sul;Choque - Defensa, barreira ou "submarino";;;;;;;;;;1;1;;;;
06/04/2014;13:58:00;83;com vítima;285,399;BR-101/RJ;Sul;Saida de Pista;1;;;;;;;;;;0;;1;;
09/04/2014;19:42:00;189;com vítima;285,624;BR-101/RJ;Sul;Colisão Traseira;1;;1;;;;;;;;3;3;;;
21/04/2014;10:59:00;63;sem vítima;285,42;BR-101/RJ;Sul;Engavetamento;3;;;;;;;;;;8;;;;
29/04/2014;16:47:00;133;sem vítima;285;BR-101/RJ;Sul;Colisão Lateral;;;1;;;;;;;1;2;;;;
01/05/2014;08:43:00;43;sem vítima;285,6;BR-101/RJ;Sul;Choque - Defensa, barreira ou "submarino";1;;;;;;;;;;2;;;;
05/05/2014;20:33:00;162;sem vítima;285,619;BR-101/RJ;Sul;Saida de Pista;1;;;;;;;;;;2;;;;
11/05/2014;19:32:00;158;sem vítima;285,2;BR-101/RJ;Sul;Engavetamento;3;;;;;;;;;;11;;;;
16/05/2014;10:49:00;80;sem vítima;285;BR-101/RJ;Norte;Saida de Pista;;;1;;;;;;;;3;;;;
08/06/2014;14:44:00;103;sem vítima;285;BR-101/RJ;Sul;Colisão Traseira;1;;;;;1;;;;;2;;;;
11/06/2014;17:02:00;149;sem vítima;285;BR-101/RJ;Sul;Colisão Lateral;1;;1;;;;;;;;2;;;;
11/06/2014;17:08:00;151;sem vítima;285;BR-101/RJ;Sul;Colisão Lateral;;;;;1;;;;;1;2;;;;
15/06/2014;19:34:00;121;sem vítima;285,966;BR-101/RJ;Sul;Colisão Traseira;2;;;;;;;;;;2;;;;
10/08/2014;18:38:00;141;sem vítima;285;BR-101/RJ;Norte;Colisão Traseira;2;;;;;;;;;;7;;;;
01/09/2014;07:35:00;38;sem vítima;285;BR-101/RJ;Norte;Colisão Traseira;2;;;;;;;;;;2;;;;
06/09/2014;12:36:00;85;sem vítima;285,365;BR-101/RJ;Sul;Colisão Traseira;1;;1;;;;;;;;2;;;;
19/09/2014;20:34:00;189;sem vítima;285,75;BR-101/RJ;Sul;Colisão Traseira;1;;1;;;;;;;;2;;;;
28/09/2014;17:55:00;104;sem vítima;285,62;BR-101/RJ;Sul;Colisão Traseira;2;;;;;;;;;;10;;;;
02/11/2014;08:32:00;43;sem vítima;285;BR-101/RJ;Sul;Colisão Frontal;2;;;;;;;;;;3;;;;
17/11/2014;09:23:00;60;sem vítima;285,795;BR-101/RJ;Sul;Colisão Traseira;2;;;;;;;;;;5;;;;
23/01/2015;06:45:00;20;sem vítima;285;BR-101/RJ;Norte;Colisão Traseira;1;;1;;;;;;;;2;;;;
18/02/2015;11:56:00;89;com vítima;285;BR-101/RJ;Sul;Colisão Lateral;1;;;1;;;;;;;2;2;0;0;0
15/07/2015;14:36:00;125;sem vítima;285;BR-101/RJ;Sul;Tombamento;;;1;;;;;;;;1;;;;
02/08/2015;17:24:00;128;com vítima;285,96;BR-101/RJ;Sul;Colisão Lateral;2;;;1;;;;;;;6;2;;;
08/08/2015;14:06:00;120;sem vítima;285;BR-101/RJ;Norte;Colisão Traseira;1;;;;;1;;;;;2;;;;
14/08/2015;15:55:00;135;sem vítima;285;BR-101/RJ;Norte;Colisão Transversal;1;;;;;;;;;1;3;;;;
20/08/2015;22:56:00;189;sem vítima;285;BR-101/RJ;Sul;Colisão Lateral;1;;1;;;;;;;;3;;;;
25/08/2015;02:20:00;6;com vítima;285,09;BR-101/RJ;Sul;Choque - Defensa, barreira ou "submarino";;;1;;;;;;;;0;1;;;
04/09/2015;22:39:00;222;sem vítima;285,908;BR-101/RJ;Sul;Saida de Pista;1;;;;;;;;;;2;;;;
05/09/2015;21:03:00;201;sem vítima;285;BR-101/RJ;Sul;Choque - Defensa, barreira ou "submarino";1;;;;;;;;;;1;;;;
06/09/2015;03:06:00;14;sem vítima;285;BR-101/RJ;Sul;Choque - Defensa, barreira ou "submarino";1;;;;;;;;;;3;;;;
06/09/2015;22:17:00;146;sem vítima;285;BR-101/RJ;Sul;Saida de Pista;1;;;;;;;;;;1;;;;
09/09/2015;19:04:00;184;sem vítima;285;BR-101/RJ;Sul;Choque - Defensa, barreira ou "submarino";1;;;;;;;;;;1;;;;
12/09/2015;00:22:00;2;sem vítima;285,7;BR-101/RJ;Sul;Saida de Pista;1;;;;;;;;;;4;;;;
12/09/2015;01:28:00;7;sem vítima;285,757;BR-101/RJ;Sul;Choque - Defensa, barreira ou "submarino";1;;;;;;;;;;2;;;;
13/09/2015;11:05:00;67;com vítima;285,263;BR-101/RJ;Sul;Choque - Outros;1;;;;;;;;;;0;2;1;;
13/09/2015;11:29:00;71;sem vítima;285,633;BR-101/RJ;Sul;Choque - Defensa, barreira ou "submarino";1;;;;;;;;;;1;;;;
06/11/2015;02:00:00;11;com vítima;285;BR-101/RJ;Norte;Queda de Moto;;;;1;;;;;;;0;2;;;
05/12/2015;22:19:00;224;sem vítima;285;BR-101/RJ;Norte;Saida de Pista;1;;;;;;;;;;2;;;;
18/12/2015;08:02:00;56;sem vítima;285,87;BR-101/RJ;Sul;Saida de Pista;1;;;;;;;;;;4;;;;
24/12/2015;01:41:00;17;sem vítima;285;BR-101/RJ;Norte;Choque - Outros;1;;;;;;;;;;3;;;;
03/01/2010;13:49:00;112;sem vítima;286;BR-101/RJ;Sul;Colisão Traseira;3;;;;;;;;;;10;;;;
03/01/2010;17:27:00;186;sem vítima;286;BR-101/RJ;Sul;Colisão Traseira;2;;;;;;;;;;2;;;;
22/01/2010;19:32:00;175;sem vítima;286;BR-101/RJ;Norte;Colisão Transversal;1;;1;;;;;;;;5;;;;
18/04/2010;08:05:00;30;com vítima;286;BR-101/RJ;Sul;Colisão Traseira;1;;;1;;;;;;;4;;1;;
17/05/2010;19:56:00;143;sem vítima;286;BR-101/RJ;Sul;Colisão Transversal;;;1;;;1;;;;;2;;;;
01/06/2010;15:02:00;110;com vítima;286,5;BR-101/RJ;Norte;Colisão Traseira;2;;;;;;;;;;3;;1;;
26/06/2010;17:50:00;135;com vítima;286;BR-101/RJ;Norte;Colisão Lateral;;1;;1;;;;;;;0;1;1;;
25/07/2010;13:08:00;77;sem vítima;286;BR-101/RJ;Sul;Colisão Traseira;2;;;;;;;;;;6;;;;
25/08/2010;06:27:00;23;com vítima;286;BR-101/RJ;Norte;Colisão Traseira;1;;2;;;;;;;;3;;2;;
25/08/2010;15:03:00;113;sem vítima;286;BR-101/RJ;Norte;Engavetamento;4;;;;;;;;;;4;;;;
26/08/2010;11:35:00;90;sem vítima;286;BR-101/RJ;Norte;Colisão Traseira;;;2;;;;;;;;3;;;;
14/09/2010;12:09:00;75;com vítima;286;BR-101/RJ;Norte;Capotamento;;;;;;;;;;1;1;;1;;
02/12/2010;16:09:00;125;sem vítima;286;BR-101/RJ;Sul;Colisão Traseira;1;;;;1;;;;;;38;;;;
21/12/2010;21:04:00;208;com vítima;286;BR-101/RJ;Sul;Saida de Pista;;;;;;;;;;1;0;;3;;
26/12/2010;13:21:00;84;sem vítima;286;BR-101/RJ;Norte;Colisão Lateral;2;;;;;;;;;;3;;;;
06/02/2011;18:39:00;164;sem vítima;286;BR-101/RJ;Sul;Colisão Traseira;2;;;;;;;;;;2;;;;
17/03/2011;02:51:00;12;com vítima;243;BR-101/RJ;Sul;Choque - Defensa, barreira ou "submarino";1;;;;;;;;;;0;1;;;
17/03/2011;06:07:00;20;com vítima;4,099999904632568;BR-101/RJ;Norte;Capotamento;1;;;;;;;;;;0;2;;;
07/05/2011;06:17:00;25;sem vítima;286;BR-101/RJ;Norte;Saida de Pista;1;;;;;;;;;;1;;;;
09/06/2011;13:23:00;106;sem vítima;286;BR-101/RJ;Sul;Colisão Lateral;1;;1;;;;;;;;5;;;;
11/08/2011;18:29:00;148;com vítima;286;BR-101/RJ;Norte;Objeto lançado contra veículo;1;;1;;;;;;;;2;1;;;
26/08/2011;18:49:00;145;sem vítima;286;BR-101/RJ;Norte;Colisão Lateral;1;;1;;;;;;;;7;;;;
04/09/2011;18:42:00;116;sem vítima;286;BR-101/RJ;Sul;Colisão Traseira;2;;;;;;;;;;3;;;;
17/09/2011;17:32:00;160;sem vítima;286;BR-101/RJ;Sul;Saida de Pista;1;;;;;;;;;;2;;;;
18/09/2011;14:33:00;89;sem vítima;286,5;BR-101/RJ;Sul;Colisão Lateral;1;;1;;;;;;;;5;;;;
22/09/2011;10:12:00;60;com vítima;286,3999938964844;BR-101/RJ;Norte;Choque - Defensa, barreira ou "submarino";1;;;;;;;;;;0;;1;;
27/10/2011;01:51:00;5;com vítima;286;BR-101/RJ;Sul;Colisão Traseira;;;2;;;;;;;;4;;2;;1
28/10/2011;11:59:00;73;com vítima;286;BR-101/RJ;Sul;Colisão Traseira;2;;;;;;;;;;1;1;1;;
15/11/2011;15:58:00;109;sem vítima;286;BR-101/RJ;Sul;Colisão Traseira;1;;;;;;;;;1;7;;;;
25/11/2011;10:05:00;62;sem vítima;286;BR-101/RJ;Sul;Colisão Traseira;;;3;;;;;;;;4;;;;
27/11/2011;05:03:00;27;sem vítima;286;BR-101/RJ;Sul;Colisão Traseira;;;2;;;;;;;;3;;;;
23/12/2011;21:51:00;244;sem vítima;286;BR-101/RJ;Sul;Colisão Traseira;1;;1;;;;;;;;2;;;;
22/01/2012;18:23:00;160;com vítima;286;BR-101/RJ;Sul;Outros - Sequência;2;;;1;;1;;;;;6;1;;;
30/01/2012;07:04:00;40;sem vítima;286;BR-101/RJ;Norte;Saida de Pista;1;;;;;;;;;;2;;;;
09/02/2012;10:57:00;55;sem vítima;286;BR-101/RJ;Norte;Colisão Lateral;1;;1;;;;;;;;2;;;;
13/02/2012;16:18:00;133;sem vítima;286;BR-101/RJ;Sul;Choque - Defensa, barreira ou "submarino";;;1;;;;;;;;3;;;;
18/02/2012;17:52:00;271;sem vítima;286,8;BR-101/RJ;Norte;Engavetamento;3;;;;;;;;;;11;;;;
27/02/2012;11:16:00;75;sem vítima;286,8;BR-101/RJ;Sul;Saida de Pista;1;;;;;;;;;;5;;;;
03/03/2012;11:15:00;74;sem vítima;286;BR-101/RJ;Sul;Colisão Traseira;1;;;;;;;;;1;5;;;;
11/03/2012;12:30:00;65;sem vítima;286,6;BR-101/RJ;Sul;Colisão Lateral;1;;1;;;;;;;;3;;;;
30/04/2012;23:41:00;152;sem vítima;286;BR-101/RJ;Norte;Choque - Defensa, barreira ou "submarino";1;;;;;;;;;;2;;;;
29/05/2012;19:24:00;165;com vítima;286;BR-101/RJ;Sul;Saida de Pista;;;;;;1;;;;1;2;1;;;
31/05/2012;13:02:00;110;sem vítima;286,5;BR-101/RJ;Norte;Colisão Traseira;1;;1;;;;;;;1;3;;;;
31/05/2012;13:24:00;115;sem vítima;286,9;BR-101/RJ;Norte;Engavetamento;1;;2;;;;;;;1;6;;;;
08/06/2012;11:18:00;87;sem vítima;286;BR-101/RJ;Sul;Saida de Pista;1;;;;;;;;;;1;;;;
10/06/2012;14:33:00;114;sem vítima;286;BR-101/RJ;Sul;Saida de Pista;1;;;;;;;;;;2;;;;
09/09/2012;18:23:00;216;sem vítima;286;BR-101/RJ;Sul;Colisão Traseira;2;;;;;;;;;;7;;;;
07/11/2012;10:07:00;60;sem vítima;286,5;BR-101/RJ;Sul;Colisão Traseira;1;;1;;;;;;;;6;;;;
09/11/2012;11:08:00;85;sem vítima;286,4;BR-101/RJ;Norte;Colisão Lateral;1;;;;;1;;;;;2;;;;
29/11/2012;08:04:00;45;com vítima;286,3;BR-101/RJ;Sul;Atropelamento de Animal;;;;1;;;;;;;0;1;;;
08/12/2012;14:55:00;160;sem vítima;286;BR-101/RJ;Norte;Colisão Traseira;2;;;;;;;;;;7;;;;
13/12/2012;10:49:00;77;com vítima;286;BR-101/RJ;Norte;Saida de Pista;1;;1;;;;;;;;0;2;;1;
19/12/2012;18:22:00;152;sem vítima;286;BR-101/RJ;Norte;Colisão Lateral;1;;1;;;;;;;;5;;;;
14/01/2013;10:46:00;75;sem vítima;286,6;BR-101/RJ;Norte;Colisão Traseira;2;;;;;;;;;;7;;;;
23/01/2013;07:19:00;38;sem vítima;286,555;BR-101/RJ;Norte;Engavetamento;3;;1;;;;;;;;12;;;;
15/02/2013;17:03:00;165;com vítima;286;BR-101/RJ;Sul;Queda de Moto;;;;1;;;;;;;0;1;;;
13/04/2013;05:41:00;28;sem vítima;286,7;BR-101/RJ;Norte;Tombamento;;;1;;;;;;;;1;;;;
20/06/2013;08:41:00;41;com vítima;286;BR-101/RJ;Norte;Atropelamento - Funcionário;1;;;;;;;;;;1;1;;;
23/06/2013;17:35:00;99;sem vítima;286,356;BR-101/RJ;Sul;Colisão Traseira;3;;;;;;;;;;3;;;;
24/07/2013;15:07:00;99;sem vítima;286;BR-101/RJ;Sul;Saida de Pista;1;;;;;;;;;;2;;;;
11/08/2013;17:06:00;118;sem vítima;286;BR-101/RJ;Sul;Engavetamento;2;;;;;1;;;;;3;;;;
18/08/2013;11:41:00;55;com vítima;286,2;BR-101/RJ;Sul;Colisão Traseira;;;;1;;1;;;;;1;;1;;
20/08/2013;10:33:00;69;sem vítima;286;BR-101/RJ;Sul;Colisão Lateral;1;;1;;;;;;;;2;;;;
26/08/2013;08:14:00;65;sem vítima;286;BR-101/RJ;Sul;Colisão Traseira;2;;;;;;;;;;2;;;;
26/08/2013;00:53:00;6;sem vítima;286,228;BR-101/RJ;Sul;Choque - Suporte de Sinalização;1;;;;;;;;;;1;;;;
04/09/2013;17:33:00;125;sem vítima;286;BR-101/RJ;Sul;Engavetamento;1;;2;;;;;;;;7;;;;
06/09/2013;12:34:00;88;sem vítima;286;BR-101/RJ;Sul;Colisão Lateral;1;;1;;;;;;;;2;;;;
08/09/2013;11:23:00;78;sem vítima;286;BR-101/RJ;Sul;Engavetamento;3;;;;;;;;;;4;;;;
13/09/2013;17:29:00;162;sem vítima;286;BR-101/RJ;Sul;Colisão Lateral;1;;;;1;;;;;;2;;;;
22/09/2013;19:21:00;149;sem vítima;286;BR-101/RJ;Sul;Colisão Traseira;2;;;;;;;;;;5;;;;
29/09/2013;18:40:00;133;sem vítima;286;BR-101/RJ;Sul;Colisão Traseira;2;;;;;;;;;;2;;;;
04/10/2013;15:28:00;125;sem vítima;286;BR-101/RJ;Sul;Colisão Lateral;1;;1;;;;;;;;2;;;;
10/10/2013;13:15:00;95;com vítima;286,767;BR-101/RJ;Norte;Capotamento;1;;;;;;;;;;0;1;1;;
21/10/2013;20:04:00;191;sem vítima;286,159;BR-101/RJ;Sul;Colisão Lateral;1;;1;;;;;;;;4;;;;
24/10/2013;18:39:00;152;sem vítima;286;BR-101/RJ;Sul;Colisão Lateral;1;;;;;1;;;;;6;;;;
24/10/2013;11:11:00;68;sem vítima;286,077;BR-101/RJ;Sul;Colisão Traseira;2;;;;;;;;;;3;;;;
26/10/2013;16:35:00;118;sem vítima;286;BR-101/RJ;Sul;Colisão Traseira;1;;;;;1;;;;;2;;;;