data;horario;n_da_ocorrencia;tipo_de_ocorrencia;km;trecho;sentido;tipo_de_acidente;automovel;bicicleta;caminhao;moto;onibus;outros;tracao_animal;transporte_de_cargas_especiais;trator_maquinas;utilitarios;ilesos;levemente_feridos;moderadamente_feridos;gravemente_feridos;mortos
03/11/2013;16:35:00;133;sem vítima;286;BR-101/RJ;Sul;Colisão Traseira;2;;;;;;;;;;2;;;;
03/11/2013;16:52:00;138;sem vítima;286;BR-101/RJ;Sul;Engavetamento;2;;;;;1;;;;;8;;;;
07/11/2013;11:46:00;82;sem vítima;286;BR-101/RJ;Sul;Engavetamento;3;;1;;;;;;;;5;;;;
20/11/2013;18:26:00;122;com vítima;286;BR-101/RJ;Sul;Queda de Moto;;;;1;;;;;;;1;1;;;
25/11/2013;18:51:00;145;sem vítima;286;BR-101/RJ;Sul;Colisão Lateral;3;;;;;;;;;;6;;;;
27/11/2013;11:52:00;96;sem vítima;286;BR-101/RJ;Sul;Colisão Traseira;2;;;;;;;;;;2;;;;
27/11/2013;18:56:00;199;sem vítima;286;BR-101/RJ;Norte;Choque - Defensa, barreira ou "submarino";1;;;;;;;;;;1;;;;
01/12/2013;19:42:00;159;sem vítima;286,054;BR-101/RJ;Sul;Engavetamento;1;;;;;2;;;;;3;;;;
08/12/2013;15:11:00;119;sem vítima;286;BR-101/RJ;Sul;Colisão Traseira;1;;;;;;;;;1;2;;;;
08/12/2013;18:19:00;158;sem vítima;286;BR-101/RJ;Sul;Colisão Traseira;2;;;;;;;;;;3;;;;
11/12/2013;11:15:00;98;sem vítima;286;BR-101/RJ;Sul;Choque - Defensa, barreira ou "submarino";1;;;;;;;;;;1;;;;
18/12/2013;03:53:00;17;com vítima;286;BR-101/RJ;Sul;Colisão Traseira;1;;1;1;;1;;;;;6;1;;;
21/12/2013;20:27:00;192;sem vítima;286;BR-101/RJ;Sul;Colisão Lateral;;;2;;;;;;;;5;;;;
11/01/2014;20:54:00;224;sem vítima;286;BR-101/RJ;Sul;Saida de Pista;1;;;;;;;;;;5;;;;
27/01/2014;08:27:00;58;sem vítima;286;BR-101/RJ;Sul;Choque - Suporte de Sinalização;1;;;;;;;;;;4;;;;
29/01/2014;22:10:00;223;sem vítima;286;BR-101/RJ;Sul;Colisão Traseira;;;;1;;1;;;;;2;;;;
16/02/2014;14:49:00;83;sem vítima;286;BR-101/RJ;Sul;Engavetamento;4;;;;;;;;;;12;;;;
08/03/2014;22:42:00;216;sem vítima;286;BR-101/RJ;Sul;Colisão Lateral;1;;1;;;;;;;;5;;;;
17/03/2014;03:46:00;17;sem vítima;286;BR-101/RJ;Sul;Atropelamento de Animal;1;;;;;;;;;;1;;;;
26/03/2014;10:54:00;83;com vítima;286;BR-101/RJ;Sul;Choque - Defensa, barreira ou "submarino";1;;;;;;;;;;0;1;;;
26/03/2014;11:27:00;90;sem vítima;286;BR-101/RJ;Sul;Colisão Lateral;1;;1;;;;;;;;5;;;;
12/04/2014;21:51:00;175;sem vítima;286;BR-101/RJ;Sul;Choque - Objeto sobre a pista;1;;;;;;;;;;1;;;;
27/04/2014;04:30:00;15;sem vítima;286;BR-101/RJ;Sul;Saida de Pista;1;;;;;;;;;;1;;;;
01/05/2014;18:00:00;113;com vítima;286;BR-101/RJ;Sul;Queda de Moto;;;;1;;1;;;;;1;1;;;
03/05/2014;20:16:00;124;sem vítima;286;BR-101/RJ;Sul;Colisão Traseira;2;;;;;;;;;;5;;;;
03/05/2014;13:16:00;68;sem vítima;286,01;BR-101/RJ;Sul;Engavetamento;3;;;;;;;;;;5;;;;
06/05/2014;07:16:00;31;sem vítima;286;BR-101/RJ;Sul;Colisão Traseira;1;;1;;;;;;;;4;;;;
18/05/2014;20:37:00;150;com vítima;286;BR-101/RJ;Sul;Outros - Sequência;2;;;;;;;;;;4;1;;;
01/06/2014;03:13:00;22;sem vítima;286,34;BR-101/RJ;Norte;Atropelamento de Animal;1;;;;;;;;;;2;;;;
22/06/2014;15:15:00;91;sem vítima;286;BR-101/RJ;Sul;Colisão Traseira;2;;;;;;;;;;8;;;;
24/06/2014;23:38:00;193;sem vítima;286,16;BR-101/RJ;Norte;Choque - Defensa, barreira ou "submarino";;;1;;;;;;;;1;;;;
09/07/2014;15:07:00;119;sem vítima;286;BR-101/RJ;Norte;Choque - Defensa, barreira ou "submarino";1;;;;;;;;;;1;;;;
02/09/2014;07:02:00;28;sem vítima;286;BR-101/RJ;Norte;Colisão Traseira;;;;;2;;;;;;2;;;;
07/09/2014;07:02:00;24;sem vítima;286;BR-101/RJ;Norte;Colisão Traseira;2;;;;;;;;;;2;;;;
07/09/2014;07:17:00;26;sem vítima;286;BR-101/RJ;Norte;Colisão Traseira;2;;;;;;;;;;4;;;;
11/09/2014;10:24:00;66;com vítima;286;BR-101/RJ;Sul;Saida de Pista;1;;;;;;;;;;2;2;;;
01/10/2014;09:06:00;62;sem vítima;286;BR-101/RJ;Norte;Colisão Traseira;1;;;1;;;;;;;5;;;;
18/10/2014;16:00:00;128;sem vítima;286;BR-101/RJ;Norte;Colisão Traseira;1;;;;;;;;;1;6;;;;
30/10/2014;02:39:00;15;sem vítima;286;BR-101/RJ;Norte;Choque - Defensa, barreira ou "submarino";;;1;;;;;;;;1;;;;
01/11/2014;12:19:00;102;com vítima;286;BR-101/RJ;Sul;Colisão Traseira;1;;;;;1;;;;;1;2;;;
01/11/2014;15:30:00;138;com vítima;286,297;BR-101/RJ;Sul;Colisão Frontal;1;;1;1;;;;;;;2;;;2;2
03/11/2014;00:14:00;6;com vítima;286;BR-101/RJ;Norte;Atropelamento - Andarilho;;;;;;1;;;;;1;;1;;
05/11/2014;11:35:00;76;sem vítima;286,741;BR-101/RJ;Norte;Engavetamento;3;;;;;;;;;;6;;;;
09/11/2014;06:11:00;24;sem vítima;286;BR-101/RJ;Norte;Choque - Defensa, barreira ou "submarino";;;1;;;;;;;;1;;;;
12/11/2014;15:12:00;119;sem vítima;286;BR-101/RJ;Norte;Engavetamento;1;;2;;;;;;;;4;;;;
17/11/2014;10:55:00;84;sem vítima;286;BR-101/RJ;Norte;Colisão Traseira;2;;;;;;;;;;3;;;;
19/11/2014;18:51:00;141;sem vítima;286;BR-101/RJ;Sul;Engavetamento;3;;;;;;;;;;7;;;;
21/11/2014;18:11:00;146;sem vítima;286;BR-101/RJ;Sul;Colisão Traseira;2;;;;;;;;;;2;;;;
10/12/2014;15:01:00;117;sem vítima;286,2;BR-101/RJ;Sul;Colisão Traseira;;;2;;;;;;;;2;;;;
21/01/2015;15:30:00;142;sem vítima;286;BR-101/RJ;Norte;Colisão Traseira;2;;;;;;;;;;7;;;;
25/01/2015;08:43:00;34;com vítima;286;BR-101/RJ;Norte;Queda de Moto;;;;1;;;;;;;0;2;;;
21/02/2015;14:05:00;104;sem vítima;286;BR-101/RJ;Sul;Engavetamento;1;;;;;;;;;3;8;0;0;0;0
03/03/2015;11:26:00;71;com vítima;286;BR-101/RJ;Sul;Queda de Moto;;;;1;;;;;;;0;1;0;0;0
04/03/2015;00:38:00;4;sem vítima;286;BR-101/RJ;Sul;Colisão Traseira;;;2;;;;;;;;3;0;0;0;0
13/03/2015;07:49:00;33;sem vítima;286;BR-101/RJ;Sul;Colisão Traseira;2;;;;;;;;;;4;0;0;0;0
14/05/2015;03:23:00;10;sem vítima;286;BR-101/RJ;Norte;Choque - Defensa, barreira ou "submarino";1;;;;;;;;;;1;;;;
16/05/2015;10:33:00;79;sem vítima;286;BR-101/RJ;Norte;Engavetamento;1;;;;;2;;;;;4;;;;
02/06/2015;18:14:00;168;sem vítima;286;BR-101/RJ;Sul;Saida de Pista;1;;;;;;;;;;1;;;;
04/06/2015;23:14:00;190;com vítima;286;BR-101/RJ;Sul;Colisão Traseira;2;;;;;;;;;;6;1;;;
04/07/2015;22:43:00;188;sem vítima;286;BR-101/RJ;Norte;Choque - Defensa, barreira ou "submarino";1;;;;;;;;;;1;;;;
09/07/2015;08:58:00;72;com vítima;286;BR-101/RJ;Sul;Capotamento;1;;;;;;;;;;0;1;;;
10/07/2015;01:12:00;6;com vítima;286,3;BR-101/RJ;Sul;Choque - Defensa, barreira ou "submarino";;;1;;;;;;;;0;1;;;
13/07/2015;16:25:00;158;sem vítima;286;BR-101/RJ;Norte;Colisão Traseira;1;;;;;;;;;1;9;;;;
02/08/2015;17:58:00;133;sem vítima;286,414;BR-101/RJ;Sul;Engavetamento;3;;;;;;;;;;12;;;;
05/09/2015;05:23:00;32;com vítima;286;BR-101/RJ;Sul;Colisão Traseira;1;;1;;1;;;;;;0;7;1;;
05/09/2015;01:56:00;14;sem vítima;286,021;BR-101/RJ;Sul;Saida de Pista;1;;;;;;;;;;1;;;;
05/09/2015;15:18:00;137;com vítima;286,5;BR-101/RJ;Sul;Choque - Defensa, barreira ou "submarino";1;;;;;;;;;;1;1;;;
08/09/2015;04:34:00;36;sem vítima;286,5;BR-101/RJ;Sul;Choque - Defensa, barreira ou "submarino";1;;;;;;;;;;1;;;;
11/09/2015;21:18:00;220;sem vítima;286;BR-101/RJ;Sul;Saida de Pista;1;;;;;;;;;;2;;;;
21/09/2015;09:40:00;74;sem vítima;286,8;BR-101/RJ;Sul;Colisão Traseira;2;;;;;;;;;;6;;;;
23/09/2015;10:29:00;88;com vítima;286,764;BR-101/RJ;Sul;Queda de Moto;;;;1;;;;;;;0;1;;;
04/10/2015;19:30:00;130;sem vítima;286,05;BR-101/RJ;Sul;Tombamento;1;;;;;;;;;;1;;;;
05/12/2015;20:10:00;210;sem vítima;286;BR-101/RJ;Norte;Choque - Defensa, barreira ou "submarino";1;;;;;;;;;;3;;;;
12/12/2015;12:22:00;115;sem vítima;286;BR-101/RJ;Norte;Choque - Defensa, barreira ou "submarino";;;;;;;;;;1;2;;;;
13/12/2015;03:50:00;22;com vítima;286,78;BR-101/RJ;Norte;Colisão Frontal;2;;;;;;;;;;1;2;1;2;
20/12/2015;06:12:00;23;com vítima;286,361;BR-101/RJ;Norte;Choque - Defensa, barreira ou "submarino";1;;;;;;;;;;0;1;;;
03/01/2010;08:13:00;33;sem vítima;287;BR-101/RJ;Sul;Colisão Traseira;1;;;;;1;;;;;3;;;;
17/01/2010;16:28:00;121;sem vítima;287;BR-101/RJ;Sul;Colisão Traseira;3;;;;;1;;;;;11;;;;
28/01/2010;07:21:00;49;sem vítima;287,00299072265625;BR-101/RJ;Sul;Colisão Lateral;1;;1;;;;;;;;4;;;;
18/02/2010;17:50:00;205;sem vítima;287;BR-101/RJ;Sul;Colisão Lateral;;;1;;;;;;;1;2;;;;
26/02/2010;11:57:00;84;com vítima;287;BR-101/RJ;Norte;Outros - Sequência;;;1;;;;;;;;1;;2;;
17/03/2010;11:35:00;79;com vítima;287;BR-101/RJ;Norte;Saida de Pista;;;1;;;;;;;;0;;2;;
18/07/2010;11:38:00;67;com vítima;287;BR-101/RJ;Sul;Choque - Defensa, barreira ou "submarino";1;;;;;;;;;;0;;1;;
06/08/2010;12:10:00;85;com vítima;287;BR-101/RJ;Sul;Atropelamento - Morador;;;1;;;;;;;;2;;;1;
17/08/2010;15:14:00;105;sem vítima;287;BR-101/RJ;Sul;Objeto lançado contra veículo;1;;1;;;;;;;;2;;;;
26/08/2010;11:50:00;93;sem vítima;287;BR-101/RJ;Norte;Colisão Traseira;2;;;;;;;;;;4;;;;
20/09/2010;08:44:00;66;sem vítima;287;BR-101/RJ;Sul;Colisão Lateral;1;;;1;;;;;;;2;;;;
24/09/2010;19:33:00;169;sem vítima;287;BR-101/RJ;Sul;Engavetamento;3;;;;;;;;;;7;;;;
27/09/2010;06:34:00;27;sem vítima;287;BR-101/RJ;Sul;Colisão Traseira;2;;;;;;;;;;3;;;;
12/10/2010;15:09:00;104;sem vítima;287;BR-101/RJ;Sul;Capotamento;1;;;;;;;;;;1;;;;
26/10/2010;19:36:00;168;com vítima;287;BR-101/RJ;Sul;Colisão Lateral;1;;1;;;;;;;;2;2;;;
15/11/2010;22:40:00;221;sem vítima;287;BR-101/RJ;Norte;Choque - Defensa, barreira ou "submarino";1;;;;;;;;;;1;;;;
29/11/2010;11:13:00;96;sem vítima;287;BR-101/RJ;Sul;Colisão Traseira;1;;;;;1;;;;;3;;;;
29/11/2010;17:14:00;189;sem vítima;287;BR-101/RJ;Sul;Colisão Traseira;1;;;;;;;;;1;3;;;;
29/11/2010;18:30:00;208;sem vítima;287;BR-101/RJ;Sul;Engavetamento;2;;1;;;;;;;;6;;;;
06/12/2010;17:22:00;179;sem vítima;287;BR-101/RJ;Norte;Choque - Defensa, barreira ou "submarino";1;;;;;;;;;;1;;;;
14/01/2011;23:54:00;210;sem vítima;287;BR-101/RJ;Norte;Colisão Traseira;2;;;;;;;;;;5;;;;
15/01/2011;11:10:00;72;sem vítima;287;BR-101/RJ;Sul;Engavetamento;5;;;;;;;;;;10;;;;
21/01/2011;17:31:00;110;sem vítima;287;BR-101/RJ;Sul;Colisão Lateral;1;;1;;;;;;;;2;;;;
27/01/2011;21:14:00;223;com vítima;287;BR-101/RJ;Sul;Choque - Defensa, barreira ou "submarino";1;;;;;;;;;;0;1;1;;
17/03/2011;16:43:00;120;sem vítima;40;BR-101/RJ;Sul;Colisão Traseira;;;1;;1;;;;;;3;;;;
23/05/2011;13:15:00;114;sem vítima;287,70001220703125;BR-101/RJ;Sul;Choque - Defensa, barreira ou "submarino";1;;;;;;;;;;1;;;;
15/06/2011;07:14:00;47;sem vítima;287;BR-101/RJ;Sul;Choque - Defensa, barreira ou "submarino";1;;;;;;;;;;1;;;;
21/11/2011;12:12:00;95;sem vítima;287;BR-101/RJ;Norte;Colisão Traseira;1;;;;;;;;;1;3;;;;
22/01/2012;15:12:00;109;sem vítima;287;BR-101/RJ;Sul;Colisão Traseira;2;;;;;;;;;;2;;;;
26/01/2012;12:59:00;87;sem vítima;287;BR-101/RJ;Norte;Colisão Lateral;;;1;;;;;;;1;2;;;;
20/03/2012;23:26:00;166;sem vítima;287;BR-101/RJ;Norte;Colisão Traseira;;;2;;;;;;;;4;;;;
18/04/2012;23:32:00;163;sem vítima;287;BR-101/RJ;Sul;Colisão Traseira;2;;;;;;;;;;2;;;;
08/05/2012;12:46:00;77;sem vítima;287;BR-101/RJ;Sul;Colisão Lateral;;;2;;;;;;;;2;;;;
31/05/2012;13:27:00;116;sem vítima;287;BR-101/RJ;Norte;Colisão Traseira;1;;;;;;;;;1;9;;;;
03/06/2012;22:48:00;213;com vítima;287,8;BR-101/RJ;Sul;Saida de Pista;1;;;;;;;;;;0;;1;1;3
25/06/2012;07:33:00;36;com vítima;287,98;BR-101/RJ;Sul;Queda de Moto;;;;1;;;;;;;0;2;;;
04/07/2012;11:35:00;87;sem vítima;287;BR-101/RJ;Norte;Colisão Lateral;2;;;;;;;;;;3;;;;
21/07/2012;22:44:00;205;sem vítima;287;BR-101/RJ;Norte;Saida de Pista;2;;;;;;;;;;7;;;;
06/10/2012;19:01:00;168;com vítima;287,4;BR-101/RJ;Sul;Colisão Lateral;;;;1;;1;;;;;1;;;1;
08/10/2012;19:42:00;173;com vítima;287;BR-101/RJ;Norte;Colisão Traseira;;;;1;;1;;;;;1;;1;;
03/01/2013;09:56:00;79;sem vítima;287;BR-101/RJ;Sul;Colisão Traseira;2;;1;;;;;;;;9;;;;
09/02/2013;04:55:00;70;com vítima;287;BR-101/RJ;Sul;Atropelamento de Animal;;;1;;1;;;;;;2;1;;;
09/02/2013;16:52:00;257;sem vítima;287;BR-101/RJ;Norte;Colisão Traseira;2;;;;;;;;;;9;;;;
14/02/2013;16:07:00;162;sem vítima;287;BR-101/RJ;Sul;Colisão Traseira;1;;;;;;;;;1;5;;;;
17/02/2013;11:53:00;85;com vítima;287,53;BR-101/RJ;Norte;Colisão Traseira;1;;;1;;;;;;;4;;1;;
20/03/2013;01:38:00;14;com vítima;287,276;BR-101/RJ;Norte;Colisão Lateral;;;2;;;;;;;;1;1;;;
27/04/2013;15:07:00;108;sem vítima;287,8;BR-101/RJ;Sul;Capotamento;1;;;;;;;;;;4;;;;
18/05/2013;22:44:00;172;com vítima;287;BR-101/RJ;Sul;Capotamento;1;;;;;;;;;;3;1;;;
27/06/2013;07:18:00;31;sem vítima;287;BR-101/RJ;Sul;Colisão Traseira;1;;1;;;;;;;;4;;;;
03/07/2013;15:29:00;107;sem vítima;287;BR-101/RJ;Norte;Colisão Traseira;1;;1;;;;;;;;2;;;;
26/07/2013;02:35:00;14;sem vítima;287,022;BR-101/RJ;Norte;Colisão Traseira;1;;1;;;;;;;;2;;;;
05/08/2013;07:30:00;40;sem vítima;287,1;BR-101/RJ;Norte;Saida de Pista;1;;;;;;;;;;1;;;;
10/08/2013;20:09:00;180;sem vítima;287;BR-101/RJ;Sul;Saida de Pista;1;;;;;;;;;;2;;;;
10/09/2013;22:41:00;183;sem vítima;287,158;BR-101/RJ;Sul;Choque - Defensa, barreira ou "submarino";1;;;;;;;;;;1;;;;
14/09/2013;04:56:00;34;com vítima;287;BR-101/RJ;Norte;Engavetamento;3;;;;;;;;;;1;;4;;
19/09/2013;04:50:00;14;sem vítima;287;BR-101/RJ;Sul;Colisão Lateral;;;2;;;;;;;;2;;;;
06/10/2013;18:04:00;106;sem vítima;287;BR-101/RJ;Norte;Colisão Traseira;2;;;;;;;;;;4;;;;
14/10/2013;22:20:00;213;sem vítima;287;BR-101/RJ;Sul;Colisão Traseira;2;;;;;;;;;;2;;;;
29/10/2013;08:08:00;42;com vítima;287;BR-101/RJ;Norte;Saida de Pista;;;;1;;;;;;;0;1;;;
23/11/2013;06:19:00;27;com vítima;287,754;BR-101/RJ;Norte;Colisão Traseira;1;;1;;;;;;;;1;;1;;
26/11/2013;06:35:00;29;com vítima;287,225;BR-101/RJ;Sul;Choque - Defensa, barreira ou "submarino";;;1;;;;;;;;2;1;;;
09/01/2014;23:58:00;212;sem vítima;287;BR-101/RJ;Norte;Colisão Lateral;1;;1;;;;;;;;7;;;;
27/01/2014;23:57:00;221;sem vítima;287;BR-101/RJ;Norte;Saida de Pista;1;;;;;;;;;;1;;;;
03/02/2014;13:25:00;135;com vítima;287;BR-101/RJ;Norte;Colisão Traseira;2;;;;;;;;;;1;2;;;
06/02/2014;14:07:00;121;com vítima;287;BR-101/RJ;Norte;Saida de Pista;;;1;;;;;;;;0;1;;;
13/02/2014;08:48:00;68;sem vítima;287,8;BR-101/RJ;Norte;Colisão Lateral;1;;1;;;;;;;;2;;;;
27/02/2014;15:00:00;149;sem vítima;287,257;BR-101/RJ;Norte;Choque - Defensa, barreira ou "submarino";1;;;;;;;;;;1;;;;
01/03/2014;12:09:00;204;com vítima;287,146;BR-101/RJ;Norte;Colisão Lateral;1;;;1;;;;;;;4;1;;;
01/03/2014;12:37:00;211;sem vítima;287,636;BR-101/RJ;Norte;Colisão Traseira;2;;;;;1;;;;;7;;;;
30/04/2014;12:13:00;91;sem vítima;287;BR-101/RJ;Sul;Colisão Traseira;2;;;;;;;;;;6;;;;
22/06/2014;16:01:00;99;com vítima;287,02;BR-101/RJ;Sul;Choque - Defensa, barreira ou "submarino";;;;1;;;;;;;0;;1;;
27/06/2014;08:38:00;53;sem vítima;287;BR-101/RJ;Sul;Colisão Traseira;2;;;;;;;;;;10;;;;
03/07/2014;06:08:00;25;sem vítima;287;BR-101/RJ;Sul;Choque - Suporte de Sinalização;1;;;;;;;;;;1;;;;
03/07/2014;10:29:00;71;com vítima;287;BR-101/RJ;Norte;Colisão Traseira;1;;1;;;;;;;;2;1;;;
07/09/2014;07:55:00;28;sem vítima;287;BR-101/RJ;Norte;Colisão Traseira;2;;;;;;;;;;4;;;;
26/09/2014;22:01:00;181;com vítima;287;BR-101/RJ;Norte;Colisão Traseira;1;;1;;;;;;;;1;1;;;
27/09/2014;01:24:00;10;sem vítima;287;BR-101/RJ;Norte;Colisão Lateral;;;1;;;1;;;;;2;;;;
27/09/2014;12:52:00;88;sem vítima;287;BR-101/RJ;Norte;Colisão Traseira;2;;;;;;;;;;6;;;;
08/10/2014;07:33:00;32;com vítima;287;BR-101/RJ;Sul;Colisão Traseira;2;;;;;;;;;;3;1;;;
08/10/2014;06:33:00;23;com vítima;287,862;BR-101/RJ;Norte;Engavetamento;2;;2;;;;;;;;0;4;;1;
10/10/2014;16:54:00;166;com vítima;287;BR-101/RJ;Sul;Colisão Lateral;1;;;1;;;;;;;1;1;;;
14/11/2014;21:04:00;208;sem vítima;287,676;BR-101/RJ;Norte;Colisão Lateral;1;;;;;1;;;;;3;;;;
22/11/2014;07:57:00;32;sem vítima;287;BR-101/RJ;Sul;Saida de Pista;;;;;1;;;;;;30;;;;
24/11/2014;12:21:00;96;com vítima;287;BR-101/RJ;Sul;Colisão Traseira;;;;;;;;;;2;2;1;;;
07/12/2014;18:10:00;113;com vítima;287,512;BR-101/RJ;Sul;Choque - Defensa, barreira ou "submarino";;;;;;;;;;1;0;1;;;
09/12/2014;18:08:00;155;sem vítima;287;BR-101/RJ;Norte;Colisão Lateral;1;;1;;;;;;;;4;;;;
11/12/2014;10:11:00;68;sem vítima;287;BR-101/RJ;Norte;Colisão Lateral;1;;1;;;;;;;;3;;;;
10/01/2015;09:05:00;55;sem vítima;287,5;BR-101/RJ;Sul;Colisão Traseira;2;;;;;;;;;;8;;;;
22/01/2015;10:46:00;59;sem vítima;287;BR-101/RJ;Norte;Colisão Transversal;1;;;;1;;;;;;47;;;;
16/02/2015;07:36:00;20;com vítima;287;BR-101/RJ;Sul;Capotamento;1;;;;;;;;;;0;4;0;0;0
20/04/2015;21:14:00;154;sem vítima;287;BR-101/RJ;Sul;Colisão Traseira;1;;1;;;;;;;;2;;;;
15/05/2015;15:52:00;135;sem vítima;287;BR-101/RJ;Norte;Tombamento;1;;;;;;;;;;1;;;;
17/05/2015;18:19:00;108;sem vítima;287;BR-101/RJ;Sul;Saida de Pista;1;;;;;;;;;;4;;;;
26/05/2015;17:24:00;156;com vítima;287,3;BR-101/RJ;Sul;Atropelamento - Andarilho;;;1;;;;;;;;1;;;1;
12/06/2015;16:37:00;151;sem vítima;287;BR-101/RJ;Norte;Colisão Traseira;1;;;;;;;;;1;6;;;;
14/06/2015;23:04:00;165;com vítima;287,833;BR-101/RJ;Norte;Tombamento;;;1;;;;;;;;0;1;;;
20/06/2015;21:56:00;169;com vítima;287;BR-101/RJ;Norte;Queda de Moto;;;;1;;;;;;;0;1;;;
04/07/2015;00:04:00;1;com vítima;287,02;BR-101/RJ;Norte;Choque - Defensa, barreira ou "submarino";1;;;;;;;;;;2;2;;;
10/07/2015;19:04:00;196;com vítima;287;BR-101/RJ;Norte;Colisão Lateral;;;1;1;;;;;;;1;2;;;
19/07/2015;09:00:00;55;sem vítima;287;BR-101/RJ;Norte;Colisão Traseira;2;;;;;;;;;;8;;;;
19/07/2015;23:37:00;203;sem vítima;287,3;BR-101/RJ;Sul;Choque - Defensa, barreira ou "submarino";1;;;;;;;;;;1;;;;
22/07/2015;10:25:00;80;sem vítima;287;BR-101/RJ;Norte;Colisão Traseira;1;;;;1;;;;;;39;;;;
23/07/2015;12:25:00;119;sem vítima;287;BR-101/RJ;Norte;Colisão Traseira;2;;;;;;;;;;2;;;;
30/07/2015;19:43:00;180;sem vítima;287,765;BR-101/RJ;Norte;Colisão Traseira;;;;;;;;;;2;2;;;;
06/09/2015;07:38:00;26;sem vítima;287,975;BR-101/RJ;Sul;Choque - Defensa, barreira ou "submarino";1;;;;;;;;;;1;;;;
09/09/2015;03:13:00;8;sem vítima;287;BR-101/RJ;Sul;Choque - Defensa, barreira ou "submarino";1;;;;;;;;;;1;;;;
15/09/2015;21:37:00;241;sem vítima;287;BR-101/RJ;Sul;Choque - Defensa, barreira ou "submarino";1;;;;;;;;;;1;;;;
16/12/2015;06:42:00;46;sem vítima;287,495;BR-101/RJ;Norte;Colisão Traseira;;;2;;;;;;;;3;;;;
31/12/2015;10:16:00;110;com vítima;287;BR-101/RJ;Norte;Choque - Defensa, barreira ou "submarino";1;;;;;;;;;;2;2;;;
25/01/2010;19:24:00;193;sem vítima;288;BR-101/RJ;Sul;Colisão Traseira;2;;;;;;;;;;4;;;;
12/02/2010;21:19:00;288;sem vítima;288;BR-101/RJ;Sul;Colisão Traseira;1;;1;;;;;;;;3;;;;
13/02/2010;00:01:00;1;com vítima;288;BR-101/RJ;Norte;Queda de Moto;;;;1;;;;;;;0;;2;;
08/04/2010;01:00:00;9;sem vítima;288;BR-101/RJ;Sul;Saida de Pista;;;1;;;;;;;;1;;;;
08/04/2010;04:18:00;22;sem vítima;288;BR-101/RJ;Sul;Choque - Defensa, barreira ou "submarino";;;1;;;;;;;;2;;;;
07/05/2010;12:52:00;130;sem vítima;288;BR-101/RJ;Norte;Colisão Lateral;;;1;;;;;;;1;3;;;;
28/06/2010;00:05:00;1;com vítima;288;BR-101/RJ;Sul;Saida de Pista;1;;;;;;;;;;1;;1;;
28/06/2010;15:31:00;109;sem vítima;288;BR-101/RJ;Sul;Saida de Pista;1;;;;;;;;;;1;;;;
02/07/2010;08:00:00;44;com vítima;288;BR-101/RJ;Norte;Colisão Traseira;2;;;;;;;;;;2;;1;;
09/07/2010;09:03:00;55;com vítima;288;BR-101/RJ;Norte;Capotamento;1;;1;;;;;;;;3;;2;;
20/07/2010;06:01:00;26;sem vítima;288;BR-101/RJ;Norte;Colisão Traseira;2;;;;;;;;;;3;;;;
22/07/2010;07:35:00;40;com vítima;288;BR-101/RJ;Norte;Colisão Traseira;;;1;;;;;;;1;1;2;;;
06/08/2010;20:41:00;173;sem vítima;288;BR-101/RJ;Norte;Colisão Traseira;1;;;;;;;;;1;7;;;;
06/08/2010;21:04:00;179;sem vítima;288;BR-101/RJ;Sul;Colisão Traseira;2;;;;;;;;;;3;;;;
11/08/2010;19:26:00;143;com vítima;288;BR-101/RJ;Sul;Atropelamento - Ciclista;;;1;;;;;;;;1;;;;1
12/08/2010;20:12:00;177;sem vítima;288;BR-101/RJ;Norte;Colisão Traseira;2;;;;;;;;;;4;;;;
16/08/2010;08:08:00;33;sem vítima;288;BR-101/RJ;Norte;Colisão Traseira;2;;;;;;;;;;3;;;;
21/08/2010;13:24:00;97;sem vítima;288;BR-101/RJ;Sul;Colisão Lateral;2;;;;;;;;;;3;;;;
21/08/2010;14:32:00;106;sem vítima;288;BR-101/RJ;Norte;Colisão Lateral;1;;1;;;;;;;;2;;;;
21/08/2010;14:42:00;118;sem vítima;288;BR-101/RJ;Norte;Colisão Lateral;1;;1;;;;;;;;2;;;;
21/08/2010;15:46:00;122;com vítima;288;BR-101/RJ;Sul;Engavetamento;4;;;;;;;;;;3;;;1;
18/09/2010;12:03:00;90;com vítima;288;BR-101/RJ;Sul;Atropelamento - Ciclista;1;1;;;;;;;;;1;;;;1
22/09/2010;12:26:00;103;sem vítima;288;BR-101/RJ;Sul;Colisão Traseira;1;;1;;;;;;;1;7;;;;
03/11/2010;13:32:00;99;sem vítima;288;BR-101/RJ;Sul;Colisão Lateral;1;;1;;;;;;;;3;;;;
08/11/2010;13:13:00;95;sem vítima;288;BR-101/RJ;Sul;Colisão Traseira;1;;;;;1;;;;;2;;;;
11/11/2010;20:37:00;187;sem vítima;288;BR-101/RJ;Norte;Choque - Defensa, barreira ou "submarino";1;;;;;;;;;;1;;;;
12/11/2010;18:27:00;176;sem vítima;288;BR-101/RJ;Sul;Colisão Traseira;2;;;;;;;;;;3;;;;
30/12/2010;13:11:00;90;sem vítima;288;BR-101/RJ;Sul;Saida de Pista;1;;;;;;;;;;3;;;;
05/01/2011;16:50:00;164;sem vítima;288;BR-101/RJ;Sul;Colisão Traseira;1;;;;;1;;;;;4;;;;
08/01/2011;05:58:00;46;sem vítima;288;BR-101/RJ;Sul;Colisão Lateral;1;;;;;;;;;;1;;;;
14/01/2011;22:08:00;201;sem vítima;288;BR-101/RJ;Norte;Engavetamento;1;;2;;;1;;;;;4;;;;