data;horario;n_da_ocorrencia;tipo_de_ocorrencia;km;trecho;sentido;tipo_de_acidente;automovel;bicicleta;caminhao;moto;onibus;outros;tracao_animal;transporte_de_cargas_especiais;trator_maquinas;utilitarios;ilesos;levemente_feridos;moderadamente_feridos;gravemente_feridos;mortos
17/01/2011;11:25:00;95;com vítima;288;BR-101/RJ;Sul;Queda de Moto;;;;1;;;;;;;0;1;;;
17/01/2011;13:29:00;131;sem vítima;288;BR-101/RJ;Norte;Capotamento;;;1;;;;;;;;1;;;;
27/01/2011;16:02:00;153;com vítima;288;BR-101/RJ;Sul;Queda de Moto;;;;1;;;;;;;0;2;;;
20/02/2011;17:47:00;154;com vítima;288;BR-101/RJ;Norte;Colisão Lateral;;;1;1;;;;;;;3;;1;;
25/02/2011;22:30:00;206;com vítima;288;BR-101/RJ;Norte;Atropelamento - Morador;;;;1;;;;;;;0;1;1;;
17/03/2011;17:14:00;123;com vítima;55;BR-101/RJ;Norte;Saida de Pista;;;1;;;;;;;;1;;1;;1
12/05/2011;05:52:00;20;com vítima;288;BR-101/RJ;Sul;Atropelamento - Andarilho;;;1;;;;;;;;1;;;;1
17/05/2011;01:10:00;3;sem vítima;288;BR-101/RJ;Sul;Saida de Pista;1;;;;;;;;;;2;;;;
31/05/2011;18:34:00;142;sem vítima;288;BR-101/RJ;Sul;Engavetamento;1;;2;;;;;;;;5;;;;
31/05/2011;20:02:00;149;sem vítima;288;BR-101/RJ;Sul;Colisão Traseira;1;;;;;1;;;;;2;;;;
21/06/2011;11:48:00;70;sem vítima;288;BR-101/RJ;Norte;Colisão Traseira;;;2;;;;;;;;3;;;;
25/06/2011;13:05:00;84;sem vítima;288;BR-101/RJ;Norte;Queda de Moto;;;;1;;;;;;;2;;;;
26/06/2011;17:43:00;146;com vítima;288,6000061035156;BR-101/RJ;Sul;Atropelamento - Ambulante;;;;1;;;;;;;0;2;1;;
01/08/2011;19:23:00;184;sem vítima;288,8900146484375;BR-101/RJ;Norte;Colisão Traseira;;;1;;1;1;;;;;13;;;;
14/08/2011;18:18:00;137;sem vítima;288;BR-101/RJ;Sul;Engavetamento;3;;;;;;;;;;6;;;;
05/09/2011;17:52:00;138;sem vítima;288;BR-101/RJ;Sul;Tombamento;2;;;;;;;;;;2;;;;
09/10/2011;18:01:00;136;sem vítima;288;BR-101/RJ;Sul;Colisão Traseira;1;;;;;1;;;;;5;;;;
09/10/2011;18:01:00;143;sem vítima;288;BR-101/RJ;Sul;Engavetamento;3;;;;;;;;;;9;;;;
16/10/2011;19:51:00;139;sem vítima;288,5;BR-101/RJ;Sul;Colisão Lateral;1;;;;;1;;;;;3;;;;
21/10/2011;15:49:00;114;sem vítima;288;BR-101/RJ;Norte;Colisão Lateral;;;1;;;;;;;1;3;;;;
19/11/2011;04:16:00;12;sem vítima;288;BR-101/RJ;Sul;Saida de Pista;1;;;;;;;;;;1;;;;
23/11/2011;05:34:00;19;com vítima;288;BR-101/RJ;Sul;Colisão Traseira;1;;;;;1;;;;;3;;1;;
05/12/2011;07:13:00;49;sem vítima;288;BR-101/RJ;Norte;Atropelamento de Animal;1;;;;;1;;;;;3;;;;
18/12/2011;08:39:00;42;sem vítima;288;BR-101/RJ;Norte;Capotamento;1;;;;;;;;;;4;;;;
22/12/2011;07:18:00;37;com vítima;288,5;BR-101/RJ;Sul;Colisão Transversal;3;;;;;;;;;;3;1;;;
31/12/2011;13:18:00;91;com vítima;288;BR-101/RJ;Sul;Capotamento;1;;;;;;;;;;0;2;2;;
16/01/2012;17:14:00;163;sem vítima;288;BR-101/RJ;Norte;Colisão Traseira;1;;1;;;;;;;;6;;;;
21/01/2012;03:53:00;13;com vítima;288;BR-101/RJ;Norte;Colisão Traseira;;;2;;;;;;;;1;;;;1
13/02/2012;21:59:00;201;sem vítima;288;BR-101/RJ;Norte;Colisão Lateral;1;;1;;;;;;;;2;;;;
17/02/2012;02:26:00;19;com vítima;288,2;BR-101/RJ;Norte;Colisão Traseira;;;2;;;;;;;;1;1;;;
21/02/2012;13:33:00;82;sem vítima;288;BR-101/RJ;Sul;Engavetamento;2;;;;;1;;;;;8;;;;
31/03/2012;19:40:00;143;com vítima;288;BR-101/RJ;Sul;Capotamento;1;;;;;;;;;;0;;1;;
02/05/2012;10:30:00;79;sem vítima;288;BR-101/RJ;Sul;Colisão Traseira;2;;;;;;;;;;2;;;;
06/05/2012;20:37:00;125;sem vítima;288;BR-101/RJ;Sul;Colisão Traseira;2;;;;;;;;;;6;;;;
11/05/2012;06:21:00;22;sem vítima;288;BR-101/RJ;Sul;Capotamento;1;;;;;1;;;;;2;;;;
13/05/2012;23:13:00;205;sem vítima;288;BR-101/RJ;Sul;Saida de Pista;1;;;;;;;;;;2;;;;
16/05/2012;17:28:00;149;sem vítima;288;BR-101/RJ;Sul;Colisão Traseira;2;;;;;;;;;;2;;;;
19/05/2012;05:06:00;22;sem vítima;288;BR-101/RJ;Norte;Colisão Traseira;;;1;;;1;;;;;2;;;;
20/05/2012;14:32:00;85;com vítima;288,5;BR-101/RJ;Sul;Atropelamento - Morador;1;;;;;;;;;;1;1;1;;
20/05/2012;14:22:00;83;com vítima;288,8;BR-101/RJ;Sul;Colisão Traseira;2;;;;;;;;;;9;1;;;
23/05/2012;11:30:00;74;sem vítima;288;BR-101/RJ;Norte;Saida de Pista;1;;;;;;;;;;4;;;;
06/07/2012;19:49:00;204;sem vítima;288;BR-101/RJ;Sul;Engavetamento;3;;;;;;;;;;5;;;;
22/07/2012;17:51:00;140;com vítima;288,289;BR-101/RJ;Sul;Saida de Pista;2;;;;;1;;;;;7;3;;;
28/07/2012;02:56:00;23;sem vítima;288,9;BR-101/RJ;Sul;Tombamento;3;;1;;;;;;;1;6;;;;
10/08/2012;05:01:00;17;sem vítima;288;BR-101/RJ;Norte;Saida de Pista;1;;;;;;;;;;1;;;;
22/09/2012;21:57:00;179;com vítima;288;BR-101/RJ;Sul;Capotamento;1;;;;;;;;;;0;3;;;
08/10/2012;01:13:00;8;com vítima;288,95;BR-101/RJ;Sul;Capotamento;1;;;;;;;;;;0;;1;;
12/01/2013;07:35:00;28;sem vítima;288,616;BR-101/RJ;Sul;Saida de Pista;1;;;;;;;;;;5;;;;
14/01/2013;19:32:00;177;sem vítima;288;BR-101/RJ;Norte;Saida de Pista;1;;;;;;;;;;2;;;;
24/01/2013;01:59:00;9;sem vítima;288,9;BR-101/RJ;Norte;Atropelamento de Animal;;;;;;1;;;;1;3;;;;
12/02/2013;07:29:00;28;com vítima;288;BR-101/RJ;Sul;Choque - Outros;1;;;;;;;;;;1;2;;;
22/02/2013;22:47:00;187;com vítima;288,02;BR-101/RJ;Sul;Atropelamento - Ciclista;1;1;;;;;;;;;2;;;1;
12/03/2013;19:45:00;165;com vítima;288,9;BR-101/RJ;Sul;Colisão Traseira;1;;1;;;;;;;;2;;1;;
16/03/2013;05:33:00;32;sem vítima;288,5;BR-101/RJ;Norte;Choque - Outros;1;;;;;;;;;;4;;;;
28/04/2013;18:57:00;127;sem vítima;288;BR-101/RJ;Sul;Engavetamento;3;;;;;;;;;;11;;;;
03/05/2013;18:02:00;152;com vítima;288,65;BR-101/RJ;Sul;Engavetamento;3;;;;;;;;;;2;;1;;
03/05/2013;18:18:00;158;sem vítima;288,65;BR-101/RJ;Sul;Colisão Traseira;2;;;;;;;;;;3;;;;
26/05/2013;09:25:00;49;sem vítima;288;BR-101/RJ;Norte;Colisão Traseira;2;;;;;;;;;;3;;;;
26/05/2013;05:58:00;26;com vítima;288,03;BR-101/RJ;Norte;Colisão Traseira;2;;;;;;;;;;0;1;3;;
01/06/2013;15:06:00;101;com vítima;288,5;BR-101/RJ;Sul;Capotamento;1;;;;;;;;;;1;;2;;
08/06/2013;08:11:00;49;com vítima;288;BR-101/RJ;Norte;Saida de Pista;1;;;;;;;;;;0;1;4;;
27/06/2013;14:55:00;103;sem vítima;288;BR-101/RJ;Sul;Colisão Traseira;;;1;;;1;;;;;3;;;;
03/08/2013;22:34:00;185;com vítima;288,7;BR-101/RJ;Sul;Colisão Lateral;1;;;1;;;;;;;1;1;;;
11/08/2013;17:36:00;122;sem vítima;288;BR-101/RJ;Norte;Colisão Traseira;2;;;;;;;;;;2;;;;
26/09/2013;07:50:00;39;sem vítima;288;BR-101/RJ;Norte;Colisão Traseira;2;;;;;;;;;;2;;;;
20/10/2013;12:04:00;64;sem vítima;288;BR-101/RJ;Norte;Colisão Traseira;2;;;;;;;;;;2;;;;
31/10/2013;06:37:00;17;com vítima;288,691;BR-101/RJ;Norte;Colisão Lateral;1;;;1;;;;;;;2;2;;;
03/12/2013;11:25:00;95;com vítima;288;BR-101/RJ;Norte;Queda de Moto;;;;1;;;;;;;0;;1;;
25/12/2013;16:26:00;124;sem vítima;288,681;BR-101/RJ;Norte;Colisão Lateral;1;;1;;;;;;;;3;;;;
31/01/2014;19:06:00;211;com vítima;288;BR-101/RJ;Norte;Colisão Lateral;1;;;1;;;;;;;2;1;1;;
14/02/2014;05:14:00;30;com vítima;288,691;BR-101/RJ;Norte;Colisão Traseira;1;;;;;1;;;;;2;1;;;
15/02/2014;23:40:00;217;com vítima;288,25;BR-101/RJ;Sul;Choque - Defensa, barreira ou "submarino";1;;;;;;;;;;0;4;;;
26/02/2014;19:21:00;198;com vítima;288;BR-101/RJ;Sul;Colisão Traseira;2;;;;;;;;;;3;1;;;
21/04/2014;12:43:00;81;sem vítima;288;BR-101/RJ;Sul;Colisão Traseira;2;;;;;;;;;;5;;;;
13/05/2014;09:00:00;55;sem vítima;288;BR-101/RJ;Norte;Colisão Traseira;1;;1;;;;;;;;2;;;;
13/09/2014;16:12:00;112;com vítima;288,319;BR-101/RJ;Sul;Colisão Traseira;2;;;;;;;;;;1;1;;2;
07/11/2014;11:14:00;83;sem vítima;288,315;BR-101/RJ;Norte;Colisão Traseira;2;;;;;;;;;;2;;;;
18/11/2014;22:39:00;192;sem vítima;288;BR-101/RJ;Sul;Colisão Lateral;;;1;;1;;;;;;2;;;;
08/12/2014;08:16:00;41;sem vítima;288;BR-101/RJ;Norte;Colisão Traseira;2;;;;;;;;;;6;;;;
08/12/2014;12:30:00;96;sem vítima;288;BR-101/RJ;Norte;Saida de Pista;;;;;;;;;;1;1;;;;
29/12/2014;18:11:00;152;com vítima;288;BR-101/RJ;Sul;Queda de Moto;;;;1;;;;;;;0;2;;;
04/02/2015;10:23:00;84;com vítima;288,054;BR-101/RJ;Norte;Colisão Traseira;;;1;1;;;;;;;1;0;0;1;0
21/04/2015;21:08:00;172;com vítima;288;BR-101/RJ;Sul;Colisão Traseira;1;;;1;;;;;;;1;3;2;;
14/06/2015;18:36:00;137;sem vítima;288;BR-101/RJ;Norte;Engavetamento;2;;;;;1;;;;;6;;;;
31/07/2015;02:43:00;12;com vítima;288,495;BR-101/RJ;Sul;Colisão Lateral;1;;1;;;;;;;;1;2;;;
01/08/2015;01:03:00;6;sem vítima;288;BR-101/RJ;Norte;Colisão Traseira;;;2;;;;;;;;2;;;;
09/11/2015;09:13:00;77;sem vítima;288;BR-101/RJ;Norte;Colisão Traseira;1;;;;;1;;;;;3;;;;
09/11/2015;13:41:00;126;sem vítima;288;BR-101/RJ;Sul;Atropelamento de Animal;;;1;;;;;;;;1;;;;
17/12/2015;12:36:00;151;sem vítima;288,573;BR-101/RJ;Norte;Colisão Lateral;2;;;;;;;;;;4;;;;
22/01/2010;19:47:00;181;sem vítima;289;BR-101/RJ;Sul;Colisão Traseira;4;;;;;;;;;;8;;;;
27/02/2010;11:25:00;72;com vítima;289;BR-101/RJ;Norte;Outros - Sequência;1;;;;;;;;;;0;2;2;;
03/03/2010;19:53:00;167;sem vítima;289;BR-101/RJ;Norte;Colisão Traseira;1;;;;1;;;;;;2;;;;
03/03/2010;20:43:00;175;sem vítima;289;BR-101/RJ;Norte;Colisão Lateral;1;;1;;;;;;;;6;;;;
11/03/2010;11:47:00;86;sem vítima;289;BR-101/RJ;Sul;Colisão Lateral;2;;;;;;;;;;2;;;;
12/03/2010;11:40:00;84;sem vítima;289;BR-101/RJ;Norte;Colisão Traseira;1;;1;;;;;;;;2;;;;
04/05/2010;14:51:00;120;sem vítima;289;BR-101/RJ;Sul;Choque - Defensa, barreira ou "submarino";1;;;;;;;;;;1;;;;
19/07/2010;19:54:00;177;sem vítima;289;BR-101/RJ;Norte;Colisão Traseira;2;;;;;;;;;;3;;;;
21/07/2010;14:54:00;137;sem vítima;289;BR-101/RJ;Norte;Colisão Lateral;1;;1;;;;;;;;7;;;;
22/07/2010;12:40:00;90;sem vítima;289;BR-101/RJ;Sul;Colisão Lateral;1;;1;;;;;;;;3;;;;
01/09/2010;11:27:00;72;sem vítima;289;BR-101/RJ;Norte;Saida de Pista;1;;;;;;;;;;1;;;;
16/09/2010;03:16:00;10;com vítima;289;BR-101/RJ;Sul;Colisão Traseira;;;2;;;1;;;;;1;2;;;1
16/09/2010;03:35:00;11;sem vítima;289;BR-101/RJ;Sul;Colisão Lateral;1;;1;;;;;;;;3;;;;
08/10/2010;04:16:00;19;sem vítima;289;BR-101/RJ;Sul;Saida de Pista;1;;;;;;;;;;1;;;;
18/10/2010;20:15:00;142;sem vítima;289;BR-101/RJ;Norte;Colisão Traseira;2;;;;;;;;;;2;;;;
04/11/2010;14:42:00;107;sem vítima;289;BR-101/RJ;Sul;Colisão Frontal;1;;1;;;;;;;;5;;;;
04/11/2010;15:04:00;115;sem vítima;289;BR-101/RJ;Sul;Engavetamento;2;;1;;;;;;;;4;;;;
04/11/2010;22:50:00;183;com vítima;289;BR-101/RJ;Sul;Queda de Moto;;;;1;;;;;;;0;;1;;
06/11/2010;14:51:00;104;sem vítima;289;BR-101/RJ;Sul;Colisão Traseira;2;;;;;;;;;;2;;;;
08/11/2010;11:20:00;78;com vítima;289;BR-101/RJ;Sul;Colisão Traseira;2;;1;;;;;;;;4;1;2;;
16/11/2010;15:00:00;135;sem vítima;289;BR-101/RJ;Sul;Colisão Traseira;1;;;;;2;;;;;3;;;;
22/11/2010;22:46:00;212;sem vítima;289;BR-101/RJ;Norte;Colisão Lateral;1;;;;;;;;;;1;;;;
28/11/2010;17:54:00;140;sem vítima;289;BR-101/RJ;Sul;Colisão Traseira;1;;1;;;;;;;;2;;;;
04/12/2010;20:42:00;185;com vítima;289;BR-101/RJ;Sul;Choque - Talude;1;;;;;;;;;;0;1;;;
16/12/2010;08:37:00;58;sem vítima;289;BR-101/RJ;Norte;Colisão Lateral;1;;1;;;;;;;;2;;;;
19/12/2010;22:00:00;212;sem vítima;289;BR-101/RJ;Sul;Colisão Traseira;2;;;;;;;;;;4;;;;
22/12/2010;08:40:00;59;sem vítima;289;BR-101/RJ;Norte;Colisão Lateral;;;2;;;;;;;;2;;;;
22/12/2010;13:07:00;115;sem vítima;289;BR-101/RJ;Norte;Choque - Defensa, barreira ou "submarino";1;;;;;;;;;;1;;;;
03/01/2011;03:09:00;44;sem vítima;289;BR-101/RJ;Norte;Saida de Pista;;;1;;;;;;;;1;;;;
04/01/2011;04:34:00;18;sem vítima;289;BR-101/RJ;Norte;Colisão Traseira;1;;1;;;;;;;;2;;;;
26/01/2011;08:33:00;48;com vítima;289;BR-101/RJ;Sul;Capotamento;2;;;;;;;;;;7;;2;;
28/02/2011;19:00:00;193;com vítima;289;BR-101/RJ;Sul;Atropelamento - Morador;;;;1;;;;;;;1;;;2;
17/03/2011;18:26:00;130;com vítima;21;BR-101/RJ;Norte;Colisão Transversal;2;;;;;;;;;;4;;2;;
18/03/2011;00:58:00;5;sem vítima;193;BR-101/RJ;Sul;Colisão Lateral;;;2;;;;;;;;2;;;;
18/03/2011;07:57:00;38;sem vítima;61;BR-101/RJ;Norte;Colisão Lateral;2;;;;;;;;;;2;;;;
18/03/2011;08:08:00;42;sem vítima;317;BR-101/RJ;Sul;Colisão Traseira;2;;;;;;;;;;2;;;;
26/05/2011;17:10:00;137;sem vítima;289;BR-101/RJ;Sul;Colisão Traseira;1;;1;;;;;;;;3;;;;
28/05/2011;17:58:00;124;sem vítima;289;BR-101/RJ;Sul;Colisão Traseira;2;;;;;;;;;;6;;;;
28/05/2011;19:46:00;135;com vítima;289;BR-101/RJ;Sul;Colisão Traseira;1;;;1;;;;;;;2;;1;;
31/05/2011;17:40:00;131;com vítima;289;BR-101/RJ;Sul;Colisão Traseira;2;;;;;;;;;;3;;1;;
17/06/2011;16:39:00;137;sem vítima;289;BR-101/RJ;Sul;Colisão Traseira;2;;;;;;;;;;2;;;;
17/06/2011;16:58:00;141;sem vítima;289;BR-101/RJ;Sul;Colisão Traseira;1;;;;;1;;;;;6;;;;
03/08/2011;19:25:00;131;sem vítima;289;BR-101/RJ;Sul;Colisão Traseira;1;;;;;1;;;;;2;;;;
04/08/2011;15:56:00;116;com vítima;289,79998779296875;BR-101/RJ;Sul;Colisão Traseira;1;;;1;;;;;;;2;1;;;
31/08/2011;22:11:00;170;sem vítima;289;BR-101/RJ;Sul;Saida de Pista;1;;;;;;;;;;1;;;;
01/09/2011;02:29:00;7;sem vítima;289;BR-101/RJ;Sul;Saida de Pista;;;1;;;;;;;;1;;;;
28/09/2011;14:01:00;87;sem vítima;289;BR-101/RJ;Sul;Colisão Traseira;1;;1;;;;;;;;2;;;;
09/10/2011;18:40:00;147;sem vítima;289;BR-101/RJ;Sul;Engavetamento;2;;;;;1;;;;;9;;;;
05/12/2011;07:35:00;54;sem vítima;289;BR-101/RJ;Norte;Colisão Lateral;1;;1;;;;;;;;3;;;;
10/12/2011;01:01:00;11;com vítima;289;BR-101/RJ;Sul;Colisão Traseira;1;;1;;;;;;;;4;1;1;;
14/01/2012;08:30:00;41;sem vítima;289;BR-101/RJ;Norte;Colisão Lateral;1;;;;1;;;;;;2;;;;
22/01/2012;19:00:00;168;com vítima;289;BR-101/RJ;Sul;Colisão Lateral;1;;;1;;;;;;;5;1;;;
30/03/2012;16:13:00;143;sem vítima;289;BR-101/RJ;Sul;Colisão Lateral;;;2;;;;;;;;2;;;;
06/04/2012;20:30:00;183;com vítima;289;BR-101/RJ;Sul;Saida de Pista;1;;;;;;;;;;1;3;;;
02/05/2012;07:44:00;47;com vítima;289;BR-101/RJ;Sul;Colisão Traseira;2;;;;;;;;;;4;1;1;;
15/05/2012;09:29:00;48;sem vítima;289;BR-101/RJ;Sul;Atropelamento de Animal;1;;;;;;;;;;1;;;;
20/07/2012;17:50:00;151;sem vítima;289;BR-101/RJ;Sul;Colisão Traseira;1;;;;;1;;;;;2;;;;
22/10/2012;15:05:00;120;sem vítima;289;BR-101/RJ;Norte;Colisão Traseira;2;;1;;;;;;;;5;;;;
08/12/2012;23:14:00;259;sem vítima;289;BR-101/RJ;Sul;Colisão Traseira;1;;;;1;;;;;;4;;;;
11/12/2012;16:28:00;158;com vítima;289;BR-101/RJ;Sul;Colisão Traseira;1;;1;;;;;;;;3;;1;;
13/12/2012;12:34:00;101;sem vítima;289;BR-101/RJ;Norte;Colisão Traseira;1;;2;;;;;;;;8;;;;
14/12/2012;17:53:00;162;com vítima;289;BR-101/RJ;Norte;Saida de Pista;1;;;;;;;;;;0;1;;;
30/12/2012;11:23:00;99;sem vítima;289;BR-101/RJ;Sul;Colisão Traseira;2;;;;;;;;;;5;;;;
09/02/2013;15:14:00;223;com vítima;289;BR-101/RJ;Norte;Colisão Lateral;1;;;1;;;;;;;4;1;;;
19/02/2013;12:23:00;111;com vítima;289;BR-101/RJ;Sul;Queda de Moto;;;;1;;;;;;;0;1;;;
23/02/2013;15:16:00;140;sem vítima;289;BR-101/RJ;Norte;Colisão Traseira;2;;;;;;;;;;2;;;;
08/03/2013;21:46:00;203;sem vítima;289;BR-101/RJ;Sul;Colisão Traseira;1;;1;;;;;;;;7;;;;
09/03/2013;18:44:00;181;sem vítima;289;BR-101/RJ;Sul;Colisão Traseira;2;;;;;;;;;;4;;;;
09/03/2013;19:25:00;187;sem vítima;289;BR-101/RJ;Sul;Colisão Lateral;1;;1;;;;;;;;3;;;;
22/03/2013;16:38:00;155;sem vítima;289;BR-101/RJ;Sul;Colisão Traseira;2;;;;;;;;;;2;;;;
30/03/2013;18:54:00;131;sem vítima;289;BR-101/RJ;Sul;Colisão Lateral;1;;1;;;;;;;;2;;;;
31/03/2013;16:56:00;125;sem vítima;289;BR-101/RJ;Norte;Colisão Traseira;1;;;;1;;;;;;2;;;;
07/04/2013;01:26:00;13;com vítima;289;BR-101/RJ;Sul;Choque - Defensa, barreira ou "submarino";1;;;;;;;;;;0;1;;;
09/04/2013;15:24:00;133;sem vítima;289,4;BR-101/RJ;Sul;Colisão Traseira;2;;;;;;;;;;4;;;;
10/04/2013;05:16:00;19;com vítima;289;BR-101/RJ;Sul;Atropelamento - Morador;;;;1;;;;;;;0;1;;;1
20/04/2013;17:23:00;135;sem vítima;289;BR-101/RJ;Sul;Colisão Traseira;2;;;;;;;;;;2;;;;
27/04/2013;13:53:00;100;sem vítima;289;BR-101/RJ;Sul;Colisão Lateral;1;;1;;;;;;;;2;;;;
30/04/2013;17:31:00;137;sem vítima;289;BR-101/RJ;Norte;Colisão Traseira;2;;;;;;;;;;7;;;;
11/05/2013;16:32:00;138;sem vítima;289;BR-101/RJ;Sul;Choque - Defensa, barreira ou "submarino";1;;;;;;;;;;2;;;;
11/05/2013;18:20:00;155;sem vítima;289;BR-101/RJ;Sul;Engavetamento;2;;;;;1;;;;;5;;;;
23/05/2013;12:43:00;79;sem vítima;289;BR-101/RJ;Sul;Choque - Defensa, barreira ou "submarino";1;;;;;;;;;;1;;;;
24/05/2013;15:26:00;102;sem vítima;289,48;BR-101/RJ;Sul;Capotamento;;;;;;;;;;1;2;;;;
28/05/2013;05:52:00;17;com vítima;289;BR-101/RJ;Norte;Atropelamento - Ciclista;;1;;1;;;;;;;0;;2;;
08/06/2013;06:46:00;35;com vítima;289;BR-101/RJ;Sul;Colisão Traseira;1;;;;1;;;;;;0;2;;;
09/06/2013;19:24:00;127;sem vítima;289,685;BR-101/RJ;Sul;Colisão Traseira;2;;;;;;;;;;9;;;;
18/06/2013;20:16:00;178;sem vítima;289;BR-101/RJ;Sul;Colisão Lateral;2;;;;;;;;;;2;;;;
28/07/2013;21:27:00;195;sem vítima;289;BR-101/RJ;Norte;Colisão Lateral;1;;;;1;;;;;;2;;;;
04/08/2013;16:28:00;135;sem vítima;289;BR-101/RJ;Sul;Colisão Lateral;2;;;;;;;;;;2;;;;
16/08/2013;15:51:00;126;sem vítima;289;BR-101/RJ;Norte;Colisão Traseira;1;;1;;;;;;;;2;;;;
23/08/2013;19:07:00;170;sem vítima;289;BR-101/RJ;Norte;Colisão Traseira;1;;1;;;;;;;;2;;;;
14/09/2013;09:37:00;68;sem vítima;289;BR-101/RJ;Sul;Colisão Traseira;2;;;;;;;;;;5;;;;
04/10/2013;09:30:00;68;com vítima;289,8;BR-101/RJ;Norte;Tombamento;;;1;;;;;;;;1;;1;;
06/10/2013;16:58:00;97;sem vítima;289;BR-101/RJ;Norte;Colisão Traseira;2;;;;;;;;;;7;;;;
13/10/2013;14:17:00;98;com vítima;289;BR-101/RJ;Sul;Saida de Pista;1;;;;;;;;;;0;;;;1
14/10/2013;22:53:00;218;sem vítima;289;BR-101/RJ;Sul;Atropelamento de Animal;;;;;1;;;;;;2;;;;
15/10/2013;10:56:00;85;sem vítima;289,828;BR-101/RJ;Norte;Colisão Traseira;2;;;;;;;;;;5;;;;
02/11/2013;10:57:00;91;sem vítima;289,633;BR-101/RJ;Norte;Colisão Lateral;2;;;;;;;;;;6;;;;
15/12/2013;10:03:00;49;com vítima;289,086;BR-101/RJ;Sul;Capotamento;1;;;;;;;;;;0;1;;1;
25/12/2013;01:53:00;12;com vítima;289;BR-101/RJ;Sul;Capotamento;1;;;;;;;;;;3;;1;;
23/01/2014;21:43:00;198;sem vítima;289;BR-101/RJ;Norte;Colisão Traseira;;;1;;;;;;;1;7;;;;
22/03/2014;23:13:00;196;sem vítima;289;BR-101/RJ;Norte;Outros - Sequência;2;;;;;;;;;;3;;;;
02/04/2014;10:30:00;84;sem vítima;289;BR-101/RJ;Norte;Engavetamento;2;;1;;;;;;;;3;;;;
15/04/2014;12:33:00;93;sem vítima;289,26;BR-101/RJ;Norte;Choque - Outros;1;;;;;;;;;;2;;;;
31/05/2014;13:24:00;82;com vítima;289,278;BR-101/RJ;Sul;Capotamento;1;;;;;;;;;;0;;1;;
10/06/2014;11:00:00;76;com vítima;289;BR-101/RJ;Sul;Choque - Defensa, barreira ou "submarino";1;;;;;;;;;;0;1;;;
10/07/2014;21:34:00;161;com vítima;289,097;BR-101/RJ;Norte;Colisão Lateral;1;;1;;;;;;;;4;1;;;
20/07/2014;01:57:00;20;com vítima;289,9;BR-101/RJ;Sul;Capotamento;1;;;;;;;;;;0;1;;;
28/07/2014;05:35:00;19;sem vítima;289;BR-101/RJ;Sul;Engavetamento;1;;;;;2;;;;1;4;;;;
04/08/2014;08:21:00;53;sem vítima;289;BR-101/RJ;Sul;Engavetamento;2;;;;;1;;;;;4;;;;
06/08/2014;23:24:00;169;com vítima;289;BR-101/RJ;Sul;Queda de Moto;;;;1;;;;;;;0;1;;;
21/08/2014;20:37:00;171;com vítima;289,366;BR-101/RJ;Norte;Engavetamento;1;;;1;;1;;;;;4;2;;;
23/08/2014;11:57:00;98;sem vítima;289;BR-101/RJ;Norte;Colisão Lateral;2;;;;;;;;;;4;;;;
02/09/2014;07:29:00;30;sem vítima;289;BR-101/RJ;Norte;Colisão Traseira;2;;;;;;;;;;3;;;;
20/09/2014;19:37:00;160;com vítima;289,7;BR-101/RJ;Sul;Outros - Sequência;2;;;1;;;;;;;2;3;;;
08/10/2014;12:32:00;93;com vítima;289;BR-101/RJ;Norte;Queda de Moto;;;;;;1;;;;;1;1;;;
20/10/2014;00:04:00;1;sem vítima;289;BR-101/RJ;Norte;Choque - Defensa, barreira ou "submarino";1;;;;;;;;;;5;;;;
25/10/2014;12:09:00;79;com vítima;289,185;BR-101/RJ;Sul;Queda de Moto;;;;1;;;;;;;0;;1;;
04/12/2014;12:31:00;96;sem vítima;289;BR-101/RJ;Norte;Engavetamento;3;;;;;1;;;;;8;;;;
16/12/2014;06:43:00;20;sem vítima;289;BR-101/RJ;Sul;Colisão Traseira;2;;;;;;;;;;2;;;;
21/12/2014;16:03:00;118;sem vítima;289;BR-101/RJ;Norte;Capotamento;1;;;;;;;;;;1;;;;
10/01/2015;22:04:00;209;sem vítima;289;BR-101/RJ;Sul;Colisão Traseira;1;;1;;;;;;;;5;;;;
17/01/2015;18:14:00;157;sem vítima;289;BR-101/RJ;Sul;Choque - Defensa, barreira ou "submarino";2;;;;;;;;;;2;;;;
23/01/2015;21:28:00;190;com vítima;289;BR-101/RJ;Sul;Queda de Moto;;;;1;;;;;;;0;1;;;
31/01/2015;15:42:00;101;sem vítima;289;BR-101/RJ;Sul;Colisão Traseira;1;;;;1;;;;;;3;;;;
15/02/2015;05:47:00;32;com vítima;289;BR-101/RJ;Norte;Queda de Moto;1;;;1;;;;;;;1;0;2;0;0
23/04/2015;17:31:00;143;sem vítima;289;BR-101/RJ;Sul;Choque - Defensa, barreira ou "submarino";1;;;;;;;;;;1;;;;
10/05/2015;16:21:00;114;sem vítima;289;BR-101/RJ;Sul;Choque - Defensa, barreira ou "submarino";1;;;;;;;;;;1;;;;
13/05/2015;17:29:00;141;com vítima;289;BR-101/RJ;Sul;Saida de Pista;1;;;;;;;;;;0;2;;;
22/05/2015;15:27:00;146;sem vítima;289;BR-101/RJ;Sul;Colisão Traseira;2;;;;;;;;;;4;;;;
26/05/2015;16:19:00;143;com vítima;289;BR-101/RJ;Norte;Queda de Moto;;;;1;;;;;;;1;;1;;
26/05/2015;16:30:00;151;sem vítima;289;BR-101/RJ;Norte;Colisão Lateral;1;;1;;;;;;;;2;;;;
27/05/2015;06:23:00;13;sem vítima;289;BR-101/RJ;Norte;Outros - Sequência;;;1;;1;;;;;;3;;;;
27/05/2015;09:02:00;54;sem vítima;289;BR-101/RJ;Norte;Colisão Traseira;;;2;;;;;;;;2;;;;