data;horario;n_da_ocorrencia;tipo_de_ocorrencia;km;trecho;sentido;tipo_de_acidente;automovel;bicicleta;caminhao;moto;onibus;outros;tracao_animal;transporte_de_cargas_especiais;trator_maquinas;utilitarios;ilesos;levemente_feridos;moderadamente_feridos;gravemente_feridos;mortos
29/05/2015;22:50:00;176;sem vítima;289,667;BR-101/RJ;Norte;Engavetamento;3;;1;;;;;;;;8;;;;
29/05/2015;21:36:00;165;com vítima;289,808;BR-101/RJ;Norte;Engavetamento;3;;;;;;;;;;4;;1;;
01/06/2015;06:48:00;21;com vítima;289,556;BR-101/RJ;Norte;Colisão Transversal;1;;;1;;;;;;;2;1;;;
05/06/2015;08:31:00;39;sem vítima;289;BR-101/RJ;Norte;Colisão Traseira;2;;;;;;;;;;5;;;;
05/06/2015;18:43:00;145;sem vítima;289;BR-101/RJ;Norte;Engavetamento;3;;;;;;;;;;10;;;;
11/06/2015;20:09:00;198;sem vítima;289;BR-101/RJ;Norte;Colisão Lateral;1;;1;;;;;;;;3;;;;
11/07/2015;08:19:00;47;com vítima;289;BR-101/RJ;Norte;Outros - Sequência;3;;1;;;;;;;;8;1;;;
18/08/2015;21:48:00;194;com vítima;289;BR-101/RJ;Norte;Capotamento;2;;;;;;;;;;0;2;;;
01/10/2015;03:12:00;9;sem vítima;289;BR-101/RJ;Norte;Capotamento;1;;;;;1;;;;;2;;;;
07/10/2015;02:31:00;10;sem vítima;289;BR-101/RJ;Norte;Colisão Traseira;1;;1;;;;;;;;4;;;;
20/10/2015;17:54:00;192;sem vítima;289;BR-101/RJ;Sul;Colisão Traseira;2;;;;;;;;;;2;;;;
01/11/2015;22:44:00;172;sem vítima;289;BR-101/RJ;Sul;Saida de Pista;1;;;;;;;;;;1;;;;
01/11/2015;10:20:00;69;sem vítima;289,5;BR-101/RJ;Sul;Choque - Defensa, barreira ou "submarino";1;;;;;;;;;;4;;;;
07/11/2015;18:25:00;146;com vítima;289,41;BR-101/RJ;Sul;Colisão Traseira;2;;;;;;;;;;6;1;;;
29/11/2015;11:23:00;85;sem vítima;289;BR-101/RJ;Sul;Colisão Traseira;1;;;;;;;;;1;4;;;;
13/02/2010;07:42:00;124;sem vítima;290;BR-101/RJ;Norte;Colisão Traseira;2;;;;;;;;;;2;;;;
31/05/2010;17:34:00;143;com vítima;290;BR-101/RJ;Norte;Atropelamento - Morador;1;;;;;;;;;;1;;;1;
06/06/2010;16:40:00;114;sem vítima;290;BR-101/RJ;Sul;Colisão Traseira;1;;;;;;;;;1;2;;;;
05/07/2010;05:18:00;23;sem vítima;290;BR-101/RJ;Norte;Capotamento;1;;;;;;;;;;1;;;;
09/07/2010;21:45:00;172;sem vítima;290;BR-101/RJ;Norte;Colisão Traseira;2;;;;;;;;;;3;;;;
29/07/2010;10:23:00;80;sem vítima;290;BR-101/RJ;Norte;Saida de Pista;;;1;;;;;;;;1;;;;
21/08/2010;11:11:00;83;com vítima;290;BR-101/RJ;Sul;Queda de Moto;;;;1;;;;;;;0;;1;;
22/09/2010;12:05:00;95;sem vítima;290;BR-101/RJ;Sul;Colisão Lateral;1;;1;;;;;;;;2;;;;
19/11/2010;20:31:00;195;sem vítima;290;BR-101/RJ;Sul;Colisão Traseira;1;;;;;;;;;1;3;;;;
19/11/2010;20:51:00;199;sem vítima;290;BR-101/RJ;Sul;Colisão Traseira;1;;;;;;;;;1;4;;;;
06/12/2010;12:05:00;129;sem vítima;290;BR-101/RJ;Sul;Colisão Traseira;1;;1;;;;;;;;2;;;;
09/12/2010;16:04:00;105;sem vítima;290;BR-101/RJ;Sul;Colisão Lateral;;;2;;;;;;;;2;;;;
12/12/2010;20:48:00;181;sem vítima;290;BR-101/RJ;Sul;Colisão Traseira;2;;;;;;;;;;3;;;;
30/12/2010;12:43:00;86;sem vítima;290;BR-101/RJ;Sul;Colisão Traseira;;;1;;;;;;;1;4;;;;
07/01/2011;17:13:00;154;sem vítima;290;BR-101/RJ;Sul;Colisão Traseira;;;1;;;;;;;1;4;;;;
09/02/2011;13:12:00;92;com vítima;290,3999938964844;BR-101/RJ;Sul;Colisão Traseira;2;;1;;;;;;;;0;4;;;
21/02/2011;15:27:00;142;com vítima;290;BR-101/RJ;Sul;Capotamento;1;;;;;;;;;;2;;2;;
18/03/2011;08:18:00;45;com vítima;311,1499938964844;BR-101/RJ;Sul;Atropelamento - Morador;1;;;;;;;;;;2;;1;;
18/03/2011;09:31:00;56;sem vítima;54;BR-101/RJ;Sul;Objeto lançado contra veículo;1;;1;;;;;;;;4;;;;
18/03/2011;23:55:00;217;sem vítima;311;BR-101/RJ;Norte;Capotamento;1;;;;;;;;;;1;;;;
19/03/2011;01:16:00;7;com vítima;63;BR-101/RJ;Norte;Saida de Pista;1;;;;;;;;;;1;1;;;
22/05/2011;19:40:00;157;sem vítima;290;BR-101/RJ;Sul;Engavetamento;2;;;;;;;;;1;3;;;;
13/06/2011;15:54:00;128;sem vítima;290;BR-101/RJ;Sul;Saida de Pista;1;;;;;;;;;;2;;;;
04/09/2011;17:50:00;102;com vítima;290;BR-101/RJ;Sul;Capotamento;1;;;;;;;;;;3;3;;;
31/10/2011;20:40:00;159;sem vítima;290;BR-101/RJ;Sul;Colisão Traseira;1;;;;;;;;;1;2;;;;
28/11/2011;10:58:00;76;sem vítima;290;BR-101/RJ;Norte;Saida de Pista;1;;;;;;;;;;1;;;;
17/12/2011;14:01:00;103;sem vítima;290;BR-101/RJ;Sul;Saida de Pista;;;;;;;;;;1;1;;;;
03/01/2012;17:03:00;190;sem vítima;290;BR-101/RJ;Sul;Colisão Traseira;3;;;;;;;;;;5;;;;
18/03/2012;18:32:00;122;sem vítima;290;BR-101/RJ;Sul;Engavetamento;3;;;;;;;;;;12;;;;
25/03/2012;19:29:00;140;sem vítima;290;BR-101/RJ;Sul;Colisão Traseira;2;;;;;1;;;;;5;;;;
03/04/2012;05:51:00;16;sem vítima;290,8;BR-101/RJ;Sul;Saida de Pista;1;;;;;;;;;;3;;;;
12/08/2012;23:25:00;204;sem vítima;290;BR-101/RJ;Norte;Colisão Traseira;;;1;;;;;;;1;2;;;;
06/09/2012;09:29:00;48;com vítima;290,371;BR-101/RJ;Sul;Colisão Traseira;1;;;;;;;;;1;1;2;;;
06/09/2012;09:55:00;60;sem vítima;290,5;BR-101/RJ;Sul;Colisão Traseira;2;;1;;;;;;;;8;;;;
06/09/2012;09:55:00;59;com vítima;290,7;BR-101/RJ;Sul;Colisão Traseira;2;;1;;;;;;;;2;1;;;
22/12/2012;12:42:00;132;sem vítima;290;BR-101/RJ;Norte;Capotamento;1;;;;;;;;;;1;;;;
09/02/2013;04:24:00;60;sem vítima;290;BR-101/RJ;Sul;Engavetamento;1;;1;;;1;;;;;5;;;;
09/02/2013;09:18:00;122;sem vítima;290,5;BR-101/RJ;Norte;Colisão Lateral;1;;1;;;;;;;;4;;;;
31/03/2013;03:45:00;18;com vítima;290,826;BR-101/RJ;Sul;Capotamento;1;;;;;;;;;;0;1;2;;
11/04/2013;11:54:00;82;sem vítima;290;BR-101/RJ;Norte;Queda de Moto;;;;1;;;;;;;1;;;;
10/05/2013;15:14:00;103;sem vítima;290;BR-101/RJ;Sul;Colisão Traseira;2;;;;;;;;;;3;;;;
12/05/2013;17:10:00;112;sem vítima;290;BR-101/RJ;Norte;Colisão Lateral;2;;;;;;;;;;2;;;;
07/07/2013;04:40:00;22;com vítima;290,286;BR-101/RJ;Norte;Colisão Traseira;1;;;1;;;;;;;1;1;;;
27/07/2013;05:32:00;24;sem vítima;290,303;BR-101/RJ;Norte;Saida de Pista;1;;;;;;;;;;1;;;;
14/08/2013;12:46:00;104;sem vítima;290,02;BR-101/RJ;Norte;Engavetamento;;;4;;;;;;;;4;;;;
11/09/2013;11:59:00;65;sem vítima;290;BR-101/RJ;Norte;Colisão Lateral;1;;1;;;;;;;;2;;;;
28/09/2013;07:59:00;45;sem vítima;290;BR-101/RJ;Norte;Engavetamento;3;;;;;;;;;;3;;;;
08/10/2013;13:13:00;101;sem vítima;290,265;BR-101/RJ;Sul;Colisão Traseira;2;;;;;;;;;;3;;;;
13/10/2013;16:07:00;121;sem vítima;290;BR-101/RJ;Norte;Colisão Traseira;2;;;;;;;;;;2;;;;
13/11/2013;16:27:00;118;sem vítima;290,2;BR-101/RJ;Norte;Colisão Traseira;2;;;;;;;;;;10;;;;
28/02/2014;13:04:00;135;sem vítima;290,97;BR-101/RJ;Sul;Colisão Traseira;1;;1;;;;;;;;3;;;;
04/03/2014;16:18:00;118;sem vítima;290;BR-101/RJ;Sul;Colisão Traseira;2;;;;;;;;;;2;;;;
18/04/2014;16:54:00;192;sem vítima;290;BR-101/RJ;Sul;Colisão Traseira;2;;;;;;;;;;2;;;;
20/04/2014;05:27:00;19;sem vítima;290;BR-101/RJ;Norte;Choque - Defensa, barreira ou "submarino";1;;;;;;;;;;1;;;;
25/04/2014;18:20:00;119;sem vítima;290;BR-101/RJ;Sul;Colisão Traseira;1;;;;1;;;;;;2;;;;
13/07/2014;12:17:00;58;sem vítima;290;BR-101/RJ;Sul;Colisão Lateral;1;;1;;;;;;;;3;;;;
17/07/2014;07:14:00;38;sem vítima;290;BR-101/RJ;Sul;Choque - Defensa, barreira ou "submarino";1;;;;;1;;;;;2;;;;
20/09/2014;23:21:00;185;sem vítima;290;BR-101/RJ;Sul;Colisão Traseira;1;;;;;1;;;;;3;;;;
27/09/2014;00:01:00;1;sem vítima;290;BR-101/RJ;Norte;Outros - Sequência;2;;;;;1;;;;;5;;;;
18/10/2014;20:41:00;174;sem vítima;290,5;BR-101/RJ;Norte;Colisão Lateral;2;;;;;;;;;;3;;;;
16/12/2014;10:50:00;58;sem vítima;290;BR-101/RJ;Sul;Colisão Traseira;2;;;;;;;;;;3;;;;
10/01/2015;21:41:00;206;com vítima;290;BR-101/RJ;Sul;Engavetamento;3;;;;;;;;;;4;3;;;
17/01/2015;06:47:00;38;sem vítima;290;BR-101/RJ;Norte;Colisão Lateral;1;;1;;;;;;;;2;;;;
16/05/2015;11:31:00;95;sem vítima;290;BR-101/RJ;Sul;Choque - Defensa, barreira ou "submarino";1;;;;;;;;;;2;;;;
21/05/2015;02:10:00;11;com vítima;290,313;BR-101/RJ;Sul;Choque - Defensa, barreira ou "submarino";1;;;;;;;;;;3;1;;;
05/06/2015;08:54:00;43;sem vítima;290;BR-101/RJ;Norte;Colisão Lateral;1;;;;;;;;;1;2;;;;
12/06/2015;22:34:00;213;sem vítima;290;BR-101/RJ;Sul;Saida de Pista;1;;;;;;;;;;1;;;;
20/08/2015;07:38:00;40;sem vítima;290,57;BR-101/RJ;Sul;Colisão Lateral;2;;1;;;;;;;;6;;;;
15/10/2015;12:05:00;107;sem vítima;290;BR-101/RJ;Norte;Colisão Lateral;;;;1;1;;;;;;3;;;;
19/10/2015;12:51:00;85;com vítima;290,154;BR-101/RJ;Sul;Queda de Moto;;;;1;;;;;;;0;1;1;;
26/10/2015;17:40:00;165;sem vítima;290;BR-101/RJ;Sul;Colisão Traseira;2;;;;;;;;;;3;;;;
26/11/2015;13:50:00;128;sem vítima;290;BR-101/RJ;Norte;Colisão Lateral;1;;1;;;;;;;;3;;;;
12/12/2015;11:02:00;99;sem vítima;290,867;BR-101/RJ;Sul;Choque - Defensa, barreira ou "submarino";1;;;;;1;;;;;2;;;;
25/12/2015;18:47:00;144;com vítima;290;BR-101/RJ;Sul;Colisão Traseira;2;;;;;;;;;;6;1;;;
27/01/2010;11:36:00;65;sem vítima;291;BR-101/RJ;Sul;Colisão Traseira;2;;;;;1;;;;;7;;;;
04/02/2010;17:46:00;172;com vítima;291;BR-101/RJ;Norte;Engavetamento;4;;1;;;;;;;;11;;1;;
10/02/2010;14:22:00;133;sem vítima;291;BR-101/RJ;Sul;Choque - Defensa, barreira ou "submarino";1;;;;;1;;;;;2;;;;
16/02/2010;18:07:00;219;sem vítima;291;BR-101/RJ;Sul;Engavetamento;3;;;;;;;;;;6;;;;
17/02/2010;11:41:00;115;sem vítima;291;BR-101/RJ;Sul;Colisão Traseira;4;;;;;;;;;;13;;;;
26/02/2010;13:30:00;100;sem vítima;291;BR-101/RJ;Norte;Saida de Pista;;;1;;;;;;;;2;;;;
06/06/2010;16:29:00;113;sem vítima;291;BR-101/RJ;Sul;Colisão Traseira;2;;;;;;;;;;3;;;;
02/07/2010;14:24:00;97;com vítima;291,79998779296875;BR-101/RJ;Sul;Choque - Defensa, barreira ou "submarino";1;;1;;;;;;;;0;2;1;;
03/07/2010;14:36:00;106;sem vítima;291;BR-101/RJ;Norte;Colisão Traseira;;;;;1;;;;;1;2;;;;
15/07/2010;10:56:00;65;com vítima;291;BR-101/RJ;Norte;Queda de Moto;;;;1;;;;;;;0;1;;;
16/07/2010;15:29:00;145;sem vítima;291;BR-101/RJ;Norte;Colisão Traseira;1;;1;;;;;;;;4;;;;
24/07/2010;16:54:00;160;sem vítima;291;BR-101/RJ;Norte;Colisão Traseira;2;;;;;;;;;;2;;;;
01/08/2010;18:42:00;175;sem vítima;291;BR-101/RJ;Norte;Colisão Traseira;;;;;2;;;;;;94;;;;
12/11/2010;12:41:00;91;com vítima;291;BR-101/RJ;Sul;Engavetamento;2;;1;;;;;;;;4;2;;;
19/11/2010;07:36:00;53;sem vítima;291;BR-101/RJ;Sul;Colisão Traseira;2;;;;;;;;;;4;;;;
20/11/2010;10:40:00;82;com vítima;291;BR-101/RJ;Sul;Colisão Traseira;2;;;;;;;;;;0;4;2;;
21/11/2010;12:41:00;82;sem vítima;291;BR-101/RJ;Sul;Colisão Traseira;4;;;;;;;;;;11;;;;
26/11/2010;17:43:00;141;sem vítima;291;BR-101/RJ;Sul;Colisão Traseira;1;;1;;;;;;;;4;;;;
06/12/2010;11:58:00;125;sem vítima;291;BR-101/RJ;Sul;Colisão Traseira;;;3;;;;;;;;3;;;;
06/12/2010;12:12:00;133;sem vítima;291;BR-101/RJ;Norte;Colisão Traseira;2;;;;;;;;;;2;;;;
13/12/2010;11:22:00;95;sem vítima;291;BR-101/RJ;Sul;Colisão Traseira;1;;2;;;;;;;1;7;;;;
17/12/2010;13:29:00;111;sem vítima;291;BR-101/RJ;Sul;Colisão Traseira;1;;1;;;;;;;;3;;;;
04/01/2011;13:10:00;129;sem vítima;291;BR-101/RJ;Sul;Colisão Traseira;3;;;;;;;;;;6;;;;
04/01/2011;18:26:00;187;sem vítima;291;BR-101/RJ;Sul;Colisão Traseira;2;;1;;;;;;;;6;;;;
04/01/2011;18:26:00;192;sem vítima;291;BR-101/RJ;Sul;Colisão Traseira;2;;;;;;;;;;4;;;;
05/02/2011;17:43:00;172;sem vítima;291;BR-101/RJ;Sul;Engavetamento;3;;;;;;;;;;19;;;;
06/02/2011;17:34:00;151;sem vítima;291;BR-101/RJ;Sul;Engavetamento;4;;;;;1;;;;1;12;;;;
20/02/2011;17:19:00;148;sem vítima;291;BR-101/RJ;Sul;Colisão Traseira;2;;;;;;;;;;3;;;;
19/03/2011;06:12:00;23;com vítima;233;BR-101/RJ;Norte;Colisão Frontal;1;;1;;;;;;;;4;;1;;
22/05/2011;19:07:00;151;sem vítima;291;BR-101/RJ;Sul;Colisão Traseira;1;;;;;1;;;;;2;;;;
28/05/2011;12:48:00;85;sem vítima;291;BR-101/RJ;Sul;Saida de Pista;1;;;;;;;;;;3;;;;
26/06/2011;16:03:00;116;com vítima;291,6000061035156;BR-101/RJ;Sul;Saida de Pista;1;;;;;;;;;;2;1;;1;
11/08/2011;13:56:00;103;sem vítima;291,20001220703125;BR-101/RJ;Norte;Saida de Pista;;;;;;;;;;1;2;;;;
14/08/2011;17:29:00;125;sem vítima;291,8999938964844;BR-101/RJ;Sul;Engavetamento;3;;;;;;;;;;9;;;;
20/08/2011;04:28:00;25;com vítima;291,20001220703125;BR-101/RJ;Sul;Capotamento;1;;;;;;;;;;0;;3;;
20/08/2011;04:10:00;21;com vítima;291,5;BR-101/RJ;Sul;Colisão Traseira;1;;;;;;;;;;0;;1;;
05/09/2011;15:51:00;114;sem vítima;291;BR-101/RJ;Sul;Colisão Traseira;1;;1;;;;;;;;2;;;;
22/10/2011;12:19:00;71;sem vítima;291;BR-101/RJ;Norte;Colisão Lateral;;;;;1;1;;;;;2;;;;
15/11/2011;16:27:00;116;com vítima;291,29998779296875;BR-101/RJ;Sul;Colisão Traseira;2;;;1;;;;;;;6;;1;;
09/01/2012;12:10:00;93;sem vítima;291,8;BR-101/RJ;Sul;Colisão Traseira;2;;;;;;;;;;5;;;;
14/02/2012;07:41:00;36;sem vítima;291;BR-101/RJ;Norte;Colisão Traseira;2;;;;;;;;;;2;;;;
18/02/2012;15:23:00;228;sem vítima;291;BR-101/RJ;Norte;Colisão Traseira;1;;1;;;;;;;;2;;;;
22/02/2012;17:20:00;180;com vítima;291;BR-101/RJ;Sul;Atropelamento - Andarilho;;;;1;;;;;;;1;;;1;
25/02/2012;16:17:00;135;sem vítima;291;BR-101/RJ;Sul;Outros - Sequência;4;;;;;;;;;;13;;;;
25/03/2012;16:50:00;107;sem vítima;291;BR-101/RJ;Sul;Engavetamento;3;;;;;;;;;;11;;;;
23/04/2012;17:35:00;120;sem vítima;291,7;BR-101/RJ;Sul;Engavetamento;5;;;;;;;;;;14;;;;
10/05/2012;17:18:00;157;sem vítima;291;BR-101/RJ;Norte;Atropelamento de Animal;1;;;;;;;;;;2;;;;
31/05/2012;14:37:00;127;com vítima;291;BR-101/RJ;Sul;Saida de Pista;1;;;;;;;;;;0;;1;;
17/07/2012;10:19:00;79;sem vítima;291;BR-101/RJ;Sul;Colisão Traseira;2;;;;;;;;;;5;;;;
25/08/2012;21:55:00;184;com vítima;291,09;BR-101/RJ;Sul;Queda de Moto;;;;1;;;;;;;0;;;1;
11/09/2012;10:54:00;68;com vítima;291,915;BR-101/RJ;Sul;Engavetamento;3;;;;;;;;;;5;1;;;
04/10/2012;06:47:00;36;sem vítima;291;BR-101/RJ;Norte;Saida de Pista;1;;;;;;;;;;1;;;;
20/10/2012;04:46:00;21;com vítima;291,376;BR-101/RJ;Norte;Colisão Lateral;1;;1;;;;;;;;1;1;;;
29/10/2012;03:11:00;17;com vítima;291,858;BR-101/RJ;Sul;Choque - Defensa, barreira ou "submarino";1;;;;;;;;;;0;;2;;
07/12/2012;14:28:00;173;com vítima;291;BR-101/RJ;Sul;Colisão Traseira;;;;1;;;;;;1;2;1;1;;
18/01/2013;22:36:00;212;com vítima;291,4;BR-101/RJ;Sul;Colisão Lateral;1;;;1;;;;;;;3;;;;1
01/03/2013;19:33:00;161;sem vítima;291;BR-101/RJ;Sul;Colisão Traseira;;;2;;;;;;;;2;;;;
19/03/2013;09:54:00;61;sem vítima;291;BR-101/RJ;Norte;Colisão Traseira;2;;;;;;;;;;2;;;;
17/04/2013;22:17:00;172;sem vítima;291,7;BR-101/RJ;Sul;Engavetamento;5;;1;;;1;;;;;9;;;;
23/04/2013;17:23:00;143;com vítima;291;BR-101/RJ;Sul;Colisão Traseira;1;;1;;;;;;;;4;1;;;
13/07/2013;11:52:00;95;sem vítima;291,65;BR-101/RJ;Norte;Colisão Traseira;2;;;;;;;;;;4;;;;
23/08/2013;06:07:00;20;sem vítima;291;BR-101/RJ;Sul;Colisão Lateral;1;;;;1;;;;;;2;;;;
31/08/2013;09:43:00;63;sem vítima;291;BR-101/RJ;Norte;Colisão Traseira;1;;1;;;;;;;;5;;;;
03/09/2013;07:09:00;36;com vítima;291,296;BR-101/RJ;Sul;Capotamento;1;;;;;;;;;;0;2;;;
21/09/2013;18:16:00;147;com vítima;291;BR-101/RJ;Norte;Saida de Pista;1;;;;;;;;;;0;1;;;
02/10/2013;09:15:00;58;com vítima;291,613;BR-101/RJ;Sul;Colisão Traseira;1;;;;;;;;;1;4;1;2;;
02/11/2013;20:42:00;185;com vítima;291,803;BR-101/RJ;Norte;Atropelamento de Animal;1;;;;;;;;;1;3;3;3;;
15/11/2013;11:35:00;94;sem vítima;291,7;BR-101/RJ;Sul;Choque - Defensa, barreira ou "submarino";1;;;;;;;;;;2;;;;
20/12/2013;06:22:00;27;com vítima;291,3;BR-101/RJ;Sul;Saida de Pista;1;;;;;;;;;;0;1;;;
20/01/2014;12:31:00;87;sem vítima;291,65;BR-101/RJ;Sul;Engavetamento;3;;;;;;;;;;5;;;;
22/01/2014;15:59:00;131;sem vítima;291;BR-101/RJ;Norte;Engavetamento;3;;;;;;;;;;4;;;;
17/03/2014;14:04:00;138;sem vítima;291;BR-101/RJ;Sul;Colisão Traseira;;;1;;1;;;;;;4;;;;
14/04/2014;04:54:00;17;com vítima;291;BR-101/RJ;Sul;Saida de Pista;1;;;;;;;;;;0;1;;;
21/04/2014;11:08:00;65;sem vítima;291,482;BR-101/RJ;Sul;Engavetamento;2;;;;;1;;;;;8;;;;
20/08/2014;14:26:00;104;sem vítima;291;BR-101/RJ;Sul;Colisão Traseira;1;;;;;1;;;;;4;;;;
06/09/2014;14:04:00;106;com vítima;291,8;BR-101/RJ;Norte;Saida de Pista;1;;;;;;;;;;0;1;;;
28/09/2014;18:22:00;111;sem vítima;291,846;BR-101/RJ;Sul;Colisão Traseira;2;;;;;;;;;;8;;;;
30/09/2014;09:46:00;60;sem vítima;291;BR-101/RJ;Sul;Colisão Traseira;1;;1;;;;;;;;4;;;;
19/10/2014;01:38:00;3;sem vítima;291;BR-101/RJ;Sul;Saida de Pista;1;;;;;;;;;;1;;;;
03/11/2014;03:23:00;19;sem vítima;291;BR-101/RJ;Sul;Atropelamento de Animal;;;1;;;;;;;;1;;;;
23/12/2014;14:38:00;118;com vítima;291;BR-101/RJ;Sul;Saida de Pista;;;1;;;;;;;;0;2;;;
27/12/2014;03:59:00;12;sem vítima;291;BR-101/RJ;Sul;Choque - Defensa, barreira ou "submarino";1;;;;;1;;;;;2;;;;
06/01/2015;19:04:00;125;com vítima;291;BR-101/RJ;Norte;Queda de Moto;;;;1;;;;;;;0;1;;;
04/02/2015;16:16:00;133;sem vítima;291;BR-101/RJ;Sul;Colisão Lateral;1;;1;;;;;;;;2;0;0;0;0
09/02/2015;15:07:00;122;com vítima;291;BR-101/RJ;Sul;Choque - Veiculo parado no acostamento;1;;1;;;;;;;;1;2;0;0;0
13/02/2015;18:20:00;191;com vítima;291;BR-101/RJ;Sul;Queda de Moto;;;;1;;;;;;;0;2;0;0;0
21/02/2015;11:45:00;82;sem vítima;291,3;BR-101/RJ;Sul;Colisão Traseira;2;;;;;;;;;;4;0;0;0;0
22/02/2015;19:04:00;136;com vítima;291;BR-101/RJ;Sul;Queda de Moto;;;;1;;;;;;;0;2;;;
02/03/2015;16:10:00;122;com vítima;291;BR-101/RJ;Norte;Saida de Pista;1;;;;;;;;;;0;1;1;0;0
08/03/2015;19:00:00;161;sem vítima;291;BR-101/RJ;Sul;Engavetamento;5;;;;;;;;;;5;0;0;0;0
03/05/2015;15:15:00;97;com vítima;291;BR-101/RJ;Sul;Engavetamento;3;;;;;;;;;;13;1;;;
14/05/2015;12:04:00;93;com vítima;291,759;BR-101/RJ;Sul;Colisão Traseira;2;;;;;;;;;;4;1;;;
18/05/2015;20:22:00;197;sem vítima;291;BR-101/RJ;Sul;Colisão Lateral;1;;1;;;;;;;;3;;;;
08/06/2015;10:12:00;88;sem vítima;291,613;BR-101/RJ;Norte;Colisão Traseira;2;;;;;;;;;;2;;;;
23/06/2015;16:27:00;132;com vítima;291,167;BR-101/RJ;Sul;Saida de Pista;1;;;;;;;;;;0;1;;;
06/07/2015;00:42:00;4;sem vítima;291,9;BR-101/RJ;Sul;Colisão Traseira;2;;;;;;;;;;3;;;;
06/07/2015;00:46:00;5;com vítima;291,9;BR-101/RJ;Sul;Colisão Traseira;1;;;1;;;;;;;2;1;;;
02/08/2015;17:14:00;126;sem vítima;291,606;BR-101/RJ;Sul;Engavetamento;4;;;;;;;;;;10;;;;
20/08/2015;05:17:00;17;com vítima;291,884;BR-101/RJ;Sul;Colisão Lateral;1;;1;;;;;;;;0;3;1;;
21/08/2015;05:36:00;15;com vítima;291,671;BR-101/RJ;Sul;Colisão Traseira;1;;;;;;;;;1;0;8;;;
26/08/2015;16:47:00;147;com vítima;291,935;BR-101/RJ;Sul;Capotamento;1;;;;;;;;;;1;1;;;
10/09/2015;21:59:00;193;sem vítima;291,781;BR-101/RJ;Sul;Colisão Lateral;1;;;;;1;;;;;2;;;;
22/10/2015;15:29:00;131;sem vítima;291,2;BR-101/RJ;Sul;Colisão Lateral;1;;1;;;;;;;;2;;;;
03/11/2015;09:55:00;93;com vítima;291,368;BR-101/RJ;Sul;Choque - Defensa, barreira ou "submarino";1;;;;;;;;;;0;1;;;
04/01/2010;11:50:00;121;sem vítima;292;BR-101/RJ;Sul;Colisão Traseira;3;;;;;;;;;;11;;;;
21/01/2010;09:31:00;79;sem vítima;292;BR-101/RJ;Norte;Colisão Traseira;2;;;;;;;;;;6;;;;
25/01/2010;13:09:00;121;sem vítima;292;BR-101/RJ;Sul;Colisão Traseira;1;;;;;;;;;1;3;;;;
31/01/2010;17:45:00;158;sem vítima;292;BR-101/RJ;Sul;Colisão Traseira;2;;;;;;;;;;10;;;;
31/01/2010;17:50:00;160;sem vítima;292,5;BR-101/RJ;Sul;Engavetamento;4;;;;;;;;;;10;;;;
04/02/2010;18:00:00;176;com vítima;292;BR-101/RJ;Norte;Colisão Traseira;5;;1;;;;;;;;8;5;;;
12/02/2010;19:54:00;256;sem vítima;292;BR-101/RJ;Sul;Saida de Pista;1;;;;;;;;;;1;;;;
17/02/2010;16:56:00;215;sem vítima;292;BR-101/RJ;Sul;Colisão Traseira;1;;1;;;;;;;;7;;;;
17/02/2010;11:20:00;111;sem vítima;292,5;BR-101/RJ;Sul;Engavetamento;3;;;;;1;;;;;6;;;;
19/02/2010;11:59:00;73;sem vítima;292,5;BR-101/RJ;Sul;Colisão Traseira;2;;;;;;;;;;4;;;;
23/02/2010;12:25:00;87;sem vítima;292;BR-101/RJ;Sul;Saida de Pista;1;;;;;;;;;;1;;;;
03/04/2010;02:29:00;11;sem vítima;292;BR-101/RJ;Norte;Atropelamento de Animal;1;;;;;1;;;;;3;;;;
05/05/2010;07:59:00;45;sem vítima;292;BR-101/RJ;Sul;Saida de Pista;;;1;;;;;;;;1;;;;
08/05/2010;20:38:00;177;com vítima;292;BR-101/RJ;Norte;Atropelamento de Animal;2;;;;;;;;;;2;;2;1;
06/06/2010;17:28:00;126;com vítima;292;BR-101/RJ;Sul;Colisão Traseira;1;;;1;;;;;;;1;;1;;
15/06/2010;18:00:00;118;sem vítima;292;BR-101/RJ;Norte;Engavetamento;3;;;;;;;;;;7;;;;
16/06/2010;11:27:00;81;sem vítima;292;BR-101/RJ;Norte;Engavetamento;3;;;;;;;;;;5;;;;
19/06/2010;01:39:00;7;sem vítima;292;BR-101/RJ;Sul;Saida de Pista;1;;;;;;;;;;1;;;;
01/07/2010;17:24:00;118;sem vítima;292;BR-101/RJ;Norte;Colisão Traseira;3;;;;;;;;;;4;;;;
03/07/2010;08:30:00;32;sem vítima;292;BR-101/RJ;Norte;Colisão Traseira;2;;;;;;;;;;6;;;;
09/07/2010;18:37:00;149;sem vítima;292;BR-101/RJ;Norte;Colisão Traseira;2;;;;;;;;;;3;;;;
13/07/2010;18:26:00;171;sem vítima;292;BR-101/RJ;Norte;Colisão Lateral;1;;;;;;;;;1;4;;;;
16/07/2010;17:45:00;178;sem vítima;292;BR-101/RJ;Norte;Colisão Traseira;1;;1;;;;;;;;2;;;;
17/07/2010;17:55:00;184;sem vítima;292;BR-101/RJ;Norte;Engavetamento;3;;;;;;;;;;10;;;;
19/07/2010;11:21:00;88;com vítima;292;BR-101/RJ;Norte;Engavetamento;3;;;;;;;;;1;8;;1;;
20/07/2010;03:24:00;17;sem vítima;292;BR-101/RJ;Sul;Atropelamento de Animal;;;1;;;1;;;;;2;;;;
20/07/2010;08:57:00;59;sem vítima;292;BR-101/RJ;Sul;Colisão Lateral;1;;1;;;;;;;;4;;;;
01/08/2010;17:04:00;155;sem vítima;292;BR-101/RJ;Sul;Engavetamento;4;;;;;;;;;;13;;;;