data;horario;n_da_ocorrencia;tipo_de_ocorrencia;km;trecho;sentido;tipo_de_acidente;automovel;bicicleta;caminhao;moto;onibus;outros;tracao_animal;transporte_de_cargas_especiais;trator_maquinas;utilitarios;ilesos;levemente_feridos;moderadamente_feridos;gravemente_feridos;mortos
27/08/2010;19:08:00;183;com vítima;292;BR-101/RJ;Sul;Colisão Traseira;3;;;;;;;;;;3;2;1;;
12/09/2010;11:15:00;58;sem vítima;292;BR-101/RJ;Sul;Colisão Lateral;1;;1;;;;;;;;4;;;;
25/09/2010;21:51:00;185;sem vítima;292;BR-101/RJ;Sul;Colisão Traseira;1;;;;;2;;;;;5;;;;
15/10/2010;12:52:00;93;sem vítima;292;BR-101/RJ;Sul;;1;;;;;;;;;;1;;;;
25/10/2010;07:00:00;45;sem vítima;292;BR-101/RJ;Sul;Colisão Lateral;1;;1;;;;;;;;3;;;;
20/11/2010;08:45:00;52;sem vítima;292;BR-101/RJ;Sul;Colisão Traseira;2;;;;;;;;;;2;;;;
22/11/2010;13:40:00;128;sem vítima;292;BR-101/RJ;Sul;Colisão Lateral;1;;1;;;;;;;;2;;;;
22/11/2010;14:59:00;145;sem vítima;292;BR-101/RJ;Sul;Choque - Defensa, barreira ou "submarino";1;;1;;;;;;;;3;;;;
27/11/2010;01:53:00;8;com vítima;292;BR-101/RJ;Sul;Atropelamento - Morador;;;;;;1;;;;;1;;;1;
19/12/2010;01:27:00;16;sem vítima;292;BR-101/RJ;Sul;Saida de Pista;1;;;;;;;;;;1;;;;
19/12/2010;21:37:00;204;sem vítima;292;BR-101/RJ;Sul;Colisão Traseira;1;;;;;;;;;1;5;;;;
18/01/2011;13:42:00;91;sem vítima;292;BR-101/RJ;Sul;Engavetamento;3;;;;;;;;;;7;;;;
19/01/2011;10:47:00;75;sem vítima;292;BR-101/RJ;Sul;Colisão Traseira;2;;;;;;;;;;3;;;;
10/02/2011;15:46:00;136;sem vítima;292;BR-101/RJ;Sul;Choque - Defensa, barreira ou "submarino";1;;;;;;;;;;2;;;;
11/02/2011;14:18:00;112;sem vítima;292;BR-101/RJ;Norte;Colisão Traseira;1;;1;;;;;;;;5;;;;
19/03/2011;06:45:00;25;com vítima;278;BR-101/RJ;Norte;Saida de Pista;1;;;;;;;;;;1;1;;;
19/03/2011;10:38:00;67;com vítima;302,5;BR-101/RJ;Norte;Saida de Pista;1;;;;;;;;;;0;1;;;
19/03/2011;10:42:00;68;sem vítima;297;BR-101/RJ;Sul;Colisão Traseira;1;;1;;;;;;;;5;;;;
19/03/2011;16:40:00;112;sem vítima;53;BR-101/RJ;Sul;Saida de Pista;1;;;;;;;;;;3;;;;
19/03/2011;16:52:00;118;sem vítima;316;BR-101/RJ;Norte;Saida de Pista;1;;;;;;;;;;1;;;;
22/05/2011;18:09:00;138;sem vítima;292;BR-101/RJ;Sul;Colisão Traseira;1;;;;;1;;;;;2;;;;
22/05/2011;18:09:00;139;com vítima;292;BR-101/RJ;Norte;Atropelamento de Animal;3;;;;;1;;;;;7;;1;;
13/06/2011;16:39:00;136;sem vítima;292;BR-101/RJ;Sul;Colisão Lateral;1;;;;;1;;;;;8;;;;
14/08/2011;17:12:00;122;com vítima;292,9179992675781;BR-101/RJ;Sul;Queda de Moto;;;;1;;;;;;;0;1;;;
05/09/2011;12:02:00;78;com vítima;292,8999938964844;BR-101/RJ;Sul;Capotamento;1;;;;;;;;;;1;;1;;
05/09/2011;14:38:00;103;com vítima;292,9010009765625;BR-101/RJ;Sul;Colisão Traseira;;;2;;;;;;;;2;;1;1;
02/10/2011;17:40:00;141;sem vítima;292,79998779296875;BR-101/RJ;Sul;Engavetamento;4;;;;;;;;;;4;;;;
06/10/2011;18:21:00;167;sem vítima;292;BR-101/RJ;Sul;Engavetamento;3;;;;;;;;;;3;;;;
23/10/2011;16:24:00;100;sem vítima;292;BR-101/RJ;Sul;Engavetamento;2;;;;;;;;;;8;;;;
05/11/2011;14:57:00;100;sem vítima;292;BR-101/RJ;Norte;Saida de Pista;1;;1;;;;;;;;2;;;;
29/11/2011;12:01:00;89;sem vítima;292,5;BR-101/RJ;Sul;Colisão Lateral;;;1;;;;;;;1;3;;;;
15/12/2011;10:10:00;66;sem vítima;292;BR-101/RJ;Sul;Saida de Pista;;;2;;;;;;;;4;;;;
22/12/2011;18:33:00;186;sem vítima;292;BR-101/RJ;Sul;Colisão Lateral;1;;1;;;;;;;;2;;;;
28/12/2011;03:06:00;8;com vítima;292,70001220703125;BR-101/RJ;Sul;Colisão Traseira;;;2;;;;;;;;3;1;;;
01/01/2012;23:25:00;217;sem vítima;292;BR-101/RJ;Sul;Colisão Traseira;1;;;;1;;;;;;5;;;;
02/01/2012;11:39:00;92;com vítima;292;BR-101/RJ;Sul;Atropelamento - Morador;;;;;;1;;;;;1;1;;;
02/01/2012;15:45:00;149;sem vítima;292;BR-101/RJ;Norte;Colisão Traseira;2;;;;;;;;;;5;;;;
08/01/2012;23:36:00;232;sem vítima;292;BR-101/RJ;Sul;Colisão Traseira;2;;;;;;;;;;2;;;;
21/02/2012;17:28:00;121;sem vítima;292,8;BR-101/RJ;Sul;Engavetamento;3;;;;;;;;;;5;;;;
13/03/2012;20:23:00;188;sem vítima;292;BR-101/RJ;Norte;Colisão Lateral;1;;1;;;;;;;;4;;;;
20/04/2012;10:08:00;62;sem vítima;292;BR-101/RJ;Sul;Colisão Lateral;1;;1;;;;;;;;2;;;;
23/05/2012;15:02:00;109;com vítima;292,6;BR-101/RJ;Sul;Atropelamento - Ciclista;1;1;;;;;;;;;2;;1;;
23/05/2012;16:38:00;127;sem vítima;292,6;BR-101/RJ;Norte;Choque - Defensa, barreira ou "submarino";1;;;;;;;;;;1;;;;
23/05/2012;16:29:00;125;sem vítima;292,8;BR-101/RJ;Sul;Colisão Traseira;2;;;;;1;;;;;3;;;;
16/06/2012;14:47:00;126;sem vítima;292;BR-101/RJ;Sul;Capotamento;1;;;;;;;;;;1;;;;
26/06/2012;16:06:00;125;sem vítima;292;BR-101/RJ;Sul;Colisão Traseira;2;;;;;;;;;;2;;;;
06/07/2012;07:49:00;56;sem vítima;292,6;BR-101/RJ;Norte;Engavetamento;3;;;;;;;;;;3;;;;
16/07/2012;14:45:00;122;sem vítima;292;BR-101/RJ;Sul;Colisão Traseira;2;;1;;;;;;;;7;;;;
16/07/2012;15:35:00;130;sem vítima;292;BR-101/RJ;Sul;Colisão Traseira;2;;;;;;;;;1;10;;;;
17/07/2012;09:52:00;73;sem vítima;292;BR-101/RJ;Sul;Colisão Traseira;2;;1;;;;;;;;5;;;;
09/08/2012;12:06:00;78;sem vítima;292;BR-101/RJ;Norte;Colisão Traseira;;;2;;;;;;;;3;;;;
31/08/2012;16:56:00;161;sem vítima;292,5;BR-101/RJ;Sul;Colisão Traseira;2;;;;;;;;;;3;;;;
31/08/2012;17:42:00;167;sem vítima;292,5;BR-101/RJ;Sul;Colisão Traseira;2;;;;;;;;;;4;;;;
01/09/2012;04:32:00;26;sem vítima;292;BR-101/RJ;Norte;Colisão Lateral;2;;;;;;;;;;3;;;;
12/09/2012;17:37:00;152;sem vítima;292;BR-101/RJ;Sul;Queda de Moto;;;;1;;;;;;;2;;;;
03/11/2012;07:32:00;31;sem vítima;292,5;BR-101/RJ;Sul;Capotamento;1;;;;;;;;;;2;;;;
11/11/2012;11:14:00;70;com vítima;292;BR-101/RJ;Norte;Colisão Traseira;1;;;1;;;;;;;2;1;;;1
23/11/2012;00:01:00;1;sem vítima;292,3;BR-101/RJ;Sul;Saida de Pista;1;;;;;;;;;;1;;;;
25/11/2012;22:28:00;173;sem vítima;292;BR-101/RJ;Norte;Colisão Traseira;2;;;;;;;;;;6;;;;
07/12/2012;13:11:00;160;sem vítima;292;BR-101/RJ;Sul;Engavetamento;3;;;;;;;;;;3;;;;
16/02/2013;11:57:00;104;sem vítima;292;BR-101/RJ;Sul;Colisão Traseira;2;;;;;;;;;;2;;;;
24/02/2013;12:07:00;81;sem vítima;292,785;BR-101/RJ;Sul;Colisão Traseira;1;;;;;;;;;1;5;;;;
13/03/2013;19:20:00;203;com vítima;292,5;BR-101/RJ;Sul;Queda de Moto;;;;1;;;;;;;0;1;1;;
25/05/2013;17:15:00;122;sem vítima;292,686;BR-101/RJ;Sul;Saida de Pista;1;;;;;;;;;;2;;;;
26/05/2013;22:56:00;159;sem vítima;292;BR-101/RJ;Norte;Saida de Pista;1;;;;;;;;;;3;;;;
08/06/2013;01:17:00;9;com vítima;292;BR-101/RJ;Sul;Queda de Moto;;;;1;;;;;;;0;;1;;
30/06/2013;16:58:00;108;com vítima;292,726;BR-101/RJ;Sul;Colisão Traseira;2;;;;;1;;;;;7;1;;;
03/08/2013;15:30:00;130;sem vítima;292;BR-101/RJ;Norte;Colisão Traseira;2;;;;;;;;;;9;;;;
13/09/2013;05:31:00;16;sem vítima;292,061;BR-101/RJ;Norte;Saida de Pista;1;;;;;;;;;;1;;;;
08/10/2013;11:19:00;86;sem vítima;292,083;BR-101/RJ;Sul;Colisão Traseira;2;;;;;;;;;;2;;;;
11/10/2013;11:35:00;97;com vítima;292,345;BR-101/RJ;Sul;Queda de Moto;1;;;1;;;;;;;1;1;;;
07/12/2013;09:40:00;90;com vítima;292,7;BR-101/RJ;Sul;Choque - Talude;1;;;;;;;;;;0;;1;;
28/12/2013;00:39:00;5;com vítima;292,285;BR-101/RJ;Norte;Outros - Sequência;3;;;;;;;;;;3;3;;;
05/01/2014;11:34:00;81;sem vítima;292;BR-101/RJ;Sul;Colisão Lateral;1;;1;;;;;;;;6;;;;
28/02/2014;09:02:00;79;sem vítima;292;BR-101/RJ;Sul;Colisão Traseira;2;;;;;;;;;;4;;;;
21/03/2014;21:06:00;207;sem vítima;292;BR-101/RJ;Norte;Saida de Pista;1;;;;;;;;;;5;;;;
14/06/2014;17:40:00;135;com vítima;292;BR-101/RJ;Sul;Queda de Moto;;;;1;;;;;;;0;1;;;
18/06/2014;16:19:00;122;sem vítima;292;BR-101/RJ;Norte;Choque - Defensa, barreira ou "submarino";1;;;;;;;;;;4;;;;
07/10/2014;16:24:00;132;sem vítima;292,157;BR-101/RJ;Sul;Colisão Traseira;1;;1;;;;;;;;6;;;;
13/11/2014;12:12:00;94;sem vítima;292;BR-101/RJ;Sul;Outros - Sequência;2;;;;1;;;;;;48;;;;
07/12/2014;16:56:00;100;sem vítima;292,5;BR-101/RJ;Sul;Colisão Traseira;1;;;;;1;;;;;2;;;;
07/12/2014;16:11:00;87;sem vítima;292,816;BR-101/RJ;Sul;Colisão Traseira;2;;;;;;;;;;2;;;;
11/12/2014;23:26:00;193;com vítima;292,9;BR-101/RJ;Sul;Colisão Traseira;1;;;;;1;;;;;1;2;;;
04/01/2015;11:24:00;80;com vítima;292,4;BR-101/RJ;Sul;Colisão Traseira;2;;;;;;;;;;3;1;;;
05/01/2015;10:43:00;77;com vítima;292,6;BR-101/RJ;Sul;Engavetamento;4;;;;;1;;;;;11;2;;;
12/01/2015;12:24:00;93;sem vítima;292;BR-101/RJ;Sul;Colisão Traseira;1;;;;;;;;;1;2;;;;
30/01/2015;10:56:00;92;sem vítima;292;BR-101/RJ;Sul;Engavetamento;4;;;;;;;;;;12;;;;
31/01/2015;21:26:00;143;sem vítima;292;BR-101/RJ;Sul;Colisão Traseira;1;;;;;;;;;1;2;;;;
01/05/2015;10:19:00;73;sem vítima;292;BR-101/RJ;Sul;Colisão Traseira;1;;1;;;;;;;;2;;;;
16/05/2015;22:22:00;200;com vítima;292;BR-101/RJ;Norte;Saida de Pista;1;;;;;;;;;;0;1;;;
26/05/2015;17:03:00;155;com vítima;292;BR-101/RJ;Sul;Tombamento;;;1;;;;;;;;0;;;1;
02/06/2015;05:18:00;18;sem vítima;292;BR-101/RJ;Norte;Saida de Pista;1;;;;;;;;;;1;;;;
04/06/2015;02:59:00;19;sem vítima;292;BR-101/RJ;Sul;Colisão Traseira;2;;;;;;;;;;2;;;;
13/06/2015;09:32:00;84;sem vítima;292,531;BR-101/RJ;Norte;Colisão Traseira;;;1;;1;;;;;;3;;;;
28/06/2015;18:03:00;118;sem vítima;292;BR-101/RJ;Sul;Colisão Traseira;2;;;;;;;;;;3;;;;
05/07/2015;23:32:00;167;com vítima;292,505;BR-101/RJ;Sul;Atropelamento de Animal;2;;;;;;;;;;1;3;;;
11/07/2015;22:05:00;204;com vítima;292;BR-101/RJ;Sul;Queda de Moto;;;;1;;;;;;;0;1;;;
19/07/2015;16:55:00;130;sem vítima;292,5;BR-101/RJ;Sul;Engavetamento;2;;1;;;1;;;;;14;;;;
15/08/2015;16:28:00;129;com vítima;292,525;BR-101/RJ;Sul;Atropelamento - Morador;1;;;;;;;;;;1;;;;1
21/08/2015;04:37:00;13;com vítima;292,555;BR-101/RJ;Sul;Choque - Defensa, barreira ou "submarino";;;1;;;;;;;;0;1;;;
04/11/2015;17:42:00;181;com vítima;292;BR-101/RJ;Sul;Queda de Moto;;;;1;;;;;;;0;2;;;
01/12/2015;13:10:00;137;com vítima;292;BR-101/RJ;Sul;Queda de Moto;;;;1;;;;;;;0;1;;;
25/12/2015;06:41:00;22;sem vítima;292;BR-101/RJ;Sul;Choque - Defensa, barreira ou "submarino";1;;;;;;;;;;1;;;;
02/01/2010;14:39:00;122;sem vítima;293;BR-101/RJ;Norte;Colisão Lateral;2;;;;;;;;;;5;;;;
05/01/2010;00:44:00;8;com vítima;293;BR-101/RJ;Sul;Colisão Traseira;2;;;;;;;;;;3;;2;;
05/01/2010;01:26:00;11;com vítima;293;BR-101/RJ;Norte;Colisão Lateral;2;;1;;;;;;;;4;;1;;
21/01/2010;14:11:00;130;sem vítima;293;BR-101/RJ;Sul;Colisão Traseira;;;2;;;;;;;;2;;;;
06/02/2010;04:49:00;36;sem vítima;293;BR-101/RJ;Sul;Capotamento;1;;;;;;;;;;1;;;;
06/02/2010;16:22:00;169;com vítima;293;BR-101/RJ;Sul;Tombamento;;;1;;;;;;;;0;1;2;;
08/02/2010;13:36:00;153;sem vítima;293;BR-101/RJ;Sul;Colisão Traseira;;;;;;1;;;;1;3;;;;
10/02/2010;19:14:00;195;sem vítima;293;BR-101/RJ;Sul;Capotamento;1;;;;;;;;;;4;;;;
18/03/2010;21:01:00;193;sem vítima;293;BR-101/RJ;Sul;Choque - Defensa, barreira ou "submarino";1;;;;;;;;;;1;;;;
06/04/2010;05:59:00;27;sem vítima;293;BR-101/RJ;Norte;Saida de Pista;1;;;;;;;;;;1;;;;
12/04/2010;08:28:00;55;sem vítima;293;BR-101/RJ;Norte;Queda de Moto;;;;1;;;;;;;1;;;;
18/04/2010;18:46:00;119;com vítima;293;BR-101/RJ;Sul;Choque - Defensa, barreira ou "submarino";;;;1;;;;;;;0;;;2;
08/05/2010;08:23:00;57;sem vítima;293;BR-101/RJ;Norte;Choque - Defensa, barreira ou "submarino";1;;1;;;;;;;;5;;;;
04/06/2010;20:04:00;167;sem vítima;293;BR-101/RJ;Norte;Colisão Lateral;1;;;;;;;;;1;20;;;;
08/06/2010;20:18:00;166;sem vítima;293;BR-101/RJ;Sul;Choque - Defensa, barreira ou "submarino";1;;;;;;;;;;3;;;;
08/06/2010;20:18:00;182;com vítima;293;BR-101/RJ;Sul;Choque - Suporte de Sinalização;1;;;;;;;;;;3;;1;;
11/06/2010;12:36:00;74;sem vítima;293;BR-101/RJ;Norte;Colisão Traseira;2;;1;;;;;;;;7;;;;
14/06/2010;08:07:00;53;sem vítima;293;BR-101/RJ;Norte;Colisão Traseira;2;;;;;;;;;1;4;;;;
16/06/2010;08:14:00;44;sem vítima;293;BR-101/RJ;Norte;Colisão Traseira;2;;;;;1;;;;;3;;;;
17/06/2010;06:53:00;37;sem vítima;293;BR-101/RJ;Sul;Colisão Lateral;1;;1;;;;;;;;6;;;;
21/06/2010;18:13:00;138;sem vítima;293;BR-101/RJ;Sul;Colisão Lateral;2;;;;;;;;;;3;;;;
27/06/2010;17:03:00;112;sem vítima;293;BR-101/RJ;Sul;Colisão Traseira;1;;;;;1;;;;;5;;;;
01/07/2010;18:46:00;129;com vítima;293;BR-101/RJ;Norte;Colisão Traseira;1;;1;;;;;;;;5;;2;;
20/07/2010;18:12:00;159;sem vítima;293;BR-101/RJ;Norte;Colisão Traseira;1;;;;1;;;;;;3;;;;
20/07/2010;18:23:00;163;sem vítima;293;BR-101/RJ;Sul;Choque - Defensa, barreira ou "submarino";1;;;;;;;;;;1;;;;
21/07/2010;16:26:00;162;sem vítima;293;BR-101/RJ;Norte;Colisão Lateral;2;;;;;;;;;;3;;;;
24/07/2010;08:41:00;54;sem vítima;293;BR-101/RJ;Norte;Colisão Traseira;2;;;;;;;;;;6;;;;
25/07/2010;16:17:00;107;sem vítima;293;BR-101/RJ;Sul;Colisão Traseira;2;;;;;;;;;;7;;;;
30/07/2010;20:03:00;205;com vítima;293;BR-101/RJ;Sul;Colisão Transversal;2;;;;;;;;;;1;2;1;;
04/08/2010;12:37:00;90;sem vítima;293;BR-101/RJ;Norte;Colisão Lateral;1;;1;;;;;;;;3;;;;
09/08/2010;11:40:00;77;com vítima;293;BR-101/RJ;Sul;Atropelamento - Ciclista;;1;;;;1;;;;;1;;;1;
17/08/2010;14:16:00;94;sem vítima;293;BR-101/RJ;Norte;Colisão Traseira;1;;1;;;;;;;;2;;;;
28/08/2010;20:10:00;181;sem vítima;293;BR-101/RJ;Sul;Colisão Lateral;2;;;;;;;;;;4;;;;
29/08/2010;02:54:00;10;com vítima;293;BR-101/RJ;Norte;Saida de Pista;1;;;;;;;;;;0;2;;;
29/08/2010;18:16:00;108;sem vítima;293;BR-101/RJ;Norte;Colisão Lateral;1;;;1;;;;;;;2;;;;
31/08/2010;13:10:00;105;com vítima;293;BR-101/RJ;Norte;Capotamento;1;;;;;;;;;;1;;1;;
01/09/2010;23:19:00;195;sem vítima;293;BR-101/RJ;Sul;Saida de Pista;1;;;;;;;;;;1;;;;
15/09/2010;16:40:00;144;com vítima;293;BR-101/RJ;Norte;Colisão Traseira;1;;;1;;;;;;;1;1;;;
18/09/2010;23:34:00;188;com vítima;293;BR-101/RJ;Sul;Colisão Lateral;;;1;;;;;;;;1;;1;;
01/10/2010;07:57:00;42;com vítima;293;BR-101/RJ;Sul;Queda de Moto;;;;1;;;;;;;0;;1;;
10/10/2010;20:45:00;171;com vítima;293;BR-101/RJ;Norte;Queda de Moto;;;;1;;;;;;;0;;1;;
16/10/2010;00:14:00;1;sem vítima;293;BR-101/RJ;Norte;Colisão Lateral;1;;;;1;;;;;;35;;;;
30/10/2010;09:35:00;78;sem vítima;293;BR-101/RJ;Norte;Colisão Traseira;2;;;;;;;;;;5;;;;
05/11/2010;16:18:00;132;sem vítima;293;BR-101/RJ;Sul;Colisão Traseira;2;;;;;;;;;;2;;;;
06/11/2010;04:41:00;26;sem vítima;293;BR-101/RJ;Sul;Colisão Transversal;2;;;;;;;;;;5;;;;
07/11/2010;13:46:00;82;com vítima;293;BR-101/RJ;Norte;Tombamento;;;1;;;;;;;;0;1;;;
10/11/2010;10:21:00;62;com vítima;293;BR-101/RJ;Sul;Tombamento;;;1;;;;;;;;0;;2;;
20/11/2010;05:23:00;27;sem vítima;293;BR-101/RJ;Norte;Saida de Pista;1;;;;;;;;;;1;;;;
21/11/2010;04:49:00;19;sem vítima;293;BR-101/RJ;Norte;Saida de Pista;1;;;;;;;;;;1;;;;
22/11/2010;08:42:00;64;sem vítima;293;BR-101/RJ;Sul;Colisão Lateral;;;1;;1;;;;;;3;;;;
30/11/2010;13:44:00;115;com vítima;293;BR-101/RJ;Sul;Colisão Traseira;;;;1;1;;;;;;1;1;;;
04/12/2010;19:11:00;171;sem vítima;293;BR-101/RJ;Sul;Colisão Traseira;2;;;;;;;;;;4;;;;
06/12/2010;08:52:00;75;sem vítima;293;BR-101/RJ;Norte;Colisão Lateral;1;;1;;;;;;;;2;;;;
11/12/2010;20:29:00;184;sem vítima;293;BR-101/RJ;Norte;Colisão Lateral;1;;1;;;;;;;;2;;;;
16/12/2010;08:08:00;51;sem vítima;293;BR-101/RJ;Sul;Colisão Traseira;1;;;;;;;;;1;4;;;;
17/12/2010;08:08:00;47;sem vítima;293;BR-101/RJ;Sul;Colisão Traseira;3;;;;;;;;;;8;;;;
31/12/2010;19:13:00;221;sem vítima;293,29998779296875;BR-101/RJ;Norte;Saida de Pista;1;;1;;;;;;;;6;;;;
04/01/2011;11:16:00;104;sem vítima;293;BR-101/RJ;Sul;Colisão Traseira;2;;;;;;;;;;6;;;;
16/01/2011;21:42:00;239;sem vítima;293;BR-101/RJ;Sul;Colisão Lateral;1;;1;;;;;;;;2;;;;
23/01/2011;18:31:00;142;sem vítima;293;BR-101/RJ;Sul;Engavetamento;3;;;;;;;;;;14;;;;
10/02/2011;12:51:00;110;sem vítima;293;BR-101/RJ;Norte;Colisão Traseira;2;;;;;;;;;;6;;;;
15/02/2011;17:37:00;151;com vítima;293;BR-101/RJ;Norte;Engavetamento;6;;;;;;;;;;16;;1;;
20/02/2011;17:40:00;152;sem vítima;293;BR-101/RJ;Sul;Colisão Traseira;2;;;;;;;;;;9;;;;
22/02/2011;15:17:00;109;sem vítima;293;BR-101/RJ;Sul;Engavetamento;;;2;;2;;;;;1;6;;;;
19/03/2011;18:13:00;132;com vítima;305;BR-101/RJ;Sul;Atropelamento - Outros;1;1;;;;;;;;;2;;;1;
19/03/2011;20:11:00;146;com vítima;300;BR-101/RJ;Sul;Colisão Lateral;2;;;;;;;;;1;5;;1;;
01/05/2011;23:25:00;142;com vítima;293;BR-101/RJ;Norte;Queda de Moto;;;;1;;;;;;;0;;1;;
05/05/2011;08:57:00;52;sem vítima;293;BR-101/RJ;Norte;Colisão Traseira;2;;;;;;;;;;5;;;;
07/05/2011;06:39:00;27;sem vítima;293;BR-101/RJ;Sul;Choque - Defensa, barreira ou "submarino";1;;;;;;;;;;1;;;;
10/05/2011;10:57:00;96;sem vítima;293;BR-101/RJ;Sul;Colisão Traseira;2;;;;;;;;;;3;;;;
21/05/2011;20:13:00;171;sem vítima;293;BR-101/RJ;Norte;Colisão Lateral;1;;1;;;;;;;;4;;;;
27/05/2011;08:46:00;47;sem vítima;293;BR-101/RJ;Sul;Choque - Defensa, barreira ou "submarino";1;;;;;;;;;;1;;;;
28/05/2011;06:03:00;23;sem vítima;293;BR-101/RJ;Sul;Colisão Traseira;1;;;;;1;;;;;3;;;;
07/06/2011;18:59:00;158;sem vítima;293;BR-101/RJ;Sul;Colisão Lateral;2;;;;;;;;;;3;;;;
16/06/2011;14:28:00;112;sem vítima;293;BR-101/RJ;Sul;Colisão Traseira;2;;;;;;;;;;3;;;;
18/06/2011;03:58:00;16;sem vítima;293;BR-101/RJ;Sul;Saida de Pista;1;;;;;;;;;;1;;;;
18/06/2011;13:13:00;90;sem vítima;293;BR-101/RJ;Sul;Colisão Lateral;1;;;;;;;;;1;6;;;;
18/06/2011;20:09:00;147;sem vítima;293;BR-101/RJ;Sul;Colisão Traseira;2;;;;;;;;;;5;;;;
18/06/2011;14:58:00;103;com vítima;293,79998779296875;BR-101/RJ;Sul;Colisão Traseira;;;;1;;1;;;;;1;1;;;
26/06/2011;15:51:00;109;sem vítima;293,92401123046875;BR-101/RJ;Sul;Engavetamento;3;;;;;1;;;;;10;;;;
29/06/2011;01:15:00;7;sem vítima;293,29998779296875;BR-101/RJ;Sul;Tombamento;;;1;;;;;;;;1;;;;
03/08/2011;01:32:00;4;com vítima;293;BR-101/RJ;Sul;Capotamento;;;1;;;;;;;;1;;1;;
03/08/2011;11:29:00;63;sem vítima;293;BR-101/RJ;Norte;Colisão Lateral;1;;1;;;;;;;;2;;;;
04/08/2011;16:43:00;121;com vítima;293,5;BR-101/RJ;Sul;Outros;;;1;1;1;;;;;;6;2;;;
09/08/2011;11:58:00;82;sem vítima;293;BR-101/RJ;Sul;Colisão Traseira;2;;1;;;;;;;;3;;;;
21/08/2011;01:04:00;4;sem vítima;293;BR-101/RJ;Sul;Colisão Transversal;2;;;;;;;;;;8;;;;
01/09/2011;11:13:00;65;sem vítima;293,4800109863281;BR-101/RJ;Sul;Tombamento;;;1;;;;;;;;1;;;;
10/09/2011;17:47:00;130;sem vítima;293,4989929199219;BR-101/RJ;Sul;Colisão Traseira;1;;1;;;;;;;;3;;;;
14/09/2011;03:23:00;9;com vítima;293,5;BR-101/RJ;Sul;Tombamento;;;1;;;;;;;;0;1;;;
18/09/2011;12:04:00;64;sem vítima;293,70001220703125;BR-101/RJ;Norte;Colisão Traseira;2;;1;;;;;;;;10;;;;
02/10/2011;17:08:00;134;com vítima;293;BR-101/RJ;Norte;Queda de Moto;;;;1;;;;;;;1;;1;;
02/10/2011;17:21:00;137;sem vítima;293;BR-101/RJ;Sul;Engavetamento;6;;;;;;;;;;6;;;;
11/10/2011;22:34:00;189;sem vítima;293;BR-101/RJ;Sul;Colisão Traseira;1;;;;;1;;;;;2;;;;
15/10/2011;19:31:00;160;sem vítima;293;BR-101/RJ;Norte;Colisão Traseira;1;;;;1;;;;;;4;;;;
19/10/2011;16:18:00;117;sem vítima;293;BR-101/RJ;Norte;Colisão Lateral;1;;1;;;;;;;;2;;;;
01/11/2011;18:59:00;134;com vítima;293;BR-101/RJ;Norte;Colisão Lateral;;;;;;1;;;;1;2;1;;;
06/11/2011;00:47:00;4;com vítima;293,20001220703125;BR-101/RJ;Norte;Atropelamento - Morador;;;;1;;;;;;;1;;1;;
10/11/2011;11:00:00;77;com vítima;293;BR-101/RJ;Sul;Queda de Moto;;;;1;;;;;;;0;1;;;
13/11/2011;05:39:00;32;com vítima;293;BR-101/RJ;Norte;Colisão Traseira;1;;;1;;;;;;;2;2;;;
14/11/2011;12:26:00;69;com vítima;293;BR-101/RJ;Sul;Colisão Lateral;;;;1;;;;;;1;1;1;;;
20/11/2011;14:56:00;91;com vítima;293;BR-101/RJ;Norte;Queda de Moto;;;;1;;;;;;;0;;1;;
25/11/2011;22:53:00;200;sem vítima;293;BR-101/RJ;Sul;Colisão Lateral;1;;1;;;;;;;;3;;;;
06/12/2011;21:10:00;214;sem vítima;293;BR-101/RJ;Norte;Capotamento;1;;1;;;;;;;;5;;;;
07/12/2011;10:28:00;73;sem vítima;293;BR-101/RJ;Sul;Colisão Traseira;;;1;;;1;;;;;2;;;;
15/12/2011;08:54:00;50;sem vítima;293,8999938964844;BR-101/RJ;Norte;Outros - Sequência;2;;2;;;;;;;;9;;;;
17/12/2011;00:51:00;7;sem vítima;293;BR-101/RJ;Sul;Saida de Pista;;;1;;;;;;;;1;;;;
20/12/2011;04:18:00;20;com vítima;293;BR-101/RJ;Sul;Capotamento;1;;;;;;;;;;0;;;2;1
23/12/2011;05:04:00;28;sem vítima;293;BR-101/RJ;Norte;Tombamento;;;1;;;;;;;;2;;;;
08/01/2012;06:15:00;26;com vítima;293;BR-101/RJ;Sul;Queda de Moto;;;;1;;;;;;;0;;;;1
11/01/2012;23:23:00;218;sem vítima;293;BR-101/RJ;Sul;Colisão Lateral;2;;;;;;;;;;2;;;;
14/01/2012;20:28:00;202;sem vítima;293;BR-101/RJ;Sul;Colisão Lateral;2;;;;;;;;;;4;;;;
31/01/2012;11:30:00;75;sem vítima;293;BR-101/RJ;Norte;Colisão Traseira;;;2;;;;;;;;2;;;;
15/02/2012;14:25:00;111;com vítima;293,4;BR-101/RJ;Norte;Atropelamento - Ciclista;1;1;;;;;;;;;1;1;;;
17/02/2012;05:44:00;41;sem vítima;293;BR-101/RJ;Sul;Colisão Traseira;1;;;;;;;;;;1;;;;
17/02/2012;18:03:00;166;sem vítima;293;BR-101/RJ;Sul;Colisão Traseira;2;;;;;;;;;;4;;;;
22/02/2012;16:35:00;169;com vítima;293;BR-101/RJ;Sul;Colisão Lateral;1;;;1;;;;;;;5;1;;;
26/02/2012;13:07:00;106;sem vítima;293;BR-101/RJ;Sul;Engavetamento;4;;;;;1;;;;;10;;;;
03/03/2012;07:34:00;39;com vítima;293;BR-101/RJ;Norte;Atropelamento - Morador;1;;;;;;;;;;1;1;1;;
09/03/2012;11:29:00;77;sem vítima;293,5;BR-101/RJ;Sul;Colisão Lateral;;;3;;;;;;;;5;;;;