data;horario;n_da_ocorrencia;tipo_de_ocorrencia;km;trecho;sentido;tipo_de_acidente;automovel;bicicleta;caminhao;moto;onibus;outros;tracao_animal;transporte_de_cargas_especiais;trator_maquinas;utilitarios;ilesos;levemente_feridos;moderadamente_feridos;gravemente_feridos;mortos
10/03/2012;19:14:00;161;sem vítima;293;BR-101/RJ;Sul;Colisão Traseira;;;2;;;;;;;;2;;;;
10/03/2012;22:27:00;181;sem vítima;293;BR-101/RJ;Norte;Tombamento;;;1;;;;;;;;1;;;;
20/03/2012;00:28:00;4;sem vítima;293;BR-101/RJ;Norte;Colisão Traseira;2;;;;;;;;;;5;;;;
25/03/2012;18:38:00;125;sem vítima;293;BR-101/RJ;Sul;Colisão Traseira;;;;1;;;;;;;1;;;;
30/03/2012;11:26:00;94;sem vítima;293;BR-101/RJ;Sul;Colisão Traseira;2;;;;;;;;;;2;;;;
08/04/2012;13:14:00;101;sem vítima;293;BR-101/RJ;Sul;Colisão Traseira;2;;;;;;;;;;2;;;;
13/04/2012;15:25:00;138;com vítima;293;BR-101/RJ;Norte;Colisão Traseira;2;;;;;;;;;;3;1;;;
11/05/2012;18:36:00;157;sem vítima;293;BR-101/RJ;Sul;Colisão Lateral;1;;1;;;;;;;;2;;;;
16/05/2012;16:19:00;133;sem vítima;293;BR-101/RJ;Sul;Colisão Lateral;1;;1;;;;;;;;3;;;;
18/05/2012;16:58:00;137;sem vítima;293;BR-101/RJ;Sul;Engavetamento;1;;2;;;;;;;;6;;;;
25/05/2012;01:04:00;5;sem vítima;293;BR-101/RJ;Norte;Queda de Moto;;;;1;;;;;;;2;;;;
27/05/2012;18:36:00;147;sem vítima;293;BR-101/RJ;Sul;Colisão Lateral;1;;1;;;;;;;;6;;;;
29/05/2012;17:39:00;149;sem vítima;293;BR-101/RJ;Sul;Colisão Traseira;2;;;;;;;;;;4;;;;
04/06/2012;21:09:00;167;com vítima;293;BR-101/RJ;Norte;Tombamento;;;1;;;;;;;1;2;;1;;
10/06/2012;12:23:00;84;sem vítima;293;BR-101/RJ;Sul;Colisão Traseira;2;;;;;;;;;;2;;;;
10/06/2012;13:12:00;93;sem vítima;293;BR-101/RJ;Sul;Engavetamento;4;;;;;;;;;;8;;;;
10/06/2012;19:33:00;187;sem vítima;293;BR-101/RJ;Sul;Colisão Traseira;1;;;;;1;;;;;2;;;;
11/06/2012;15:02:00;134;sem vítima;293;BR-101/RJ;Norte;Colisão Lateral;1;;1;;;;;;;;2;;;;
22/06/2012;22:57:00;172;sem vítima;293;BR-101/RJ;Sul;Colisão Traseira;1;;;;;1;;;;;2;;;;
26/06/2012;17:11:00;132;sem vítima;293;BR-101/RJ;Sul;Colisão Lateral;1;;1;;;;;;;;2;;;;
26/06/2012;14:26:00;113;sem vítima;293,36;BR-101/RJ;Sul;Colisão Lateral;1;;1;;;;;;;;5;;;;
08/07/2012;15:43:00;95;sem vítima;293;BR-101/RJ;Sul;Colisão Traseira;2;;;;;1;;;;;9;;;;
22/07/2012;16:55:00;130;sem vítima;293,21;BR-101/RJ;Sul;Engavetamento;3;;;;;;;;;;11;;;;
24/07/2012;13:00:00;105;sem vítima;293;BR-101/RJ;Sul;Colisão Lateral;1;;1;;;;;;;;4;;;;
27/07/2012;09:02:00;47;sem vítima;293;BR-101/RJ;Norte;Colisão Lateral;2;;;;;;;;;;2;;;;
27/07/2012;18:22:00;173;sem vítima;293,502;BR-101/RJ;Sul;Colisão Lateral;1;;1;;;;;;;;3;;;;
01/08/2012;12:12:00;103;com vítima;293,5;BR-101/RJ;Sul;Colisão Frontal;1;;;1;;;;;;;1;;1;1;
05/08/2012;17:04:00;127;com vítima;293,015;BR-101/RJ;Sul;Queda de Moto;;;;1;;;;;;;0;2;;;
10/08/2012;13:13:00;110;com vítima;293,6;BR-101/RJ;Norte;Colisão Traseira;1;;;1;;;;;;;3;1;;;
22/08/2012;23:57:00;233;sem vítima;293;BR-101/RJ;Sul;Colisão Traseira;1;;;;;1;;;;;2;;;;
23/08/2012;14:18:00;120;sem vítima;293;BR-101/RJ;Sul;Colisão Lateral;1;;;;;1;;;;;2;;;;
05/09/2012;08:19:00;66;com vítima;293,478;BR-101/RJ;Norte;Colisão Lateral;1;;;1;;;;;;;2;1;;;
10/09/2012;18:45:00;204;com vítima;293;BR-101/RJ;Sul;Choque - Defensa, barreira ou "submarino";1;;;;;;;;;;2;;2;;
13/09/2012;22:51:00;201;sem vítima;293,33;BR-101/RJ;Norte;Colisão Lateral;1;;1;;;;;;;;2;;;;
15/09/2012;03:27:00;21;com vítima;293;BR-101/RJ;Norte;Capotamento;1;;;;;;;;;;0;1;;;
15/09/2012;14:51:00;124;sem vítima;293;BR-101/RJ;Norte;Colisão Traseira;2;;;;;;;;;;2;;;;
19/09/2012;16:18:00;149;sem vítima;293;BR-101/RJ;Sul;Colisão Traseira;1;;1;;;;;;;;2;;;;
02/10/2012;04:56:00;18;sem vítima;293,979;BR-101/RJ;Norte;Engavetamento;2;;1;;;;;;;;6;;;;
05/10/2012;21:36:00;230;com vítima;293;BR-101/RJ;Sul;Queda de Moto;;;;1;;;;;;;0;;1;;
06/10/2012;00:14:00;3;sem vítima;293;BR-101/RJ;Sul;Colisão Traseira;1;;1;;;;;;;;4;;;;
11/10/2012;22:33:00;235;sem vítima;293,329;BR-101/RJ;Norte;Colisão Traseira;2;;1;;;;;;;;11;;;;
13/10/2012;20:48:00;150;sem vítima;293;BR-101/RJ;Sul;Saida de Pista;1;;;;;1;;;;;2;;;;
14/10/2012;19:02:00;130;com vítima;293;BR-101/RJ;Sul;Colisão Lateral;1;;;1;;;;;;;2;1;;;
14/10/2012;09:02:00;41;com vítima;293,7;BR-101/RJ;Sul;Choque - Defensa, barreira ou "submarino";1;;;;;;;;;;0;1;;;
19/10/2012;19:29:00;170;sem vítima;293;BR-101/RJ;Norte;Colisão Traseira;2;;;;;;;;;;6;;;;
21/10/2012;02:47:00;12;com vítima;293,807;BR-101/RJ;Norte;Saida de Pista;1;;;;;;;;;;0;;4;;
25/10/2012;11:44:00;104;sem vítima;293;BR-101/RJ;Sul;Saida de Pista;1;;1;;;;;;;;2;;;;
25/10/2012;11:56:00;109;sem vítima;293;BR-101/RJ;Sul;Colisão Traseira;1;;1;;;;;;;;2;;;;
27/10/2012;03:45:00;23;sem vítima;293,472;BR-101/RJ;Norte;Colisão Traseira;1;;1;;;;;;;;4;;;;
08/11/2012;16:30:00;111;com vítima;293,5;BR-101/RJ;Sul;Colisão Lateral;1;;;1;;;;;;;2;1;;;
12/11/2012;11:06:00;91;sem vítima;293;BR-101/RJ;Sul;Colisão Traseira;2;;;;;;;;;;2;;;;
01/12/2012;20:30:00;162;com vítima;293;BR-101/RJ;Sul;Queda de Moto;;;;1;;;;;;;0;;2;;
02/12/2012;11:11:00;76;sem vítima;293;BR-101/RJ;Sul;Choque - Defensa, barreira ou "submarino";1;;;;;;;;;;4;;;;
04/12/2012;10:13:00;81;sem vítima;293;BR-101/RJ;Norte;Colisão Traseira;2;;;;;;;;;;2;;;;
07/12/2012;17:41:00;213;sem vítima;293;BR-101/RJ;Norte;Colisão Traseira;3;;;;;;;;;;3;;;;
13/12/2012;00:29:00;2;sem vítima;293;BR-101/RJ;Sul;Choque - Defensa, barreira ou "submarino";1;;;;;;;;;;1;;;;
14/12/2012;23:49:00;240;sem vítima;293;BR-101/RJ;Sul;Choque - Talude;;;1;;;;;;;;3;;;;
14/12/2012;23:56:00;243;sem vítima;293;BR-101/RJ;Sul;Colisão Traseira;2;;;;;;;;;;2;;;;
19/12/2012;10:45:00;73;sem vítima;293;BR-101/RJ;Sul;Colisão Traseira;1;;;;1;;;;;;2;;;;
24/12/2012;10:18:00;52;com vítima;293;BR-101/RJ;Sul;Capotamento;1;;;;;;;;;;1;1;;;
08/01/2013;09:59:00;70;sem vítima;293;BR-101/RJ;Sul;Colisão Lateral;1;;;;1;;;;;;2;;;;
11/01/2013;12:39:00;99;sem vítima;293,375;BR-101/RJ;Sul;Colisão Lateral;1;;1;;;;;;;;5;;;;
22/01/2013;08:27:00;48;com vítima;293,5;BR-101/RJ;Sul;Choque - Defensa, barreira ou "submarino";1;;;;;;;;;;0;1;;;
24/01/2013;17:34:00;141;sem vítima;293,7;BR-101/RJ;Sul;Colisão Lateral;;;;;1;1;;;;;2;;;;
26/01/2013;16:31:00;142;sem vítima;293;BR-101/RJ;Sul;Colisão Lateral;1;;;;1;;;;;;2;;;;
03/02/2013;10:46:00;64;sem vítima;293,954;BR-101/RJ;Norte;Colisão Traseira;2;;;;;;;;;;3;;;;
09/02/2013;14:46:00;216;sem vítima;293;BR-101/RJ;Norte;Atropelamento - Ambulante;;;;2;;;;;;;3;;;;
29/03/2013;16:24:00;157;com vítima;293,5;BR-101/RJ;Norte;Tombamento;;;1;;;;;;;;0;1;;;
07/04/2013;07:38:00;44;sem vítima;293,5;BR-101/RJ;Norte;Colisão Traseira;2;;;;;;;;;;3;;;;
09/04/2013;07:59:00;59;sem vítima;293;BR-101/RJ;Norte;Colisão Lateral;;;;;1;1;;;;;35;;;;
12/04/2013;14:10:00;126;com vítima;293;BR-101/RJ;Norte;Colisão Traseira;1;;;1;;;;;;;4;1;;;
12/04/2013;20:13:00;205;com vítima;293;BR-101/RJ;Sul;Atropelamento - Morador;;;;1;;;;;;;1;;1;;
17/04/2013;13:46:00;100;sem vítima;293;BR-101/RJ;Norte;Colisão Traseira;1;;1;;;;;;;;2;;;;
21/04/2013;08:34:00;37;com vítima;293;BR-101/RJ;Norte;Colisão Traseira;2;;;;;;;;;;3;;1;;
26/04/2013;19:50:00;208;sem vítima;293;BR-101/RJ;Sul;Colisão Lateral;2;;;;;;;;;;2;;;;
27/04/2013;05:00:00;26;sem vítima;293;BR-101/RJ;Sul;Colisão Traseira;2;;;;;;;;;;3;;;;
04/05/2013;06:31:00;28;sem vítima;293;BR-101/RJ;Norte;Colisão Lateral;1;;;;1;;;;;;2;;;;
08/05/2013;07:50:00;40;sem vítima;293,5;BR-101/RJ;Norte;Colisão Traseira;1;;;;1;;;;;;2;;;;
11/05/2013;16:39:00;143;sem vítima;293;BR-101/RJ;Norte;Colisão Traseira;2;;;;;;;;;;2;;;;
13/05/2013;12:40:00;90;com vítima;293,647;BR-101/RJ;Norte;Saida de Pista;1;;1;;;;;;;;1;;2;;
26/05/2013;08:51:00;45;sem vítima;293;BR-101/RJ;Norte;Colisão Traseira;2;;;;;;;;;;2;;;;
01/06/2013;02:22:00;13;sem vítima;293;BR-101/RJ;Sul;Saida de Pista;1;;;;;;;;;;1;;;;
22/06/2013;12:47:00;92;sem vítima;293;BR-101/RJ;Norte;Colisão Lateral;;;1;1;;;;;;;2;;;;
22/06/2013;19:14:00;154;sem vítima;293;BR-101/RJ;Sul;Colisão Traseira;2;;;;;;;;;;2;;;;
01/07/2013;05:59:00;20;com vítima;293;BR-101/RJ;Norte;Queda de Moto;;;;1;;;;;;;1;1;;;
06/07/2013;04:58:00;21;com vítima;293,3;BR-101/RJ;Norte;Capotamento;;;;;;;;;;1;1;;1;1;
07/07/2013;03:20:00;17;com vítima;293,373;BR-101/RJ;Norte;Capotamento;1;;;;;;;;;;0;1;;;
19/07/2013;19:50:00;184;com vítima;293,317;BR-101/RJ;Sul;Queda de Moto;;;;1;;;;;;;0;;1;;
27/07/2013;04:09:00;18;sem vítima;293,533;BR-101/RJ;Sul;Saida de Pista;1;;;;;;;;;;2;;;;
02/08/2013;09:32:00;63;sem vítima;293;BR-101/RJ;Norte;Colisão Traseira;1;;;;1;;;;;;3;;;;
04/08/2013;18:10:00;165;com vítima;293,96;BR-101/RJ;Norte;Atropelamento - Morador;1;;;;;;;;;;1;;;1;
19/08/2013;11:56:00;102;sem vítima;293,67;BR-101/RJ;Norte;Colisão Lateral;1;;;;1;;;;;;2;;;;
21/08/2013;23:17:00;184;sem vítima;293,3;BR-101/RJ;Sul;Choque - Defensa, barreira ou "submarino";1;;;;;;;;;;1;;;;
26/08/2013;13:09:00;110;sem vítima;293,353;BR-101/RJ;Sul;Tombamento;;;1;;;;;;;;1;;;;
30/08/2013;13:51:00;104;sem vítima;293;BR-101/RJ;Norte;Colisão Traseira;1;;1;;;;;;;;2;;;;
31/08/2013;07:08:00;30;com vítima;293;BR-101/RJ;Norte;Atropelamento - Ciclista;;1;1;;;;;;;;2;;1;;
31/08/2013;09:45:00;64;com vítima;293;BR-101/RJ;Sul;Colisão Traseira;1;;;1;;;;;;;1;;1;;
04/09/2013;02:15:00;9;com vítima;293,332;BR-101/RJ;Norte;Tombamento;;;1;;;;;;;;0;;;1;
07/09/2013;15:04:00;137;com vítima;293;BR-101/RJ;Sul;Outros - Sequência;;;;1;;1;;;;;2;;;1;
16/09/2013;09:11:00;54;sem vítima;293;BR-101/RJ;Sul;Colisão Lateral;1;;;;1;;;;;;3;;;;
23/09/2013;19:02:00;159;com vítima;293;BR-101/RJ;Sul;Atropelamento - Ciclista;1;1;;;;;;;;;1;;1;;
28/09/2013;22:42:00;187;com vítima;293,35;BR-101/RJ;Sul;Choque - Outros;1;;;;;;;;;;0;1;;;
02/10/2013;21:53:00;162;sem vítima;293;BR-101/RJ;Sul;Colisão Traseira;2;;;;;;;;;;2;;;;
02/10/2013;04:31:00;15;com vítima;293,5;BR-101/RJ;Sul;Tombamento;;;1;;;;;;;;0;1;;;
06/10/2013;17:21:00;99;sem vítima;293;BR-101/RJ;Sul;Colisão Traseira;2;;;;;;;;;;2;;;;
11/10/2013;10:34:00;90;sem vítima;293,47;BR-101/RJ;Sul;Tombamento;;;1;;;;;;;;2;;;;
27/10/2013;04:45:00;30;sem vítima;293,28;BR-101/RJ;Sul;Choque - Defensa, barreira ou "submarino";2;;;;;;;;;;3;;;;
27/10/2013;04:45:00;32;sem vítima;293,28;BR-101/RJ;Norte;Colisão Lateral;1;;1;;;;;;;;3;;;;
01/11/2013;08:54:00;56;sem vítima;293,338;BR-101/RJ;Norte;Colisão Traseira;1;;;;;1;;;;;2;;;;
05/11/2013;09:08:00;60;sem vítima;293,946;BR-101/RJ;Norte;Engavetamento;3;;;;;1;;;;;7;;;;
07/11/2013;23:47:00;202;sem vítima;293;BR-101/RJ;Norte;Colisão Traseira;2;;;;;;;;;;6;;;;
09/11/2013;15:30:00;127;com vítima;293,053;BR-101/RJ;Norte;Outros - Sequência;2;;;;;;;;;;1;;3;;
16/11/2013;21:47:00;176;sem vítima;293;BR-101/RJ;Sul;Engavetamento;2;;;;;;;;;;3;;;;
22/11/2013;05:17:00;30;sem vítima;293,536;BR-101/RJ;Norte;Colisão Traseira;1;;;;;1;;;;;3;;;;
14/12/2013;08:15:00;54;com vítima;293,99;BR-101/RJ;Norte;Engavetamento;4;;;;;;;;;;5;1;;;
15/12/2013;04:23:00;23;com vítima;293,235;BR-101/RJ;Norte;Tombamento;;;1;;;;;;;;0;1;;;
17/12/2013;11:05:00;79;sem vítima;293,651;BR-101/RJ;Sul;Colisão Lateral;1;;1;;;;;;;;2;;;;
21/12/2013;13:33:00;110;sem vítima;293,51;BR-101/RJ;Sul;Saida de Pista;1;;;;;;;;;;4;;;;
04/01/2014;20:30:00;209;sem vítima;293,973;BR-101/RJ;Norte;Saida de Pista;1;;;;;;;;;;2;;;;
13/01/2014;11:46:00;97;sem vítima;293,566;BR-101/RJ;Sul;Colisão Traseira;1;;;;1;;;;;;3;;;;
26/01/2014;12:40:00;78;com vítima;293,53;BR-101/RJ;Sul;Queda de Moto;;;;2;;;;;;;0;2;;;
28/01/2014;16:43:00;145;sem vítima;293;BR-101/RJ;Norte;Tombamento;;;1;;;;;;;;2;;;;
31/01/2014;14:35:00;131;com vítima;293;BR-101/RJ;Norte;Saida de Pista;;;;;;;;;;1;3;1;;;
28/02/2014;12:25:00;131;sem vítima;293;BR-101/RJ;Sul;Choque - Suporte de Sinalização;;;1;;;;;;;;1;;;;
02/03/2014;19:18:00;176;com vítima;293;BR-101/RJ;Sul;Colisão Lateral;1;;;1;;;;;;;1;;;1;
08/03/2014;19:55:00;178;sem vítima;293;BR-101/RJ;Sul;Engavetamento;3;;;;;;;;;;4;;;;
09/03/2014;07:44:00;47;sem vítima;293,293;BR-101/RJ;Sul;Choque - Outros;1;;;;;;;;;;2;;;;
10/03/2014;10:39:00;88;com vítima;293;BR-101/RJ;Norte;Atropelamento - Ciclista;1;1;;;;;;;;;1;;1;;
20/03/2014;09:24:00;70;com vítima;293;BR-101/RJ;Sul;Tombamento;;;1;;;;;;;;0;;1;;
29/03/2014;17:18:00;172;sem vítima;293;BR-101/RJ;Sul;Colisão Lateral;1;;1;;;;;;;;4;;;;
08/04/2014;16:45:00;127;sem vítima;293,81;BR-101/RJ;Sul;Colisão Lateral;1;;1;;;;;;;;2;;;;
09/04/2014;10:49:00;91;sem vítima;293;BR-101/RJ;Sul;Colisão Traseira;1;;1;;;;;;;;2;;;;
10/04/2014;11:58:00;106;com vítima;293,354;BR-101/RJ;Sul;Colisão Transversal;;;1;;1;1;;;;;3;3;;;
11/04/2014;09:41:00;62;com vítima;293,57;BR-101/RJ;Sul;Queda de Moto;;;;1;;;;;;;0;1;;;
18/04/2014;23:43:00;241;com vítima;293;BR-101/RJ;Norte;Colisão Traseira;1;;;1;;;;;;;3;1;;;
07/05/2014;14:20:00;97;sem vítima;293,32;BR-101/RJ;Norte;Colisão Lateral;2;;;;;;;;;;4;;;;
16/05/2014;07:40:00;45;com vítima;293,7;BR-101/RJ;Norte;Colisão Lateral;1;;;1;;;;;;;2;;1;;
04/06/2014;08:44:00;54;sem vítima;293,94;BR-101/RJ;Norte;Engavetamento;3;;;;;;;;;;6;;;;
07/06/2014;12:20:00;67;sem vítima;293,464;BR-101/RJ;Norte;Colisão Traseira;;;2;;;;;;;;2;;;;
14/06/2014;21:33:00;164;sem vítima;293,587;BR-101/RJ;Norte;Colisão Traseira;2;;;;;;;;;;6;;;;
17/06/2014;09:33:00;81;com vítima;293,745;BR-101/RJ;Sul;Colisão Traseira;;;;;2;;;;;;1;24;2;;
17/06/2014;13:21:00;116;sem vítima;293,953;BR-101/RJ;Sul;Engavetamento;2;;;;;1;;;;;3;;;;
19/06/2014;13:30:00;57;sem vítima;293;BR-101/RJ;Sul;Colisão Traseira;1;;1;;;;;;;;4;;;;
20/06/2014;08:35:00;45;sem vítima;293;BR-101/RJ;Norte;Colisão Traseira;2;;;;;;;;;;3;;;;
24/06/2014;14:35:00;109;sem vítima;293;BR-101/RJ;Sul;Colisão Lateral;1;;1;;;;;;;;5;;;;
27/06/2014;19:12:00;183;sem vítima;293,5;BR-101/RJ;Sul;Colisão Traseira;;;1;;;;;;;1;2;;;;
03/07/2014;05:29:00;22;com vítima;293,438;BR-101/RJ;Sul;Saida de Pista;1;;;;;;;;;1;0;1;;1;3
03/07/2014;18:55:00;157;sem vítima;293,552;BR-101/RJ;Sul;Colisão Lateral;2;;;;;;;;;;7;;;;
08/07/2014;11:59:00;60;sem vítima;293;BR-101/RJ;Norte;Saida de Pista;1;;;;;;;;;;1;;;;
11/07/2014;19:26:00;161;sem vítima;293;BR-101/RJ;Sul;Colisão Lateral;1;;1;;;;;;;;2;;;;
23/07/2014;14:41:00;100;sem vítima;293;BR-101/RJ;Norte;Colisão Lateral;1;;1;;;;;;;;5;;;;
30/07/2014;18:25:00;163;com vítima;293,948;BR-101/RJ;Sul;Engavetamento;4;;;;;;;;;;3;3;1;;
08/08/2014;13:03:00;105;sem vítima;293;BR-101/RJ;Sul;Colisão Traseira;2;;;;;1;;;;;4;;;;
08/08/2014;18:37:00;177;sem vítima;293;BR-101/RJ;Norte;Colisão Traseira;1;;1;;;;;;;;2;;;;
10/09/2014;12:36:00;84;sem vítima;293;BR-101/RJ;Sul;Choque - Defensa, barreira ou "submarino";;;;;;;;;;1;1;;;;
19/09/2014;20:07:00;185;sem vítima;293,465;BR-101/RJ;Sul;Colisão Traseira;1;;;;;1;;;;;2;;;;
17/10/2014;11:32:00;92;sem vítima;293;BR-101/RJ;Sul;Colisão Traseira;;;1;;;;;;;;2;;;;
19/10/2014;06:27:00;21;com vítima;293,484;BR-101/RJ;Norte;Colisão Traseira;1;;;1;;;;;;;4;;1;;
04/12/2014;17:22:00;144;sem vítima;293;BR-101/RJ;Norte;Colisão Traseira;1;;1;;;;;;;;2;;;;
07/12/2014;17:19:00;104;com vítima;293;BR-101/RJ;Sul;Colisão Traseira;1;;;;;1;;;;;3;1;;;
18/12/2014;16:42:00;133;sem vítima;293;BR-101/RJ;Sul;Colisão Traseira;2;;;;;;;;;;3;;;;
12/01/2015;10:32:00;74;sem vítima;293;BR-101/RJ;Sul;Colisão Traseira;1;;;;;1;;;;;2;;;;
01/02/2015;12:46:00;59;sem vítima;293;BR-101/RJ;Sul;Engavetamento;3;;;;;1;;;;;8;0;0;0;0
14/02/2015;05:35:00;58;com vítima;293;BR-101/RJ;Norte;Outros - Sequência;1;;1;;;;;;;;0;1;2;1;0
18/02/2015;11:09:00;78;sem vítima;293;BR-101/RJ;Sul;Engavetamento;3;;;;;;;;;;3;0;0;0;0
20/02/2015;00:32:00;2;sem vítima;293;BR-101/RJ;Sul;Colisão Lateral;1;;1;;;;;;;;2;0;0;0;0
24/02/2015;16:31:00;125;sem vítima;293;BR-101/RJ;Norte;Colisão Traseira;1;;1;;;;;;;;3;;;;
03/03/2015;17:43:00;126;com vítima;293;BR-101/RJ;Sul;Queda de Moto;;;;1;;;;;;;0;1;0;0;0
05/03/2015;21:38:00;128;sem vítima;293;BR-101/RJ;Sul;Saida de Pista;1;;;;;;;;;;1;0;0;0;0
28/03/2015;17:38:00;147;com vítima;293,34;BR-101/RJ;Sul;Choque - Defensa, barreira ou "submarino";1;;;;;;;;;;0;0;1;0;0
03/04/2015;13:33:00;93;com vítima;293,629;BR-101/RJ;Sul;Choque - Defensa, barreira ou "submarino";1;;;;;;;;;;0;1;;;
07/04/2015;05:30:00;20;sem vítima;293;BR-101/RJ;Sul;Choque - Defensa, barreira ou "submarino";1;;;;;;;;;;1;;;;
25/04/2015;09:06:00;51;sem vítima;293;BR-101/RJ;Norte;Engavetamento;2;;;;;;;;;1;3;;;;
13/05/2015;11:41:00;85;com vítima;293,5;BR-101/RJ;Sul;Colisão Lateral;1;;;1;;;;;;;1;1;;;
14/05/2015;18:46:00;177;sem vítima;293;BR-101/RJ;Sul;Engavetamento;3;;;;;;;;;;5;;;;
16/05/2015;14:19:00;121;com vítima;293;BR-101/RJ;Sul;Queda de Moto;;;;1;;;;;;;0;1;;;
19/05/2015;17:56:00;160;sem vítima;293;BR-101/RJ;Norte;Colisão Traseira;2;;;;;;;;;;3;;;;
02/06/2015;14:15:00;122;com vítima;293;BR-101/RJ;Norte;Outros - Sequência;;;;1;;1;;;;1;2;1;;;
04/06/2015;05:49:00;42;sem vítima;293;BR-101/RJ;Sul;Capotamento;1;;;;;;;;;;1;;;;
04/06/2015;19:35:00;168;com vítima;293;BR-101/RJ;Sul;Queda de Moto;;;;1;;;;;;;0;2;;;
04/06/2015;00:10:00;3;com vítima;293,947;BR-101/RJ;Sul;Choque - Poste;1;;;;;;;;;;0;1;;;
13/06/2015;22:04:00;212;com vítima;293;BR-101/RJ;Sul;Colisão Traseira;1;;;1;;;;;;;1;1;;;
20/06/2015;07:16:00;34;sem vítima;293;BR-101/RJ;Sul;Colisão Traseira;1;;1;;;;;;;;2;;;;
03/07/2015;06:49:00;32;com vítima;293,576;BR-101/RJ;Sul;Choque - Defensa, barreira ou "submarino";1;;;;;;;;;;0;1;;;
13/07/2015;13:15:00;126;sem vítima;293;BR-101/RJ;Sul;Colisão Transversal;;;2;;;;;;;;2;;;;
20/07/2015;12:42:00;112;sem vítima;293;BR-101/RJ;Norte;Choque - Defensa, barreira ou "submarino";1;;;;;;;;;;1;;;;
20/07/2015;17:25:00;173;com vítima;293,5;BR-101/RJ;Sul;Queda de Moto;;;;1;;;;;;;0;;1;;
23/07/2015;18:10:00;181;com vítima;293,959;BR-101/RJ;Norte;Colisão Traseira;2;;;1;;;;;;;3;1;;;
29/07/2015;10:53:00;99;com vítima;293;BR-101/RJ;Sul;Colisão Lateral;1;;1;;;;;;;;1;1;;;
05/08/2015;15:53:00;138;sem vítima;293;BR-101/RJ;Sul;Colisão Lateral;1;;;;;;;;;1;6;;;;
06/08/2015;14:14:00;121;sem vítima;293;BR-101/RJ;Norte;Colisão Traseira;2;;;;;;;;;;4;;;;
24/08/2015;06:30:00;32;com vítima;293,419;BR-101/RJ;Sul;Queda de Moto;;;;2;;;;;;;0;3;;;
29/08/2015;18:03:00;151;com vítima;293;BR-101/RJ;Norte;Queda de Moto;;;;1;;;;;;;0;1;;;
30/08/2015;18:28:00;127;com vítima;293,98;BR-101/RJ;Sul;Colisão Traseira;1;;;1;;;;;;;1;;2;;
03/09/2015;17:05:00;163;sem vítima;293;BR-101/RJ;Norte;Colisão Traseira;2;;;;;;;;;;2;;;;
04/09/2015;20:07:00;196;com vítima;293,6;BR-101/RJ;Sul;Choque - Elemento de Drenagem;1;;;;;;;;;;0;2;;;
11/09/2015;21:48:00;229;sem vítima;293;BR-101/RJ;Sul;Colisão Lateral;;;1;;;;;;;1;2;;;;
04/11/2015;01:14:00;9;sem vítima;293;BR-101/RJ;Sul;Choque - Defensa, barreira ou "submarino";1;;;;;;;;;;1;;;;
06/11/2015;16:17:00;152;sem vítima;293;BR-101/RJ;Sul;Colisão Lateral;1;;1;;;;;;;;4;;;;
08/11/2015;14:00:00;99;sem vítima;293;BR-101/RJ;Sul;Colisão Lateral;2;;;;;;;;;;16;;;;
08/11/2015;16:39:00;130;com vítima;293;BR-101/RJ;Sul;Queda de Moto;;;;1;;1;;;;;1;2;;;
18/11/2015;07:59:00;56;com vítima;293;BR-101/RJ;Norte;Colisão Traseira;1;;1;;;;;;;;1;1;;;
23/11/2015;09:00:00;74;sem vítima;293;BR-101/RJ;Sul;Colisão Traseira;;;1;;;;;;;1;4;;;;
27/11/2015;19:16:00;213;com vítima;293;BR-101/RJ;Sul;Queda de Moto;;;;1;;;;;;;0;1;;;
18/12/2015;18:38:00;240;sem vítima;293;BR-101/RJ;Sul;Colisão Traseira;2;;;;;;;;;;3;;;;
31/12/2015;08:39:00;89;sem vítima;293;BR-101/RJ;Norte;Colisão Traseira;2;;;;;;;;;;3;;;;
03/01/2010;17:30:00;189;com vítima;294;BR-101/RJ;Sul;Engavetamento;3;;;;;1;;;;;10;2;;;
04/01/2010;11:11:00;107;sem vítima;294;BR-101/RJ;Sul;Colisão Traseira;2;;;;;;;;;1;25;;;;
08/01/2010;15:54:00;129;sem vítima;294;BR-101/RJ;Norte;Atropelamento - Usuário;;;;1;;;;;;;2;;;;
09/01/2010;13:20:00;116;sem vítima;294;BR-101/RJ;Norte;Engavetamento;3;;;;;;;;;;3;;;;
30/01/2010;10:51:00;93;sem vítima;294;BR-101/RJ;Norte;Engavetamento;2;;;;1;;;;;;11;;;;
12/02/2010;10:20:00;98;sem vítima;294;BR-101/RJ;Norte;Colisão Traseira;2;;;;;;;;;;4;;;;
26/02/2010;01:45:00;5;sem vítima;294;BR-101/RJ;Sul;Saida de Pista;1;;1;;;;;;;;3;;;;
10/03/2010;20:22:00;203;sem vítima;294;BR-101/RJ;Norte;Saida de Pista;1;;;;;;;;;;2;;;;
31/03/2010;18:10:00;153;sem vítima;294;BR-101/RJ;Sul;Saida de Pista;;;1;;;;;;;;1;;;;
01/04/2010;12:24:00;119;sem vítima;294;BR-101/RJ;Norte;Colisão Traseira;2;;;;;;;;;;6;;;;
03/04/2010;18:58:00;113;sem vítima;294;BR-101/RJ;Sul;Engavetamento;3;;;;;1;;;;;8;;;;
04/04/2010;02:33:00;12;com vítima;294;BR-101/RJ;Sul;Atropelamento - Usuário;;;;;;;;;;1;3;;1;;
06/04/2010;03:56:00;19;com vítima;294;BR-101/RJ;Sul;Capotamento;1;;;;;;;;;;0;2;2;;
06/04/2010;14:57:00;116;sem vítima;294;BR-101/RJ;Norte;Colisão Traseira;1;;;;;;;;;1;3;;;;
07/04/2010;22:10:00;169;com vítima;294;BR-101/RJ;Norte;Queda de Moto;;;;1;;;;;;;0;;1;;