data;horario;n_da_ocorrencia;tipo_de_ocorrencia;km;trecho;sentido;tipo_de_acidente;automovel;bicicleta;caminhao;moto;onibus;outros;tracao_animal;transporte_de_cargas_especiais;trator_maquinas;utilitarios;ilesos;levemente_feridos;moderadamente_feridos;gravemente_feridos;mortos
17/05/2014;16:45:00;120;com vítima;294,335;BR-101/RJ;Sul;Atropelamento - Morador;1;;;;;;;;;;2;;;;1
28/05/2014;06:59:00;31;sem vítima;294;BR-101/RJ;Norte;Colisão Traseira;1;;;;1;;;;;;2;;;;
05/06/2014;07:51:00;50;sem vítima;294;BR-101/RJ;Norte;Colisão Traseira;1;;;;1;;;;;;2;;;;
07/06/2014;09:16:00;35;sem vítima;294;BR-101/RJ;Sul;Colisão Traseira;2;;;;;;;;;;2;;;;
25/06/2014;08:52:00;45;sem vítima;294;BR-101/RJ;Norte;Colisão Traseira;1;;;;;1;;;;;3;;;;
25/06/2014;10:34:00;70;sem vítima;294,471;BR-101/RJ;Norte;Engavetamento;3;;;;;;;;;;4;;;;
05/07/2014;08:39:00;47;com vítima;294,5;BR-101/RJ;Norte;Colisão Traseira;1;;;1;;;;;;;1;;1;;
23/07/2014;06:42:00;26;com vítima;294;BR-101/RJ;Norte;Colisão Traseira;1;;;1;;;;;;;3;1;;;
30/07/2014;14:56:00;112;sem vítima;294;BR-101/RJ;Sul;Colisão Lateral;1;;;;;;;;;1;2;;;;
06/08/2014;10:36:00;70;sem vítima;294;BR-101/RJ;Norte;Engavetamento;1;;2;;;;;;;;5;;;;
07/08/2014;23:50:00;172;com vítima;294,954;BR-101/RJ;Sul;Colisão Traseira;;;;1;;1;;;;;1;;1;;
16/08/2014;10:44:00;51;sem vítima;294;BR-101/RJ;Norte;Colisão Traseira;2;;;;;1;;;;;7;;;;
22/08/2014;18:30:00;147;com vítima;294;BR-101/RJ;Norte;Queda de Moto;;;;1;;;;;;;0;1;;;
23/08/2014;08:14:00;57;sem vítima;294;BR-101/RJ;Norte;Engavetamento;3;;;;;;;;;;3;;;;
25/09/2014;09:41:00;63;sem vítima;294,538;BR-101/RJ;Sul;Colisão Traseira;;;;;1;;;;;1;2;;;;
29/10/2014;18:58:00;142;com vítima;294,634;BR-101/RJ;Sul;Colisão Lateral;;;;1;;1;;;;;1;1;;;
01/11/2014;13:29:00;115;sem vítima;294;BR-101/RJ;Norte;Colisão Traseira;3;;;;;;;;;;8;;;;
27/11/2014;17:35:00;119;sem vítima;294;BR-101/RJ;Norte;Colisão Traseira;2;;;;;;;;;;4;;;;
28/11/2014;19:27:00;151;com vítima;294,542;BR-101/RJ;Norte;Queda de Moto;;;;1;;;;;;;0;1;;;
06/12/2014;15:45:00;117;sem vítima;294;BR-101/RJ;Norte;Colisão Traseira;2;;;;;;;;;;3;;;;
08/12/2014;17:43:00;155;sem vítima;294,213;BR-101/RJ;Norte;Colisão Traseira;2;;;;;;;;;;3;;;;
11/12/2014;18:15:00;153;sem vítima;294;BR-101/RJ;Norte;Colisão Traseira;2;;;;;;;;;;2;;;;
12/12/2014;22:03:00;179;com vítima;294;BR-101/RJ;Norte;Capotamento;1;;;;;;;;;;0;1;;;
13/12/2014;00:00:00;16;sem vítima;294;BR-101/RJ;Norte;Colisão Lateral;;;1;;;;;;;;1;;;;
19/12/2014;15:40:00;138;com vítima;294;BR-101/RJ;Norte;Colisão Lateral;1;;;1;;;;;;;1;2;;;
03/01/2015;09:57:00;49;sem vítima;294;BR-101/RJ;Sul;Colisão Traseira;2;;;;;;;;;;7;;;;
04/01/2015;17:30:00;148;sem vítima;294;BR-101/RJ;Sul;Colisão Traseira;3;;;;;;;;;;3;;;;
15/01/2015;04:45:00;14;sem vítima;294;BR-101/RJ;Sul;Colisão Traseira;2;;;;;;;;;;2;;;;
18/01/2015;14:05:00;107;sem vítima;294;BR-101/RJ;Sul;Choque - Defensa, barreira ou "submarino";2;;;;;;;;;;6;;;;
19/01/2015;11:10:00;78;sem vítima;294;BR-101/RJ;Sul;Engavetamento;3;;;;;;;;;;9;;;;
22/01/2015;19:48:00;145;sem vítima;294;BR-101/RJ;Sul;Colisão Traseira;2;;;;;;;;;;2;;;;
28/01/2015;13:35:00;101;sem vítima;294;BR-101/RJ;Norte;Engavetamento;3;;;;;;;;;;5;;;;
30/01/2015;15:02:00;137;sem vítima;294;BR-101/RJ;Norte;Engavetamento;4;;;;;;;;;;7;;;;
02/02/2015;13:52:00;114;sem vítima;294;BR-101/RJ;Sul;Colisão Traseira;2;;;;;;;;;;4;0;0;0;0
13/02/2015;16:58:00;173;com vítima;294;BR-101/RJ;Norte;Atropelamento - Morador;1;;;;;;;;;;1;0;1;0;0
14/02/2015;08:08:00;98;sem vítima;294;BR-101/RJ;Norte;Colisão Traseira;2;;;;;;;;;;2;0;0;0;0
14/02/2015;17:38:00;236;sem vítima;294;BR-101/RJ;Sul;Colisão Traseira;2;;;;;;;;;;2;0;0;0;0
20/02/2015;12:54:00;93;sem vítima;294;BR-101/RJ;Sul;Engavetamento;3;;;;;1;;;;;8;0;0;0;0
25/02/2015;23:13:00;183;sem vítima;294;BR-101/RJ;Sul;Colisão Lateral;;;1;;;1;;;;;2;;;;
06/03/2015;19:43:00;168;sem vítima;294;BR-101/RJ;Norte;Colisão Traseira;1;;;;1;;;;;;4;0;0;0;0
09/03/2015;04:41:00;21;sem vítima;294;BR-101/RJ;Sul;Saida de Pista;1;;;;;;;;;;1;0;0;0;0
20/03/2015;17:34:00;141;sem vítima;294;BR-101/RJ;Sul;Colisão Traseira;;;;;2;;;;;;2;0;0;0;0
02/04/2015;15:32:00;142;sem vítima;294;BR-101/RJ;Norte;Engavetamento;3;;;;;;;;;;9;;;;
05/04/2015;15:43:00;100;sem vítima;294;BR-101/RJ;Sul;Colisão Traseira;1;;;;1;;;;;;4;;;;
06/04/2015;02:51:00;17;sem vítima;294;BR-101/RJ;Sul;Choque - Defensa, barreira ou "submarino";1;;;;;;;;;;1;;;;
13/04/2015;13:53:00;116;sem vítima;294;BR-101/RJ;Norte;Colisão Traseira;1;;1;;;;;;;;4;;;;
15/04/2015;09:51:00;82;sem vítima;294;BR-101/RJ;Sul;Engavetamento;2;;;;;1;;;;;3;;;;
25/04/2015;12:40:00;81;sem vítima;294;BR-101/RJ;Sul;Engavetamento;2;;;;;1;;;;;10;;;;
01/05/2015;18:50:00;152;sem vítima;294;BR-101/RJ;Sul;Colisão Lateral;2;;;;;;;;;;3;;;;
04/05/2015;18:54:00;195;sem vítima;294;BR-101/RJ;Norte;Colisão Traseira;;;;;1;1;;;;;2;;;;
09/05/2015;23:58:00;206;sem vítima;294;BR-101/RJ;Norte;Colisão Lateral;1;;1;;;;;;;;6;;;;
10/05/2015;19:39:00;162;com vítima;294,3;BR-101/RJ;Sul;Capotamento;1;;;;;;;;;;0;2;;;
20/05/2015;11:31:00;105;sem vítima;294;BR-101/RJ;Norte;Colisão Traseira;1;;;;;1;;;;;3;;;;
14/06/2015;18:09:00;135;sem vítima;294,44;BR-101/RJ;Sul;Engavetamento;3;;;;;;;;;;6;;;;
19/06/2015;15:30:00;123;sem vítima;294,5;BR-101/RJ;Sul;Colisão Lateral;1;;1;;;;;;;;2;;;;
22/06/2015;22:02:00;200;sem vítima;294;BR-101/RJ;Sul;Colisão Traseira;2;;;;;;;;;;4;;;;
12/07/2015;08:24:00;36;sem vítima;294,638;BR-101/RJ;Sul;Choque - Defensa, barreira ou "submarino";1;;;;;;;;;;1;;;;
17/07/2015;15:52:00;164;com vítima;294,5;BR-101/RJ;Norte;Outros - Sequência;;;;1;;;;;;1;1;1;1;;
17/07/2015;16:00:00;165;sem vítima;294,5;BR-101/RJ;Norte;Colisão Traseira;1;;1;;;;;;;;6;;;;
05/08/2015;06:16:00;23;com vítima;294,511;BR-101/RJ;Sul;Colisão Traseira;1;;;;1;;;;;;1;3;;;
11/09/2015;10:32:00;101;com vítima;294;BR-101/RJ;Sul;Atropelamento de Animal;;;;1;;;;;;;0;1;;;
12/09/2015;19:22:00;138;sem vítima;294,92;BR-101/RJ;Norte;Choque - Defensa, barreira ou "submarino";1;;;;;;;;;;5;;;;
13/09/2015;06:31:00;30;com vítima;294,125;BR-101/RJ;Norte;Colisão Traseira;;;;1;;1;;;;;1;;1;;
18/09/2015;08:02:00;67;sem vítima;294,963;BR-101/RJ;Sul;Colisão Traseira;;;;;2;;;;;;2;;;;
27/09/2015;17:24:00;132;sem vítima;294;BR-101/RJ;Sul;Colisão Traseira;1;;1;;;;;;;;3;;;;
03/10/2015;22:41:00;195;sem vítima;294;BR-101/RJ;Norte;Engavetamento;3;;;;;;;;;;6;;;;
07/10/2015;11:28:00;84;com vítima;294,53;BR-101/RJ;Norte;Atropelamento - Morador;;;;;;;;;;1;2;;;1;
08/10/2015;14:33:00;151;sem vítima;294;BR-101/RJ;Norte;Engavetamento;4;;;;;;;;;;9;;;;
06/11/2015;12:01:00;109;com vítima;294;BR-101/RJ;Norte;Colisão Transversal;;1;;;;;;;;1;1;1;;;
06/11/2015;16:57:00;162;com vítima;294,548;BR-101/RJ;Norte;Colisão Traseira;1;;1;;;;;;;;6;1;;;
16/11/2015;13:39:00;136;sem vítima;294;BR-101/RJ;Norte;Colisão Traseira;1;;;;1;;;;;;2;;;;
19/11/2015;14:50:00;143;sem vítima;294;BR-101/RJ;Norte;Engavetamento;3;;;;;;;;;;6;;;;
27/11/2015;16:49:00;183;com vítima;294;BR-101/RJ;Norte;Colisão Traseira;;;1;1;;;;;;;3;1;;;
01/12/2015;18:18:00;201;sem vítima;294;BR-101/RJ;Norte;Engavetamento;3;;;;;;;;;;4;;;;
05/12/2015;14:30:00;132;sem vítima;294;BR-101/RJ;Norte;Colisão Traseira;1;;1;;;;;;;;5;;;;
23/12/2015;14:40:00;157;sem vítima;294;BR-101/RJ;Norte;Colisão Lateral;1;;1;;;;;;;;2;;;;
26/12/2015;15:15:00;154;com vítima;294;BR-101/RJ;Norte;Colisão Lateral;1;;;1;;;;;;;4;2;;;
08/01/2010;16:08:00;133;sem vítima;295;BR-101/RJ;Norte;Colisão Traseira;3;;;;;;;;;;7;;;;
04/02/2010;17:50:00;173;sem vítima;295;BR-101/RJ;Sul;Colisão Traseira;2;;;;;;;;;;4;;;;
07/02/2010;08:22:00;42;com vítima;295;BR-101/RJ;Sul;Atropelamento - Ciclista;;1;;;;1;;;;;1;1;;;
07/02/2010;05:50:00;28;com vítima;295,5;BR-101/RJ;Sul;Colisão Traseira;1;;;1;;;;;;;6;;;;1
11/02/2010;05:02:00;20;com vítima;295;BR-101/RJ;Sul;Atropelamento de Animal;2;;;;1;;;;;;2;;1;;
11/02/2010;20:04:00;214;sem vítima;295;BR-101/RJ;Sul;Colisão Lateral;2;;;;;;;;;;3;;;;
24/02/2010;19:28:00;185;sem vítima;295;BR-101/RJ;Norte;Atropelamento de Animal;;;;;;2;;;;;2;;;;
12/03/2010;08:10:00;49;sem vítima;295;BR-101/RJ;Norte;Engavetamento;1;;2;;;;;;;1;11;;;;
14/03/2010;04:07:00;22;sem vítima;295;BR-101/RJ;Sul;Choque - Defensa, barreira ou "submarino";1;;;;;;;;;;5;;;;
03/04/2010;07:08:00;31;com vítima;295;BR-101/RJ;Norte;Queda de Moto;;;;1;;;;;;;0;;;;2
21/04/2010;19:03:00;163;sem vítima;295;BR-101/RJ;Norte;Colisão Traseira;1;;;;;1;;;;;2;;;;
16/05/2010;10:56:00;57;com vítima;295;BR-101/RJ;Norte;Saida de Pista;1;;;;;;;;;;0;;;1;
12/06/2010;09:10:00;53;com vítima;295;BR-101/RJ;Norte;Atropelamento - Ciclista;;1;1;;;;;;;;3;1;;;
12/06/2010;16:07:00;133;com vítima;295;BR-101/RJ;Norte;Colisão Lateral;1;;1;;;;;;;;1;1;1;;
13/06/2010;21:40:00;152;sem vítima;295;BR-101/RJ;Sul;Colisão Lateral;1;;1;;;;;;;;2;;;;
17/06/2010;15:31:00;115;sem vítima;295;BR-101/RJ;Sul;Colisão Traseira;1;;1;;;1;;;;;4;;;;
30/06/2010;22:49:00;217;com vítima;295;BR-101/RJ;Norte;Choque - Defensa, barreira ou "submarino";1;;;;;;;;;;0;2;;;
03/07/2010;09:51:00;44;sem vítima;295;BR-101/RJ;Norte;Colisão Traseira;2;;;;;;;;;;2;;;;
04/07/2010;19:37:00;144;sem vítima;295;BR-101/RJ;Sul;Engavetamento;3;;;;;;;;;;10;;;;
16/07/2010;18:01:00;184;sem vítima;295;BR-101/RJ;Norte;Engavetamento;3;;;;;;;;;;8;;;;
19/07/2010;00:43:00;2;com vítima;295;BR-101/RJ;Norte;Saida de Pista;1;;;;;;;;;;0;;1;;
22/07/2010;10:50:00;69;sem vítima;295;BR-101/RJ;Norte;Colisão Traseira;1;;;;1;;;;;;4;;;;
18/09/2010;04:31:00;29;sem vítima;295;BR-101/RJ;Sul;Capotamento;;;;;;;;;;1;1;;;;
19/09/2010;03:42:00;22;com vítima;295;BR-101/RJ;Sul;Saida de Pista;1;;;;;;;;;;0;;1;;
15/10/2010;08:56:00;52;sem vítima;295;BR-101/RJ;Sul;Colisão Lateral;;;2;;;;;;;;2;;;;
15/10/2010;11:41:00;81;sem vítima;295;BR-101/RJ;Norte;Colisão Traseira;2;;1;;;;;;;;6;;;;
27/10/2010;17:07:00;127;com vítima;295;BR-101/RJ;Norte;Saida de Pista;1;;;;;;;;;;0;1;1;;
27/10/2010;22:18:00;171;sem vítima;295;BR-101/RJ;Norte;Colisão Traseira;1;;1;;;;;;;;5;;;;
31/10/2010;02:56:00;23;com vítima;295;BR-101/RJ;Sul;Outros - Sequência;1;;;;;;;;;;0;;4;;
31/10/2010;21:20:00;171;sem vítima;295;BR-101/RJ;Norte;Colisão Traseira;2;;;;;;;;;;6;;;;
04/11/2010;18:05:00;147;com vítima;295;BR-101/RJ;Norte;Colisão Traseira;1;;1;;;;;;;;2;;1;;
12/11/2010;16:57:00;146;com vítima;295;BR-101/RJ;Norte;Engavetamento;3;;;;;;;;;;6;1;;;
13/11/2010;18:07:00;191;sem vítima;295;BR-101/RJ;Norte;Colisão Lateral;2;;;;;;;;;;3;;;;
04/12/2010;02:19:00;15;com vítima;295;BR-101/RJ;Sul;Queda de Moto;;;;1;;;;;;;0;1;;;
04/12/2010;11:38:00;91;sem vítima;295;BR-101/RJ;Sul;Capotamento;1;;;;;;;;;;1;;;;
11/12/2010;09:44:00;69;sem vítima;295;BR-101/RJ;Sul;Colisão Traseira;2;;;;;;;;;;2;;;;
11/12/2010;10:56:00;80;sem vítima;295;BR-101/RJ;Norte;Engavetamento;5;;;;;;;;;;14;;;;
13/12/2010;18:52:00;180;com vítima;295,29998779296875;BR-101/RJ;Norte;Tombamento;;;;;1;;;;;;2;5;5;;
05/01/2011;14:14:00;116;com vítima;295;BR-101/RJ;Sul;Saida de Pista;;;1;;;;;;;;0;1;1;;1
12/01/2011;12:43:00;81;sem vítima;295;BR-101/RJ;Sul;Colisão Traseira;2;;;;1;;;;;;5;;;;
15/01/2011;14:50:00;109;sem vítima;295;BR-101/RJ;Norte;Colisão Traseira;1;;1;;;;;;;;3;;;;
17/01/2011;12:24:00;118;com vítima;295;BR-101/RJ;Sul;Engavetamento;4;;;;;;;;;;9;2;;;
22/01/2011;08:51:00;63;sem vítima;295;BR-101/RJ;Norte;Colisão Traseira;2;;1;;;;;;;;6;;;;
27/01/2011;09:54:00;77;com vítima;295;BR-101/RJ;Norte;Engavetamento;4;;1;;;;;;;;10;2;;;
08/02/2011;17:56:00;122;sem vítima;295;BR-101/RJ;Sul;Colisão Lateral;;;1;;1;;;;;;4;;;;
17/02/2011;23:57:00;192;sem vítima;295,5;BR-101/RJ;Sul;Engavetamento;3;;;;;;;;;;5;;;;
18/02/2011;00:00:00;1;com vítima;295;BR-101/RJ;Sul;Engavetamento;1;;2;;;;;;;;3;;1;;
18/02/2011;00:30:00;7;sem vítima;295;BR-101/RJ;Sul;Colisão Traseira;1;;1;;;;;;;;4;;;;
27/02/2011;21:18:00;209;sem vítima;295;BR-101/RJ;Sul;Engavetamento;3;;;;;;;;;;9;;;;
19/03/2011;20:23:00;148;com vítima;300,20001220703125;BR-101/RJ;Norte;Colisão Traseira;1;;;;1;;;;;;1;;1;;
19/03/2011;23:09:00;165;com vítima;289;BR-101/RJ;Sul;Atropelamento - Usuário;;;;;1;;;;;;1;;;;1
20/03/2011;19:44:00;130;sem vítima;66;BR-101/RJ;Norte;Colisão Lateral;2;;;;;;;;;;4;;;;
07/05/2011;04:11:00;16;com vítima;295;BR-101/RJ;Sul;Capotamento;1;;;;;;;;;;0;1;1;;
07/05/2011;04:12:00;17;sem vítima;295;BR-101/RJ;Sul;Colisão Traseira;2;;;;;;;;;;6;;;;
07/05/2011;04:40:00;19;sem vítima;295;BR-101/RJ;Sul;Engavetamento;2;;;;1;;;;;;8;;;;
13/05/2011;11:43:00;79;com vítima;295;BR-101/RJ;Norte;Atropelamento - Morador;;;;;;1;;;;;1;1;;;
20/05/2011;19:13:00;163;sem vítima;295;BR-101/RJ;Sul;Colisão Traseira;1;;;;;;;;;1;2;;;;
26/05/2011;11:20:00;78;sem vítima;295;BR-101/RJ;Norte;Colisão Traseira;1;;1;;;;;;;;3;;;;
03/06/2011;17:14:00;153;com vítima;295,8999938964844;BR-101/RJ;Sul;Colisão Lateral;2;;;;;;;;;;2;;1;;
04/06/2011;04:18:00;17;com vítima;295;BR-101/RJ;Sul;Colisão Traseira;1;;;;;2;;;;;4;;2;;
04/06/2011;04:23:00;18;com vítima;295;BR-101/RJ;Sul;Colisão Traseira;2;;;;;1;;;;;3;;1;1;
14/06/2011;20:23:00;139;sem vítima;295;BR-101/RJ;Norte;Colisão Traseira;1;;;;1;;;;;;2;;;;
15/06/2011;15:48:00;138;com vítima;295;BR-101/RJ;Sul;Choque - Defensa, barreira ou "submarino";1;;;;;;;;;;0;;1;;
26/06/2011;17:39:00;144;sem vítima;295,20001220703125;BR-101/RJ;Sul;Engavetamento;5;;;;;;;;;;15;;;;
11/08/2011;18:23:00;146;com vítima;295;BR-101/RJ;Sul;Colisão Traseira;1;;;;1;;;;;;5;2;;;
16/08/2011;11:47:00;93;sem vítima;295,5;BR-101/RJ;Sul;Colisão Traseira;;;2;;;;;;;;2;;;;
17/08/2011;17:16:00;134;sem vítima;295;BR-101/RJ;Norte;Colisão Traseira;2;;;;;;;;;;3;;;;
17/08/2011;12:45:00;85;sem vítima;295,1000061035156;BR-101/RJ;Norte;Colisão Lateral;1;;1;;;;;;;;6;;;;
04/09/2011;04:40:00;14;com vítima;295;BR-101/RJ;Norte;Colisão Traseira;2;;;;;;;;;;3;1;;;
07/09/2011;21:31:00;168;sem vítima;295;BR-101/RJ;Norte;Choque - Defensa, barreira ou "submarino";1;;;;;;;;;;1;;;;
07/09/2011;06:15:00;25;com vítima;295,54998779296875;BR-101/RJ;Norte;Saida de Pista;1;;;;;;;;;;0;1;;;
10/09/2011;09:47:00;65;sem vítima;295;BR-101/RJ;Sul;Colisão Traseira;1;;;;;1;;;;;2;;;;
10/09/2011;06:08:00;33;sem vítima;295,8999938964844;BR-101/RJ;Sul;Choque - Defensa, barreira ou "submarino";1;;;;;;;;;;3;;;;
14/09/2011;17:54:00;118;sem vítima;295;BR-101/RJ;Norte;Engavetamento;3;;;;;3;;;;;7;;;;
16/09/2011;20:12:00;168;sem vítima;295;BR-101/RJ;Norte;Colisão Traseira;2;;;;;;;;;;2;;;;
19/09/2011;17:21:00;165;com vítima;295;BR-101/RJ;Sul;Queda de Moto;;;;1;;;;;;;0;;;1;
15/10/2011;09:31:00;62;com vítima;295;BR-101/RJ;Norte;Colisão Traseira;1;;1;;;1;;;;;4;2;;;
20/10/2011;16:24:00;137;sem vítima;295;BR-101/RJ;Norte;Colisão Traseira;1;;;;;1;;;;1;3;;;;
22/10/2011;06:59:00;29;com vítima;295;BR-101/RJ;Norte;Colisão Frontal;2;;;;;;;;;;3;1;;;
20/11/2011;10:42:00;47;sem vítima;295;BR-101/RJ;Norte;Colisão Traseira;2;;;;;;;;;;6;;;;
30/11/2011;09:59:00;76;sem vítima;295;BR-101/RJ;Sul;Colisão Traseira;1;;;;1;;;;;;2;;;;
03/12/2011;05:27:00;27;com vítima;295,5;BR-101/RJ;Sul;Colisão Traseira;1;;;;1;;;;;;1;1;;;
03/12/2011;05:27:00;38;com vítima;295,5;BR-101/RJ;Sul;Queda de Moto;;;;1;;;;;;;0;;;1;
11/12/2011;16:35:00;118;sem vítima;295;BR-101/RJ;Norte;Capotamento;1;;;;;;;;;;1;;;;
16/12/2011;11:44:00;100;sem vítima;295;BR-101/RJ;Norte;Saida de Pista;;;1;;;;;;;;1;;;;
17/12/2011;12:01:00;79;sem vítima;295;BR-101/RJ;Sul;Outros - Sequência;2;;;;;;;;;;2;;;;
26/12/2011;21:20:00;193;com vítima;295,3500061035156;BR-101/RJ;Sul;Saida de Pista;1;;;;;;;;;;0;1;2;2;
02/01/2012;11:04:00;82;sem vítima;295;BR-101/RJ;Sul;Colisão Traseira;2;;;;;;;;;;4;;;;
07/01/2012;10:33:00;56;sem vítima;295;BR-101/RJ;Norte;Colisão Traseira;3;;;;;;;;;;9;;;;
16/01/2012;11:13:00;87;sem vítima;295;BR-101/RJ;Norte;Colisão Traseira;;;1;;1;;;;;;3;;;;
18/01/2012;12:12:00;92;com vítima;295;BR-101/RJ;Norte;Capotamento;1;;;;;;;;;;0;;3;;
19/01/2012;13:09:00;108;sem vítima;295;BR-101/RJ;Sul;Colisão Traseira;1;;;;1;;;;;;3;;;;
19/01/2012;21:19:00;198;com vítima;295;BR-101/RJ;Sul;Colisão Traseira;;;;1;;;;;;1;1;;2;;
04/02/2012;13:39:00;103;sem vítima;295;BR-101/RJ;Norte;Colisão Traseira;3;;;;;;;;;;3;;;;
16/02/2012;10:46:00;83;sem vítima;295;BR-101/RJ;Norte;Colisão Traseira;1;;1;;;;;;;;4;;;;
19/02/2012;05:04:00;39;com vítima;295;BR-101/RJ;Sul;Atropelamento - Andarilho;1;;;;;;;;;;1;;1;;
03/03/2012;02:00:00;10;com vítima;295;BR-101/RJ;Norte;Colisão Traseira;1;;1;;;;;;;;3;;2;;
04/03/2012;19:59:00;151;sem vítima;295;BR-101/RJ;Sul;Colisão Traseira;2;;;;;;;;;;2;;;;
10/03/2012;10:08:00;62;sem vítima;295;BR-101/RJ;Norte;Colisão Traseira;1;;;;;;;;;1;7;;;;
10/03/2012;18:36:00;146;com vítima;295;BR-101/RJ;Sul;Colisão Traseira;2;;;;;1;;;;;4;;1;;
10/03/2012;19:26:00;158;com vítima;295;BR-101/RJ;Sul;Engavetamento;5;;;;;;;;;;6;2;;;
18/03/2012;18:10:00;119;sem vítima;295;BR-101/RJ;Sul;Colisão Traseira;3;;;;;;;;;;8;;;;
03/04/2012;13:25:00;93;sem vítima;295;BR-101/RJ;Sul;Colisão Traseira;2;;;;;;;;;;2;;;;
22/05/2012;20:31:00;176;com vítima;295,8;BR-101/RJ;Norte;Colisão Traseira;1;;1;;;1;;;;;2;;2;;
26/05/2012;08:11:00;47;sem vítima;295;BR-101/RJ;Sul;Colisão Traseira;2;;;;;;;;;;4;;;;
08/06/2012;17:23:00;146;sem vítima;295;BR-101/RJ;Sul;Colisão Lateral;1;;;;;1;;;;;5;;;;
16/06/2012;05:25:00;24;com vítima;295;BR-101/RJ;Sul;Atropelamento - Morador;1;;;;;;;;;;4;1;;;
17/06/2012;19:00:00;134;sem vítima;295;BR-101/RJ;Sul;Saida de Pista;1;;;;;;;;;;1;;;;
18/06/2012;04:56:00;27;sem vítima;295;BR-101/RJ;Sul;Saida de Pista;1;;;;;;;;;;1;;;;
14/07/2012;13:44:00;109;sem vítima;295;BR-101/RJ;Norte;Engavetamento;4;;;;;;;;;;7;;;;
21/07/2012;08:38:00;54;sem vítima;295;BR-101/RJ;Sul;Colisão Traseira;2;;;;;;;;;;2;;;;
12/08/2012;18:41:00;148;sem vítima;295;BR-101/RJ;Norte;Colisão Lateral;2;;;;;;;;;;4;;;;
22/08/2012;17:13:00;166;sem vítima;295,294;BR-101/RJ;Norte;Colisão Lateral;2;;;;;;;;;;5;;;;
11/09/2012;18:06:00;131;sem vítima;295;BR-101/RJ;Sul;Colisão Traseira;2;;;;1;;;;;;5;;;;
20/09/2012;16:48:00;120;sem vítima;295;BR-101/RJ;Norte;Colisão Lateral;2;;1;;;;;;;;6;;;;
24/09/2012;08:53:00;70;sem vítima;295;BR-101/RJ;Norte;Engavetamento;4;;;;;;;;;;8;;;;
28/09/2012;18:41:00;172;sem vítima;295;BR-101/RJ;Norte;Colisão Traseira;;;;;1;;;;;1;3;;;;
30/09/2012;01:54:00;9;sem vítima;295,579;BR-101/RJ;Sul;Saida de Pista;1;;;;;;;;;;1;;;;
02/10/2012;08:32:00;53;sem vítima;295;BR-101/RJ;Sul;Colisão Lateral;2;;;;;;;;;;3;;;;
20/10/2012;07:05:00;41;sem vítima;295;BR-101/RJ;Norte;Colisão Lateral;;;1;;;1;;;;;3;;;;
01/11/2012;07:24:00;34;sem vítima;295;BR-101/RJ;Norte;Colisão Traseira;2;;;;;;;;;;2;;;;
10/11/2012;14:28:00;111;sem vítima;295;BR-101/RJ;Norte;Colisão Lateral;;;1;;;;;;;1;11;;;;
14/11/2012;16:51:00;157;sem vítima;295;BR-101/RJ;Norte;Colisão Traseira;1;;;;1;;;;;;2;;;;
22/11/2012;15:47:00;134;sem vítima;295;BR-101/RJ;Sul;Colisão Traseira;1;;1;;;;;;;;2;;;;
22/11/2012;17:46:00;156;sem vítima;295;BR-101/RJ;Sul;Colisão Lateral;1;;1;;;;;;;;3;;;;
04/12/2012;14:55:00;127;sem vítima;295;BR-101/RJ;Sul;Colisão Lateral;2;;;;;;;;;;2;;;;
10/12/2012;15:15:00;158;sem vítima;295;BR-101/RJ;Sul;Colisão Traseira;1;;1;;;;;;;;3;;;;
14/12/2012;08:48:00;62;com vítima;295;BR-101/RJ;Sul;Atropelamento - Andarilho;;;;;;;;;;1;2;;1;;
15/12/2012;17:40:00;159;sem vítima;295;BR-101/RJ;Sul;Colisão Traseira;2;;;;;;;;;1;5;;;;
15/12/2012;21:03:00;194;sem vítima;295;BR-101/RJ;Sul;Queda de Moto;;;;1;;;;;;;1;;;;
17/12/2012;09:40:00;63;sem vítima;295;BR-101/RJ;Sul;Colisão Traseira;2;;;;;;;;;;3;;;;
19/12/2012;06:06:00;23;sem vítima;295;BR-101/RJ;Sul;Colisão Lateral;;;;1;1;;;;;;2;;;;
23/12/2012;07:30:00;42;sem vítima;295;BR-101/RJ;Norte;Choque - Defensa, barreira ou "submarino";1;;;;;;;;;;3;;;;
23/12/2012;18:16:00;156;sem vítima;295;BR-101/RJ;Norte;Saida de Pista;1;;;;;;;;;;1;;;;
01/01/2013;16:19:00;144;sem vítima;295;BR-101/RJ;Sul;Engavetamento;3;;;;;;;;;;10;;;;
01/01/2013;21:36:00;214;com vítima;295,2;BR-101/RJ;Sul;Colisão Traseira;1;;;;;1;;;;;6;;1;;
06/01/2013;04:53:00;19;sem vítima;295,9;BR-101/RJ;Sul;Capotamento;2;;;;;;;;;;4;;;;
08/01/2013;09:47:00;68;sem vítima;295,103;BR-101/RJ;Norte;Colisão Traseira;2;;;;;;;;;;3;;;;
14/01/2013;01:14:00;6;com vítima;295;BR-101/RJ;Norte;Saida de Pista;2;;;;;;;;;;5;;2;;1
19/01/2013;09:32:00;70;sem vítima;295,383;BR-101/RJ;Norte;Colisão Traseira;2;;;;;1;;;;;3;;;;
20/01/2013;17:25:00;141;sem vítima;295,265;BR-101/RJ;Sul;Engavetamento;4;;;;;;;;;;4;;;;
22/01/2013;23:02:00;206;sem vítima;295,5;BR-101/RJ;Norte;Capotamento;1;;;;;;;;;;1;;;;
24/01/2013;11:48:00;88;sem vítima;295,73;BR-101/RJ;Norte;Engavetamento;4;;;;;;;;;;7;;;;
25/01/2013;14:31:00;117;sem vítima;295;BR-101/RJ;Norte;Colisão Traseira;3;;;;;;;;;;4;;;;
28/01/2013;17:33:00;146;com vítima;295,8;BR-101/RJ;Sul;Colisão Traseira;1;;;1;;;;;;;1;1;;;