data;horario;n_da_ocorrencia;tipo_de_ocorrencia;km;trecho;sentido;tipo_de_acidente;automovel;bicicleta;caminhao;moto;onibus;outros;tracao_animal;transporte_de_cargas_especiais;trator_maquinas;utilitarios;ilesos;levemente_feridos;moderadamente_feridos;gravemente_feridos;mortos
02/02/2013;12:07:00;101;sem vítima;295,348;BR-101/RJ;Sul;Engavetamento;4;;;;;;;;;;12;;;;
09/02/2013;03:33:00;52;sem vítima;295,777;BR-101/RJ;Norte;Colisão Lateral;;;;1;;1;;;;;3;;;;
13/02/2013;12:17:00;119;sem vítima;295,7;BR-101/RJ;Sul;Colisão Traseira;1;;;1;;;;;;;2;;;;
27/02/2013;11:00:00;83;sem vítima;295;BR-101/RJ;Norte;Colisão Traseira;;;2;;;;;;;;4;;;;
09/03/2013;03:10:00;15;com vítima;295;BR-101/RJ;Norte;Queda de Moto;;;;1;;;;;;;0;;2;;
09/03/2013;09:55:00;80;sem vítima;295,752;BR-101/RJ;Sul;Colisão Traseira;2;;;;;;;;;;6;;;;
16/03/2013;11:16:00;105;sem vítima;295;BR-101/RJ;Sul;Colisão Traseira;2;;;;;;;;;;2;;;;
29/03/2013;20:53:00;186;sem vítima;295,175;BR-101/RJ;Norte;Colisão Traseira;2;;;;;;;;;;2;;;;
30/03/2013;05:12:00;20;com vítima;295;BR-101/RJ;Norte;Colisão Traseira;1;;;1;;;;;;;4;;2;;
31/03/2013;10:35:00;62;sem vítima;295;BR-101/RJ;Norte;Colisão Traseira;2;;;;;;;;;;6;;;;
15/04/2013;14:13:00;127;sem vítima;295;BR-101/RJ;Sul;Colisão Traseira;2;;;;;;;;;;2;;;;
07/05/2013;13:27:00;82;sem vítima;295,8;BR-101/RJ;Sul;Colisão Traseira;2;;1;;;;;;;;6;;;;
11/05/2013;00:36:00;2;sem vítima;295,534;BR-101/RJ;Norte;Colisão Traseira;2;;;;;;;;;;5;;;;
11/05/2013;00:53:00;5;sem vítima;295,534;BR-101/RJ;Norte;Colisão Traseira;1;;1;;;;;;;;6;;;;
12/05/2013;17:51:00;120;sem vítima;295;BR-101/RJ;Sul;Engavetamento;3;;;;;;;;;;3;;;;
14/05/2013;07:16:00;24;sem vítima;295,75;BR-101/RJ;Norte;Engavetamento;3;;;;;;;;;;4;;;;
16/05/2013;21:53:00;161;com vítima;295,34;BR-101/RJ;Sul;Atropelamento - Morador;1;;;;;;;;;;4;;1;;
07/06/2013;12:28:00;88;com vítima;295,15;BR-101/RJ;Sul;Colisão Traseira;;;;1;;;;;;1;2;2;;;
15/06/2013;14:54:00;118;sem vítima;295;BR-101/RJ;Sul;Tombamento;;;1;;;;;;;;1;;;;
30/07/2013;09:17:00;50;com vítima;295;BR-101/RJ;Sul;Choque - Defensa, barreira ou "submarino";1;;;;;;;;;;1;2;;;
03/08/2013;05:10:00;23;com vítima;295,77;BR-101/RJ;Sul;Capotamento;1;;;;;;;;;;0;1;1;1;
03/08/2013;07:41:00;39;sem vítima;295,78;BR-101/RJ;Norte;Engavetamento;3;;;;;;;;;;7;;;;
08/08/2013;13:32:00;103;com vítima;295;BR-101/RJ;Norte;Colisão Lateral;2;;1;;;;;;;;4;1;;;
09/08/2013;10:47:00;66;sem vítima;295;BR-101/RJ;Norte;Engavetamento;2;;;;1;;;;;;3;;;;
16/08/2013;18:25:00;157;sem vítima;295;BR-101/RJ;Norte;Colisão Traseira;2;;;;;;;;;;4;;;;
17/08/2013;17:40:00;141;com vítima;295,429;BR-101/RJ;Norte;Capotamento;1;;;;;;;;;;0;;1;;
24/08/2013;09:36:00;71;sem vítima;295;BR-101/RJ;Norte;Colisão Traseira;1;;;;;1;;;;;6;;;;
25/08/2013;04:56:00;25;com vítima;295,649;BR-101/RJ;Sul;Colisão Lateral;1;;;;;1;;;;;1;1;;;
29/08/2013;04:52:00;19;sem vítima;295,115;BR-101/RJ;Sul;Choque - Defensa, barreira ou "submarino";1;;;;;;;;;;1;;;;
03/09/2013;14:26:00;121;com vítima;295,35;BR-101/RJ;Sul;Atropelamento - Morador;1;;;;;;;;;;1;;1;;
07/09/2013;01:49:00;8;sem vítima;295,3;BR-101/RJ;Norte;Saida de Pista;;;1;;;;;;;;1;;;;
13/09/2013;18:52:00;174;sem vítima;295;BR-101/RJ;Norte;Colisão Traseira;;;;;1;1;;;;;2;;;;
11/10/2013;18:33:00;187;com vítima;295;BR-101/RJ;Norte;Queda de Moto;;;;1;;;;;;;0;;1;;
05/11/2013;12:15:00;93;com vítima;295,426;BR-101/RJ;Sul;Queda de Moto;;;;1;;;;;;;0;;1;;
24/11/2013;22:09:00;168;com vítima;295,103;BR-101/RJ;Norte;Atropelamento - Andarilho;;;;;2;;;;;;2;;;;1
25/11/2013;06:00:00;26;sem vítima;295,13;BR-101/RJ;Sul;Saida de Pista;1;;;;;;;;;;1;;;;
30/11/2013;10:41:00;82;sem vítima;295,32;BR-101/RJ;Norte;Colisão Traseira;2;;;;;;;;;;2;;;;
02/12/2013;10:01:00;103;com vítima;295,413;BR-101/RJ;Norte;Colisão Traseira;;;;;2;;;;;;48;;3;;
20/12/2013;14:53:00;119;sem vítima;295;BR-101/RJ;Sul;Colisão Lateral;;;1;;1;;;;;;2;;;;
20/12/2013;15:46:00;125;com vítima;295,1;BR-101/RJ;Sul;Colisão Frontal;;;;1;1;;;;;;1;;2;;
21/12/2013;16:14:00;133;sem vítima;295,669;BR-101/RJ;Norte;Engavetamento;3;;;;;;;;;;8;;;;
01/01/2014;06:26:00;29;com vítima;295,334;BR-101/RJ;Sul;Colisão Traseira;1;;;1;;;;;;;1;;;1;
01/01/2014;07:18:00;39;sem vítima;295,633;BR-101/RJ;Sul;Saida de Pista;1;;;;;;;;;;5;;;;
09/01/2014;12:48:00;106;sem vítima;295,793;BR-101/RJ;Norte;Colisão Traseira;1;;;;;1;;;;;3;;;;
20/01/2014;17:11:00;154;sem vítima;295;BR-101/RJ;Sul;Engavetamento;4;;;;;;;;;;10;;;;
20/01/2014;10:23:00;64;sem vítima;295,687;BR-101/RJ;Norte;Engavetamento;3;;1;;;;;;;;9;;;;
21/01/2014;15:14:00;139;sem vítima;295;BR-101/RJ;Norte;Engavetamento;3;;;;;;;;;;8;;;;
24/01/2014;18:46:00;141;sem vítima;295,2;BR-101/RJ;Sul;Colisão Traseira;2;;;;;;;;;;6;;;;
30/01/2014;22:26:00;228;sem vítima;295;BR-101/RJ;Sul;Colisão Traseira;1;;;;1;;;;;;2;;;;
07/02/2014;17:30:00;171;sem vítima;295,571;BR-101/RJ;Norte;Engavetamento;5;;;;;;;;;;6;;;;
16/02/2014;11:51:00;59;sem vítima;295,11;BR-101/RJ;Norte;Colisão Traseira;2;;;;;;;;;;7;;;;
24/02/2014;15:21:00;134;sem vítima;295;BR-101/RJ;Norte;Colisão Traseira;2;;;;;;;;;;2;;;;
24/02/2014;05:07:00;20;com vítima;295,32;BR-101/RJ;Sul;Atropelamento - Morador;;;;1;;;;;;;1;;1;;
01/03/2014;06:46:00;106;com vítima;295;BR-101/RJ;Sul;Colisão Lateral;1;;1;;;;;;;;4;1;;;
08/03/2014;20:25:00;189;sem vítima;295;BR-101/RJ;Sul;Colisão Traseira;1;;;;;1;;;;;6;;;;
08/03/2014;20:25:00;196;sem vítima;295;BR-101/RJ;Sul;Colisão Traseira;1;;;;;1;;;;;2;;;;
08/03/2014;20:25:00;197;sem vítima;295;BR-101/RJ;Sul;Colisão Traseira;1;;;;;1;;;;;6;;;;
17/03/2014;07:58:00;55;com vítima;295,524;BR-101/RJ;Norte;Queda de Moto;;;;1;;;;;;;0;;1;;
24/03/2014;03:47:00;8;com vítima;295,538;BR-101/RJ;Norte;Capotamento;1;;;;;;;;;;0;1;;1;
04/04/2014;18:09:00;151;sem vítima;295;BR-101/RJ;Norte;Colisão Lateral;2;;;;;;;;;;3;;;;
11/04/2014;10:42:00;77;sem vítima;295,6;BR-101/RJ;Norte;Colisão Lateral;1;;;;1;;;;;;3;;;;
12/04/2014;09:51:00;66;sem vítima;295;BR-101/RJ;Norte;Engavetamento;2;;;;;1;;;;;6;;;;
06/05/2014;09:28:00;59;sem vítima;295;BR-101/RJ;Sul;Colisão Traseira;2;;;;;;;;;;3;;;;
15/05/2014;11:46:00;102;sem vítima;295;BR-101/RJ;Sul;Engavetamento;4;;1;;;;;;;;9;;;;
31/05/2014;12:30:00;77;sem vítima;295,5;BR-101/RJ;Norte;Engavetamento;2;;1;;1;;;;;;5;;;;
27/06/2014;09:32:00;63;sem vítima;295;BR-101/RJ;Norte;Engavetamento;3;;;;;;;;;;5;;;;
13/07/2014;07:57:00;23;sem vítima;295;BR-101/RJ;Sul;Outros - Sequência;2;;;;1;;;;;;5;;;;
20/07/2014;15:11:00;100;sem vítima;295,18;BR-101/RJ;Sul;Engavetamento;3;;;;;1;;;;;12;;;;
20/07/2014;16:41:00;115;com vítima;295,315;BR-101/RJ;Sul;Outros - Sequência;1;;;1;;;;;;;4;;1;;
29/07/2014;12:28:00;93;com vítima;295;BR-101/RJ;Sul;Atropelamento - Ciclista;1;1;;;;;;;;;1;;1;;
01/08/2014;19:26:00;157;com vítima;295,7;BR-101/RJ;Sul;Queda de Moto;;;;1;;;;;;;0;;1;;
20/08/2014;18:06:00;142;sem vítima;295;BR-101/RJ;Sul;Colisão Traseira;2;;;;;;;;;;2;;;;
24/08/2014;21:54:00;187;sem vítima;295;BR-101/RJ;Norte;Choque - Defensa, barreira ou "submarino";1;;;;;;;;;;3;;;;
01/09/2014;04:24:00;23;sem vítima;295,4;BR-101/RJ;Norte;Saida de Pista;1;;;;;;;;;;2;;;;
15/09/2014;12:17:00;88;sem vítima;295,117;BR-101/RJ;Norte;Colisão Traseira;;;1;;;;;;;1;4;;;;
21/09/2014;05:09:00;17;com vítima;295;BR-101/RJ;Norte;Outros - Sequência;4;;;;;;;;;;4;2;;;
02/10/2014;05:25:00;14;com vítima;295;BR-101/RJ;Sul;Colisão Frontal;2;;;;;;;;;;0;2;;;
16/10/2014;16:17:00;140;sem vítima;295;BR-101/RJ;Norte;Colisão Traseira;1;;1;;;;;;;;5;;;;
17/10/2014;13:06:00;112;com vítima;295,5;BR-101/RJ;Sul;Capotamento;1;;;;;;;;;;0;1;;;
24/10/2014;18:19:00;143;com vítima;295,341;BR-101/RJ;Sul;Colisão Lateral;1;;;;1;;;;;;1;1;;;
31/10/2014;11:24:00;89;sem vítima;295;BR-101/RJ;Norte;Engavetamento;4;;;;;;;;;;15;;;;
05/11/2014;16:50:00;128;com vítima;295;BR-101/RJ;Sul;Colisão Lateral;2;;;1;;;;;;;3;;;1;
08/11/2014;10:53:00;68;sem vítima;295;BR-101/RJ;Norte;Colisão Traseira;2;;;;;;;;;;4;;;;
08/11/2014;11:56:00;81;sem vítima;295;BR-101/RJ;Norte;Engavetamento;1;;;;;2;;;;1;9;;;;
14/11/2014;16:34:00;152;sem vítima;295,32;BR-101/RJ;Sul;Colisão Traseira;2;;;;;;;;;;2;;;;
15/11/2014;20:27:00;160;com vítima;295,229;BR-101/RJ;Sul;Colisão Traseira;1;;;1;;;;;;;1;2;;;
28/11/2014;06:21:00;23;com vítima;295;BR-101/RJ;Sul;Colisão Lateral;1;;;1;;;;;;;1;1;;;
09/12/2014;13:19:00;103;sem vítima;295;BR-101/RJ;Sul;Colisão Traseira;2;;;;;;;;;;2;;;;
13/12/2014;14:56:00;127;com vítima;295;BR-101/RJ;Sul;Atropelamento - Ciclista;1;1;;;;;;;;;2;1;;;
17/12/2014;16:30:00;138;com vítima;295,891;BR-101/RJ;Norte;Engavetamento;2;;2;;;1;;;;1;8;1;;;
31/12/2014;10:06:00;81;com vítima;295;BR-101/RJ;Norte;Saida de Pista;1;;;;;;;;;;1;1;;;
01/01/2015;01:20:00;8;com vítima;295,477;BR-101/RJ;Norte;Queda de Moto;;;;1;;;;;;;0;1;;;
02/01/2015;12:33:00;71;sem vítima;295;BR-101/RJ;Sul;Colisão Traseira;2;;;;;;;;;;5;;;;
04/01/2015;14:52:00;111;com vítima;295;BR-101/RJ;Sul;Atropelamento - Morador;;;;1;;;;;;;0;2;1;;
10/01/2015;10:38:00;73;sem vítima;295,313;BR-101/RJ;Sul;Colisão Lateral;2;;;;;;;;;;5;;;;
22/01/2015;18:37:00;131;com vítima;295,5;BR-101/RJ;Sul;Colisão Traseira;;;1;;;;;;;1;2;1;1;;
25/01/2015;20:11:00;133;sem vítima;295;BR-101/RJ;Sul;Colisão Traseira;1;;;1;;;;;;;3;;;;
28/01/2015;15:48:00;119;sem vítima;295;BR-101/RJ;Norte;Colisão Traseira;2;;;;;;;;;;3;;;;
08/02/2015;19:25:00;109;sem vítima;295;BR-101/RJ;Sul;Colisão Lateral;2;;;;;;;;;;3;0;0;0;0
08/02/2015;19:51:00;121;sem vítima;295;BR-101/RJ;Norte;Engavetamento;2;;;;;1;;;;;5;0;0;0;0
18/02/2015;19:04:00;178;com vítima;295;BR-101/RJ;Sul;Colisão Lateral;1;;;1;;;;;;;2;2;0;0;0
27/02/2015;15:31:00;123;sem vítima;295;BR-101/RJ;Norte;Engavetamento;3;;;;;;;;;;7;;;;
09/03/2015;11:04:00;88;sem vítima;295;BR-101/RJ;Norte;Engavetamento;3;;;;;;;;;;5;0;0;0;0
14/03/2015;17:10:00;144;com vítima;295,2;BR-101/RJ;Sul;Atropelamento - Ciclista;1;1;;;;;;;;;0;2;0;0;1
29/03/2015;15:18:00;79;com vítima;295;BR-101/RJ;Sul;Atropelamento - Morador;1;;;;;;;;;;1;0;1;0;0
01/04/2015;17:57:00;155;sem vítima;295;BR-101/RJ;Sul;Engavetamento;3;;;;;;;;;;5;;;;
06/04/2015;11:44:00;113;sem vítima;295;BR-101/RJ;Sul;Engavetamento;3;;;;;;;;;;6;;;;
07/04/2015;20:08:00;159;com vítima;295;BR-101/RJ;Sul;Choque - Defensa, barreira ou "submarino";1;;;;;;;;;;0;1;;;
10/04/2015;18:04:00;192;sem vítima;295;BR-101/RJ;Norte;Colisão Traseira;2;;;;;;;;;;4;;;;
11/04/2015;16:08:00;138;com vítima;295,583;BR-101/RJ;Sul;Capotamento;1;;;;;;;;;;0;1;;;
25/04/2015;13:02:00;84;sem vítima;295;BR-101/RJ;Sul;Colisão Traseira;1;;;1;;;;;;;8;;;;
25/04/2015;09:22:00;54;sem vítima;295,858;BR-101/RJ;Norte;Choque - Outros;1;;;;;;;;;;1;;;;
30/04/2015;09:34:00;68;sem vítima;295;BR-101/RJ;Norte;Colisão Traseira;1;;;;;1;;;;;2;;;;
30/04/2015;17:11:00;165;sem vítima;295;BR-101/RJ;Sul;Colisão Traseira;1;;;;;1;;;;;2;;;;
03/05/2015;05:40:00;21;com vítima;295;BR-101/RJ;Norte;Capotamento;1;;;;;;;;;;1;1;;;
07/05/2015;23:37:00;220;com vítima;295;BR-101/RJ;Norte;Atropelamento - Sem Informação;;;;;;1;;;;;1;;1;;1
10/05/2015;18:44:00;146;sem vítima;295,27;BR-101/RJ;Sul;Choque - Defensa, barreira ou "submarino";1;;;;;;;;;;1;;;;
15/05/2015;11:22:00;97;sem vítima;295;BR-101/RJ;Sul;Choque - Defensa, barreira ou "submarino";1;;;;;;;;;;4;;;;
15/05/2015;12:40:00;110;sem vítima;295;BR-101/RJ;Norte;Colisão Traseira;2;;;;;;;;;;3;;;;
16/05/2015;11:05:00;87;sem vítima;295;BR-101/RJ;Norte;Colisão Traseira;2;;;;;;;;;;3;;;;
16/05/2015;12:30:00;105;sem vítima;295;BR-101/RJ;Norte;Outros - Sequência;1;;;;;1;;;;;3;;;;
16/05/2015;07:24:00;32;com vítima;295,163;BR-101/RJ;Sul;Choque - Poste;1;;;;;;;;;;0;;1;;
04/06/2015;03:01:00;21;sem vítima;295;BR-101/RJ;Sul;Colisão Traseira;2;;;;;;;;;;4;;;;
04/06/2015;05:35:00;40;com vítima;295;BR-101/RJ;Sul;Colisão Lateral;1;;;1;;;;;;;2;1;;;
04/06/2015;13:42:00;111;sem vítima;295;BR-101/RJ;Norte;Engavetamento;4;;;;;;;;;;12;;;;
05/06/2015;15:38:00;118;sem vítima;295;BR-101/RJ;Sul;Colisão Traseira;2;;;;;;;;;;2;;;;
10/06/2015;19:59:00;185;sem vítima;295,888;BR-101/RJ;Norte;Capotamento;1;;;;;;;;;;1;;;;
13/06/2015;11:53:00;115;com vítima;295,056;BR-101/RJ;Norte;Colisão Lateral;1;;;1;;;;;;;3;1;;;
19/06/2015;15:12:00;115;com vítima;295;BR-101/RJ;Sul;Queda de Moto;;;;1;;;;;;;0;1;;;
04/07/2015;07:42:00;42;com vítima;295;BR-101/RJ;Sul;Capotamento;1;;;;;;;;;;0;1;;;
12/07/2015;18:12:00;133;sem vítima;295;BR-101/RJ;Sul;Engavetamento;4;;;;;;;;;;9;;;;
23/07/2015;18:25:00;189;com vítima;295,414;BR-101/RJ;Norte;Colisão Lateral;1;;;1;;;;;;;6;1;;;
02/08/2015;16:20:00;112;sem vítima;295;BR-101/RJ;Sul;Colisão Traseira;2;;;;;;;;;;2;;;;
02/08/2015;06:36:00;25;sem vítima;295,584;BR-101/RJ;Sul;Choque - Defensa, barreira ou "submarino";1;;;;;;;;;;4;;;;
08/08/2015;09:38:00;73;sem vítima;295;BR-101/RJ;Norte;Engavetamento;3;;;;;;;;;;6;;;;
09/08/2015;16:57:00;117;sem vítima;295;BR-101/RJ;Sul;Engavetamento;3;;;;;;;;;;8;;;;
11/08/2015;14:23:00;149;com vítima;295;BR-101/RJ;Sul;Colisão Traseira;;;;;2;;;;;;3;3;1;;
15/08/2015;08:10:00;42;sem vítima;295;BR-101/RJ;Norte;Colisão Traseira;2;;;;;;;;;;2;;;;
10/09/2015;15:46:00;142;sem vítima;295,446;BR-101/RJ;Norte;Colisão Lateral;;;;;1;;;;;1;2;;;;
18/09/2015;16:23:00;225;sem vítima;295;BR-101/RJ;Norte;Engavetamento;5;;;;;;;;;;6;;;;
19/09/2015;04:45:00;25;com vítima;295,578;BR-101/RJ;Sul;Choque - Defensa, barreira ou "submarino";1;;;;;;;;;;0;;2;;
04/10/2015;05:04:00;13;sem vítima;295,227;BR-101/RJ;Norte;Choque - Defensa, barreira ou "submarino";1;;;;;;;;;;1;;;;
07/10/2015;19:08:00;155;com vítima;295,141;BR-101/RJ;Sul;Queda de Moto;;;;1;;;;;;;0;1;;;
09/10/2015;10:54:00;110;sem vítima;295,567;BR-101/RJ;Norte;Colisão Lateral;1;;;1;;;;;;;2;;;;
10/10/2015;06:22:00;33;com vítima;295,57;BR-101/RJ;Norte;Colisão Frontal;2;;;;;;;;;;0;;;4;1
15/10/2015;16:36:00;158;sem vítima;295,552;BR-101/RJ;Norte;Engavetamento;;;3;;;;;;;;8;;;;
18/10/2015;17:19:00;114;com vítima;295;BR-101/RJ;Sul;Queda de Moto;;;;1;;;;;;;0;1;;;
30/10/2015;18:26:00;152;com vítima;295;BR-101/RJ;Norte;Atropelamento - Morador;;;;1;;;;;;;1;;1;;
17/11/2015;15:14:00;142;sem vítima;295,02;BR-101/RJ;Sul;Colisão Traseira;1;;;;;;;;;1;3;;;;
02/12/2015;16:09:00;161;com vítima;295;BR-101/RJ;Norte;Colisão Traseira;1;;;;1;;;;;;3;1;;;
02/12/2015;17:19:00;171;sem vítima;295;BR-101/RJ;Sul;Colisão Lateral;1;;1;;;;;;;;5;;;;
09/12/2015;17:00:00;178;sem vítima;295;BR-101/RJ;Norte;Colisão Traseira;2;;;;;;;;;;3;;;;
25/12/2015;19:12:00;151;com vítima;295;BR-101/RJ;Norte;Colisão Traseira;2;;;;;;;;;;2;1;;;
09/01/2010;11:40:00;95;sem vítima;296;BR-101/RJ;Norte;Colisão Traseira;;;1;;;;;;;1;5;;;;
09/01/2010;12:28:00;106;sem vítima;296;BR-101/RJ;Norte;Engavetamento;3;;;;;;;;;;3;;;;
10/01/2010;05:07:00;20;sem vítima;296;BR-101/RJ;Norte;Saida de Pista;1;;;;;;;;;;5;;;;
10/01/2010;11:08:00;90;sem vítima;296;BR-101/RJ;Norte;Capotamento;1;;;;;;;;;;4;;;;
16/01/2010;05:35:00;20;sem vítima;296;BR-101/RJ;Norte;Colisão Traseira;1;;;;1;;;;;;14;;;;
17/01/2010;08:47:00;43;sem vítima;296;BR-101/RJ;Norte;Colisão Traseira;1;;1;;;;;;;;5;;;;
23/01/2010;05:55:00;21;sem vítima;296;BR-101/RJ;Norte;Colisão Lateral;;;;;1;;;;;1;3;;;;
24/01/2010;14:58:00;105;sem vítima;296;BR-101/RJ;Norte;Engavetamento;3;;;;;;;;;;7;;;;
01/02/2010;15:37:00;136;sem vítima;296;BR-101/RJ;Norte;Objeto lançado contra veículo;1;;1;;;;;;;;3;;;;
06/02/2010;12:59:00;118;sem vítima;296;BR-101/RJ;Sul;Colisão Traseira;1;;;;1;;;;;;3;;;;
12/02/2010;13:24:00;139;sem vítima;296;BR-101/RJ;Norte;Colisão Traseira;2;;;;;;;;;;5;;;;
16/02/2010;03:29:00;20;sem vítima;296;BR-101/RJ;Norte;Saida de Pista;1;;;;;;;;;;2;;;;
17/02/2010;05:19:00;34;com vítima;296;BR-101/RJ;Sul;Queda de Moto;;;;1;;;;;;;0;;1;;
19/03/2010;17:59:00;189;sem vítima;296;BR-101/RJ;Norte;Saida de Pista;1;;;;;;;;;;2;;;;
20/03/2010;12:52:00;102;sem vítima;296;BR-101/RJ;Sul;Colisão Lateral;1;;;;1;;;;;;5;;;;
31/03/2010;14:25:00;112;sem vítima;296;BR-101/RJ;Sul;Colisão Traseira;;;1;;1;;;;;;2;;;;
23/04/2010;14:09:00;89;sem vítima;296;BR-101/RJ;Norte;Colisão Traseira;2;;;;;;;;;;7;;;;
25/04/2010;18:24:00;151;com vítima;296;BR-101/RJ;Norte;Atropelamento - Andarilho;1;;;;;;;;;;4;;;;1
14/05/2010;05:00:00;19;sem vítima;296;BR-101/RJ;Norte;Saida de Pista;1;;;;;;;;;;1;;;;
24/05/2010;15:53:00;147;sem vítima;296;BR-101/RJ;Norte;Colisão Lateral;1;;;;;;;;1;;2;;;;
24/05/2010;16:53:00;160;sem vítima;296,5;BR-101/RJ;Sul;Colisão Traseira;1;;;;;;;;;1;2;;;;
30/05/2010;18:53:00;117;sem vítima;296;BR-101/RJ;Sul;Colisão Traseira;1;;;;1;;;;;;30;;;;
03/06/2010;20:49:00;154;sem vítima;296;BR-101/RJ;Sul;Colisão Lateral;;;;2;;;;;;;3;;;;
06/06/2010;02:30:00;11;sem vítima;296;BR-101/RJ;Sul;Choque - Poste;1;;;;;;;;;;1;;;;
14/06/2010;19:11:00;160;com vítima;296;BR-101/RJ;Sul;Queda de Moto;;;;1;;;;;;;0;;1;;
18/06/2010;02:11:00;11;sem vítima;296;BR-101/RJ;Norte;Saida de Pista;1;;;;;;;;;;1;;;;
19/06/2010;11:35:00;73;sem vítima;296;BR-101/RJ;Sul;Colisão Traseira;3;;;;;;;;;;7;;;;
03/07/2010;16:50:00;122;sem vítima;296;BR-101/RJ;Sul;Colisão Lateral;1;;1;;;;;;;;3;;;;
04/07/2010;00:09:00;2;sem vítima;296;BR-101/RJ;Norte;Colisão Traseira;1;;;;;1;;;;;6;;;;
25/07/2010;05:00:00;22;com vítima;296;BR-101/RJ;Norte;Capotamento;1;;;;;;;;;;0;;3;;
07/09/2010;13:28:00;90;sem vítima;296;BR-101/RJ;Sul;Objeto lançado contra veículo;2;;;;;;;;;;9;;;;
08/09/2010;15:38:00;160;sem vítima;296;BR-101/RJ;Norte;Choque - Defensa, barreira ou "submarino";1;;;;;;;;;;1;;;;
08/09/2010;16:09:00;170;sem vítima;296;BR-101/RJ;Sul;Choque - Defensa, barreira ou "submarino";;;;;1;;;;;;1;;;;
12/09/2010;13:48:00;80;com vítima;296;BR-101/RJ;Norte;Capotamento;1;;;;;;;;;;0;2;;;
25/09/2010;06:50:00;32;com vítima;296;BR-101/RJ;Norte;Capotamento;1;;;;;;;;;;0;3;;;
02/10/2010;17:59:00;146;sem vítima;296;BR-101/RJ;Sul;Tombamento;1;;1;;;;;;;;5;;;;
07/10/2010;05:26:00;25;com vítima;296;BR-101/RJ;Sul;Capotamento;1;;;;;;;;;1;4;1;7;;
11/10/2010;03:00:00;7;com vítima;296,29998779296875;BR-101/RJ;Sul;Tombamento;;;1;;;;;;;;1;;;;1
15/10/2010;23:41:00;216;com vítima;296;BR-101/RJ;Norte;Queda de Moto;;;;1;;;;;;;0;;2;;
15/10/2010;23:56:00;217;sem vítima;296;BR-101/RJ;Norte;Engavetamento;2;;;;;2;;;;;9;;;;
16/10/2010;04:05:00;14;sem vítima;296;BR-101/RJ;Norte;Capotamento;1;;;;;;;;;;3;;;;
25/10/2010;00:45:00;10;com vítima;296;BR-101/RJ;Norte;Saida de Pista;1;;;;;;;;;;0;1;;;
27/10/2010;05:42:00;20;com vítima;296,5;BR-101/RJ;Norte;Atropelamento - Sem Informação;;;;;1;;;;;;1;;;1;
28/10/2010;14:41:00;108;sem vítima;296;BR-101/RJ;Norte;Saida de Pista;1;;;;;1;;;;;2;;;;
08/11/2010;09:53:00;56;sem vítima;296;BR-101/RJ;Sul;Colisão Lateral;;;1;;1;;;;;;28;;;;
09/11/2010;15:22:00;123;sem vítima;296;BR-101/RJ;Norte;Engavetamento;1;;;;;3;;;;;4;;;;
12/11/2010;14:39:00;112;com vítima;296;BR-101/RJ;Sul;Colisão Lateral;1;;1;;;;;;;;2;3;1;;
04/12/2010;11:20:00;87;sem vítima;296;BR-101/RJ;Norte;Engavetamento;4;;2;;;;;;;2;13;;;;
05/12/2010;17:09:00;124;com vítima;296;BR-101/RJ;Norte;Saida de Pista;1;;;;;;;;;;0;1;;;
13/12/2010;06:03:00;22;sem vítima;296;BR-101/RJ;Norte;Capotamento;;;;;;;;;;1;1;;;;
17/12/2010;21:13:00;220;sem vítima;296;BR-101/RJ;Sul;Colisão Traseira;2;;;;;;;;;;2;;;;
18/12/2010;13:07:00;120;sem vítima;296;BR-101/RJ;Norte;Colisão Traseira;2;;;;;;;;;;8;;;;
25/12/2010;04:37:00;23;sem vítima;296;BR-101/RJ;Norte;Saida de Pista;1;;;;;;;;;;1;;;;
29/12/2010;20:19:00;199;sem vítima;296;BR-101/RJ;Norte;Colisão Traseira;2;;;;;;;;;;7;;;;
30/12/2010;22:33:00;222;sem vítima;296;BR-101/RJ;Norte;Colisão Lateral;;;;1;;;;;;1;2;;;;
16/01/2011;03:40:00;24;sem vítima;296;BR-101/RJ;Sul;Saida de Pista;1;;;;;;;;;;2;;;;
16/01/2011;18:51:00;197;com vítima;296;BR-101/RJ;Sul;Atropelamento - Ciclista;1;1;;;;;;;;;2;;1;;
01/02/2011;12:17:00;100;sem vítima;296;BR-101/RJ;Norte;Colisão Lateral;1;;;;;1;;;;;2;;;;
08/02/2011;01:10:00;5;sem vítima;296;BR-101/RJ;Norte;Outros - Sequência;;;1;;;;;;;;1;;;;
17/02/2011;23:27:00;188;com vítima;296;BR-101/RJ;Norte;Tombamento;;;1;;;;;;;;0;;1;;
19/02/2011;00:21:00;5;com vítima;296;BR-101/RJ;Norte;Colisão Traseira;1;;;1;;;;;;;3;1;;;
21/03/2011;04:12:00;18;sem vítima;298;BR-101/RJ;Norte;Saida de Pista;1;;;;;;;;;;1;;;;
05/05/2011;03:06:00;12;sem vítima;296;BR-101/RJ;Sul;Saida de Pista;;;1;;;;;;;;1;;;;
06/05/2011;09:00:00;46;sem vítima;296;BR-101/RJ;Norte;Colisão Lateral;1;;;;;1;;;;;3;;;;
07/05/2011;19:45:00;161;sem vítima;296;BR-101/RJ;Sul;Engavetamento;3;;;;;;;;;;4;;;;
20/05/2011;15:25:00;115;sem vítima;296;BR-101/RJ;Norte;Choque - Defensa, barreira ou "submarino";1;;;;;;;;;;2;;;;
21/05/2011;05:47:00;27;sem vítima;296;BR-101/RJ;Sul;Capotamento;2;;;;;;;;;;5;;;;