data;horario;n_da_ocorrencia;tipo_de_ocorrencia;km;trecho;sentido;tipo_de_acidente;automovel;bicicleta;caminhao;moto;onibus;outros;tracao_animal;transporte_de_cargas_especiais;trator_maquinas;utilitarios;ilesos;levemente_feridos;moderadamente_feridos;gravemente_feridos;mortos
25/05/2011;10:14:00;68;com vítima;296;BR-101/RJ;Norte;Colisão Traseira;1;;2;;;;;;;;3;1;;;
29/05/2011;01:32:00;14;com vítima;296;BR-101/RJ;Norte;Capotamento;1;;;;;;;;;;0;;1;3;
01/06/2011;07:23:00;36;sem vítima;296,5;BR-101/RJ;Sul;Colisão Lateral;1;;;;1;;;;;;4;;;;
13/06/2011;16:23:00;133;sem vítima;296;BR-101/RJ;Sul;Colisão Traseira;1;;;;1;;;;;;2;;;;
14/06/2011;11:32:00;65;com vítima;296;BR-101/RJ;Sul;Saida de Pista;;;1;;;;;;;1;1;1;;;
18/06/2011;03:37:00;14;sem vítima;296;BR-101/RJ;Sul;Choque - Defensa, barreira ou "submarino";1;;;;;;;;;;2;;;;
19/06/2011;09:07:00;42;com vítima;296;BR-101/RJ;Norte;Saida de Pista;1;;;;;;;;;;0;1;;;
20/08/2011;22:27:00;173;com vítima;296,29998779296875;BR-101/RJ;Sul;Colisão Lateral;1;;1;;;;;;;;1;4;;;
27/08/2011;00:54:00;5;com vítima;296,20001220703125;BR-101/RJ;Norte;Capotamento;1;;;;;;;;;;0;3;2;;
29/08/2011;05:13:00;25;sem vítima;296;BR-101/RJ;Norte;Saida de Pista;1;;;;;;;;;;2;;;;
11/09/2011;00:50:00;11;com vítima;296;BR-101/RJ;Norte;Capotamento;1;;;;;;;;;;0;2;;;
11/09/2011;05:12:00;35;com vítima;296;BR-101/RJ;Norte;Colisão Traseira;1;;;;;1;;;;;1;;3;;
11/09/2011;05:12:00;27;com vítima;296,79998779296875;BR-101/RJ;Sul;Colisão Lateral;2;;;;;;;;;;3;;1;;1
14/09/2011;18:16:00;124;sem vítima;296;BR-101/RJ;Norte;Engavetamento;3;;;;;;;;;;6;;;;
15/09/2011;10:03:00;66;sem vítima;296;BR-101/RJ;Sul;Colisão Traseira;2;;;;;;;;;;2;;;;
30/09/2011;08:08:00;52;sem vítima;296;BR-101/RJ;Norte;Saida de Pista;1;;;;;;;;;;1;;;;
07/10/2011;15:11:00;130;sem vítima;296;BR-101/RJ;Norte;Colisão Traseira;3;;;;;;;;;;3;;;;
07/10/2011;22:18:00;225;sem vítima;296;BR-101/RJ;Sul;Colisão Lateral;2;;1;;;;;;;;7;;;;
20/10/2011;13:29:00;106;sem vítima;296;BR-101/RJ;Sul;Colisão Lateral;2;;;;;;;;;;8;;;;
25/10/2011;16:21:00;161;sem vítima;296;BR-101/RJ;Norte;Colisão Traseira;1;;1;;;;;;;;3;;;;
31/10/2011;19:34:00;150;sem vítima;296;BR-101/RJ;Norte;Colisão Traseira;1;;;;;;;;;1;2;;;;
03/11/2011;05:45:00;28;sem vítima;296,79998779296875;BR-101/RJ;Sul;Colisão Traseira;2;;;;;;;;;;2;;;;
12/11/2011;20:18:00;189;sem vítima;296;BR-101/RJ;Norte;Colisão Traseira;2;;;;;;;;;;6;;;;
18/11/2011;19:24:00;134;sem vítima;296;BR-101/RJ;Norte;Choque - Defensa, barreira ou "submarino";1;;;;;;;;;;2;;;;
19/11/2011;16:17:00;86;com vítima;296;BR-101/RJ;Sul;Capotamento;1;;;;;;;;;;0;;1;1;
22/11/2011;15:44:00;138;sem vítima;296;BR-101/RJ;Norte;Colisão Traseira;2;;;;;;;;;;5;;;;
26/11/2011;22:52:00;168;com vítima;296;BR-101/RJ;Norte;Choque - Defensa, barreira ou "submarino";;;;1;;;;;;;0;;;1;
07/12/2011;05:46:00;24;com vítima;296;BR-101/RJ;Sul;Atropelamento - Ciclista;1;1;;;;;;;;;2;;;1;
08/12/2011;18:15:00;172;sem vítima;296;BR-101/RJ;Norte;Capotamento;1;;;;;;;;;;2;;;;
08/12/2011;18:15:00;186;sem vítima;296;BR-101/RJ;Norte;Colisão Traseira;1;;;;;;;;;1;3;;;;
08/12/2011;22:03:00;209;com vítima;296;BR-101/RJ;Norte;Saida de Pista;1;;;;;;;;;;1;;1;;
10/12/2011;06:44:00;43;com vítima;296;BR-101/RJ;Norte;Capotamento;1;;;;;;;;;;2;4;;;
12/12/2011;20:06:00;179;com vítima;296;BR-101/RJ;Norte;Colisão Traseira;1;;;1;;;;;;;1;;;1;
21/12/2011;10:53:00;90;sem vítima;296;BR-101/RJ;Norte;Colisão Traseira;1;;1;;;;;;;;2;;;;
21/12/2011;13:06:00;118;sem vítima;296;BR-101/RJ;Norte;Colisão Traseira;1;;1;;;;;;;;4;;;;
22/12/2011;04:40:00;21;sem vítima;296;BR-101/RJ;Norte;Capotamento;1;;;;;;;;;;4;;;;
23/12/2011;16:02:00;155;sem vítima;296;BR-101/RJ;Sul;Engavetamento;3;;;;;;;;;;11;;;;
23/12/2011;16:28:00;164;sem vítima;296;BR-101/RJ;Norte;Colisão Traseira;2;;;;;1;;;;;7;;;;
27/12/2011;12:11:00;94;sem vítima;296;BR-101/RJ;Norte;Colisão Traseira;2;;;;;;;;;;2;;;;
28/12/2011;10:55:00;79;sem vítima;296;BR-101/RJ;Norte;Colisão Traseira;1;;1;;;;;;;;5;;;;
01/01/2012;18:20:00;138;com vítima;296;BR-101/RJ;Norte;Capotamento;1;;;;;;;;;;1;;1;;
04/01/2012;11:42:00;83;sem vítima;296;BR-101/RJ;Norte;Colisão Traseira;1;;1;;;;;;;;3;;;;
08/01/2012;05:13:00;21;sem vítima;296;BR-101/RJ;Sul;Capotamento;1;;;;;;;;;;1;;;;
08/01/2012;15:13:00;107;sem vítima;296;BR-101/RJ;Norte;Choque - Defensa, barreira ou "submarino";;;1;;;;;;;;3;;;;
09/01/2012;06:07:00;25;sem vítima;296;BR-101/RJ;Norte;Capotamento;1;;;;;;;;;;5;;;;
14/01/2012;15:17:00;127;sem vítima;296;BR-101/RJ;Norte;Engavetamento;3;;;;;;;;;;9;;;;
15/01/2012;04:06:00;18;com vítima;296;BR-101/RJ;Sul;Choque - Defensa, barreira ou "submarino";1;;;;;;;;;;1;2;;;
15/01/2012;04:16:00;20;com vítima;296;BR-101/RJ;Sul;Colisão Traseira;1;;;;;;;;;;0;1;;;
15/01/2012;11:35:00;74;com vítima;296;BR-101/RJ;Sul;Queda de Moto;;;;1;;;;;;;1;;1;;
20/01/2012;17:45:00;191;sem vítima;296;BR-101/RJ;Norte;;1;;;;;1;;;;;2;;;;
21/01/2012;12:29:00;76;sem vítima;296;BR-101/RJ;Norte;Engavetamento;3;;;;;;;;;;9;;;;
27/01/2012;03:47:00;10;sem vítima;296;BR-101/RJ;Norte;Capotamento;1;;;;;;;;;;2;;;;
12/02/2012;20:02:00;156;sem vítima;296;BR-101/RJ;Norte;Colisão Traseira;1;;1;;;;;;;;2;;;;
15/02/2012;16:16:00;129;sem vítima;296;BR-101/RJ;Norte;Colisão Traseira;2;;;;;;;;;;6;;;;
16/02/2012;06:28:00;28;sem vítima;296;BR-101/RJ;Norte;Saida de Pista;1;;;;;;;;;;2;;;;
16/02/2012;11:46:00;93;sem vítima;296;BR-101/RJ;Norte;Colisão Lateral;1;;1;;;;;;;;2;;;;
19/02/2012;13:42:00;120;sem vítima;296;BR-101/RJ;Norte;Engavetamento;3;;;;;1;;;;;12;;;;
25/02/2012;18:26:00;159;com vítima;296,5;BR-101/RJ;Sul;Outros - Sequência;2;;;;;;;;;;6;1;;;
01/03/2012;10:14:00;68;sem vítima;296;BR-101/RJ;Sul;Colisão Traseira;1;;1;;1;;;;;;3;;;;
04/03/2012;16:46:00;109;sem vítima;296;BR-101/RJ;Sul;Colisão Traseira;2;;;;;;;;;;6;;;;
10/03/2012;17:10:00;129;sem vítima;296;BR-101/RJ;Sul;Colisão Lateral;;;1;1;;;;;;;2;;;;
16/03/2012;12:17:00;102;com vítima;296;BR-101/RJ;Norte;Colisão Traseira;2;;1;;1;;;;;;37;1;;;
23/03/2012;16:34:00;126;sem vítima;296;BR-101/RJ;Sul;Engavetamento;1;;1;;;1;;;;2;8;;;;
25/03/2012;10:42:00;49;sem vítima;296;BR-101/RJ;Norte;Queda de Moto;;;;1;;;;;;;1;;;;
25/03/2012;15:50:00;97;com vítima;296;BR-101/RJ;Norte;Capotamento;1;;;;;;;;;;0;;1;;
05/04/2012;17:29:00;159;sem vítima;296;BR-101/RJ;Norte;Colisão Traseira;2;;;;;;;;;;4;;;;
24/04/2012;20:27:00;210;sem vítima;296;BR-101/RJ;Norte;Capotamento;1;;;;;;;;;;1;;;;
30/04/2012;22:20:00;145;sem vítima;296;BR-101/RJ;Sul;Choque - Defensa, barreira ou "submarino";1;;;;;;;;;;1;;;;
20/05/2012;04:49:00;23;sem vítima;296;BR-101/RJ;Norte;Colisão Traseira;1;;;;;1;;;;;6;;;;
03/06/2012;04:55:00;17;com vítima;296;BR-101/RJ;Norte;Capotamento;1;;;;;;;;;;0;2;2;;
12/06/2012;22:24:00;227;sem vítima;296;BR-101/RJ;Sul;Choque - Defensa, barreira ou "submarino";1;;;;;1;;;;;2;;;;
12/06/2012;22:35:00;228;sem vítima;296;BR-101/RJ;Sul;Colisão Traseira;2;;1;;;;;;;;5;;;;
15/06/2012;02:43:00;13;com vítima;296;BR-101/RJ;Sul;Capotamento;2;;;;;;;;;;2;;;1;
26/06/2012;14:26:00;112;com vítima;296,65;BR-101/RJ;Sul;Colisão Traseira;;;;1;;;;;;;0;1;;;
02/07/2012;23:04:00;190;com vítima;296,4;BR-101/RJ;Norte;Choque - Defensa, barreira ou "submarino";1;;;;;;;;;;0;1;;;
07/07/2012;00:11:00;3;sem vítima;296;BR-101/RJ;Sul;Colisão Traseira;2;;;;;;;;;;4;;;;
07/07/2012;00:17:00;5;sem vítima;296;BR-101/RJ;Sul;Tombamento;1;;;;;1;;;;;2;;;;
17/07/2012;19:24:00;171;sem vítima;296,7;BR-101/RJ;Sul;Colisão Traseira;1;;;;;2;;;;;4;;;;
26/07/2012;08:01:00;35;sem vítima;296;BR-101/RJ;Sul;Colisão Traseira;;;;;;1;;;;1;2;;;;
26/07/2012;08:11:00;37;com vítima;296;BR-101/RJ;Sul;Colisão Traseira;2;;;;;;;;;;6;;1;;
11/08/2012;18:14:00;160;sem vítima;296,65;BR-101/RJ;Norte;Engavetamento;3;;;;;;;;;;7;;;;
22/08/2012;08:16:00;72;sem vítima;296;BR-101/RJ;Norte;Colisão Lateral;;;;1;;;;;;;1;;;;
22/08/2012;19:55:00;205;com vítima;296,973;BR-101/RJ;Sul;Atropelamento - Andarilho;1;;;;;;;;;;0;2;;;1
22/08/2012;19:55:00;208;sem vítima;296,973;BR-101/RJ;Sul;Engavetamento;3;;;;;;;;;;3;;;;
31/08/2012;16:28:00;156;sem vítima;296;BR-101/RJ;Sul;Engavetamento;2;;;1;;;;;;;6;;;;
04/09/2012;15:00:00;122;sem vítima;296,987;BR-101/RJ;Sul;Colisão Traseira;2;;;;;;;;;;4;;;;
05/09/2012;11:06:00;104;sem vítima;296,986;BR-101/RJ;Sul;Engavetamento;4;;;;;;;;;;9;;;;
06/09/2012;06:50:00;27;sem vítima;296;BR-101/RJ;Norte;Colisão Traseira;;;;;1;1;;;;;2;;;;
06/09/2012;16:50:00;130;sem vítima;296,839;BR-101/RJ;Norte;Colisão Traseira;2;;;;;;;;;;2;;;;
10/09/2012;14:12:00;147;sem vítima;296;BR-101/RJ;Sul;Colisão Lateral;2;;;;;;;;;;4;;;;
24/09/2012;10:01:00;85;sem vítima;296;BR-101/RJ;Norte;Engavetamento;3;;;;;;;;;;7;;;;
27/09/2012;16:32:00;151;sem vítima;296,906;BR-101/RJ;Norte;Colisão Lateral;1;;;;1;;;;;;4;;;;
28/09/2012;19:01:00;179;sem vítima;296;BR-101/RJ;Norte;Queda de Moto;;;;1;;;;;;;1;;;;
28/09/2012;14:14:00;123;sem vítima;296,15;BR-101/RJ;Norte;Saida de Pista;;;1;;;;;;;;2;;;;
01/10/2012;19:00:00;154;sem vítima;296;BR-101/RJ;Sul;Atropelamento - Morador;;;;;;;;;;1;2;;;;
13/10/2012;01:35:00;3;sem vítima;296,298;BR-101/RJ;Norte;Saida de Pista;1;;;;;;;;;;3;;;;
17/10/2012;14:39:00;107;sem vítima;296;BR-101/RJ;Sul;Colisão Traseira;1;;1;;;;;;;;3;;;;
20/10/2012;12:19:00;107;sem vítima;296;BR-101/RJ;Norte;Colisão Lateral;2;;;;;;;;;;2;;;;
22/10/2012;20:43:00;186;sem vítima;296;BR-101/RJ;Norte;Colisão Lateral;1;;1;;;;;;;;3;;;;
03/11/2012;00:10:00;1;com vítima;296,516;BR-101/RJ;Sul;Colisão Traseira;1;;;1;;;;;;;4;;1;;
04/11/2012;05:17:00;20;sem vítima;296,228;BR-101/RJ;Sul;Saida de Pista;1;;;;;;;;;;5;;;;
06/11/2012;09:04:00;60;sem vítima;296;BR-101/RJ;Norte;Colisão Traseira;1;;;;;;;;;1;2;;;;
07/11/2012;06:02:00;15;sem vítima;296;BR-101/RJ;Sul;Colisão Traseira;;;;;1;;;;;1;5;;;;
10/11/2012;06:05:00;26;sem vítima;296;BR-101/RJ;Norte;Saida de Pista;1;;;;;;;;;;1;;;;
13/11/2012;05:22:00;18;sem vítima;296,509;BR-101/RJ;Sul;Colisão Traseira;3;;;;;;;;;;4;;;;
22/11/2012;16:04:00;136;sem vítima;296,5;BR-101/RJ;Sul;Colisão Traseira;1;;1;;;;;;;;5;;;;
23/11/2012;07:48:00;42;com vítima;296;BR-101/RJ;Norte;Colisão Traseira;;;1;;1;;;;;;2;3;;;
04/12/2012;04:35:00;23;com vítima;296,3;BR-101/RJ;Sul;Queda de Moto;;;;1;;;;;;;1;1;;;
06/12/2012;14:11:00;131;sem vítima;296;BR-101/RJ;Sul;Colisão Traseira;1;;1;;;;;;;;2;;;;
13/12/2012;05:42:00;16;sem vítima;296;BR-101/RJ;Norte;Colisão Traseira;;;;;2;;;;;;2;;;;
14/12/2012;10:02:00;78;sem vítima;296;BR-101/RJ;Norte;Colisão Traseira;1;;;;1;;;;;;2;;;;
19/12/2012;06:08:00;25;sem vítima;296;BR-101/RJ;Norte;Saida de Pista;;;;;;;;;;1;1;;;;
22/12/2012;10:41:00;56;sem vítima;296;BR-101/RJ;Sul;Colisão Traseira;2;;;;;;;;;;2;;;;
27/12/2012;07:43:00;55;sem vítima;296;BR-101/RJ;Sul;Choque - Defensa, barreira ou "submarino";1;;;;;;;;;;1;;;;
01/01/2013;14:39:00;121;com vítima;296;BR-101/RJ;Sul;Queda de Moto;;;;1;;;;;;;0;;2;;
02/01/2013;23:50:00;242;sem vítima;296,8;BR-101/RJ;Sul;Colisão Traseira;1;;;;;1;;;;;4;;;;
24/01/2013;19:36:00;154;sem vítima;296;BR-101/RJ;Sul;Colisão Transversal;1;;;;1;;;;;;2;;;;
26/01/2013;12:27:00;92;sem vítima;296;BR-101/RJ;Norte;Colisão Traseira;2;;;;;;;;;;4;;;;
04/02/2013;23:05:00;187;sem vítima;296;BR-101/RJ;Norte;Saida de Pista;;;1;;;1;;;;;2;;;;
23/02/2013;00:40:00;8;sem vítima;296;BR-101/RJ;Sul;Colisão Traseira;1;;;;;1;;;;;2;;;;
24/02/2013;14:25:00;99;sem vítima;296;BR-101/RJ;Norte;Engavetamento;4;;;;;;;;;;9;;;;
26/02/2013;15:32:00;145;sem vítima;296;BR-101/RJ;Norte;Colisão Traseira;2;;;;;;;;;;2;;;;
26/02/2013;15:19:00;143;sem vítima;296,5;BR-101/RJ;Norte;Colisão Traseira;1;;;;;;;;;1;2;;;;
11/03/2013;14:10:00;136;com vítima;296,9;BR-101/RJ;Norte;Colisão Lateral;1;;;1;;;;;;;1;1;;;
20/04/2013;22:18:00;172;sem vítima;296;BR-101/RJ;Norte;Choque - Defensa, barreira ou "submarino";1;;;;;;;;;;2;;;;
27/04/2013;05:42:00;29;com vítima;296,291;BR-101/RJ;Norte;Choque - Defensa, barreira ou "submarino";1;;;;;;;;;;0;1;;;
28/04/2013;18:17:00;121;com vítima;296,296;BR-101/RJ;Sul;Saida de Pista;2;;;;;;;;;;0;;;5;2
30/04/2013;08:07:00;41;sem vítima;296,6;BR-101/RJ;Norte;Tombamento;;;1;;;;;;;;3;;;;
20/05/2013;17:36:00;134;sem vítima;296,2;BR-101/RJ;Norte;Saida de Pista;1;;;;;;;;;;2;;;;
26/05/2013;22:01:00;148;com vítima;296;BR-101/RJ;Norte;Colisão Lateral;1;;;1;;;;;;;2;2;;;
27/05/2013;01:01:00;4;sem vítima;296,783;BR-101/RJ;Sul;Colisão Lateral;;;1;;1;;;;;;2;;;;
30/05/2013;13:06:00;82;com vítima;296,963;BR-101/RJ;Norte;Colisão Traseira;;;;1;;1;;;;;1;1;;;
05/07/2013;20:29:00;188;sem vítima;296;BR-101/RJ;Norte;Engavetamento;3;;;;;;;;;;7;;;;
12/07/2013;16:09:00;127;sem vítima;296;BR-101/RJ;Norte;Colisão Traseira;1;;;;;;;;;;1;;;;
12/07/2013;21:33:00;165;sem vítima;296;BR-101/RJ;Sul;Colisão Traseira;1;;1;;;;;;;;2;;;;
15/07/2013;20:05:00;180;sem vítima;296;BR-101/RJ;Sul;Choque - Defensa, barreira ou "submarino";1;;;;;;;;;;2;;;;
20/07/2013;17:49:00;172;com vítima;296;BR-101/RJ;Norte;Engavetamento;3;;;;;;;;;;3;1;;;
20/07/2013;17:49:00;182;sem vítima;296;BR-101/RJ;Norte;Colisão Traseira;2;;;;;;;;;;3;;;;
21/07/2013;18:47:00;172;com vítima;296;BR-101/RJ;Norte;Capotamento;1;;;;;1;;;;;3;1;;;
28/07/2013;22:05:00;202;com vítima;296,8;BR-101/RJ;Sul;Choque - Defensa, barreira ou "submarino";1;;;;1;;;;;;1;1;;;
16/08/2013;18:33:00;159;com vítima;296;BR-101/RJ;Norte;Colisão Traseira;1;;;1;;;;;;;2;1;;;
16/08/2013;17:44:00;152;sem vítima;296,8;BR-101/RJ;Sul;Engavetamento;3;;1;;;;;;;;6;;;;
17/08/2013;03:24:00;25;sem vítima;296,909;BR-101/RJ;Sul;Choque - Outros;1;;1;;;;;;;;6;;;;
01/09/2013;17:51:00;133;sem vítima;296;BR-101/RJ;Sul;Colisão Traseira;2;;;;;;;;;;8;;;;
07/09/2013;07:12:00;43;sem vítima;296;BR-101/RJ;Sul;Colisão Traseira;1;;;;1;;;;;;2;;;;
07/09/2013;12:50:00;117;com vítima;296;BR-101/RJ;Norte;Colisão Traseira;1;;;1;;;;;;;2;;1;;
07/09/2013;08:32:00;59;sem vítima;296,774;BR-101/RJ;Norte;Engavetamento;3;;;;;;;;;1;6;;;;
11/09/2013;19:06:00;130;com vítima;296;BR-101/RJ;Norte;Colisão Lateral;1;;1;;1;;;;;;3;1;;;
23/09/2013;04:03:00;19;com vítima;296,176;BR-101/RJ;Norte;Saida de Pista;1;;;;;;;;;;0;;1;;
27/09/2013;15:14:00;124;sem vítima;296;BR-101/RJ;Norte;Colisão Traseira;2;;;;;;;;;;3;;;;
04/10/2013;11:38:00;87;sem vítima;296;BR-101/RJ;Sul;Choque - Defensa, barreira ou "submarino";1;;;;;;;;;;1;;;;
06/10/2013;17:28:00;101;sem vítima;296;BR-101/RJ;Sul;Capotamento;1;;;;;;;;;;5;;;;
12/10/2013;07:26:00;43;sem vítima;296;BR-101/RJ;Norte;Colisão Traseira;2;;;;;;;;;;5;;;;
16/10/2013;05:58:00;25;sem vítima;296,43;BR-101/RJ;Sul;Choque - Defensa, barreira ou "submarino";1;;;;;;;;;;4;;;;
22/10/2013;13:30:00;121;sem vítima;296,208;BR-101/RJ;Sul;Colisão Traseira;1;;;;;;;;;1;2;;;;
08/11/2013;08:22:00;46;sem vítima;296;BR-101/RJ;Sul;Colisão Traseira;2;;;;;;;;;;5;;;;
09/11/2013;07:19:00;37;sem vítima;296,446;BR-101/RJ;Sul;Colisão Traseira;1;;;;1;;;;;;2;;;;
09/11/2013;00:36:00;7;sem vítima;296,896;BR-101/RJ;Norte;Engavetamento;3;;;;;;;;;;3;;;;
14/11/2013;10:05:00;84;com vítima;296;BR-101/RJ;Sul;Atropelamento - Andarilho;1;;;;;;;;;;1;;1;;
14/11/2013;21:51:00;186;sem vítima;296;BR-101/RJ;Norte;Colisão Traseira;2;;;;;;;;;;3;;;;
14/11/2013;00:21:00;4;com vítima;296,9;BR-101/RJ;Sul;Colisão Traseira;;;1;;;;;;;1;4;2;1;;
07/12/2013;00:04:00;3;com vítima;296,255;BR-101/RJ;Norte;Capotamento;1;;;;;;;;;;1;1;;;
12/12/2013;09:40:00;65;sem vítima;296;BR-101/RJ;Norte;Colisão Lateral;1;;;;1;;;;;;2;;;;
13/12/2013;12:35:00;100;sem vítima;296;BR-101/RJ;Sul;Colisão Traseira;2;;;;;;;;;;2;;;;
14/12/2013;23:27:00;229;com vítima;296;BR-101/RJ;Norte;Colisão Lateral;2;;1;;;;;;;;2;2;;;
17/12/2013;10:35:00;76;sem vítima;296,869;BR-101/RJ;Norte;Engavetamento;3;;;;;;;;;;6;;;;
20/12/2013;18:09:00;157;sem vítima;296;BR-101/RJ;Norte;Engavetamento;3;;;;;;;;;;5;;;;
21/12/2013;18:13:00;164;sem vítima;296,976;BR-101/RJ;Sul;Engavetamento;2;;;;;1;;;;;4;;;;
25/12/2013;05:28:00;20;sem vítima;296,342;BR-101/RJ;Norte;Capotamento;1;;;;;;;;;;1;;;;
28/12/2013;13:06:00;147;sem vítima;296;BR-101/RJ;Norte;Colisão Traseira;2;;;;;;;;;;12;;;;
04/01/2014;11:20:00;97;sem vítima;296;BR-101/RJ;Sul;Colisão Traseira;1;;;;;1;;;;;6;;;;
04/01/2014;10:21:00;86;sem vítima;296,308;BR-101/RJ;Norte;Colisão Traseira;2;;;;;;;;;;3;;;;
07/01/2014;11:12:00;81;com vítima;296,857;BR-101/RJ;Sul;Atropelamento - Morador;1;;;;;;;;;;1;;;1;
11/01/2014;07:18:00;40;sem vítima;296,047;BR-101/RJ;Norte;Engavetamento;2;;1;;;1;;;;;10;;;;
20/01/2014;13:17:00;97;sem vítima;296;BR-101/RJ;Norte;Colisão Traseira;2;;;;;;;;;;6;;;;
21/01/2014;23:04:00;215;com vítima;296,573;BR-101/RJ;Sul;Capotamento;1;;;;;;;;;;0;2;;;
23/01/2014;16:49:00;145;sem vítima;296;BR-101/RJ;Norte;Engavetamento;2;;;;;;;;;1;4;;;;
24/01/2014;18:02:00;135;sem vítima;296,6;BR-101/RJ;Norte;Engavetamento;3;;;;;;;;;;3;;;;
29/01/2014;14:30:00;145;sem vítima;296;BR-101/RJ;Norte;Colisão Traseira;2;;;;;;;;;;2;;;;
01/02/2014;02:31:00;7;sem vítima;296;BR-101/RJ;Norte;Colisão Lateral;1;;1;;;;;;;;5;;;;
05/02/2014;15:46:00;144;com vítima;296;BR-101/RJ;Sul;Colisão Lateral;2;;;;1;;;;;;3;1;;;
20/02/2014;18:27:00;159;sem vítima;296,93;BR-101/RJ;Sul;Colisão Lateral;1;;;1;;;;;;;3;;;;
26/02/2014;16:47:00;168;com vítima;296;BR-101/RJ;Norte;Engavetamento;3;;;;;;;;;;6;1;;;
28/02/2014;23:48:00;270;sem vítima;296;BR-101/RJ;Norte;Colisão Traseira;2;;;;;;;;;;6;;;;
28/02/2014;18:32:00;206;sem vítima;296,8;BR-101/RJ;Norte;Colisão Traseira;2;;;;;;;;;;11;;;;
10/03/2014;22:12:00;202;com vítima;296;BR-101/RJ;Norte;Outros - Sequência;1;;;;1;;;;;;1;1;;;
14/03/2014;16:56:00;154;sem vítima;296;BR-101/RJ;Norte;Engavetamento;4;;;;;;;;;;7;;;;
15/03/2014;05:49:00;27;com vítima;296;BR-101/RJ;Sul;Saida de Pista;1;;;;;;;;;;1;1;;;
22/03/2014;06:01:00;26;sem vítima;296;BR-101/RJ;Sul;Saida de Pista;1;;;;;;;;;;2;;;;
23/03/2014;13:08:00;59;com vítima;296;BR-101/RJ;Norte;Capotamento;1;;;;;;;;;;0;1;1;;
29/03/2014;12:04:00;105;sem vítima;296;BR-101/RJ;Norte;Colisão Traseira;2;;;;;;;;;;6;;;;
12/04/2014;13:53:00;105;sem vítima;296;BR-101/RJ;Norte;Colisão Traseira;1;;;;;;;;;1;5;;;;
13/04/2014;09:42:00;60;sem vítima;296,855;BR-101/RJ;Norte;Colisão Traseira;1;;1;;;;;;;;5;;;;
17/04/2014;06:58:00;24;com vítima;296,286;BR-101/RJ;Norte;Queda de Moto;;;;1;;;;;;;0;2;1;;
18/04/2014;00:03:00;2;sem vítima;296,72;BR-101/RJ;Norte;Colisão Traseira;2;;;;;;;;;;4;;;;
04/05/2014;08:20:00;29;com vítima;296,731;BR-101/RJ;Sul;Queda de Moto;;;;1;;;;;;;0;1;1;;
05/05/2014;05:38:00;16;com vítima;296,44;BR-101/RJ;Norte;Choque - Defensa, barreira ou "submarino";;;;1;;;;;;;0;;1;;
26/05/2014;05:35:00;27;com vítima;296,191;BR-101/RJ;Norte;Choque - Defensa, barreira ou "submarino";;;;1;;;;;;;0;;1;;1
31/05/2014;17:03:00;118;sem vítima;296;BR-101/RJ;Norte;Engavetamento;5;;;;;;;;;;5;;;;
07/06/2014;10:57:00;57;sem vítima;296;BR-101/RJ;Norte;Engavetamento;4;;;;;;;;;;6;;;;
10/06/2014;12:14:00;88;sem vítima;296;BR-101/RJ;Sul;Choque - Defensa, barreira ou "submarino";;;1;;;;;;;;1;;;;
12/06/2014;21:41:00;175;com vítima;296,767;BR-101/RJ;Sul;Atropelamento - Morador;1;;;;;;;;;;2;;;;1
17/06/2014;12:07:00;106;sem vítima;296;BR-101/RJ;Norte;Colisão Traseira;2;;;;;1;;;;;5;;;;
17/06/2014;15:00:00;130;com vítima;296;BR-101/RJ;Norte;Colisão Traseira;1;;;;;;;;;1;2;3;1;;
20/06/2014;10:59:00;75;sem vítima;296;BR-101/RJ;Norte;Engavetamento;4;;;;;1;;;;;9;;;;
29/06/2014;11:47:00;73;sem vítima;296;BR-101/RJ;Sul;Engavetamento;3;;;;;;;;;;5;;;;
04/07/2014;13:37:00;89;sem vítima;296;BR-101/RJ;Norte;Colisão Traseira;2;;;;;;;;;;2;;;;
07/07/2014;21:12:00;173;sem vítima;296;BR-101/RJ;Norte;Colisão Lateral;1;;;;1;;;;;;2;;;;
09/07/2014;07:41:00;44;sem vítima;296;BR-101/RJ;Sul;Colisão Traseira;;;;;1;1;;;;;2;;;;
09/07/2014;16:07:00;130;com vítima;296;BR-101/RJ;Sul;Colisão Lateral;;;;1;;1;;;;;1;1;;;
15/07/2014;11:11:00;66;sem vítima;296;BR-101/RJ;Norte;Colisão Traseira;;;2;;;;;;;;3;;;;
15/07/2014;11:31:00;70;sem vítima;296;BR-101/RJ;Norte;Engavetamento;3;;;;;;;;;;5;;;;
19/07/2014;03:07:00;11;com vítima;296;BR-101/RJ;Sul;Choque - Defensa, barreira ou "submarino";1;;;;;;;;;;1;1;;;
20/07/2014;07:16:00;35;com vítima;296;BR-101/RJ;Norte;Saida de Pista;;;;;;;;;;1;0;1;;;
23/07/2014;11:42:00;75;sem vítima;296;BR-101/RJ;Norte;Colisão Traseira;;;1;;1;;;;;;4;;;;
26/07/2014;11:45:00;57;sem vítima;296;BR-101/RJ;Sul;Colisão Traseira;4;;;;;;;;;;6;;;;
01/08/2014;21:08:00;184;sem vítima;296,868;BR-101/RJ;Norte;Colisão Traseira;;;1;;;;;;;1;2;;;;
02/08/2014;02:03:00;9;com vítima;296;BR-101/RJ;Norte;Saida de Pista;1;;;;;;;;;;0;1;;;
03/08/2014;11:11:00;48;com vítima;296;BR-101/RJ;Norte;Capotamento;1;;;;;;;;;;0;1;1;;
06/08/2014;04:44:00;17;sem vítima;296;BR-101/RJ;Norte;Colisão Traseira;2;;;;;1;;;;;4;;;;