data;horario;n_da_ocorrencia;tipo_de_ocorrencia;km;trecho;sentido;tipo_de_acidente;automovel;bicicleta;caminhao;moto;onibus;outros;tracao_animal;transporte_de_cargas_especiais;trator_maquinas;utilitarios;ilesos;levemente_feridos;moderadamente_feridos;gravemente_feridos;mortos
08/08/2014;14:58:00;119;sem vítima;296;BR-101/RJ;Norte;Colisão Traseira;2;;;;;;;;;;2;;;;
08/08/2014;16:58:00;153;sem vítima;296;BR-101/RJ;Norte;Engavetamento;4;;;;;1;;;;;9;;;;
22/08/2014;21:17:00;180;sem vítima;296;BR-101/RJ;Norte;Colisão Traseira;1;;;;;;;;;1;5;;;;
03/09/2014;18:59:00;144;com vítima;296,135;BR-101/RJ;Sul;Choque - Defensa, barreira ou "submarino";2;;;;;;;;;;1;2;;;
11/09/2014;13:29:00;100;com vítima;296;BR-101/RJ;Norte;Colisão Lateral;1;;;1;;;;;;;1;1;;;
09/10/2014;07:50:00;58;sem vítima;296,516;BR-101/RJ;Sul;Choque - Defensa, barreira ou "submarino";1;;;;;;;;;;2;;;;
10/10/2014;14:42:00;137;sem vítima;296;BR-101/RJ;Norte;Engavetamento;3;;;;;2;;;;;7;;;;
11/10/2014;08:57:00;56;sem vítima;296;BR-101/RJ;Norte;Engavetamento;3;;;;;1;;;;;4;;;;
16/10/2014;14:53:00;128;com vítima;296;BR-101/RJ;Sul;Atropelamento - Outros;;;;;;1;;;;;1;;1;;
17/10/2014;16:53:00;150;sem vítima;296;BR-101/RJ;Sul;Colisão Traseira;1;;;1;;;;;;;5;;;;
18/10/2014;19:15:00;162;sem vítima;296;BR-101/RJ;Norte;Colisão Lateral;1;;;1;;;;;;;6;;;;
18/10/2014;10:40:00;76;com vítima;296,478;BR-101/RJ;Sul;Saida de Pista;;;;1;;;;;;;0;;1;;
23/10/2014;18:06:00;140;sem vítima;296;BR-101/RJ;Sul;Colisão Traseira;;;2;;;;;;;;3;;;;
26/10/2014;18:16:00;117;com vítima;296;BR-101/RJ;Norte;Queda de Moto;;;;1;;;;;;;1;;1;;
29/10/2014;10:51:00;69;sem vítima;296;BR-101/RJ;Sul;Colisão Traseira;2;;;;;;;;;;2;;;;
09/11/2014;06:47:00;26;sem vítima;296;BR-101/RJ;Norte;Colisão Traseira;1;;;;1;;;;;;2;;;;
09/11/2014;09:52:00;46;sem vítima;296;BR-101/RJ;Sul;Choque - Defensa, barreira ou "submarino";1;;;;;;;;;;1;;;;
12/11/2014;18:21:00;147;com vítima;296,377;BR-101/RJ;Norte;Queda de Moto;;;;1;;;;;;;0;1;;;
14/11/2014;21:05:00;209;sem vítima;296,057;BR-101/RJ;Norte;Engavetamento;2;;;;;3;;;;;8;;;;
25/11/2014;12:06:00;69;sem vítima;296;BR-101/RJ;Sul;Objeto lançado contra veículo;1;;;;1;;;;;;2;;;;
27/11/2014;10:16:00;57;sem vítima;296,039;BR-101/RJ;Norte;Colisão Lateral;1;;1;;;;;;;;2;;;;
08/12/2014;18:12:00;162;sem vítima;296,967;BR-101/RJ;Norte;Colisão Traseira;4;;;;;;;;;;4;;;;
19/12/2014;16:06:00;139;com vítima;296,5;BR-101/RJ;Norte;Colisão Traseira;1;;;;;;;;;1;2;1;;;
22/12/2014;17:55:00;159;sem vítima;296;BR-101/RJ;Norte;Colisão Traseira;2;;;;;;;;;;4;;;;
30/12/2014;21:37:00;178;com vítima;296,8;BR-101/RJ;Norte;Colisão Traseira;1;;;1;;;;;;;5;1;1;;
05/01/2015;11:51:00;96;sem vítima;296;BR-101/RJ;Sul;Colisão Lateral;2;;;;;;;;;1;4;;;;
05/01/2015;05:41:00;18;sem vítima;296,7;BR-101/RJ;Norte;Atropelamento de Animal;1;;;;;;;;;;1;;;;
18/01/2015;05:06:00;16;sem vítima;296;BR-101/RJ;Sul;Capotamento;1;;;;;;;;;;1;;;;
20/01/2015;13:17:00;105;sem vítima;296;BR-101/RJ;Sul;Engavetamento;1;;;;;1;;;;;3;;;;
22/01/2015;17:19:00;115;sem vítima;296;BR-101/RJ;Norte;Outros - Sequência;1;;;;1;;;;;;2;;;;
23/01/2015;17:15:00;146;sem vítima;296;BR-101/RJ;Norte;Colisão Traseira;2;;;;;;;;;;3;;;;
25/01/2015;12:44:00;65;com vítima;296;BR-101/RJ;Sul;Capotamento;1;;;;;;;;;;0;1;;;
31/01/2015;07:47:00;38;sem vítima;296;BR-101/RJ;Sul;Choque - Defensa, barreira ou "submarino";1;;;;;;;;;;1;;;;
04/02/2015;05:38:00;16;sem vítima;296;BR-101/RJ;Sul;Choque - Defensa, barreira ou "submarino";1;;;;;;;;;;2;0;0;0;0
07/02/2015;01:23:00;11;sem vítima;296;BR-101/RJ;Norte;Outros - Sequência;1;;;;;1;;;;;4;0;0;0;0
12/02/2015;10:07:00;73;com vítima;296;BR-101/RJ;Norte;Engavetamento;2;;;;1;;;;;;4;1;0;0;0
12/02/2015;11:56:00;96;sem vítima;296;BR-101/RJ;Norte;Colisão Traseira;2;;;;;;;;;;2;0;0;0;0
13/02/2015;07:20:00;44;sem vítima;296;BR-101/RJ;Sul;Colisão Traseira;;;1;;;;;;;1;2;0;0;0;0
17/02/2015;22:35:00;167;sem vítima;296;BR-101/RJ;Sul;Colisão Traseira;1;;;;;;;;;1;13;0;0;0;0
20/02/2015;12:36:00;90;sem vítima;296;BR-101/RJ;Sul;Engavetamento;2;;;;1;;;;;;3;0;0;0;0
01/03/2015;11:35:00;60;sem vítima;296;BR-101/RJ;Sul;Colisão Lateral;1;;1;;;;;;;;4;0;0;0;0
07/03/2015;11:36:00;94;sem vítima;296;BR-101/RJ;Sul;Choque - Defensa, barreira ou "submarino";1;;;;;;;;;;3;0;0;0;0
07/03/2015;19:07:00;157;sem vítima;296;BR-101/RJ;Norte;Colisão Traseira;1;;1;;;;;;;;2;0;0;0;0
16/03/2015;04:46:00;23;sem vítima;296;BR-101/RJ;Sul;Capotamento;1;;;;;;;;;;1;0;0;0;0
20/03/2015;09:52:00;74;sem vítima;296;BR-101/RJ;Norte;Colisão Traseira;2;;;;;;;;;;2;0;0;0;0
20/03/2015;09:27:00;71;com vítima;296,044;BR-101/RJ;Norte;Colisão Traseira;;;;1;;1;;;;;1;1;0;0;0
09/04/2015;18:29:00;178;com vítima;296,6;BR-101/RJ;Sul;Colisão Traseira;1;;;1;;;;;;;1;1;;;
18/04/2015;09:50:00;64;sem vítima;296;BR-101/RJ;Norte;Colisão Traseira;2;;;;;;;;;;5;;;;
22/04/2015;10:46:00;79;sem vítima;296,275;BR-101/RJ;Norte;Colisão Traseira;2;;;;;;;;;;5;;;;
23/04/2015;08:14:00;53;com vítima;296,955;BR-101/RJ;Norte;Choque - Defensa, barreira ou "submarino";1;;;;;;;;;;0;2;;;
26/04/2015;16:32:00;98;com vítima;296;BR-101/RJ;Norte;Queda de Moto;;;;1;;;;;;;0;1;;;
30/04/2015;13:55:00;124;sem vítima;296;BR-101/RJ;Norte;Colisão Traseira;1;;;;;1;;;;;3;;;;
30/04/2015;15:40:00;140;sem vítima;296;BR-101/RJ;Norte;Colisão Lateral;1;;;1;;;;;;;3;;;;
30/04/2015;19:24:00;198;sem vítima;296;BR-101/RJ;Norte;Engavetamento;3;;;;;1;;;;;7;;;;
01/05/2015;11:39:00;88;sem vítima;296;BR-101/RJ;Norte;Engavetamento;3;;;;;;;;;;3;;;;
02/05/2015;05:04:00;20;sem vítima;296,353;BR-101/RJ;Norte;Choque - Defensa, barreira ou "submarino";1;;;;;;;;;;1;;;;
03/05/2015;12:32:00;68;sem vítima;296;BR-101/RJ;Sul;Engavetamento;3;;;;;1;;;;;8;;;;
08/05/2015;18:47:00;196;sem vítima;296;BR-101/RJ;Norte;Colisão Traseira;2;;;;;;;;;;8;;;;
16/05/2015;08:33:00;45;sem vítima;296,98;BR-101/RJ;Sul;Colisão Lateral;1;;;;1;;;;;;2;;;;
04/06/2015;11:08:00;90;com vítima;296;BR-101/RJ;Norte;Engavetamento;4;;;;;;;;;;5;1;1;;
04/06/2015;13:10:00;105;sem vítima;296;BR-101/RJ;Norte;Colisão Lateral;;;;1;;1;;;;;2;;;;
12/06/2015;18:06:00;172;sem vítima;296;BR-101/RJ;Norte;Colisão Traseira;2;;;;;;;;;;3;;;;
13/06/2015;10:00:00;87;sem vítima;296;BR-101/RJ;Norte;Engavetamento;3;;;;;;;;;;7;;;;
24/06/2015;05:27:00;17;sem vítima;296;BR-101/RJ;Norte;Choque - Defensa, barreira ou "submarino";1;;;;;;;;;;1;;;;
25/07/2015;15:03:00;140;sem vítima;296;BR-101/RJ;Norte;Colisão Traseira;2;;;;;;;;;;2;;;;
25/07/2015;18:16:00;170;sem vítima;296,727;BR-101/RJ;Norte;Engavetamento;3;;;;;;;;;;6;;;;
25/07/2015;16:27:00;153;sem vítima;296,91;BR-101/RJ;Norte;Colisão Traseira;1;;;;1;;;;;;2;;;;
08/08/2015;11:35:00;81;sem vítima;296;BR-101/RJ;Norte;Colisão Traseira;2;;;;;;;;;;6;;;;
08/08/2015;12:30:00;99;sem vítima;296,22;BR-101/RJ;Norte;Engavetamento;3;;;;;;;;;;5;;;;
11/08/2015;01:14:00;10;com vítima;296,27;BR-101/RJ;Norte;Capotamento;1;;;;;;;;;;0;;2;;
04/09/2015;09:59:00;75;sem vítima;296;BR-101/RJ;Norte;Colisão Traseira;2;;;;;;;;;;3;;;;
18/09/2015;01:27:00;8;sem vítima;296;BR-101/RJ;Norte;Choque - Defensa, barreira ou "submarino";1;;;;;;;;;;3;;;;
18/09/2015;16:24:00;226;sem vítima;296;BR-101/RJ;Norte;Colisão Traseira;2;;;;;;;;;;2;;;;
26/09/2015;23:39:00;225;com vítima;296,143;BR-101/RJ;Sul;Choque - Defensa, barreira ou "submarino";1;;;;;;;;;;0;1;;;
28/09/2015;14:20:00;128;com vítima;296,894;BR-101/RJ;Norte;Colisão Traseira;3;;;;;;;;;;5;3;;;
25/10/2015;04:59:00;17;com vítima;296,283;BR-101/RJ;Norte;Capotamento;1;;;;;;;;;;0;1;;;
25/10/2015;05:23:00;18;com vítima;296,294;BR-101/RJ;Norte;Colisão Lateral;2;;;;;;;;;;1;3;;;
26/10/2015;21:00:00;181;com vítima;296;BR-101/RJ;Sul;Queda de Moto;;;;1;;;;;;;0;;;1;
31/10/2015;18:14:00;170;com vítima;296;BR-101/RJ;Sul;Choque - Defensa, barreira ou "submarino";1;;;;;;;;;;0;2;;;
13/11/2015;18:39:00;204;sem vítima;296;BR-101/RJ;Sul;Colisão Lateral;1;;1;;;;;;;;2;;;;
14/11/2015;10:27:00;86;com vítima;296,022;BR-101/RJ;Norte;Engavetamento;2;;;;;1;;;;;6;1;;;
17/11/2015;09:55:00;81;sem vítima;296;BR-101/RJ;Sul;Colisão Traseira;1;;1;;;;;;;;2;;;;
22/11/2015;05:07:00;22;com vítima;296,296;BR-101/RJ;Sul;Colisão Lateral;2;;;;;;;;;;1;2;;;
28/11/2015;01:23:00;10;com vítima;296,463;BR-101/RJ;Sul;Choque - Poste;1;;;;;;;;;;0;3;2;;
05/12/2015;13:54:00;120;sem vítima;296;BR-101/RJ;Norte;Engavetamento;3;;;;;;;;;;4;;;;
18/12/2015;08:39:00;72;com vítima;296,888;BR-101/RJ;Norte;Colisão Lateral;1;;;1;;;;;;;2;1;;;
22/12/2015;06:03:00;34;sem vítima;296;BR-101/RJ;Norte;Choque - Outros;1;;;;;;;;;;1;;;;
23/12/2015;12:46:00;133;com vítima;296;BR-101/RJ;Norte;Engavetamento;2;;;;;1;;;;1;4;2;;;
30/12/2015;09:44:00;80;sem vítima;296;BR-101/RJ;Norte;Engavetamento;2;;;;;;;;;;2;;;;
31/12/2015;17:19:00;219;sem vítima;296;BR-101/RJ;Norte;Engavetamento;3;;;;;;;;;;3;;;;
01/01/2010;23:31:00;170;sem vítima;297;BR-101/RJ;Sul;Colisão Traseira;;;;;1;1;;;;;2;;;;
02/01/2010;02:50:00;9;sem vítima;297,0069885253906;BR-101/RJ;Norte;Outros - Sequência;1;;;;;;;;;;1;;;;
08/01/2010;15:05:00;120;sem vítima;297;BR-101/RJ;Sul;Colisão Lateral;;;;1;;1;;;;;3;;;;
09/01/2010;10:08:00;74;sem vítima;297;BR-101/RJ;Norte;Colisão Traseira;2;;;;;;;;;;9;;;;
09/01/2010;16:20:00;155;sem vítima;297;BR-101/RJ;Norte;Colisão Lateral;1;;1;;;1;;;;;3;;;;
21/01/2010;14:54:00;135;sem vítima;297;BR-101/RJ;Norte;Colisão Traseira;1;;1;;;;;;;;2;;;;
21/01/2010;17:49:00;181;sem vítima;297;BR-101/RJ;Norte;Colisão Traseira;1;;;;;1;;;;;2;;;;
22/01/2010;08:09:00;46;sem vítima;297;BR-101/RJ;Norte;Colisão Lateral;1;;;;1;;;;;;4;;;;
25/01/2010;21:37:00;224;sem vítima;297;BR-101/RJ;Norte;Colisão Lateral;1;;1;;;;;;;;2;;;;
03/02/2010;15:51:00;146;sem vítima;297;BR-101/RJ;Sul;Choque - Defensa, barreira ou "submarino";1;;;;;;;;;;1;;;;
18/02/2010;14:28:00;151;sem vítima;297;BR-101/RJ;Sul;Colisão Lateral;2;;;;;;;;;;3;;;;
08/03/2010;15:15:00;130;sem vítima;297;BR-101/RJ;Norte;Colisão Lateral;1;;1;;;;;;;;3;;;;
10/03/2010;12:58:00;111;com vítima;297;BR-101/RJ;Sul;Colisão Traseira;1;;;;;;;;;1;4;1;3;;
10/03/2010;13:30:00;118;sem vítima;297;BR-101/RJ;Sul;Colisão Lateral;1;;1;;;;;;;;2;;;;
26/03/2010;10:16:00;82;sem vítima;297;BR-101/RJ;Sul;Colisão Traseira;2;;;;;;;;;;2;;;;
26/03/2010;18:37:00;167;sem vítima;297;BR-101/RJ;Norte;Colisão Lateral;1;;;;1;;;;;;3;;;;
05/04/2010;08:03:00;47;com vítima;297;BR-101/RJ;Norte;Atropelamento - Morador;;;;;1;;;;;;1;;;1;
05/04/2010;14:42:00;101;sem vítima;297;BR-101/RJ;Sul;Colisão Traseira;1;;1;;;;;;;;4;;;;
09/04/2010;20:00:00;192;sem vítima;297;BR-101/RJ;Sul;Colisão Traseira;1;;;;;1;;;;;5;;;;
09/04/2010;20:52:00;201;sem vítima;297;BR-101/RJ;Norte;Colisão Lateral;1;;;;;;;;;1;3;;;;
11/04/2010;20:02:00;142;com vítima;297;BR-101/RJ;Norte;Choque - Defensa, barreira ou "submarino";1;;;;;;;;;;0;1;;;
17/04/2010;19:25:00;171;sem vítima;297;BR-101/RJ;Sul;Colisão Lateral;;;2;;;;;;;;3;;;;
20/04/2010;18:05:00;146;sem vítima;297;BR-101/RJ;Sul;Colisão Lateral;;;1;;;1;;;;;2;;;;
05/05/2010;20:42:00;164;com vítima;297;BR-101/RJ;Norte;Atropelamento - Usuário;;;;1;;;;;;;1;;1;;
20/05/2010;10:39:00;75;sem vítima;297;BR-101/RJ;Sul;Colisão Lateral;1;;1;;;;;;;;2;;;;
20/05/2010;10:58:00;80;sem vítima;297;BR-101/RJ;Sul;Colisão Lateral;;;2;;;;;;;;2;;;;
24/05/2010;00:14:00;1;sem vítima;297;BR-101/RJ;Sul;Colisão Lateral;1;;;;;1;;;;;2;;;;
30/05/2010;01:33:00;13;sem vítima;297;BR-101/RJ;Norte;Colisão Traseira;2;;;;;;;;;;2;;;;
01/06/2010;15:45:00;116;sem vítima;297;BR-101/RJ;Sul;Colisão Traseira;1;;;;1;;;;;;4;;;;
11/06/2010;22:18:00;172;com vítima;297;BR-101/RJ;Norte;Choque - Defensa, barreira ou "submarino";2;;;;;;;;;;3;1;;;
14/06/2010;11:21:00;90;com vítima;297;BR-101/RJ;Norte;Atropelamento - Outros;1;;;;;;;;;;1;1;;;
26/06/2010;21:53:00;161;sem vítima;297;BR-101/RJ;Sul;Saida de Pista;1;;;;;;;;;;3;;;;
02/07/2010;16:10:00;112;sem vítima;297;BR-101/RJ;Norte;Colisão Traseira;1;;1;;;1;;;;;3;;;;
03/07/2010;21:13:00;157;sem vítima;297;BR-101/RJ;Norte;Colisão Lateral;1;;1;;;;;;;;3;;;;
04/07/2010;18:58:00;137;com vítima;297;BR-101/RJ;Sul;Queda de Moto;;;;1;;;;;;;0;1;;;
07/07/2010;19:47:00;143;sem vítima;297;BR-101/RJ;Norte;Colisão Lateral;1;;;;;;;;;1;2;;;;
09/07/2010;09:40:00;60;com vítima;297,79998779296875;BR-101/RJ;Sul;Atropelamento - Ciclista;1;1;;;;;;;;;1;;1;;
24/07/2010;10:01:00;69;sem vítima;297;BR-101/RJ;Norte;Colisão Traseira;2;;;;;;;;;;7;;;;
24/07/2010;15:42:00;143;sem vítima;297;BR-101/RJ;Norte;Colisão Lateral;2;;;;;;;;;;2;;;;
24/07/2010;23:14:00;226;com vítima;297;BR-101/RJ;Sul;Atropelamento - Usuário;;;;;;1;;;;;1;;1;;
25/07/2010;23:11:00;194;com vítima;297;BR-101/RJ;Norte;Atropelamento - Morador;1;;;;;;;;;;1;;1;;
27/07/2010;12:17:00;93;sem vítima;297;BR-101/RJ;Norte;Colisão Traseira;1;;;;;1;;;;;3;;;;
27/07/2010;12:35:00;98;sem vítima;297;BR-101/RJ;Norte;Colisão Lateral;1;;1;;;;;;;;3;;;;
27/07/2010;12:35:00;100;sem vítima;297;BR-101/RJ;Norte;Colisão Lateral;1;;1;;;;;;;;2;;;;
27/07/2010;12:35:00;102;sem vítima;297;BR-101/RJ;Norte;Colisão Lateral;1;;1;;;;;;;;3;;;;
01/08/2010;15:49:00;135;sem vítima;297;BR-101/RJ;Norte;Colisão Traseira;2;;;;;;;;;;6;;;;
16/08/2010;15:47:00;124;sem vítima;297;BR-101/RJ;Norte;Colisão Traseira;2;;;;;;;;;;4;;;;
22/08/2010;03:56:00;13;sem vítima;297;BR-101/RJ;Sul;Choque - Outros;1;;;;;;;;;;2;;;;
03/09/2010;19:09:00;192;sem vítima;297;BR-101/RJ;Sul;Choque - Defensa, barreira ou "submarino";1;;;;;;;;;;2;;;;
03/09/2010;19:34:00;199;sem vítima;297;BR-101/RJ;Norte;Colisão Lateral;1;;1;;;;;;;;3;;;;
03/09/2010;19:09:00;211;sem vítima;297;BR-101/RJ;Sul;Colisão Lateral;1;;;;1;;;;;;2;;;;
04/09/2010;09:46:00;85;sem vítima;297;BR-101/RJ;Norte;Colisão Lateral;1;;1;;;;;;;;3;;;;
05/09/2010;01:05:00;4;com vítima;297;BR-101/RJ;Sul;Choque - Poste;1;;;;;;;;;;0;;1;;1
05/09/2010;05:06:00;21;sem vítima;297;BR-101/RJ;Sul;Saida de Pista;1;;;;;;;;;;5;;;;
12/09/2010;00:34:00;5;sem vítima;297;BR-101/RJ;Sul;Colisão Lateral;2;;;;;;;;;;2;;;;
17/09/2010;19:27:00;171;sem vítima;297;BR-101/RJ;Sul;Colisão Traseira;2;;;;;;;;;;3;;;;
17/09/2010;19:53:00;177;sem vítima;297;BR-101/RJ;Norte;Colisão Lateral;1;;1;;;;;;;;5;;;;
19/09/2010;06:42:00;31;sem vítima;297;BR-101/RJ;Sul;Colisão Traseira;;;;1;;1;;;;;2;;;;
20/09/2010;09:18:00;74;sem vítima;297;BR-101/RJ;Norte;Colisão Traseira;1;;1;;;;;;;;5;;;;
21/09/2010;09:08:00;55;sem vítima;297;BR-101/RJ;Norte;Colisão Traseira;1;;;;1;;;;;;2;;;;
25/09/2010;10:29:00;68;sem vítima;297;BR-101/RJ;Norte;Colisão Traseira;1;;;;;1;;;;;3;;;;
01/10/2010;17:00:00;167;sem vítima;297;BR-101/RJ;Sul;Colisão Lateral;;;2;;;;;;;;4;;;;
02/10/2010;13:43:00;101;sem vítima;297;BR-101/RJ;Sul;Choque - Outros;1;;;;;;;;;;1;;;;
13/10/2010;07:31:00;34;sem vítima;297;BR-101/RJ;Norte;Choque - Poste;;;;;;;;;;1;1;;;;
13/10/2010;10:30:00;76;sem vítima;297;BR-101/RJ;Sul;Colisão Transversal;;;1;;;;;;;1;3;;;;
15/10/2010;14:43:00;112;sem vítima;297;BR-101/RJ;Norte;Colisão Lateral;;;2;;;;;;;;2;;;;
16/10/2010;04:30:00;15;com vítima;297;BR-101/RJ;Sul;Colisão Traseira;1;;;1;;;;;;;4;;2;;
17/10/2010;01:38:00;8;sem vítima;297;BR-101/RJ;Norte;Choque - Defensa, barreira ou "submarino";1;;;;;;;;;;4;;;;
23/10/2010;05:32:00;31;sem vítima;297;BR-101/RJ;Sul;Choque - Defensa, barreira ou "submarino";1;;;;;;;;;;2;;;;
26/10/2010;22:49:00;189;sem vítima;297;BR-101/RJ;Sul;Colisão Lateral;1;;;;1;;;;;;2;;;;
29/10/2010;12:51:00;92;sem vítima;297;BR-101/RJ;Norte;Colisão Traseira;1;;1;;;;;;;;2;;;;
30/10/2010;20:32:00;222;com vítima;297;BR-101/RJ;Sul;Outros;;;;;;;;;;;0;;1;;
01/11/2010;15:20:00;96;sem vítima;297;BR-101/RJ;Sul;Colisão Lateral;1;;1;;1;;;;;;4;;;;
03/11/2010;22:39:00;210;sem vítima;297;BR-101/RJ;Sul;Colisão Lateral;1;;1;;;;;;;;2;;;;
06/11/2010;03:31:00;20;com vítima;297;BR-101/RJ;Norte;Outros - Sequência;1;;;;;;;;;;0;1;;;
14/11/2010;21:52:00;167;com vítima;297;BR-101/RJ;Sul;Atropelamento - Usuário;1;;;;;;;;;;2;;1;;
19/11/2010;19:16:00;179;sem vítima;297;BR-101/RJ;Norte;Colisão Lateral;1;;1;;;;;;;;2;;;;
21/11/2010;21:24:00;183;com vítima;297;BR-101/RJ;Sul;Atropelamento - Usuário;;;;;;1;;;;;1;;;1;
24/11/2010;17:06:00;132;com vítima;297;BR-101/RJ;Norte;Atropelamento - Andarilho;1;;;;;;;;;;1;;1;;
27/11/2010;14:27:00;103;sem vítima;297;BR-101/RJ;Norte;Colisão Traseira;1;;1;;;;;;;;5;;;;
28/11/2010;18:07:00;145;sem vítima;297;BR-101/RJ;Sul;Colisão Traseira;2;;1;;;;;;;;3;;;;
30/11/2010;18:29:00;159;sem vítima;297;BR-101/RJ;Sul;Colisão Lateral;1;;1;;;;;;;;2;;;;
01/12/2010;22:14:00;205;sem vítima;297;BR-101/RJ;Sul;Capotamento;1;;;;;;;;;;4;;;;
02/12/2010;17:20:00;142;sem vítima;297;BR-101/RJ;Norte;Colisão Traseira;1;;1;;;;;;;;4;;;;
04/12/2010;23:57:00;217;com vítima;297;BR-101/RJ;Norte;Colisão Lateral;1;;;1;;;;;;;1;;1;;
05/12/2010;04:53:00;27;sem vítima;297;BR-101/RJ;Sul;Colisão Traseira;2;;;;;;;;;;2;;;;
06/12/2010;11:45:00;120;sem vítima;297;BR-101/RJ;Norte;Colisão Traseira;2;;;;;;;;;;5;;;;
09/12/2010;13:17:00;82;sem vítima;297;BR-101/RJ;Norte;Colisão Traseira;;;1;;1;1;;;;;3;;;;
09/12/2010;19:44:00;160;sem vítima;297;BR-101/RJ;Norte;Colisão Traseira;1;;1;;;;;;;;2;;;;
15/12/2010;08:18:00;51;sem vítima;297;BR-101/RJ;Norte;Colisão Lateral;1;;1;;;;;;;;2;;;;
15/12/2010;09:58:00;75;sem vítima;297;BR-101/RJ;Norte;Colisão Lateral;1;;1;;;;;;;;2;;;;
16/12/2010;03:36:00;19;sem vítima;297;BR-101/RJ;Norte;Choque - Defensa, barreira ou "submarino";1;;;;;;;;;;1;;;;
16/12/2010;16:52:00;175;sem vítima;297;BR-101/RJ;Sul;Colisão Traseira;1;;1;;;;;;;;3;;;;
20/12/2010;12:50:00;93;sem vítima;297;BR-101/RJ;Norte;Colisão Traseira;2;;;;;;;;;;2;;;;
22/12/2010;21:03:00;206;sem vítima;297;BR-101/RJ;Norte;Saida de Pista;1;;;;;;;;;;4;;;;
22/12/2010;22:11:00;225;sem vítima;297;BR-101/RJ;Sul;Colisão Lateral;2;;;;;;;;;;2;;;;
22/12/2010;22:59:00;234;sem vítima;297;BR-101/RJ;Norte;Colisão Lateral;1;;1;;;;;;;;2;;;;
23/12/2010;16:37:00;179;sem vítima;297;BR-101/RJ;Norte;Colisão Lateral;1;;;;;1;;;;;2;;;;
28/12/2010;23:48:00;217;sem vítima;297;BR-101/RJ;Norte;Colisão Traseira;1;;1;;;;;;;;3;;;;
30/12/2010;13:33:00;93;sem vítima;297;BR-101/RJ;Norte;Colisão Traseira;1;;;;;;;;;1;6;;;;
03/01/2011;10:59:00;130;sem vítima;297;BR-101/RJ;Norte;Colisão Lateral;1;;;;1;;;;;;2;;;;
04/01/2011;14:06:00;138;sem vítima;297;BR-101/RJ;Norte;Colisão Traseira;2;;;;;;;;;;4;;;;
08/01/2011;10:51:00;110;sem vítima;297;BR-101/RJ;Sul;Colisão Lateral;2;;;;;;;;;;3;;;;
08/01/2011;15:05:00;181;sem vítima;297;BR-101/RJ;Norte;Colisão Traseira;2;;;;;;;;;;2;;;;
09/01/2011;02:20:00;7;sem vítima;297;BR-101/RJ;Sul;Saida de Pista;1;;;;;;;;;;2;;;;
10/01/2011;08:28:00;53;sem vítima;297;BR-101/RJ;Sul;Colisão Traseira;1;;1;;;;;;;;2;;;;
15/01/2011;16:20:00;128;sem vítima;297;BR-101/RJ;Sul;Colisão Traseira;1;;;;1;;;;;;2;;;;
17/01/2011;08:02:00;43;sem vítima;297;BR-101/RJ;Sul;Colisão Lateral;;;;1;1;;;;;;2;;;;
20/01/2011;15:24:00;121;sem vítima;297;BR-101/RJ;Sul;Colisão Traseira;1;;1;;;;;;;;2;;;;
24/01/2011;18:26:00;207;sem vítima;297;BR-101/RJ;Norte;Colisão Lateral;;;;;2;;;;;;2;;;;
27/01/2011;16:44:00;170;sem vítima;297;BR-101/RJ;Sul;Colisão Traseira;1;;;;;;;;;1;3;;;;
28/01/2011;17:51:00;225;sem vítima;297;BR-101/RJ;Norte;Colisão Lateral;1;;1;;;;;;;;2;;;;
30/01/2011;00:08:00;4;sem vítima;297;BR-101/RJ;Norte;Colisão Lateral;1;;;;;;;;;;5;;;;
03/02/2011;07:45:00;35;sem vítima;297;BR-101/RJ;Norte;Colisão Lateral;1;;1;;;;;;;;3;;;;
04/02/2011;20:59:00;196;sem vítima;297;BR-101/RJ;Norte;Colisão Traseira;2;;1;;;;;;;;5;;;;
04/02/2011;21:52:00;206;sem vítima;297;BR-101/RJ;Norte;Colisão Lateral;1;;1;;;;;;;;2;;;;
05/02/2011;07:43:00;48;sem vítima;297;BR-101/RJ;Norte;Colisão Traseira;2;;;;;;;;;1;7;;;;
07/02/2011;18:40:00;183;sem vítima;297;BR-101/RJ;Sul;Colisão Lateral;1;;1;;;;;;;;2;;;;
08/02/2011;15:57:00;108;com vítima;297;BR-101/RJ;Sul;Atropelamento - Outros;;;;1;;;;;;;1;2;;;
08/02/2011;21:23:00;155;sem vítima;297;BR-101/RJ;Sul;Colisão Lateral;1;;;;1;;;;;;3;;;;
11/02/2011;16:25:00;140;sem vítima;297;BR-101/RJ;Norte;Colisão Traseira;1;;1;;;1;;;;;3;;;;
18/02/2011;08:14:00;42;sem vítima;297;BR-101/RJ;Sul;Colisão Traseira;1;;1;;;;;;;;3;;;;
23/02/2011;15:19:00;116;sem vítima;297;BR-101/RJ;Sul;Engavetamento;;;1;;;1;;;;1;5;;;;
27/02/2011;20:10:00;188;com vítima;297;BR-101/RJ;Norte;Queda de Moto;;;;1;;;;;;;0;1;1;;
21/03/2011;04:42:00;19;com vítima;317;BR-101/RJ;Norte;Queda de Moto;;;;1;;;;;;;0;2;;;
21/03/2011;11:12:00;74;sem vítima;252;BR-101/RJ;Sul;Colisão Traseira;2;;;;;;;;;;2;;;;
21/03/2011;11:39:00;80;sem vítima;139;BR-101/RJ;Norte;Colisão Traseira;2;;;;;;;;;;2;;;;
21/03/2011;16:36:00;122;sem vítima;63;BR-101/RJ;Norte;Colisão Traseira;1;;1;;;;;;;1;3;;;;
21/03/2011;20:03:00;158;sem vítima;274;BR-101/RJ;Norte;Saida de Pista;1;;;;;;;;;;2;;;;