data;horario;n_da_ocorrencia;tipo_de_ocorrencia;km;trecho;sentido;tipo_de_acidente;automovel;bicicleta;caminhao;moto;onibus;outros;tracao_animal;transporte_de_cargas_especiais;trator_maquinas;utilitarios;ilesos;levemente_feridos;moderadamente_feridos;gravemente_feridos;mortos
29/01/2014;13:32:00;133;sem vítima;297;BR-101/RJ;Sul;Engavetamento;3;;;;;;;;;;5;;;;
29/01/2014;18:50:00;199;sem vítima;297;BR-101/RJ;Norte;Colisão Lateral;1;;1;;1;;;;;;3;;;;
02/02/2014;19:51:00;187;com vítima;297,665;BR-101/RJ;Norte;Colisão Traseira;1;;1;;;;;;;;1;1;;;
04/02/2014;10:41:00;86;sem vítima;297;BR-101/RJ;Sul;Engavetamento;2;;;;1;;;;;;3;;;;
04/02/2014;16:33:00;153;com vítima;297,521;BR-101/RJ;Norte;Colisão Lateral;;;;1;1;;;;;;1;1;;;
07/02/2014;20:25:00;206;sem vítima;297;BR-101/RJ;Norte;Colisão Lateral;1;;1;;;;;;;;3;;;;
07/02/2014;20:50:00;210;sem vítima;297;BR-101/RJ;Norte;Colisão Lateral;1;;1;;;;;;;;2;;;;
09/02/2014;22:04:00;191;sem vítima;297;BR-101/RJ;Norte;Colisão Lateral;2;;;;;;;;;;4;;;;
10/02/2014;18:15:00;165;sem vítima;297;BR-101/RJ;Norte;Colisão Lateral;1;;1;;;;;;;;2;;;;
12/02/2014;06:28:00;33;sem vítima;297;BR-101/RJ;Sul;Colisão Lateral;;;1;1;;;;;;;2;;;;
15/02/2014;12:05:00;105;sem vítima;297;BR-101/RJ;Norte;Colisão Lateral;1;;1;;;;;;;;3;;;;
15/02/2014;12:44:00;112;sem vítima;297;BR-101/RJ;Norte;Colisão Lateral;1;;1;;;;;;;;5;;;;
16/02/2014;22:48:00;184;sem vítima;297;BR-101/RJ;Sul;Outros - Sequência;3;;1;;;;;;;;10;;;;
21/02/2014;10:38:00;90;sem vítima;297;BR-101/RJ;Sul;Colisão Traseira;1;;;;1;;;;;;2;;;;
24/02/2014;17:47:00;158;com vítima;297;BR-101/RJ;Sul;Colisão Lateral;1;;;1;;;;;;;1;;;1;
26/02/2014;13:32:00;125;sem vítima;297;BR-101/RJ;Norte;Colisão Lateral;1;;1;;;;;;;;2;;;;
27/02/2014;09:26:00;75;sem vítima;297,791;BR-101/RJ;Norte;Colisão Traseira;1;;1;;;;;;;;2;;;;
28/02/2014;17:52:00;191;sem vítima;297;BR-101/RJ;Norte;Colisão Traseira;2;;;;;;;;;;2;;;;
28/02/2014;23:20:00;266;sem vítima;297;BR-101/RJ;Norte;Colisão Lateral;1;;1;;;;;;;;2;;;;
01/03/2014;13:28:00;225;com vítima;297;BR-101/RJ;Norte;Atropelamento - Morador;;;;;;1;;;;;1;1;;;
02/03/2014;12:03:00;109;sem vítima;297;BR-101/RJ;Norte;Colisão Traseira;1;;1;;;;;;;;2;;;;
03/03/2014;23:50:00;182;sem vítima;297;BR-101/RJ;Sul;Colisão Traseira;;;;2;;;;;;;2;;;;
08/03/2014;13:42:00;96;sem vítima;297,438;BR-101/RJ;Norte;Engavetamento;4;;;;;;;;;;4;;;;
08/03/2014;07:46:00;30;com vítima;297,579;BR-101/RJ;Sul;Queda de Moto;;;;1;;;;;;;1;1;;;
09/03/2014;04:52:00;29;sem vítima;297;BR-101/RJ;Norte;Choque - Arvore;1;;;;;;;;;;1;;;;
09/03/2014;13:13:00;102;sem vítima;297,155;BR-101/RJ;Sul;Colisão Traseira;1;;;;;1;;;;;2;;;;
11/03/2014;19:58:00;154;com vítima;297,9;BR-101/RJ;Norte;Atropelamento - Morador;1;;;;;;;;;;2;;1;;
13/03/2014;15:03:00;161;sem vítima;297;BR-101/RJ;Norte;Colisão Lateral;2;;;;;;;;;;3;;;;
15/03/2014;02:20:00;12;sem vítima;297;BR-101/RJ;Norte;Choque - Defensa, barreira ou "submarino";1;;;;;;;;;;1;;;;
18/03/2014;12:41:00;92;sem vítima;297;BR-101/RJ;Sul;Colisão Lateral;1;;1;;;;;;;;2;;;;
20/03/2014;10:30:00;85;sem vítima;297;BR-101/RJ;Sul;Choque - Poste;;;1;;;;;;;;2;;;;
21/03/2014;19:49:00;192;sem vítima;297;BR-101/RJ;Norte;Colisão Lateral;1;;1;;;;;;;;2;;;;
23/03/2014;00:35:00;3;sem vítima;297;BR-101/RJ;Sul;Colisão Lateral;1;;1;;;;;;;;3;;;;
24/03/2014;09:31:00;59;sem vítima;297;BR-101/RJ;Sul;Colisão Traseira;1;;;;1;;;;;;2;;;;
26/03/2014;10:37:00;76;sem vítima;297;BR-101/RJ;Sul;Engavetamento;3;;;;;;;;;;6;;;;
04/04/2014;17:41:00;144;sem vítima;297;BR-101/RJ;Norte;Colisão Lateral;1;;1;;;;;;;;4;;;;
05/04/2014;03:40:00;11;com vítima;297,922;BR-101/RJ;Norte;Saida de Pista;1;;;;;;;;;;0;1;;;
08/04/2014;12:41:00;98;sem vítima;297;BR-101/RJ;Sul;Engavetamento;2;;;;;;;;;1;3;;;;
10/04/2014;07:40:00;42;sem vítima;297;BR-101/RJ;Norte;Colisão Traseira;2;;;;;;;;;;2;;;;
11/04/2014;18:17:00;164;sem vítima;297;BR-101/RJ;Norte;Colisão Lateral;1;;1;;;;;;;;2;;;;
11/04/2014;18:19:00;165;sem vítima;297;BR-101/RJ;Norte;Colisão Lateral;1;;1;;;;;;;;2;;;;
14/04/2014;14:31:00;112;sem vítima;297;BR-101/RJ;Norte;Colisão Traseira;1;;1;;;;;;;;2;;;;
14/04/2014;19:50:00;168;sem vítima;297;BR-101/RJ;Norte;Colisão Lateral;1;;1;;;;;;;;2;;;;
16/04/2014;09:48:00;53;sem vítima;297;BR-101/RJ;Sul;Choque - Defensa, barreira ou "submarino";1;;;;;;;;;;1;;;;
25/04/2014;12:48:00;77;sem vítima;297;BR-101/RJ;Sul;Colisão Traseira;;;;;1;1;;;;;2;;;;
25/04/2014;18:01:00;117;sem vítima;297;BR-101/RJ;Norte;Colisão Lateral;1;;1;;;;;;;;2;;;;
27/04/2014;16:33:00;93;sem vítima;297,398;BR-101/RJ;Norte;Colisão Traseira;1;;1;;;;;;;;6;;;;
29/04/2014;15:48:00;122;sem vítima;297;BR-101/RJ;Sul;Colisão Traseira;1;;;;;;;;;1;4;;;;
01/05/2014;07:51:00;34;sem vítima;297;BR-101/RJ;Sul;Colisão Traseira;1;;;;1;;;;;;2;;;;
01/05/2014;20:24:00;133;sem vítima;297;BR-101/RJ;Sul;Colisão Traseira;2;;;;;;;;;;2;;;;
02/05/2014;12:31:00;72;sem vítima;297;BR-101/RJ;Sul;Colisão Lateral;1;;;;1;;;;;;2;;;;
02/05/2014;20:14:00;140;sem vítima;297;BR-101/RJ;Norte;Colisão Traseira;2;;;;;;;;;;5;;;;
05/05/2014;01:44:00;7;sem vítima;297,639;BR-101/RJ;Norte;Colisão Traseira;2;;;;;;;;;;3;;;;
06/05/2014;17:25:00;138;com vítima;297;BR-101/RJ;Norte;Queda de Moto;;;;1;;;;;;;0;;1;;
09/05/2014;18:13:00;157;sem vítima;297;BR-101/RJ;Norte;Colisão Traseira;1;;;;;1;;;;;3;;;;
10/05/2014;23:25:00;181;sem vítima;297,898;BR-101/RJ;Sul;Saida de Pista;1;;;;;;;;;;1;;;;
11/05/2014;10:13:00;57;com vítima;297,553;BR-101/RJ;Sul;Engavetamento;2;;;;1;;;;;;2;1;;;
11/05/2014;05:50:00;31;com vítima;297,687;BR-101/RJ;Sul;Capotamento;1;;;;;;;;;;0;;;1;
12/05/2014;18:51:00;170;sem vítima;297;BR-101/RJ;Norte;Colisão Traseira;2;;;;;;;;;;2;;;;
12/05/2014;19:02:00;171;sem vítima;297,825;BR-101/RJ;Sul;Colisão Lateral;1;;1;;;;;;;;2;;;;
13/05/2014;07:51:00;38;com vítima;297;BR-101/RJ;Sul;Colisão Traseira;;;;2;;;;;;;0;2;;;
15/05/2014;11:41:00;99;sem vítima;297;BR-101/RJ;Norte;Colisão Lateral;1;;1;;;;;;;;2;;;;
15/05/2014;15:18:00;134;sem vítima;297;BR-101/RJ;Norte;Colisão Lateral;;;;2;;;;;;;2;;;;
16/05/2014;17:34:00;145;sem vítima;297;BR-101/RJ;Sul;Colisão Traseira;2;;;;;;;;;;2;;;;
18/05/2014;21:58:00;162;sem vítima;297;BR-101/RJ;Norte;Choque - Defensa, barreira ou "submarino";1;;;;;;;;;;3;;;;
20/05/2014;08:41:00;48;sem vítima;297;BR-101/RJ;Norte;Colisão Traseira;1;;;;;1;;;;1;4;;;;
23/05/2014;17:39:00;152;sem vítima;297;BR-101/RJ;Norte;Colisão Traseira;1;;;;;1;;;;;2;;;;
23/05/2014;18:35:00;163;sem vítima;297;BR-101/RJ;Sul;Engavetamento;1;;;;1;;;;;2;6;;;;
24/05/2014;22:24:00;158;sem vítima;297;BR-101/RJ;Norte;Colisão Traseira;2;;1;;;;;;;;3;;;;
25/05/2014;08:20:00;52;sem vítima;297,327;BR-101/RJ;Norte;Colisão Lateral;1;;1;;;;;;;;2;;;;
28/05/2014;22:07:00;170;com vítima;297;BR-101/RJ;Sul;Choque - Suporte de Sinalização;1;;;;;;;;;;1;3;;;
30/05/2014;16:19:00;127;sem vítima;297;BR-101/RJ;Norte;Colisão Traseira;2;;;;;;;;;;3;;;;
04/06/2014;13:55:00;113;com vítima;297;BR-101/RJ;Sul;Colisão Traseira;1;;;1;;;;;;;2;;1;;
04/06/2014;18:44:00;154;sem vítima;297;BR-101/RJ;Norte;Colisão Lateral;1;;1;;;;;;;;2;;;;
05/06/2014;08:45:00;65;sem vítima;297;BR-101/RJ;Norte;Colisão Lateral;1;;1;;;;;;;;2;;;;
05/06/2014;15:26:00;129;sem vítima;297;BR-101/RJ;Norte;Colisão Lateral;;;1;;1;;;;;;2;;;;
07/06/2014;12:58:00;74;sem vítima;297,77;BR-101/RJ;Sul;Colisão Lateral;1;;1;;;;;;;;4;;;;
07/06/2014;13:23:00;77;sem vítima;297,9;BR-101/RJ;Norte;Colisão Lateral;1;;1;;;;;;;;2;;;;
09/06/2014;19:06:00;167;com vítima;297,324;BR-101/RJ;Sul;Atropelamento - Ciclista;;1;;;1;;;;;;1;1;;;
10/06/2014;23:38:00;188;sem vítima;297;BR-101/RJ;Sul;Choque - Defensa, barreira ou "submarino";1;;;;;;;;;;1;;;;
11/06/2014;12:19:00;89;sem vítima;297;BR-101/RJ;Norte;Colisão Traseira;;;;;1;1;;;;;2;;;;
13/06/2014;15:45:00;129;sem vítima;297;BR-101/RJ;Norte;Colisão Lateral;1;;1;;;;;;;;2;;;;
24/06/2014;18:29:00;147;sem vítima;297;BR-101/RJ;Norte;Colisão Lateral;1;;1;;;;;;;;2;;;;
27/06/2014;10:16:00;69;sem vítima;297;BR-101/RJ;Norte;Colisão Lateral;1;;1;;;;;;;;2;;;;
27/06/2014;10:53:00;76;com vítima;297;BR-101/RJ;Norte;Colisão Transversal;;;;1;1;;;;;;2;1;;;
28/06/2014;20:39:00;138;sem vítima;297;BR-101/RJ;Sul;Engavetamento;2;;;;;;;;;1;6;;;;
03/07/2014;12:37:00;95;sem vítima;297,431;BR-101/RJ;Sul;Engavetamento;3;;;;;1;;;;;6;;;;
04/07/2014;11:38:00;73;com vítima;297;BR-101/RJ;Sul;Colisão Traseira;1;;;;;;;;;1;3;3;;;
04/07/2014;15:03:00;106;sem vítima;297;BR-101/RJ;Sul;Colisão Transversal;1;;1;;;;;;;;2;;;;
06/07/2014;22:01:00;156;com vítima;297;BR-101/RJ;Sul;Colisão Traseira;2;;;;;;;;;;6;;1;;
09/07/2014;16:44:00;137;sem vítima;297;BR-101/RJ;Sul;Colisão Lateral;1;;1;;;;;;;;3;;;;
10/07/2014;19:22:00;142;sem vítima;297;BR-101/RJ;Sul;Colisão Lateral;;;;;2;;;;;;2;;;;
11/07/2014;15:58:00;127;com vítima;297;BR-101/RJ;Norte;Colisão Traseira;1;;;1;;;;;;;1;1;;;
11/07/2014;16:41:00;137;sem vítima;297;BR-101/RJ;Norte;Colisão Traseira;1;;1;;;;;;;;2;;;;
11/07/2014;18:01:00;151;com vítima;297;BR-101/RJ;Norte;Colisão Traseira;1;;;1;;;;;;;2;;1;;
13/07/2014;17:49:00;102;sem vítima;297;BR-101/RJ;Sul;Choque - Defensa, barreira ou "submarino";1;;;;;;;;;;2;;;;
14/07/2014;22:40:00;166;sem vítima;297;BR-101/RJ;Sul;Colisão Traseira;;;2;;;;;;;;2;;;;
17/07/2014;17:48:00;129;sem vítima;297;BR-101/RJ;Norte;Colisão Lateral;1;;1;;;;;;;;2;;;;
19/07/2014;12:22:00;70;sem vítima;297;BR-101/RJ;Norte;Colisão Lateral;1;;1;;;;;;;;2;;;;
19/07/2014;19:36:00;130;sem vítima;297;BR-101/RJ;Sul;Choque - Defensa, barreira ou "submarino";1;;;;;;;;;;2;;;;
21/07/2014;11:10:00;75;sem vítima;297;BR-101/RJ;Sul;Engavetamento;3;;;;;;;;;;4;;;;
21/07/2014;19:53:00;151;sem vítima;297,595;BR-101/RJ;Sul;Colisão Traseira;1;;;;;;;;;1;7;;;;
23/07/2014;11:13:00;65;sem vítima;297;BR-101/RJ;Sul;Colisão Traseira;1;;1;;;;;;;;3;;;;
25/07/2014;13:20:00;105;sem vítima;297;BR-101/RJ;Sul;Colisão Lateral;1;;1;;;;;;;;2;;;;
25/07/2014;18:51:00;162;sem vítima;297;BR-101/RJ;Sul;Colisão Lateral;1;;1;;;;;;;;2;;;;
25/07/2014;20:44:00;182;sem vítima;297;BR-101/RJ;Sul;Colisão Lateral;1;;1;;;;;;;;3;;;;
25/07/2014;20:44:00;183;sem vítima;297;BR-101/RJ;Norte;Colisão Lateral;1;;1;;;;;;;;3;;;;
25/07/2014;01:26:00;8;com vítima;297,9;BR-101/RJ;Sul;Choque - Defensa, barreira ou "submarino";1;;;;;;;;;;1;1;;;
26/07/2014;10:45:00;48;sem vítima;297;BR-101/RJ;Norte;Colisão Lateral;1;;1;;;;;;;;3;;;;
29/07/2014;09:27:00;60;sem vítima;297;BR-101/RJ;Norte;Colisão Traseira;1;;;;;;;;;1;2;;;;
01/08/2014;15:38:00;111;sem vítima;297;BR-101/RJ;Norte;Colisão Traseira;;;;;;;;;;2;2;;;;
01/08/2014;16:00:00;118;sem vítima;297;BR-101/RJ;Sul;Colisão Traseira;1;;;;;1;;;;;3;;;;
02/08/2014;07:20:00;25;sem vítima;297;BR-101/RJ;Sul;Choque - Defensa, barreira ou "submarino";1;;;;;;;;;;2;;;;
02/08/2014;20:55:00;152;sem vítima;297,357;BR-101/RJ;Norte;Colisão Lateral;1;;1;;;;;;;;2;;;;
03/08/2014;12:29:00;62;sem vítima;297;BR-101/RJ;Sul;Choque - Defensa, barreira ou "submarino";1;;;;;;;;;;3;;;;
06/08/2014;18:18:00;131;sem vítima;297;BR-101/RJ;Norte;Colisão Lateral;1;;1;;;;;;;;3;;;;
08/08/2014;17:40:00;162;sem vítima;297;BR-101/RJ;Norte;Colisão Lateral;1;;1;;;;;;;;2;;;;
08/08/2014;16:37:00;145;sem vítima;297,5;BR-101/RJ;Norte;Colisão Transversal;1;;1;;;;;;;;2;;;;
09/08/2014;13:09:00;93;sem vítima;297;BR-101/RJ;Sul;Colisão Lateral;1;;1;;;;;;;;2;;;;
11/08/2014;09:25:00;61;sem vítima;297;BR-101/RJ;Sul;Colisão Traseira;1;;;;1;;;;;;2;;;;
13/08/2014;19:20:00;146;com vítima;297,813;BR-101/RJ;Sul;Colisão Traseira;2;;1;;;;;;;;5;1;;;
16/08/2014;14:08:00;70;sem vítima;297;BR-101/RJ;Norte;Colisão Lateral;1;;1;;;;;;;;2;;;;
16/08/2014;20:22:00;118;com vítima;297,312;BR-101/RJ;Sul;Colisão Lateral;2;;;;;;;;;2;2;2;1;;
16/08/2014;02:45:00;11;com vítima;297,63;BR-101/RJ;Sul;Capotamento;1;;;;;;;;;;0;;;1;
18/08/2014;07:30:00;45;sem vítima;297;BR-101/RJ;Norte;Colisão Traseira;3;;;;;;;;;;6;;;;
18/08/2014;07:49:00;52;sem vítima;297;BR-101/RJ;Norte;Colisão Traseira;3;;;;;;;;;;4;;;;
20/08/2014;11:44:00;71;sem vítima;297;BR-101/RJ;Norte;Colisão Lateral;1;;1;;;;;;;;4;;;;
22/08/2014;07:41:00;40;com vítima;297;BR-101/RJ;Sul;Atropelamento - Morador;;;;;;1;;;;;1;;1;;
23/08/2014;15:13:00;123;com vítima;297;BR-101/RJ;Sul;Colisão Traseira;;;1;;1;;;;;;4;1;;;
23/08/2014;18:54:00;156;sem vítima;297;BR-101/RJ;Sul;Colisão Lateral;1;;1;;;;;;;;2;;;;
25/08/2014;15:00:00;106;sem vítima;297;BR-101/RJ;Norte;Colisão Lateral;;;;;1;;;;;1;2;;;;
28/08/2014;16:52:00;99;sem vítima;297,454;BR-101/RJ;Sul;Colisão Lateral;;;1;;1;;;;;;2;;;;
30/08/2014;10:34:00;50;sem vítima;297;BR-101/RJ;Sul;Choque - Defensa, barreira ou "submarino";;;1;;;;;;;;3;;;;
31/08/2014;15:49:00;90;com vítima;297,93;BR-101/RJ;Sul;Colisão Lateral;2;;;;;;;;;;6;1;;;
01/09/2014;02:36:00;9;sem vítima;297;BR-101/RJ;Norte;Choque - Defensa, barreira ou "submarino";1;;;;;;;;;;2;;;;
03/09/2014;03:28:00;15;sem vítima;297;BR-101/RJ;Sul;Choque - Defensa, barreira ou "submarino";;;;;;;;;;1;1;;;;
04/09/2014;10:16:00;53;sem vítima;297,844;BR-101/RJ;Norte;Choque - Defensa, barreira ou "submarino";1;;;;;;;;;;4;;;;
06/09/2014;10:13:00;58;sem vítima;297;BR-101/RJ;Norte;Colisão Lateral;1;;1;;;;;;;;2;;;;
06/09/2014;11:01:00;64;sem vítima;297;BR-101/RJ;Norte;Colisão Lateral;1;;1;;;;;;;;2;;;;
06/09/2014;11:43:00;76;com vítima;297;BR-101/RJ;Norte;Colisão Traseira;2;;;;;;;;;;2;1;;;
08/09/2014;17:15:00;146;sem vítima;297;BR-101/RJ;Sul;Colisão Traseira;2;;;;;;;;;;2;;;;
10/09/2014;16:08:00;118;sem vítima;297,7;BR-101/RJ;Norte;Choque - Poste;1;;;;;;;;;;1;;;;
10/09/2014;18:20:00;148;sem vítima;297,75;BR-101/RJ;Sul;Colisão Lateral;1;;1;;;;;;;;2;;;;
13/09/2014;13:52:00;103;sem vítima;297;BR-101/RJ;Norte;Colisão Lateral;1;;1;;;;;;;;2;;;;
13/09/2014;13:52:00;104;sem vítima;297;BR-101/RJ;Norte;Colisão Lateral;1;;1;;;;;;;;2;;;;
19/09/2014;16:03:00;134;sem vítima;297,7;BR-101/RJ;Norte;Colisão Lateral;1;;1;;;;;;;;2;;;;
20/09/2014;12:05:00;90;sem vítima;297;BR-101/RJ;Sul;Colisão Lateral;1;;1;;;;;;;;7;;;;
21/09/2014;04:22:00;15;com vítima;297;BR-101/RJ;Norte;Choque - Suporte de Sinalização;1;;;;;;;;;;1;;2;;
27/09/2014;06:12:00;27;sem vítima;297;BR-101/RJ;Sul;Saida de Pista;1;;;;;;;;;;1;;;;
28/09/2014;20:47:00;138;sem vítima;297,917;BR-101/RJ;Sul;Choque - Defensa, barreira ou "submarino";1;;;;;;;;;;1;;;;
30/09/2014;07:29:00;39;sem vítima;297;BR-101/RJ;Norte;Choque - Defensa, barreira ou "submarino";1;;;;;;;;;;2;;;;
02/10/2014;18:46:00;125;sem vítima;297,853;BR-101/RJ;Sul;Colisão Lateral;1;;1;;;;;;;;2;;;;
05/10/2014;07:10:00;25;sem vítima;297;BR-101/RJ;Norte;Choque - Defensa, barreira ou "submarino";1;;;;;;;;;;2;;;;
05/10/2014;20:08:00;128;sem vítima;297,365;BR-101/RJ;Sul;Colisão Lateral;;;1;;1;;;;;;2;;;;
10/10/2014;10:15:00;81;sem vítima;297;BR-101/RJ;Norte;Colisão Traseira;2;;;;;;;;;;2;;;;
10/10/2014;12:23:00;106;sem vítima;297;BR-101/RJ;Norte;Colisão Lateral;1;;1;;;;;;;;6;;;;
10/10/2014;12:46:00;113;sem vítima;297;BR-101/RJ;Norte;Engavetamento;;;;;;2;;;;1;3;;;;
10/10/2014;12:47:00;114;sem vítima;297;BR-101/RJ;Sul;Colisão Traseira;2;;;;;;;;;;2;;;;
10/10/2014;12:53:00;116;sem vítima;297;BR-101/RJ;Sul;Colisão Traseira;2;;;;;;;;;;2;;;;
10/10/2014;15:00:00;158;sem vítima;297;BR-101/RJ;Norte;Colisão Traseira;2;;;;;;;;;;4;;;;
11/10/2014;05:45:00;26;sem vítima;297;BR-101/RJ;Sul;Choque - Defensa, barreira ou "submarino";1;;;;;1;;;;;4;;;;
11/10/2014;11:39:00;90;sem vítima;297;BR-101/RJ;Sul;Engavetamento;3;;;;;;;;;;4;;;;
11/10/2014;11:41:00;91;sem vítima;297;BR-101/RJ;Sul;Engavetamento;3;;;;;;;;;;3;;;;
11/10/2014;15:21:00;141;sem vítima;297;BR-101/RJ;Sul;Colisão Traseira;1;;;;;1;;;;;2;;;;
11/10/2014;17:11:00;162;com vítima;297;BR-101/RJ;Norte;Atropelamento - Morador;1;;;;;;;;;;1;;1;;
13/10/2014;00:48:00;6;com vítima;297;BR-101/RJ;Sul;Choque - Poste;1;;;;;;;;;;0;;1;;
16/10/2014;15:12:00;114;sem vítima;297;BR-101/RJ;Sul;Colisão Traseira;1;;1;;;;;;;;2;;;;
18/10/2014;13:14:00;103;sem vítima;297;BR-101/RJ;Sul;Colisão Lateral;2;;;;;;;;;;2;;;;
21/10/2014;18:21:00;143;sem vítima;297;BR-101/RJ;Norte;Colisão Lateral;1;;1;;;;;;;;2;;;;
22/10/2014;16:38:00;108;sem vítima;297,87;BR-101/RJ;Norte;Choque - Defensa, barreira ou "submarino";;;1;;;;;;;;1;;;;
24/10/2014;05:50:00;14;sem vítima;297,808;BR-101/RJ;Sul;Colisão Lateral;1;;;;1;;;;;;2;;;;
25/10/2014;23:42:00;157;sem vítima;297;BR-101/RJ;Sul;Colisão Traseira;1;;;1;;;;;;;2;;;;
30/10/2014;18:31:00;164;sem vítima;297;BR-101/RJ;Norte;Engavetamento;;;2;;1;;;;;;5;;;;
01/11/2014;15:02:00;131;com vítima;297;BR-101/RJ;Norte;Colisão Lateral;1;;;1;;;;;;;2;1;;;
01/11/2014;13:29:00;116;sem vítima;297,7;BR-101/RJ;Sul;Engavetamento;1;;2;;;;;;;;6;;;;
05/11/2014;20:41:00;162;com vítima;297,361;BR-101/RJ;Sul;Atropelamento - Morador;;;;;;1;;;;;1;;;1;
06/11/2014;17:49:00;141;sem vítima;297,878;BR-101/RJ;Sul;Colisão Lateral;2;;;;;;;;;;2;;;;
07/11/2014;11:11:00;82;sem vítima;297;BR-101/RJ;Sul;Colisão Traseira;2;;;;;;;;;;3;;;;
09/11/2014;21:02:00;142;com vítima;297,916;BR-101/RJ;Sul;Queda de Moto;;;;1;;;;;;;0;;;1;
10/11/2014;08:46:00;60;sem vítima;297;BR-101/RJ;Norte;Colisão Traseira;1;;;;1;;;;;;2;;;;
10/11/2014;14:00:00;109;sem vítima;297;BR-101/RJ;Norte;Colisão Traseira;;;;;2;;;;;;2;;;;
15/11/2014;19:17:00;147;com vítima;297,554;BR-101/RJ;Norte;Colisão Traseira;1;;;1;;;;;;;2;2;;;
16/11/2014;03:32:00;22;com vítima;297,799;BR-101/RJ;Norte;Atropelamento - Morador;;;;;1;;;;;;43;;;2;
17/11/2014;01:57:00;11;com vítima;297;BR-101/RJ;Sul;Capotamento;1;;;;;;;;;;0;;1;;
19/11/2014;23:43:00;171;sem vítima;297,898;BR-101/RJ;Sul;Choque - Defensa, barreira ou "submarino";1;;;;;;;;;;1;;;;
20/11/2014;09:15:00;53;sem vítima;297;BR-101/RJ;Sul;Colisão Lateral;1;;1;;;;;;;;3;;;;
21/11/2014;12:37:00;84;sem vítima;297;BR-101/RJ;Norte;Colisão Traseira;2;;;;;;;;;;2;;;;
26/11/2014;17:11:00;145;sem vítima;297;BR-101/RJ;Sul;Saida de Pista;1;;;;;;;;;;1;;;;
28/11/2014;07:41:00;38;sem vítima;297;BR-101/RJ;Norte;Colisão Lateral;1;;1;;;;;;;;2;;;;
28/11/2014;15:42:00;109;sem vítima;297;BR-101/RJ;Norte;Engavetamento;2;;;;;;;;;1;3;;;;
01/12/2014;14:26:00;122;com vítima;297,913;BR-101/RJ;Norte;Tombamento;;;1;;;;;;;;0;2;;;
06/12/2014;15:50:00;118;sem vítima;297;BR-101/RJ;Norte;Colisão Traseira;2;;;;;;;;;;1;;;;
06/12/2014;19:50:00;159;com vítima;297,444;BR-101/RJ;Norte;Queda de Moto;;;;1;;;;;;;0;;1;;
08/12/2014;19:38:00;178;sem vítima;297,601;BR-101/RJ;Norte;Colisão Lateral;1;;1;;;;;;;;2;;;;
09/12/2014;10:25:00;75;sem vítima;297;BR-101/RJ;Norte;Colisão Lateral;1;;1;;;;;;;;4;;;;
10/12/2014;09:14:00;67;sem vítima;297;BR-101/RJ;Sul;Colisão Lateral;1;;1;;;;;;;;2;;;;
10/12/2014;16:23:00;130;sem vítima;297;BR-101/RJ;Norte;Outros - Sequência;1;;2;;;;;;;;3;;;;
11/12/2014;19:14:00;167;sem vítima;297;BR-101/RJ;Norte;Colisão Traseira;1;;;;;1;;;;;3;;;;
12/12/2014;10:15:00;58;sem vítima;297;BR-101/RJ;Norte;Engavetamento;4;;;;;;;;;;4;;;;
12/12/2014;12:45:00;87;sem vítima;297;BR-101/RJ;Norte;Colisão Traseira;1;;1;;;;;;;;2;;;;
12/12/2014;12:59:00;89;com vítima;297;BR-101/RJ;Sul;Colisão Traseira;1;;;1;;;;;;;3;1;;;
13/12/2014;09:53:00;74;sem vítima;297;BR-101/RJ;Norte;Colisão Lateral;2;;1;;;;;;;;3;;;;
13/12/2014;10:32:00;81;sem vítima;297;BR-101/RJ;Norte;Colisão Traseira;;;;2;;;;;;;2;;;;
14/12/2014;01:35:00;16;com vítima;297;BR-101/RJ;Sul;Queda de Moto;;;;1;;;;;;;0;1;;;
14/12/2014;11:57:00;74;com vítima;297;BR-101/RJ;Sul;Choque - Defensa, barreira ou "submarino";1;;;;;;;;;;0;1;3;;
16/12/2014;17:55:00;124;sem vítima;297;BR-101/RJ;Norte;Colisão Lateral;1;;1;;;;;;;;5;;;;
19/12/2014;16:23:00;141;sem vítima;297,247;BR-101/RJ;Sul;Engavetamento;2;;1;;;;;;;;3;;;;
19/12/2014;19:22:00;167;sem vítima;297,3;BR-101/RJ;Sul;Colisão Traseira;1;;;;;1;;;;;2;;;;
20/12/2014;13:33:00;103;com vítima;297;BR-101/RJ;Sul;Colisão Traseira;1;;;1;;;;;;;1;1;1;;
20/12/2014;14:28:00;111;sem vítima;297;BR-101/RJ;Sul;Colisão Lateral;1;;1;;;;;;;;2;;;;
20/12/2014;19:26:00;177;com vítima;297;BR-101/RJ;Norte;Colisão Traseira;1;;;1;;;;;;;1;1;;;
21/12/2014;10:56:00;74;sem vítima;297;BR-101/RJ;Sul;Colisão Traseira;2;;;;;;;;;;6;;;;
22/12/2014;21:08:00;197;com vítima;297;BR-101/RJ;Sul;Queda de Moto;;;;1;;;;;;;0;2;;;
23/12/2014;19:51:00;187;com vítima;297,7;BR-101/RJ;Sul;Colisão Lateral;;;;1;;1;;;;;1;1;;;
26/12/2014;14:19:00;92;sem vítima;297;BR-101/RJ;Sul;Colisão Lateral;1;;1;;;;;;;;3;;;;
26/12/2014;20:16:00;159;sem vítima;297;BR-101/RJ;Sul;Colisão Lateral;1;;1;;;;;;;;4;;;;
27/12/2014;10:19:00;53;sem vítima;297,85;BR-101/RJ;Norte;Outros - Sequência;1;;2;;;;;;;;3;;;;
29/12/2014;10:48:00;72;sem vítima;297;BR-101/RJ;Sul;Engavetamento;4;;;;;;;;;;12;;;;
30/12/2014;22:20:00;184;sem vítima;297;BR-101/RJ;Sul;Colisão Lateral;1;;1;;;;;;;;3;;;;