data;horario;n_da_ocorrencia;tipo_de_ocorrencia;km;trecho;sentido;tipo_de_acidente;automovel;bicicleta;caminhao;moto;onibus;outros;tracao_animal;transporte_de_cargas_especiais;trator_maquinas;utilitarios;ilesos;levemente_feridos;moderadamente_feridos;gravemente_feridos;mortos
04/01/2015;15:15:00;113;sem vítima;297,85;BR-101/RJ;Norte;Choque - Defensa, barreira ou "submarino";1;;;;;;;;;;2;;;;
15/01/2015;13:22:00;97;sem vítima;297;BR-101/RJ;Norte;Colisão Lateral;1;;1;;;;;;;;2;;;;
15/01/2015;16:24:00;129;com vítima;297;BR-101/RJ;Norte;Colisão Traseira;;;;1;;2;;;;;1;3;;;
17/01/2015;23:37:00;214;sem vítima;297;BR-101/RJ;Norte;Capotamento;1;;;;;;;;;;1;;;;
17/01/2015;09:30:00;73;sem vítima;297,87;BR-101/RJ;Sul;Colisão Lateral;1;;1;;;;;;;;3;;;;
18/01/2015;18:40:00;167;sem vítima;297;BR-101/RJ;Sul;Engavetamento;3;;;;;;;;;;4;;;;
20/01/2015;20:17:00;176;sem vítima;297;BR-101/RJ;Sul;Colisão Lateral;1;;;1;;;;;;;2;;;;
20/01/2015;10:46:00;77;sem vítima;297,1;BR-101/RJ;Sul;Engavetamento;3;;;;;;;;;;6;;;;
21/01/2015;10:49:00;79;sem vítima;297;BR-101/RJ;Norte;Colisão Traseira;1;;1;;;;;;;;4;;;;
23/01/2015;12:58:00;103;com vítima;297;BR-101/RJ;Sul;Engavetamento;1;;;;;2;;;;;2;1;;;
25/01/2015;05:38:00;20;sem vítima;297,577;BR-101/RJ;Sul;Capotamento;1;;;;;;;;;;1;;;;
29/01/2015;10:30:00;63;sem vítima;297;BR-101/RJ;Sul;Colisão Traseira;;;1;;1;;;;;;4;;;;
29/01/2015;11:09:00;71;com vítima;297;BR-101/RJ;Norte;Colisão Traseira;1;;;1;;;;;;;1;;1;;
30/01/2015;15:37:00;143;sem vítima;297;BR-101/RJ;Norte;Colisão Lateral;1;;1;;;;;;;;2;;;;
01/02/2015;06:54:00;19;sem vítima;297;BR-101/RJ;Norte;Saida de Pista;1;;;;;;;;;;2;0;0;0;0
04/02/2015;15:15:00;122;sem vítima;297;BR-101/RJ;Sul;Colisão Lateral;;;1;;1;;;;;;2;0;0;0;0
07/02/2015;10:52:00;63;sem vítima;297;BR-101/RJ;Sul;Colisão Traseira;2;;;;;;;;;;2;0;0;0;0
08/02/2015;05:13:00;15;com vítima;297;BR-101/RJ;Sul;Capotamento;1;;;;;;;;;;0;3;1;0;0
08/02/2015;21:25:00;136;com vítima;297;BR-101/RJ;Norte;Queda de Moto;;;;1;;;;;;;0;2;0;0;0
09/02/2015;12:34:00;94;sem vítima;297;BR-101/RJ;Sul;Colisão Traseira;2;;;;;;;;;;3;0;0;0;0
09/02/2015;13:08:00;101;sem vítima;297;BR-101/RJ;Sul;Colisão Lateral;1;;1;;;;;;;;2;0;0;0;0
09/02/2015;13:50:00;109;sem vítima;297;BR-101/RJ;Sul;Engavetamento;3;;;;;;;;;;7;0;0;0;0
11/02/2015;11:56:00;93;sem vítima;297;BR-101/RJ;Sul;Engavetamento;3;;;;;;;;;;5;0;0;0;0
11/02/2015;15:56:00;145;sem vítima;297;BR-101/RJ;Norte;Colisão Transversal;1;;1;;;;;;;;2;0;0;0;0
11/02/2015;19:18:00;180;sem vítima;297;BR-101/RJ;Sul;Engavetamento;3;;;;;;;;;;3;0;0;0;0
12/02/2015;17:11:00;176;com vítima;297;BR-101/RJ;Norte;Colisão Lateral;1;;;1;;;;;;;2;1;0;0;0
12/02/2015;18:18:00;195;sem vítima;297;BR-101/RJ;Norte;Colisão Traseira;1;;1;;;;;;;;2;0;0;0;0
12/02/2015;19:24:00;207;sem vítima;297;BR-101/RJ;Sul;Colisão Traseira;1;;;1;;;;;;;2;0;0;0;0
12/02/2015;08:44:00;54;sem vítima;297,5;BR-101/RJ;Norte;Colisão Traseira;1;;1;;;;;;;;2;0;0;0;0
12/02/2015;08:57:00;56;sem vítima;297,5;BR-101/RJ;Norte;Colisão Traseira;;;1;;;;;;;1;4;0;0;0;0
13/02/2015;15:23:00;149;sem vítima;297;BR-101/RJ;Norte;Colisão Lateral;1;;1;;;;;;;;2;0;0;0;0
13/02/2015;08:28:00;62;com vítima;297,769;BR-101/RJ;Sul;Atropelamento - Morador;;;;;;1;;;;;1;0;1;0;0
15/02/2015;11:06:00;71;sem vítima;297;BR-101/RJ;Norte;Colisão Lateral;1;;1;;;;;;;;2;0;0;0;0
09/03/2015;14:37:00;117;sem vítima;297;BR-101/RJ;Norte;Colisão Lateral;;;;;1;;;;;1;2;0;0;0;0
12/03/2015;16:19:00;127;sem vítima;297;BR-101/RJ;Sul;Colisão Traseira;1;;;;;;;;;1;3;0;0;0;0
15/03/2015;04:00:00;7;com vítima;297;BR-101/RJ;Sul;Capotamento;1;;;;;;;;;;1;0;2;1;0
18/03/2015;21:35:00;188;sem vítima;297;BR-101/RJ;Norte;Colisão Traseira;2;;;;;;;;;;2;0;0;0;0
21/03/2015;09:23:00;57;sem vítima;297;BR-101/RJ;Norte;Colisão Lateral;2;;;;;;;;;;6;0;0;0;0
21/03/2015;12:09:00;88;sem vítima;297;BR-101/RJ;Sul;Colisão Traseira;2;;;;;;;;;;7;0;0;0;0
25/03/2015;19:16:00;159;com vítima;297;BR-101/RJ;Norte;Atropelamento - Usuário;1;;;;;;;;;;2;1;0;0;0
31/03/2015;21:58:00;211;com vítima;297;BR-101/RJ;Sul;Colisão Traseira;2;;;;;;;;;;4;0;1;0;0
31/03/2015;10:15:00;99;sem vítima;297;BR-101/RJ;Norte;Outros - Sequência;;;2;;;1;;;;;3;0;0;0;0
31/03/2015;13:44:00;140;sem vítima;297,3;BR-101/RJ;Sul;Colisão Lateral;1;;1;;;;;;;;2;0;0;0;0
02/04/2015;07:44:00;48;com vítima;297;BR-101/RJ;Sul;Colisão Lateral;2;;;;;;;;;;3;1;;;
02/04/2015;22:10:00;234;sem vítima;297;BR-101/RJ;Norte;Colisão Transversal;;;1;;1;;;;;;2;;;;
06/04/2015;16:05:00;149;com vítima;297;BR-101/RJ;Sul;Queda de Moto;;;;1;;;;;;;0;1;;;
06/04/2015;11:20:00;106;com vítima;297,177;BR-101/RJ;Sul;Colisão Lateral;1;;;1;;;;;;;3;2;;;
10/04/2015;19:36:00;209;sem vítima;297;BR-101/RJ;Norte;Engavetamento;3;;;;;;;;;;3;;;;
12/04/2015;17:42:00;128;com vítima;297;BR-101/RJ;Norte;Capotamento;1;;;;;;;;;;1;;1;;
13/04/2015;18:08:00;164;sem vítima;297;BR-101/RJ;Norte;Colisão Traseira;1;;;;1;;;;;;3;;;;
14/04/2015;23:09:00;186;com vítima;297;BR-101/RJ;Norte;Choque - Arvore;1;;;;;;;;;;0;;1;;
16/04/2015;11:57:00;105;com vítima;297;BR-101/RJ;Norte;Outros - Sequência;1;;;1;;;;;;;1;;;1;
28/04/2015;18:55:00;169;sem vítima;297;BR-101/RJ;Sul;Colisão Lateral;1;;1;;;;;;;;3;;;;
03/05/2015;19:05:00;149;sem vítima;297;BR-101/RJ;Sul;Colisão Traseira;2;;;;;;;;;;4;;;;
05/05/2015;18:19:00;156;sem vítima;297;BR-101/RJ;Sul;Colisão Lateral;1;;1;;;;;;;;4;;;;
08/05/2015;16:35:00;162;sem vítima;297;BR-101/RJ;Norte;Colisão Lateral;1;;1;;;;;;;;2;;;;
10/05/2015;05:03:00;22;com vítima;297,701;BR-101/RJ;Norte;Colisão Traseira;2;;;;;;;;;;1;5;;;
11/05/2015;18:23:00;178;sem vítima;297;BR-101/RJ;Norte;Colisão Traseira;1;;;;;1;;;;;2;;;;
13/05/2015;08:45:00;53;com vítima;297,6;BR-101/RJ;Sul;Atropelamento de Animal;;;;1;;;;;;;0;1;;;
15/05/2015;18:15:00;163;sem vítima;297;BR-101/RJ;Sul;Colisão Lateral;1;;1;;;;;;;;3;;;;
15/05/2015;18:52:00;168;sem vítima;297;BR-101/RJ;Norte;Colisão Lateral;1;;1;;;;;;;;3;;;;
17/05/2015;22:42:00;135;com vítima;297,7;BR-101/RJ;Sul;Choque - Defensa, barreira ou "submarino";1;;;;;;;;;;0;;;;1
20/05/2015;13:24:00;120;sem vítima;297;BR-101/RJ;Norte;Engavetamento;3;;;;;;;;;;6;;;;
22/05/2015;09:13:00;86;sem vítima;297;BR-101/RJ;Sul;Colisão Traseira;1;;;;;;;;;1;14;;;;
22/05/2015;14:05:00;134;sem vítima;297,2;BR-101/RJ;Sul;Engavetamento;3;;;;;;;;;;8;;;;
23/05/2015;08:02:00;39;com vítima;297;BR-101/RJ;Norte;Atropelamento - Morador;1;;;;;;;;;;1;1;;;
23/05/2015;09:30:00;62;sem vítima;297;BR-101/RJ;Sul;Choque - Defensa, barreira ou "submarino";;;;;;;;;;1;1;;;;
27/05/2015;18:35:00;145;sem vítima;297;BR-101/RJ;Norte;Colisão Lateral;1;;1;;;;;;;;2;;;;
27/05/2015;23:37:00;177;sem vítima;297;BR-101/RJ;Sul;Choque - Defensa, barreira ou "submarino";1;;;;;;;;;;2;;;;
29/05/2015;17:41:00;138;sem vítima;297;BR-101/RJ;Norte;Colisão Lateral;1;;1;;;;;;;;2;;;;
29/05/2015;18:39:00;144;com vítima;297;BR-101/RJ;Sul;Engavetamento;2;;;;;;;;;1;5;1;;;
29/05/2015;19:00:00;148;sem vítima;297;BR-101/RJ;Sul;Colisão Traseira;1;;1;;;;;;;;2;;;;
30/05/2015;09:08:00;77;sem vítima;297,6;BR-101/RJ;Sul;Choque - Defensa, barreira ou "submarino";1;;;;;;;;;;1;;;;
01/06/2015;04:49:00;11;sem vítima;297;BR-101/RJ;Sul;Outros;1;;;;;;;;;;1;;;;
06/06/2015;03:28:00;17;sem vítima;297,6;BR-101/RJ;Sul;Saida de Pista;;;;;;;;;;1;2;;;;
11/06/2015;20:52:00;205;sem vítima;297;BR-101/RJ;Norte;Colisão Lateral;1;;;1;;;;;;;3;;;;
15/06/2015;16:42:00;157;com vítima;297;BR-101/RJ;Sul;Queda de Moto;;;;1;;;;;;;0;1;;;
21/06/2015;03:06:00;12;com vítima;297;BR-101/RJ;Norte;Capotamento;1;;;;;;;;;;0;2;;;
24/06/2015;18:56:00;168;com vítima;297,5;BR-101/RJ;Sul;Choque - Defensa, barreira ou "submarino";1;;;;;;;;;;2;1;;;
24/06/2015;05:57:00;19;sem vítima;297,869;BR-101/RJ;Norte;Choque - Defensa, barreira ou "submarino";1;;;;;;;;;;1;;;;
26/06/2015;02:33:00;13;com vítima;297,916;BR-101/RJ;Sul;Choque - Suporte de Sinalização;1;;;;;;;;;;0;1;;;
29/06/2015;06:12:00;31;com vítima;297;BR-101/RJ;Sul;Queda de Moto;;;;1;;;;;;;0;1;;;
29/06/2015;13:29:00;150;sem vítima;297;BR-101/RJ;Norte;Colisão Lateral;1;;1;;;;;;;;3;;;;
30/06/2015;13:31:00;144;sem vítima;297;BR-101/RJ;Sul;Choque - Defensa, barreira ou "submarino";1;;;;;;;;;;1;;;;
02/07/2015;15:57:00;148;sem vítima;297;BR-101/RJ;Norte;Colisão Lateral;1;;1;;;;;;;;2;;;;
12/07/2015;12:02:00;74;com vítima;297,72;BR-101/RJ;Norte;Colisão Traseira;1;;;1;;;;;;;2;2;;;
17/07/2015;19:16:00;204;sem vítima;297;BR-101/RJ;Norte;Colisão Lateral;1;;1;;;;;;;;2;;;;
19/07/2015;04:44:00;26;com vítima;297,685;BR-101/RJ;Sul;Capotamento;1;;;;;;;;;;0;3;1;;
21/07/2015;12:44:00;115;sem vítima;297,75;BR-101/RJ;Sul;Colisão Lateral;;;2;;;;;;;;2;;;;
23/07/2015;13:47:00;133;sem vítima;297;BR-101/RJ;Norte;Colisão Lateral;1;;1;;;;;;;;2;;;;
30/07/2015;18:48:00;169;com vítima;297;BR-101/RJ;Norte;Colisão Lateral;2;;;1;;;;;;;2;1;;;
06/08/2015;06:49:00;26;sem vítima;297;BR-101/RJ;Sul;Colisão Traseira;2;;;;;;;;;;2;;;;
06/08/2015;22:07:00;198;sem vítima;297;BR-101/RJ;Sul;Colisão Traseira;1;;;1;;;;;;;2;;;;
06/08/2015;06:33:00;24;sem vítima;297,87;BR-101/RJ;Sul;Choque - Defensa, barreira ou "submarino";;;1;;;;;;;;3;;;;
22/08/2015;11:12:00;92;sem vítima;297;BR-101/RJ;Sul;Colisão Lateral;;;;1;2;;;;;;4;;;;
05/09/2015;06:00:00;37;sem vítima;297,588;BR-101/RJ;Sul;Colisão Lateral;1;;;;;;;;;1;3;;;;
05/09/2015;16:40:00;153;sem vítima;297,6;BR-101/RJ;Norte;Colisão Transversal;1;;1;;;;;;;;2;;;;
09/09/2015;17:50:00;177;sem vítima;297;BR-101/RJ;Norte;Colisão Lateral;2;;;;;;;;;;4;;;;
14/09/2015;17:51:00;201;sem vítima;297;BR-101/RJ;Norte;Colisão Lateral;1;;1;;;;;;;;2;;;;
18/09/2015;16:50:00;234;sem vítima;297;BR-101/RJ;Norte;Colisão Traseira;2;;;;;;;;;;6;;;;
18/09/2015;18:01:00;252;sem vítima;297;BR-101/RJ;Norte;Colisão Traseira;1;;;;;1;;;;;2;;;;
18/09/2015;11:48:00;147;sem vítima;297,75;BR-101/RJ;Sul;Colisão Traseira;1;;1;;;;;;;;3;;;;
20/09/2015;02:05:00;14;com vítima;297,733;BR-101/RJ;Norte;Colisão Traseira;1;;1;;;;;;;;1;;;3;
22/09/2015;09:10:00;66;sem vítima;297;BR-101/RJ;Norte;Colisão Lateral;1;;1;;;;;;;;3;;;;
27/09/2015;22:14:00;171;sem vítima;297;BR-101/RJ;Norte;Colisão Traseira;1;;;1;;;;;;;5;;;;
05/10/2015;06:56:00;38;com vítima;297;BR-101/RJ;Sul;Colisão Traseira;1;;1;;;;;;;;1;1;;;
05/10/2015;08:57:00;70;sem vítima;297,3;BR-101/RJ;Sul;Colisão Traseira;;;2;;;;;;;;2;;;;
10/10/2015;12:18:00;130;sem vítima;297,705;BR-101/RJ;Norte;Colisão Lateral;1;;1;;;;;;;;3;;;;
11/10/2015;19:35:00;146;sem vítima;297,5;BR-101/RJ;Norte;Colisão Traseira;1;;;;;;;;;1;10;;;;
12/10/2015;17:23:00;137;sem vítima;297;BR-101/RJ;Sul;Colisão Traseira;2;;;;;;;;;;2;;;;
13/10/2015;17:38:00;189;sem vítima;297;BR-101/RJ;Norte;Colisão Traseira;1;;1;;;;;;;;3;;;;
13/10/2015;08:59:00;76;sem vítima;297,566;BR-101/RJ;Sul;Engavetamento;1;;1;;;1;;;;;4;;;;
13/10/2015;12:54:00;127;sem vítima;297,571;BR-101/RJ;Norte;Colisão Lateral;1;;1;;;;;;;;8;;;;
14/10/2015;10:15:00;89;com vítima;297;BR-101/RJ;Sul;Colisão Lateral;;;;1;;;;;;1;2;1;;;
16/10/2015;18:06:00;225;sem vítima;297;BR-101/RJ;Sul;Engavetamento;4;;;;;;;;;;10;;;;
17/10/2015;08:39:00;58;com vítima;297,565;BR-101/RJ;Norte;Colisão Lateral;2;;;;;;;;;;3;2;;;
17/10/2015;09:34:00;66;sem vítima;297,889;BR-101/RJ;Norte;Colisão Lateral;1;;1;;;;;;;;2;;;;
19/10/2015;13:41:00;91;com vítima;297;BR-101/RJ;Norte;Colisão Lateral;;;1;1;;;;;;;3;1;;;
22/10/2015;12:22:00;97;sem vítima;297,741;BR-101/RJ;Norte;Colisão Transversal;1;;1;;;;;;;;2;;;;
23/10/2015;08:47:00;58;sem vítima;297,344;BR-101/RJ;Sul;Colisão Traseira;1;;;;;;;;;1;2;;;;
28/10/2015;01:17:00;11;sem vítima;297;BR-101/RJ;Norte;Colisão Lateral;1;;;;;1;;;;;2;;;;
30/10/2015;03:13:00;8;com vítima;297;BR-101/RJ;Sul;Capotamento;1;;;;;;;;;;0;3;;;
13/11/2015;15:36:00;155;sem vítima;297;BR-101/RJ;Norte;Colisão Lateral;1;;1;;;;;;;;2;;;;
13/11/2015;15:41:00;157;sem vítima;297;BR-101/RJ;Norte;Colisão Traseira;1;;1;;;;;;;;3;;;;
13/11/2015;16:43:00;167;sem vítima;297;BR-101/RJ;Norte;Colisão Lateral;2;;;1;;;;;;;5;;;;
13/11/2015;11:30:00;111;com vítima;297,338;BR-101/RJ;Sul;Colisão Transversal;;;1;1;;;;;;;1;1;;;1
14/11/2015;08:27:00;52;com vítima;297,82;BR-101/RJ;Norte;Choque - Defensa, barreira ou "submarino";;1;;;;;;;;;0;2;;;
15/11/2015;00:52:00;6;sem vítima;297,915;BR-101/RJ;Sul;Choque - Defensa, barreira ou "submarino";1;;;;;;;;;;1;;;;
20/11/2015;06:58:00;44;sem vítima;297;BR-101/RJ;Norte;Colisão Traseira;1;;;1;;;;;;;5;;;;
22/11/2015;14:47:00;113;sem vítima;297;BR-101/RJ;Norte;Colisão Traseira;1;;;;;;;;;1;3;;;;
23/11/2015;04:03:00;28;com vítima;297;BR-101/RJ;Norte;Colisão Traseira;;;;1;1;;;;;;1;;;2;
23/11/2015;13:44:00;122;sem vítima;297;BR-101/RJ;Sul;Colisão Traseira;2;;;;;;;;;;4;;;;
27/11/2015;14:09:00;151;com vítima;297;BR-101/RJ;Sul;Colisão Lateral;;;1;;;;;;;1;1;1;;;
07/12/2015;08:17:00;59;com vítima;297,269;BR-101/RJ;Sul;Colisão Traseira;;;2;;;;;;;;3;;3;;
08/12/2015;11:30:00;140;sem vítima;297,77;BR-101/RJ;Norte;Colisão Traseira;1;;;;;;;;;1;4;;;;
10/12/2015;14:11:00;163;com vítima;297;BR-101/RJ;Sul;Colisão Lateral;2;;;;;;;;;;0;4;;;
10/12/2015;11:14:00;125;com vítima;297,824;BR-101/RJ;Sul;Engavetamento;2;;;;;1;;;;;5;1;;;
15/12/2015;07:17:00;44;sem vítima;297;BR-101/RJ;Sul;Engavetamento;3;;;;;;;;;;4;;;;
16/12/2015;15:25:00;173;com vítima;297;BR-101/RJ;Norte;Colisão Traseira;1;;1;;;;;;;;1;2;;;
17/12/2015;11:39:00;139;sem vítima;297,555;BR-101/RJ;Norte;Engavetamento;1;;;;;2;;;;;4;;;;
17/12/2015;23:25:00;270;com vítima;297,77;BR-101/RJ;Norte;Colisão Lateral;1;;;1;;;;;;;1;1;;;
18/12/2015;01:15:00;12;sem vítima;297,77;BR-101/RJ;Norte;Colisão Traseira;1;;1;;;;;;;;2;;;;
19/12/2015;03:40:00;27;com vítima;297,569;BR-101/RJ;Sul;Engavetamento;2;;1;;;;;;;;3;2;;;
19/12/2015;12:14:00;165;sem vítima;297,83;BR-101/RJ;Norte;Colisão Lateral;1;;1;;;;;;;;4;;;;
20/12/2015;16:15:00;137;sem vítima;297;BR-101/RJ;Norte;Colisão Lateral;2;;;;;;;;;;6;;;;
20/12/2015;07:55:00;45;sem vítima;297,374;BR-101/RJ;Sul;Colisão Traseira;1;;;;1;;;;;;3;;;;
21/12/2015;04:49:00;19;sem vítima;297;BR-101/RJ;Sul;Choque - Elemento de Drenagem;;;1;;;;;;;;1;;;;
21/12/2015;11:51:00;108;sem vítima;297;BR-101/RJ;Norte;Colisão Lateral;1;;1;;;;;;;;2;;;;
22/12/2015;16:46:00;187;sem vítima;297;BR-101/RJ;Sul;Colisão Lateral;1;;1;;;;;;;;4;;;;
23/12/2015;10:56:00;106;sem vítima;297;BR-101/RJ;Norte;Colisão Lateral;1;;1;;;;;;;;3;;;;
23/12/2015;19:51:00;238;sem vítima;297;BR-101/RJ;Norte;Colisão Lateral;1;;1;;;;;;;;2;;;;
24/12/2015;19:09:00;215;com vítima;297;BR-101/RJ;Norte;Colisão Traseira;1;;;1;;;;;;;3;1;;;
28/12/2015;17:17:00;181;sem vítima;297;BR-101/RJ;Sul;Colisão Traseira;1;;;;1;;;;;;2;;;;
28/12/2015;05:59:00;37;com vítima;297,6;BR-101/RJ;Sul;Colisão Traseira;;;;1;;1;;;;;1;1;;;
29/12/2015;07:37:00;43;sem vítima;297;BR-101/RJ;Sul;Colisão Lateral;1;;;;1;;;;;;2;;;;
29/12/2015;11:03:00;99;sem vítima;297;BR-101/RJ;Norte;Colisão Lateral;1;;1;;;;;;;;2;;;;
29/12/2015;18:09:00;184;sem vítima;297;BR-101/RJ;Norte;Engavetamento;2;;1;;;;;;;;10;;;;
31/12/2015;02:24:00;25;sem vítima;297;BR-101/RJ;Norte;Colisão Lateral;1;;1;;;;;;;;2;;;;
10/01/2010;06:48:00;29;sem vítima;298;BR-101/RJ;Norte;Colisão Traseira;;;1;;;;;;;;3;;;;
15/01/2010;16:16:00;138;sem vítima;298;BR-101/RJ;Sul;Colisão Traseira;1;;1;;;;;;;;3;;;;
15/01/2010;16:31:00;142;sem vítima;298;BR-101/RJ;Sul;Colisão Traseira;;;2;;;;;;;;2;;;;
18/01/2010;11:37:00;83;sem vítima;298;BR-101/RJ;Sul;Colisão Lateral;1;;1;;;;;;;;3;;;;
23/01/2010;12:34:00;92;sem vítima;298;BR-101/RJ;Norte;Colisão Lateral;1;;1;;;;;;;;3;;;;
25/01/2010;16:20:00;147;sem vítima;298;BR-101/RJ;Sul;Submersão;;;1;;;1;;;;;2;;;;
30/01/2010;17:41:00;172;sem vítima;298;BR-101/RJ;Norte;Colisão Lateral;1;;1;;;;;;;;6;;;;
30/01/2010;20:33:00;201;sem vítima;298;BR-101/RJ;Sul;Colisão Traseira;2;;;;;;;;;;3;;;;
03/02/2010;11:52:00;91;sem vítima;298;BR-101/RJ;Sul;Colisão Traseira;2;;;;;;;;;;3;;;;
09/02/2010;06:11:00;33;sem vítima;298;BR-101/RJ;Sul;Colisão Lateral;1;;;;;;;;;1;16;;;;
12/02/2010;12:40:00;129;sem vítima;298;BR-101/RJ;Norte;Engavetamento;;;1;;;;;;;2;4;;;;
13/02/2010;11:21:00;213;sem vítima;298;BR-101/RJ;Norte;Colisão Traseira;2;;;;;;;;;;7;;;;
13/02/2010;14:13:00;281;com vítima;298;BR-101/RJ;Norte;Queda de Moto;;;;1;;;;;;;1;1;;;
13/02/2010;08:27:00;141;sem vítima;298,70001220703125;BR-101/RJ;Norte;Colisão Lateral;1;;;1;;;;;;;2;;;;
14/02/2010;09:21:00;91;sem vítima;298;BR-101/RJ;Norte;Colisão Traseira;2;;;;;;;;;;7;;;;
25/02/2010;14:36:00;106;sem vítima;298;BR-101/RJ;Sul;Saida de Pista;1;;;;;;;;;;1;;;;
04/03/2010;20:00:00;175;com vítima;298;BR-101/RJ;Norte;Colisão Lateral;1;;;;1;;;;;;1;1;1;;
15/03/2010;15:34:00;130;sem vítima;298;BR-101/RJ;Sul;Saida de Pista;1;;;;;;;;;;1;;;;
23/03/2010;10:01:00;58;sem vítima;298;BR-101/RJ;Norte;Colisão Traseira;1;;;;;;;;;1;3;;;;
25/03/2010;10:59:00;76;sem vítima;298;BR-101/RJ;Norte;Colisão Traseira;1;;1;;;;;;;;3;;;;
27/03/2010;02:09:00;11;sem vítima;298;BR-101/RJ;Norte;Saida de Pista;1;;;;;;;;;;1;;;;
29/03/2010;23:29:00;190;sem vítima;298;BR-101/RJ;Norte;Saida de Pista;;;1;;;;;;;;1;;;;
30/03/2010;17:08:00;155;sem vítima;298;BR-101/RJ;Norte;Colisão Traseira;;;1;;;1;;;;1;9;;;;
08/04/2010;10:10:00;68;sem vítima;298;BR-101/RJ;Sul;Colisão Traseira;3;;;;;;;;;;6;;;;
11/04/2010;18:44:00;134;com vítima;298;BR-101/RJ;Norte;Atropelamento - Usuário;;;;1;;;;;;;0;;2;1;
24/04/2010;07:34:00;28;com vítima;298;BR-101/RJ;Norte;Colisão Traseira;2;;;;;;;;;;1;1;;;
10/05/2010;10:01:00;79;sem vítima;298;BR-101/RJ;Norte;Colisão Lateral;1;;1;;;;;;;;2;;;;
21/05/2010;19:09:00;143;sem vítima;298;BR-101/RJ;Sul;Colisão Lateral;;;1;1;;;;;;;3;;;;
22/05/2010;04:01:00;18;sem vítima;298;BR-101/RJ;Sul;Colisão Traseira;1;;1;;;;;;;;2;;;;
22/05/2010;20:08:00;147;sem vítima;298;BR-101/RJ;Norte;Colisão Lateral;2;;;;;;;;;1;3;;;;
23/05/2010;16:50:00;113;sem vítima;298;BR-101/RJ;Sul;Saida de Pista;1;;;;;;;;;;1;;;;
26/05/2010;16:35:00;117;sem vítima;298;BR-101/RJ;Sul;Tombamento;;;1;;;;;;;;1;;;;
28/05/2010;18:05:00;155;sem vítima;298;BR-101/RJ;Norte;Colisão Traseira;2;;;;;;;;;;2;;;;
29/05/2010;19:00:00;151;sem vítima;298;BR-101/RJ;Sul;Saida de Pista;1;;;;;;;;;;1;;;;
31/05/2010;09:21:00;65;sem vítima;298;BR-101/RJ;Norte;Colisão Lateral;1;;1;;;;;;;;2;;;;
03/06/2010;13:33:00;103;sem vítima;298;BR-101/RJ;Sul;Colisão Lateral;1;;1;;;;;;;;2;;;;
16/06/2010;00:56:00;3;sem vítima;298;BR-101/RJ;Norte;Choque - Defensa, barreira ou "submarino";1;;;;;;;;;;2;;;;
19/06/2010;12:17:00;80;sem vítima;298;BR-101/RJ;Sul;Colisão Traseira;1;;1;;;;;;;;2;;;;
19/06/2010;18:44:00;162;sem vítima;298;BR-101/RJ;Sul;Colisão Lateral;1;;1;;;;;;;;6;;;;
21/06/2010;17:34:00;133;com vítima;298;BR-101/RJ;Sul;Colisão Lateral;1;1;;1;;;;;;;1;1;2;;
02/07/2010;19:36:00;151;sem vítima;298;BR-101/RJ;Sul;Colisão Lateral;;;1;;1;;;;;;2;;;;
04/07/2010;04:56:00;16;sem vítima;298;BR-101/RJ;Sul;Saida de Pista;1;;;;;;;;;;2;;;;
04/07/2010;20:38:00;158;sem vítima;298;BR-101/RJ;Sul;Colisão Lateral;1;;1;;;;;;;;2;;;;
05/07/2010;16:09:00;130;sem vítima;298;BR-101/RJ;Norte;Colisão Traseira;2;;;;;;;;;;3;;;;
09/07/2010;08:26:00;44;sem vítima;298;BR-101/RJ;Norte;Colisão Lateral;1;;1;;;;;;;;2;;;;
20/07/2010;10:47:00;80;com vítima;298;BR-101/RJ;Sul;Colisão Traseira;;;1;;1;;;;;;12;6;3;;
31/07/2010;05:59:00;35;sem vítima;298;BR-101/RJ;Sul;Saida de Pista;1;;;;;;;;;;2;;;;
07/08/2010;06:22:00;35;sem vítima;298;BR-101/RJ;Norte;Colisão Lateral;1;;1;;;;;;;;3;;;;
08/08/2010;15:01:00;108;com vítima;298;BR-101/RJ;Norte;Colisão Lateral;2;;;1;;;;;;;5;;2;;
21/08/2010;21:21:00;166;sem vítima;298;BR-101/RJ;Sul;Colisão Traseira;1;;;;1;;;;;;3;;;;
21/08/2010;21:46:00;170;sem vítima;298;BR-101/RJ;Sul;Colisão Lateral;2;;;;;;;;;;2;;;;
29/08/2010;23:15:00;158;com vítima;298;BR-101/RJ;Norte;Saida de Pista;1;;;;;;;;;;0;;1;;
11/09/2010;04:59:00;26;sem vítima;298;BR-101/RJ;Sul;Saida de Pista;1;;;;;;;;;;1;;;;
17/09/2010;19:27:00;175;sem vítima;298;BR-101/RJ;Sul;Colisão Lateral;;;1;;1;;;;;;2;;;;
20/09/2010;16:55:00;136;sem vítima;298;BR-101/RJ;Norte;Colisão Traseira;2;;;;;;;;;;2;;;;
03/10/2010;06:51:00;24;sem vítima;298;BR-101/RJ;Norte;Colisão Lateral;1;;;;;1;;;;;2;;;;
04/10/2010;12:03:00;70;sem vítima;298;BR-101/RJ;Norte;Colisão Lateral;1;;1;;;;;;;;2;;;;
06/10/2010;13:57:00;96;sem vítima;298;BR-101/RJ;Norte;Colisão Traseira;2;;1;;;;;;;;3;;;;
13/10/2010;17:31:00;156;sem vítima;298;BR-101/RJ;Sul;Saida de Pista;1;;;;;;;;;;1;;;;
23/10/2010;07:20:00;44;com vítima;298;BR-101/RJ;Norte;Colisão Traseira;1;;;;;;;;;1;3;1;1;1;
31/10/2010;15:43:00;114;sem vítima;298;BR-101/RJ;Sul;Colisão Traseira;2;;;;;;;;;;2;;;;
04/11/2010;08:23:00;45;sem vítima;298;BR-101/RJ;Sul;Colisão Traseira;;;1;;1;;;;;;3;;;;