data;horario;n_da_ocorrencia;tipo_de_ocorrencia;km;trecho;sentido;tipo_de_acidente;automovel;bicicleta;caminhao;moto;onibus;outros;tracao_animal;transporte_de_cargas_especiais;trator_maquinas;utilitarios;ilesos;levemente_feridos;moderadamente_feridos;gravemente_feridos;mortos
10/11/2010;17:14:00;124;sem vítima;298;BR-101/RJ;Norte;Colisão Lateral;1;;1;;;;;;;;3;;;;
12/11/2010;17:19:00;151;sem vítima;298;BR-101/RJ;Norte;Colisão Lateral;;;1;;;1;;;;;2;;;;
15/11/2010;09:38:00;42;com vítima;298;BR-101/RJ;Norte;Choque - Outros;;;;;1;;;;;;1;1;;;
17/11/2010;09:48:00;74;sem vítima;298;BR-101/RJ;Sul;Colisão Lateral;2;;;;;;;;;;3;;;;
30/11/2010;18:51:00;161;sem vítima;298;BR-101/RJ;Norte;Colisão Lateral;;;1;;;1;;;;;2;;;;
01/12/2010;22:43:00;212;sem vítima;298;BR-101/RJ;Sul;Colisão Traseira;1;;;;;1;;;;;2;;;;
07/12/2010;09:28:00;73;com vítima;298;BR-101/RJ;Norte;Colisão Lateral;2;;;1;;;;;;;2;;1;;
11/12/2010;06:36:00;33;sem vítima;298;BR-101/RJ;Sul;Choque - Outros;1;;;;;;;;;;1;;;;
15/12/2010;08:34:00;54;sem vítima;298;BR-101/RJ;Norte;Colisão Lateral;1;;1;;;;;;;;2;;;;
19/12/2010;03:22:00;30;sem vítima;298;BR-101/RJ;Sul;Choque - Defensa, barreira ou "submarino";1;;;;;;;;;;1;;;;
20/12/2010;14:07:00;103;sem vítima;298;BR-101/RJ;Norte;Colisão Traseira;2;;;;;;;;;;7;;;;
22/12/2010;07:24:00;39;sem vítima;298;BR-101/RJ;Norte;Colisão Traseira;2;;;;;;;;;;3;;;;
23/12/2010;20:18:00;239;sem vítima;298;BR-101/RJ;Norte;Saida de Pista;1;;;;;;;;;;5;;;;
28/12/2010;14:22:00;101;sem vítima;298;BR-101/RJ;Norte;Colisão Lateral;;;;1;;1;;;;;2;;;;
08/01/2011;14:23:00;169;sem vítima;298;BR-101/RJ;Norte;Saida de Pista;1;;;;;;;;;1;2;;;;
11/01/2011;07:29:00;41;sem vítima;298;BR-101/RJ;Sul;Colisão Traseira;1;;1;;;;;;;;5;;;;
28/01/2011;11:51:00;123;sem vítima;298;BR-101/RJ;Norte;Saida de Pista;;;1;;;;;;;;2;;;;
05/02/2011;13:57:00;129;sem vítima;298;BR-101/RJ;Sul;Colisão Traseira;2;;;;;;;;;;6;;;;
10/02/2011;09:58:00;82;sem vítima;298;BR-101/RJ;Norte;Colisão Lateral;1;;1;;;;;;;;2;;;;
18/02/2011;14:54:00;110;com vítima;298;BR-101/RJ;Sul;Queda de Moto;;;;1;;;;;;;0;1;;;
19/02/2011;17:25:00;139;sem vítima;298;BR-101/RJ;Sul;Saida de Pista;;;;;;;;;;1;1;;;;
22/03/2011;14:22:00;91;com vítima;289,20001220703125;BR-101/RJ;Norte;Saida de Pista;1;;;;;;;;;;0;1;1;;
22/03/2011;15:02:00;95;sem vítima;209;BR-101/RJ;Norte;Saida de Pista;;;1;;;;;;;;2;;;;
22/03/2011;15:54:00;101;sem vítima;320;BR-101/RJ;Norte;Colisão Lateral;1;;;;1;;;;;;2;;;;
22/03/2011;16:29:00;104;sem vítima;320;BR-101/RJ;Norte;Colisão Lateral;2;;;;;;;;;;5;;;;
22/03/2011;15:02:00;110;sem vítima;209;BR-101/RJ;Sul;Colisão Traseira;1;;;;;;;;;1;2;;;;
23/03/2011;00:09:00;1;sem vítima;187;BR-101/RJ;Sul;Tombamento;;;1;;;;;;;;1;;;;
06/05/2011;20:46:00;207;sem vítima;298;BR-101/RJ;Sul;Colisão Traseira;2;;;;;;;;;;4;;;;
17/05/2011;02:46:00;6;sem vítima;298;BR-101/RJ;Sul;Capotamento;1;;;;;;;;;;4;;;;
21/05/2011;00:24:00;4;sem vítima;298;BR-101/RJ;Sul;Colisão Traseira;2;;;;1;;;;;;4;;;;
01/06/2011;11:49:00;75;sem vítima;298;BR-101/RJ;Norte;Colisão Lateral;1;;1;;;;;;;;4;;;;
02/06/2011;09:45:00;53;sem vítima;298;BR-101/RJ;Norte;Colisão Traseira;;;1;;1;;;;;1;5;;;;
02/06/2011;14:44:00;103;sem vítima;298;BR-101/RJ;Sul;Saida de Pista;;;1;;;;;;;;1;;;;
06/06/2011;06:41:00;24;com vítima;298;BR-101/RJ;Norte;Colisão Traseira;1;;1;1;;1;;;;;2;;1;1;
08/06/2011;08:36:00;48;com vítima;298;BR-101/RJ;Sul;Saida de Pista;1;;;;;;;;;;0;;1;;
09/06/2011;22:09:00;187;sem vítima;298;BR-101/RJ;Sul;Saida de Pista;1;;;;;;;;;;1;;;;
14/06/2011;21:37:00;150;sem vítima;298;BR-101/RJ;Norte;Colisão Traseira;1;;;;;;;;;1;3;;;;
17/06/2011;13:26:00;108;sem vítima;298;BR-101/RJ;Norte;Colisão Lateral;1;;1;;;;;;;;2;;;;
03/08/2011;11:21:00;61;sem vítima;298;BR-101/RJ;Norte;Colisão Lateral;1;;1;;;;;;;;3;;;;
31/08/2011;21:00:00;160;com vítima;298;BR-101/RJ;Norte;Colisão Traseira;2;;;;;;;;;;2;;1;;
05/09/2011;15:12:00;109;sem vítima;298;BR-101/RJ;Sul;Saida de Pista;1;;;;;;;;;;2;;;;
07/09/2011;05:26:00;21;com vítima;298,8999938964844;BR-101/RJ;Norte;Capotamento;1;;;;;;;;;;1;;;3;
13/09/2011;05:43:00;11;com vítima;298,8999938964844;BR-101/RJ;Norte;Capotamento;1;;;;;;;;;;1;;1;;
08/10/2011;12:42:00;111;sem vítima;298;BR-101/RJ;Norte;Colisão Traseira;2;;;;;;;;;;2;;;;
26/10/2011;10:26:00;62;sem vítima;298;BR-101/RJ;Norte;Colisão Traseira;1;;1;;;;;;;;2;;;;
10/11/2011;17:09:00;143;sem vítima;298;BR-101/RJ;Norte;Colisão Traseira;1;;;;1;;;;;;2;;;;
14/11/2011;09:14:00;41;sem vítima;298;BR-101/RJ;Sul;Colisão Traseira;2;;;;;;;;;;11;;;;
27/11/2011;09:06:00;48;sem vítima;298;BR-101/RJ;Sul;Saida de Pista;;;;;;;;;;1;1;;;;
29/11/2011;20:34:00;181;sem vítima;298;BR-101/RJ;Norte;Colisão Lateral;1;;1;;;;;;;;3;;;;
04/12/2011;21:39:00;162;com vítima;298;BR-101/RJ;Sul;Saida de Pista;1;;;;;;;;;;1;;1;;
10/12/2011;07:25:00;48;sem vítima;298,79998779296875;BR-101/RJ;Sul;Engavetamento;2;;;1;;;;;;;3;;;;
16/12/2011;10:50:00;92;sem vítima;298;BR-101/RJ;Norte;Colisão Traseira;1;;1;;;;;;;;2;;;;
28/12/2011;16:41:00;158;sem vítima;298;BR-101/RJ;Norte;Colisão Traseira;1;;1;;;;;;;;2;;;;
04/01/2012;10:13:00;63;com vítima;298;BR-101/RJ;Norte;Colisão Lateral;;;;1;;;;;;;0;1;;;
27/01/2012;22:35:00;186;sem vítima;298;BR-101/RJ;Norte;Saida de Pista;1;;;;;;;;;;1;;;;
29/01/2012;07:33:00;28;sem vítima;298;BR-101/RJ;Norte;Saida de Pista;1;;;;;;;;;;2;;;;
15/02/2012;08:47:00;49;sem vítima;298;BR-101/RJ;Sul;Colisão Traseira;1;;1;;;;;;;;2;;;;
16/02/2012;18:42:00;185;com vítima;298;BR-101/RJ;Norte;Atropelamento - Ambulante;;;;1;;1;;;;;1;1;;;
07/03/2012;19:01:00;148;sem vítima;298;BR-101/RJ;Norte;Colisão Lateral;1;;1;;;;;;;;2;;;;
09/03/2012;06:19:00;29;sem vítima;298;BR-101/RJ;Norte;Colisão Lateral;1;;1;;;;;;;;5;;;;
20/03/2012;16:04:00;96;sem vítima;298;BR-101/RJ;Norte;Colisão Traseira;2;;;;;;;;;;2;;;;
25/03/2012;00:52:00;6;sem vítima;298;BR-101/RJ;Norte;Saida de Pista;1;;;;;;;;;;1;;;;
27/03/2012;04:17:00;13;com vítima;298,5;BR-101/RJ;Norte;Capotamento;1;;;;;;;;;;0;;;;1
01/04/2012;13:10:00;80;sem vítima;298;BR-101/RJ;Norte;Saida de Pista;1;;;;;;;;;;4;;;;
01/04/2012;18:19:00;130;sem vítima;298;BR-101/RJ;Sul;Colisão Lateral;1;;1;;;;;;;;3;;;;
04/04/2012;15:34:00;126;sem vítima;298;BR-101/RJ;Norte;Engavetamento;3;;;;;;;;;;6;;;;
12/04/2012;06:50:00;26;com vítima;298;BR-101/RJ;Sul;Colisão Traseira;1;;;1;;;;;;;1;1;;;
14/04/2012;14:53:00;99;com vítima;298;BR-101/RJ;Norte;Saida de Pista;1;;;;;;;;;;0;;2;;
20/04/2012;18:52:00;153;sem vítima;298;BR-101/RJ;Norte;Queda de Moto;;;;1;;;;;;;1;;;;
01/05/2012;08:58:00;40;com vítima;298;BR-101/RJ;Sul;Saida de Pista;1;;;;;;;;;;0;1;;;
11/05/2012;01:09:00;5;com vítima;298,8;BR-101/RJ;Norte;Choque - Defensa, barreira ou "submarino";;;1;;;;;;;;0;;1;;
19/05/2012;18:48:00;141;com vítima;298,8;BR-101/RJ;Norte;Atropelamento - Sem Informação;1;;;;;;;;;;2;;;;1
07/06/2012;12:49:00;86;sem vítima;298,9;BR-101/RJ;Norte;Saida de Pista;1;;;;;;;;;;4;;;;
09/06/2012;02:09:00;5;sem vítima;298;BR-101/RJ;Norte;Saida de Pista;1;;;;;;;;;;1;;;;
09/06/2012;11:15:00;66;sem vítima;298;BR-101/RJ;Sul;Colisão Traseira;2;;;;;;;;;;8;;;;
14/06/2012;18:04:00;170;sem vítima;298;BR-101/RJ;Norte;Colisão Lateral;1;;1;;;;;;;;3;;;;
29/06/2012;10:19:00;65;sem vítima;298,4;BR-101/RJ;Sul;Capotamento;1;;;;;;;;;;1;;;;
05/07/2012;06:57:00;32;sem vítima;298;BR-101/RJ;Norte;Saida de Pista;1;;;;;;;;;;4;;;;
05/07/2012;07:20:00;38;sem vítima;298;BR-101/RJ;Sul;Colisão Traseira;2;;;;;;;;;;4;;;;
20/07/2012;07:31:00;34;sem vítima;298;BR-101/RJ;Sul;Saida de Pista;1;;;;;;;;;;2;;;;
27/07/2012;12:13:00;90;com vítima;298;BR-101/RJ;Norte;Atropelamento - Morador;1;;;;;;;;;;1;;1;;
05/08/2012;14:19:00;90;sem vítima;298,914;BR-101/RJ;Norte;Saida de Pista;1;;;;;;;;;;3;;;;
17/08/2012;19:34:00;162;sem vítima;298,5;BR-101/RJ;Norte;Colisão Lateral;1;;1;;;;;;;;2;;;;
28/08/2012;05:41:00;21;sem vítima;298;BR-101/RJ;Sul;Colisão Traseira;1;;;;;1;;;;;6;;;;
06/09/2012;08:24:00;95;sem vítima;298,965;BR-101/RJ;Norte;Colisão Traseira;2;;;;;;;;;;2;;;;
07/09/2012;13:25:00;156;com vítima;298,425;BR-101/RJ;Norte;Atropelamento - Ambulante;;;;;;1;;;;;1;1;;;
15/09/2012;23:53:00;214;sem vítima;298,295;BR-101/RJ;Sul;Choque - Defensa, barreira ou "submarino";1;;;;;;;;;;2;;;;
17/09/2012;18:17:00;182;sem vítima;298;BR-101/RJ;Norte;Engavetamento;3;;;;;;;;;;4;;;;
23/09/2012;06:34:00;24;com vítima;298;BR-101/RJ;Norte;Colisão Traseira;1;;1;;;;;;;;2;2;;;
25/09/2012;04:18:00;15;com vítima;298,913;BR-101/RJ;Norte;Atropelamento - Andarilho;1;;;;;;;;;;2;;;;1
09/10/2012;03:42:00;16;sem vítima;298;BR-101/RJ;Sul;Saida de Pista;1;;;;;;;;;;1;;;;
12/10/2012;23:34:00;233;com vítima;298,935;BR-101/RJ;Norte;Capotamento;1;;;;;;;;;;0;1;;;
13/10/2012;04:29:00;12;sem vítima;298,942;BR-101/RJ;Sul;Saida de Pista;1;;;;;;;;;;1;;;;
22/10/2012;00:04:00;2;sem vítima;298,9;BR-101/RJ;Norte;Capotamento;;;;;;;;;;1;1;;;;
23/10/2012;17:39:00;160;com vítima;298,8;BR-101/RJ;Sul;Capotamento;1;;;;;;;;;;0;;1;;
26/10/2012;16:36:00;138;sem vítima;298;BR-101/RJ;Norte;Colisão Lateral;;;2;;;;;;;;3;;;;
27/10/2012;21:45:00;209;sem vítima;298,587;BR-101/RJ;Sul;Capotamento;1;;;;;;;;;;1;;;;
24/11/2012;22:54:00;191;com vítima;298,88;BR-101/RJ;Norte;Colisão Traseira;2;;;;;;;;;;4;4;;;
01/12/2012;21:30:00;174;com vítima;298;BR-101/RJ;Norte;Colisão Traseira;;;;1;;1;;;;;1;;1;;
06/12/2012;12:36:00;117;sem vítima;298;BR-101/RJ;Norte;Colisão Traseira;1;;1;;;;;;;;2;;;;
11/12/2012;06:43:00;29;com vítima;298;BR-101/RJ;Sul;Colisão Lateral;1;;;1;;;;;;;1;1;;;
14/12/2012;17:15:00;154;sem vítima;298;BR-101/RJ;Norte;Colisão Traseira;2;;;;;;;;;;9;;;;
19/12/2012;17:25:00;142;sem vítima;298;BR-101/RJ;Norte;Colisão Traseira;2;;;;;;;;;;4;;;;
19/12/2012;17:37:00;143;sem vítima;298;BR-101/RJ;Norte;Colisão Traseira;2;;;;;1;;;;;6;;;;
26/01/2013;15:59:00;140;sem vítima;298;BR-101/RJ;Sul;Colisão Traseira;2;;;;;;;;;;2;;;;
30/01/2013;18:22:00;150;com vítima;298;BR-101/RJ;Norte;Queda de Moto;;;;1;;1;;;;;1;1;;;
02/02/2013;04:37:00;22;sem vítima;298,9;BR-101/RJ;Norte;Saida de Pista;1;;;;;;;;;;1;;;;
05/02/2013;09:49:00;63;com vítima;298,873;BR-101/RJ;Norte;Capotamento;1;;;;;;;;;;0;;1;;
19/02/2013;20:51:00;201;sem vítima;298;BR-101/RJ;Norte;Colisão Lateral;1;;1;;1;;;;;;3;;;;
28/02/2013;16:58:00;119;sem vítima;298;BR-101/RJ;Norte;Saida de Pista;1;;;;;;;;;;1;;;;
01/03/2013;21:04:00;177;sem vítima;298;BR-101/RJ;Norte;Colisão Lateral;1;;1;;;;;;;;2;;;;
05/03/2013;21:07:00;187;sem vítima;298,4;BR-101/RJ;Norte;Saida de Pista;1;;;;;;;;;;1;;;;
10/03/2013;14:46:00;102;com vítima;298,44;BR-101/RJ;Sul;Atropelamento - Morador;1;;;;;;;;;;1;;1;;
18/03/2013;23:40:00;182;sem vítima;298,8;BR-101/RJ;Sul;Saida de Pista;1;;;;;;;;;;2;;;;
22/03/2013;08:00:00;52;com vítima;298,05;BR-101/RJ;Norte;Saida de Pista;1;;;;;;;;;;0;2;;;
29/03/2013;06:17:00;40;com vítima;298,8;BR-101/RJ;Norte;Choque - Defensa, barreira ou "submarino";1;;;;;;;;;;4;;1;;
13/04/2013;20:05:00;197;sem vítima;298,488;BR-101/RJ;Norte;Saida de Pista;1;;;;;;;;;;2;;;;
03/05/2013;16:25:00;137;sem vítima;298;BR-101/RJ;Norte;Engavetamento;3;;;;;;;;;;5;;;;
06/06/2013;23:25:00;183;com vítima;298,1;BR-101/RJ;Sul;Atropelamento - Andarilho;1;;;;;;;;;;1;;;1;
10/06/2013;07:28:00;39;com vítima;298,8;BR-101/RJ;Norte;Capotamento;1;;;;;;;;;;1;1;;;
18/06/2013;14:58:00;132;sem vítima;298,403;BR-101/RJ;Norte;Capotamento;1;;;;;;;;;;1;;;;
23/06/2013;02:49:00;9;sem vítima;298,95;BR-101/RJ;Norte;Capotamento;1;;;;;;;;;;4;;;;
29/06/2013;10:43:00;62;sem vítima;298;BR-101/RJ;Norte;Colisão Traseira;1;;;1;;;;;;;3;;;;
03/07/2013;08:55:00;44;sem vítima;298;BR-101/RJ;Norte;Queda de Moto;;;;1;;;;;;;1;;;;
25/07/2013;00:47:00;4;sem vítima;298,01;BR-101/RJ;Norte;Colisão Traseira;;;2;;;;;;;;2;;;;
01/08/2013;23:59:00;174;com vítima;298,709;BR-101/RJ;Norte;Queda de Moto;;;1;1;;1;;;;;3;;1;;
16/08/2013;20:53:00;187;com vítima;298;BR-101/RJ;Norte;Choque - Outros;1;;;;;;;;;;4;1;;;
18/09/2013;13:57:00;113;sem vítima;298;BR-101/RJ;Norte;Saida de Pista;1;;;;;;;;;;1;;;;
23/09/2013;05:26:00;27;sem vítima;298,787;BR-101/RJ;Sul;Saida de Pista;1;;;;;;;;;;1;;;;
25/09/2013;04:04:00;12;sem vítima;298,755;BR-101/RJ;Sul;Saida de Pista;1;;;;;;;;;;1;;;;
28/09/2013;11:38:00;89;sem vítima;298,899;BR-101/RJ;Norte;Colisão Traseira;1;;;1;;;;;;;2;;;;
16/10/2013;07:49:00;44;sem vítima;298,401;BR-101/RJ;Sul;Colisão Traseira;2;;;;;;;;;;4;;;;
19/10/2013;16:04:00;139;com vítima;298,4;BR-101/RJ;Norte;Colisão Lateral;2;;;;;;;;;;3;1;;;
20/10/2013;18:04:00;125;sem vítima;298;BR-101/RJ;Sul;Choque - Defensa, barreira ou "submarino";1;;;;;;;;;;1;;;;
24/10/2013;02:09:00;8;com vítima;298,2;BR-101/RJ;Norte;Colisão Traseira;1;;;1;;;;;;;1;1;1;;
08/11/2013;13:17:00;125;sem vítima;298;BR-101/RJ;Norte;Colisão Traseira;1;;;;;1;;;;;2;;;;
11/11/2013;22:42:00;215;com vítima;298;BR-101/RJ;Norte;Queda de Moto;;;;1;;1;;;;;1;1;;;
15/11/2013;16:51:00;161;com vítima;298;BR-101/RJ;Norte;Colisão Lateral;1;;;1;;;;;;;1;;1;;
21/11/2013;13:38:00;121;com vítima;298,929;BR-101/RJ;Norte;Capotamento;1;;;;;;;;;;2;1;;;
23/11/2013;14:41:00;122;com vítima;298;BR-101/RJ;Norte;Choque - Outros;1;;;;;1;;;;;1;2;;;
04/01/2014;02:29:00;14;com vítima;298,036;BR-101/RJ;Norte;Queda de Moto;;;;1;;;;;;;0;2;;;
03/02/2014;12:41:00;128;com vítima;298,752;BR-101/RJ;Norte;Colisão Traseira;1;;;1;;;;;;;0;1;;1;
03/02/2014;09:12:00;82;sem vítima;298,766;BR-101/RJ;Sul;Colisão Traseira;2;;;;1;;;;;;7;;;;
04/02/2014;17:12:00;155;com vítima;298;BR-101/RJ;Norte;Colisão Traseira;1;;1;;;;;;;;3;1;;;
24/02/2014;18:59:00;173;sem vítima;298;BR-101/RJ;Norte;Colisão Traseira;1;;;;1;;;;;;2;;;;
25/02/2014;17:03:00;158;sem vítima;298;BR-101/RJ;Norte;Colisão Lateral;1;;1;;;;;;;;2;;;;
25/02/2014;06:16:00;32;com vítima;298,689;BR-101/RJ;Sul;Atropelamento - Morador;;;;;1;;;;;;1;;;;1
26/02/2014;15:25:00;150;sem vítima;298;BR-101/RJ;Sul;Colisão Traseira;2;;;;;;;;;;2;;;;
16/03/2014;03:01:00;12;com vítima;298,477;BR-101/RJ;Sul;Atropelamento - Morador;1;;;;;;;;;;1;;;;1
17/03/2014;14:46:00;147;com vítima;298,44;BR-101/RJ;Sul;Colisão Traseira;2;;;;;;;;;;3;;1;;
17/04/2014;15:35:00;127;sem vítima;298;BR-101/RJ;Norte;Colisão Traseira;;;;2;;;;;;;3;;;;
08/05/2014;18:21:00;177;com vítima;298,425;BR-101/RJ;Sul;Colisão Lateral;;;;1;;1;;;;;1;2;;;
12/05/2014;12:10:00;101;com vítima;298;BR-101/RJ;Sul;Colisão Lateral;;;;2;;;;;;;1;3;;;
20/05/2014;13:32:00;98;sem vítima;298;BR-101/RJ;Sul;Colisão Lateral;2;;;;;;;;;;3;;;;
21/05/2014;05:55:00;18;sem vítima;298;BR-101/RJ;Sul;Engavetamento;3;;;;;;;;;;6;;;;
25/05/2014;01:26:00;17;sem vítima;298,301;BR-101/RJ;Norte;Outros - Sequência;;;3;;;;;;;;3;;;;
30/05/2014;22:00:00;188;sem vítima;298,99;BR-101/RJ;Norte;Colisão Traseira;2;;;;;1;;;;;9;;;;
05/06/2014;14:29:00;120;com vítima;298,885;BR-101/RJ;Norte;Queda de Moto;;;;1;;;;;;;0;1;;;
07/06/2014;16:30:00;112;sem vítima;298;BR-101/RJ;Sul;Colisão Traseira;2;;;;;1;;;;;4;;;;
07/06/2014;17:49:00;126;com vítima;298;BR-101/RJ;Norte;Queda de Moto;;;;1;;;;;;;0;;1;;
19/06/2014;17:11:00;86;com vítima;298,35;BR-101/RJ;Sul;Choque - Defensa, barreira ou "submarino";1;;;;;;;;;;3;1;;;
21/06/2014;12:02:00;54;sem vítima;298;BR-101/RJ;Norte;Colisão Traseira;2;;;;;;;;;;4;;;;
22/06/2014;23:12:00;163;sem vítima;298,56;BR-101/RJ;Norte;Saida de Pista;2;;;;;;;;;;6;;;;
29/06/2014;12:14:00;78;sem vítima;298;BR-101/RJ;Sul;Colisão Lateral;2;;;;;;;;;;3;;;;
11/07/2014;18:23:00;153;com vítima;298;BR-101/RJ;Sul;Colisão Traseira;1;;;;1;;;;;;4;1;;;
11/07/2014;18:50:00;158;com vítima;298;BR-101/RJ;Norte;Colisão Lateral;1;;;1;;;;;;;5;1;;;
11/07/2014;14:01:00;108;com vítima;298,392;BR-101/RJ;Sul;Colisão Traseira;1;;;;;;;;;1;3;1;;;
23/07/2014;16:41:00;125;com vítima;298,495;BR-101/RJ;Sul;Colisão Traseira;2;;;;;;;;;;0;3;2;;
26/07/2014;03:22:00;9;sem vítima;298;BR-101/RJ;Norte;Choque - Defensa, barreira ou "submarino";1;;;;;;;;;;0;;;;
11/08/2014;16:42:00;122;sem vítima;298,38;BR-101/RJ;Sul;Choque - Defensa, barreira ou "submarino";1;;;;;;;;;;1;;;;
24/08/2014;07:07:00;31;com vítima;298,613;BR-101/RJ;Norte;Queda de Moto;;;;1;;;;;;;0;1;;;
02/09/2014;09:52:00;70;com vítima;298;BR-101/RJ;Sul;Queda de Moto;;;;1;;;;;;;0;2;;;
09/09/2014;04:31:00;19;sem vítima;298;BR-101/RJ;Norte;Colisão Traseira;1;;1;;;;;;;;2;;;;
13/09/2014;21:30:00;154;com vítima;298;BR-101/RJ;Norte;Choque - Suporte de Sinalização;1;;;;;;;;;;0;1;;;
15/09/2014;21:34:00;196;sem vítima;298;BR-101/RJ;Sul;Colisão Lateral;1;;;;1;;;;;;3;;;;
02/10/2014;19:19:00;133;com vítima;298;BR-101/RJ;Norte;Colisão Lateral;;;;1;;1;;;;;1;1;;;
05/10/2014;00:07:00;1;sem vítima;298;BR-101/RJ;Sul;Choque - Defensa, barreira ou "submarino";1;;;;;;;;;;1;;;;
08/10/2014;11:32:00;82;sem vítima;298;BR-101/RJ;Sul;Colisão Traseira;2;;;;;;;;;;2;;;;
19/10/2014;23:49:00;194;sem vítima;298;BR-101/RJ;Sul;Saida de Pista;1;;;;;;;;;;1;;;;
26/10/2014;00:30:00;2;sem vítima;298,334;BR-101/RJ;Sul;Engavetamento;3;;;;;;;;;;6;;;;
09/11/2014;23:10:00;154;sem vítima;298;BR-101/RJ;Sul;Choque - Defensa, barreira ou "submarino";1;;;;;;;;;;2;;;;
15/11/2014;07:48:00;34;sem vítima;298;BR-101/RJ;Sul;Colisão Lateral;1;;;;1;;;;;;5;;;;
08/12/2014;18:40:00;169;sem vítima;298;BR-101/RJ;Norte;Colisão Lateral;1;;1;;;;;;;;4;;;;
17/12/2014;05:23:00;22;sem vítima;298;BR-101/RJ;Sul;Colisão Lateral;2;;;;;;;;;;5;;;;
22/12/2014;16:56:00;150;com vítima;298,8;BR-101/RJ;Norte;Colisão Traseira;1;;;2;;;;;;;2;;1;1;
26/12/2014;11:15:00;59;sem vítima;298;BR-101/RJ;Norte;Colisão Traseira;2;;;;;;;;;;5;;;;
26/12/2014;12:52:00;75;com vítima;298;BR-101/RJ;Norte;Queda de Moto;;;;1;;;;;;;0;1;;;
27/12/2014;09:38:00;47;sem vítima;298;BR-101/RJ;Norte;Colisão Traseira;2;;;;;;;;;;2;;;;
27/12/2014;12:17:00;73;sem vítima;298;BR-101/RJ;Norte;Colisão Traseira;2;;;;;;;;;;2;;;;
29/12/2014;09:11:00;56;sem vítima;298;BR-101/RJ;Norte;Colisão Traseira;2;;;;;;;;;;4;;;;
30/12/2014;14:16:00;110;sem vítima;298;BR-101/RJ;Norte;Colisão Traseira;2;;;;;;;;;;7;;;;
09/01/2015;18:13:00;151;sem vítima;298;BR-101/RJ;Norte;Colisão Lateral;2;;;1;;;;;;;3;;;;
24/01/2015;17:07:00;113;sem vítima;298;BR-101/RJ;Sul;Colisão Lateral;1;;;;1;;;;;;3;;;;
31/01/2015;18:57:00;123;sem vítima;298;BR-101/RJ;Sul;Colisão Traseira;2;;;;;;;;;;2;;;;
06/02/2015;11:34:00;85;sem vítima;298;BR-101/RJ;Sul;Colisão Traseira;;;1;;;;;;;1;4;0;0;0;0
10/02/2015;19:39:00;195;sem vítima;298;BR-101/RJ;Sul;Colisão Lateral;1;;;;1;;;;;;3;0;0;0;0
13/02/2015;14:43:00;139;sem vítima;298;BR-101/RJ;Sul;Colisão Lateral;1;;;;1;;;;;;5;0;0;0;0
18/02/2015;11:01:00;76;sem vítima;298;BR-101/RJ;Sul;Colisão Traseira;1;;;;;;;;;1;4;0;0;0;0
13/03/2015;21:58:00;173;sem vítima;298;BR-101/RJ;Sul;Engavetamento;3;;;;;;;;;;7;0;0;0;0
15/03/2015;22:46:00;181;com vítima;298;BR-101/RJ;Sul;Colisão Transversal;1;;;1;;;;;;;5;1;1;0;0
23/03/2015;18:02:00;192;com vítima;298;BR-101/RJ;Sul;Choque - Poste;1;;;;;;;;;;1;1;0;0;0
25/03/2015;17:15:00;136;sem vítima;298;BR-101/RJ;Sul;Colisão Traseira;1;;;;1;;;;;;2;0;0;0;0
27/03/2015;16:14:00;152;com vítima;298;BR-101/RJ;Norte;Colisão Traseira;1;;;;1;;;;;;1;1;0;0;0
13/04/2015;18:46:00;174;com vítima;298;BR-101/RJ;Norte;Colisão Traseira;1;;;1;;;;;;;2;1;;;
10/05/2015;10:55:00;70;sem vítima;298;BR-101/RJ;Norte;Colisão Traseira;2;;;;;;;;;;3;;;;
10/05/2015;10:55:00;64;sem vítima;298,5;BR-101/RJ;Norte;Choque - Defensa, barreira ou "submarino";1;;;;;;;;;;1;;;;
23/05/2015;12:55:00;96;com vítima;298;BR-101/RJ;Sul;Outros - Sequência;;;;1;1;1;;;;;2;;1;;
28/05/2015;12:27:00;119;sem vítima;298;BR-101/RJ;Sul;Colisão Traseira;2;;;;;;;;;;5;;;;
15/06/2015;06:25:00;23;com vítima;298;BR-101/RJ;Norte;Colisão Lateral;1;;;1;;;;;;;1;2;;;
15/06/2015;09:13:00;63;sem vítima;298,02;BR-101/RJ;Norte;Colisão Traseira;2;;;;;;;;;;2;;;;
21/06/2015;08:44:00;46;sem vítima;298;BR-101/RJ;Norte;Choque - Defensa, barreira ou "submarino";1;;;;;1;;;;;2;;;;
17/07/2015;20:47:00;224;com vítima;298;BR-101/RJ;Norte;Colisão Lateral;1;;;1;;;;;;;1;2;;;
19/07/2015;07:35:00;40;com vítima;298,413;BR-101/RJ;Norte;Queda de Moto;;;;1;;;;;;;0;1;;;
05/08/2015;18:47:00;159;sem vítima;298;BR-101/RJ;Sul;Colisão Lateral;1;;1;;;;;;;;2;;;;
10/08/2015;16:15:00;165;sem vítima;298,3;BR-101/RJ;Norte;Colisão Lateral;2;;;;;;;;;;4;;;;
15/08/2015;10:59:00;70;sem vítima;298;BR-101/RJ;Norte;Colisão Traseira;2;;;;;;;;;;5;;;;
04/09/2015;06:42:00;25;sem vítima;298;BR-101/RJ;Sul;Colisão Traseira;2;;;;;;;;;;2;;;;
08/09/2015;05:53:00;45;sem vítima;298;BR-101/RJ;Sul;Colisão Traseira;1;;;;;1;;;;;4;;;;
10/09/2015;09:03:00;70;sem vítima;298,271;BR-101/RJ;Norte;Choque - Defensa, barreira ou "submarino";1;;;;;;;;;;1;;;;
04/10/2015;07:11:00;29;com vítima;298,52;BR-101/RJ;Sul;Choque - Defensa, barreira ou "submarino";1;;;;;;;;;;0;;1;;