data;horario;n_da_ocorrencia;tipo_de_ocorrencia;km;trecho;sentido;tipo_de_acidente;automovel;bicicleta;caminhao;moto;onibus;outros;tracao_animal;transporte_de_cargas_especiais;trator_maquinas;utilitarios;ilesos;levemente_feridos;moderadamente_feridos;gravemente_feridos;mortos
15/10/2015;20:39:00;213;sem vítima;298;BR-101/RJ;Norte;Colisão Lateral;1;;1;;;;;;;;2;;;;
14/11/2015;05:00:00;25;sem vítima;298,613;BR-101/RJ;Sul;Choque - Defensa, barreira ou "submarino";2;;;;;;;;;;3;;;;
21/11/2015;11:53:00;73;sem vítima;298,947;BR-101/RJ;Norte;Choque - Outros;1;;;;;;;;;;3;;;;
29/11/2015;15:54:00;125;com vítima;298;BR-101/RJ;Norte;Queda de Moto;;;;1;;;;;;;0;2;;;
05/12/2015;11:48:00;97;sem vítima;298;BR-101/RJ;Sul;Colisão Traseira;2;;;;;;;;;;6;;;;
14/12/2015;22:47:00;245;sem vítima;298;BR-101/RJ;Sul;Colisão Lateral;1;;;;;1;;;;;2;;;;
15/12/2015;09:13:00;94;com vítima;298;BR-101/RJ;Sul;Engavetamento;3;;;;;;;;;;2;1;;;
21/12/2015;05:48:00;23;com vítima;298,016;BR-101/RJ;Sul;Capotamento;1;;;;;;;;;;0;1;1;;
10/01/2010;09:04:00;58;sem vítima;299;BR-101/RJ;Norte;Colisão Traseira;2;;;;;;;;;;2;;;;
10/01/2010;11:36:00;95;sem vítima;299;BR-101/RJ;Norte;Colisão Traseira;1;;;;1;;;;;;28;;;;
22/01/2010;18:02:00;161;com vítima;299;BR-101/RJ;Norte;Atropelamento - Ciclista;1;;;;;;;;;;2;;1;;
29/01/2010;11:00:00;92;sem vítima;299;BR-101/RJ;Sul;Colisão Traseira;2;;;;;;;;;;5;;;;
30/01/2010;00:09:00;3;com vítima;299;BR-101/RJ;Norte;Atropelamento - Morador;;;;;;;;;;1;0;;2;;
07/02/2010;18:41:00;171;sem vítima;299;BR-101/RJ;Sul;Colisão Traseira;2;;;;;;;;;;6;;;;
13/02/2010;05:27:00;75;sem vítima;299;BR-101/RJ;Norte;Colisão Traseira;1;;;;;;;;;;1;;;;
14/02/2010;22:08:00;241;com vítima;299;BR-101/RJ;Norte;Atropelamento - Ciclista;1;1;;;;;;;;;2;;;1;1
23/02/2010;16:58:00;159;sem vítima;299;BR-101/RJ;Sul;Colisão Traseira;2;;;;;;;;;;6;;;;
28/02/2010;11:51:00;56;sem vítima;299;BR-101/RJ;Sul;Colisão Traseira;2;;;;;;;;;;3;;;;
03/03/2010;14:07:00;111;sem vítima;299;BR-101/RJ;Norte;Colisão Lateral;2;;;;;;;;;;2;;;;
06/03/2010;13:04:00;110;sem vítima;299;BR-101/RJ;Sul;Choque - Defensa, barreira ou "submarino";1;;;;;;;;;;2;;;;
22/03/2010;05:34:00;21;sem vítima;299;BR-101/RJ;Sul;Choque - Outros;;;;;1;;;;;;35;;;;
25/03/2010;18:53:00;148;sem vítima;299;BR-101/RJ;Sul;Colisão Lateral;2;;;;;;;;;;6;;;;
27/03/2010;18:04:00;141;com vítima;299;BR-101/RJ;Sul;Colisão Lateral;1;;;1;;;;;;;1;;1;;
28/03/2010;13:36:00;77;sem vítima;299;BR-101/RJ;Sul;Colisão Traseira;2;;;;;;;;;;3;;;;
31/03/2010;18:32:00;158;sem vítima;299;BR-101/RJ;Sul;Colisão Lateral;2;;;;;;;;;;3;;;;
01/04/2010;15:52:00;160;sem vítima;299;BR-101/RJ;Sul;Colisão Lateral;2;;;;;;;;;;2;;;;
08/04/2010;17:36:00;145;sem vítima;299;BR-101/RJ;Sul;Colisão Traseira;2;;;;;;;;;;4;;;;
12/04/2010;20:27:00;175;sem vítima;299;BR-101/RJ;Sul;Capotamento;;;;;;;;;;1;1;;;;
15/04/2010;14:48:00;128;com vítima;299;BR-101/RJ;Norte;Colisão Traseira;3;;;;;;;;;;3;;1;;
17/04/2010;13:16:00;82;sem vítima;299;BR-101/RJ;Norte;Colisão Frontal;1;;;1;;;;;;;2;;;;
20/04/2010;10:01:00;69;com vítima;299,5;BR-101/RJ;Norte;Colisão Traseira;1;;;1;;;;;;;1;;;1;
26/04/2010;00:30:00;3;sem vítima;299;BR-101/RJ;Norte;Saida de Pista;1;;;;;;;;;;5;;;;
30/04/2010;06:39:00;36;com vítima;299;BR-101/RJ;Norte;Colisão Traseira;;;;1;;;;;;1;1;;1;;
30/04/2010;12:02:00;75;com vítima;299;BR-101/RJ;Sul;Atropelamento - Outros;1;;;;;;;;;;1;;1;;
10/05/2010;16:55:00;150;sem vítima;299;BR-101/RJ;Norte;Choque - Defensa, barreira ou "submarino";1;;;;;;;;;;1;;;;
15/05/2010;03:26:00;23;com vítima;299,29998779296875;BR-101/RJ;Sul;Capotamento;1;;;;;;;;;;0;;3;;
18/05/2010;21:34:00;160;sem vítima;299;BR-101/RJ;Sul;Tombamento;;;1;;;;;;;;2;;;;
19/05/2010;04:14:00;13;sem vítima;299;BR-101/RJ;Norte;Capotamento;1;;;;;;;;;;1;;;;
29/05/2010;03:44:00;23;com vítima;299;BR-101/RJ;Sul;Atropelamento - Andarilho;;;;;;1;;;;;1;;1;;
03/06/2010;08:10:00;41;sem vítima;299;BR-101/RJ;Sul;Colisão Lateral;;;2;;;;;;;;2;;;;
03/06/2010;11:37:00;74;sem vítima;299;BR-101/RJ;Norte;Colisão Traseira;1;;;;;;;;;1;4;;;;
04/06/2010;19:19:00;156;com vítima;299;BR-101/RJ;Sul;Atropelamento - Andarilho;;;;;;1;;;;;1;;1;;
11/06/2010;22:23:00;173;com vítima;299;BR-101/RJ;Norte;Colisão Traseira;1;;;1;;;;;;;3;;;1;
12/06/2010;05:24:00;27;sem vítima;299;BR-101/RJ;Sul;Choque - Defensa, barreira ou "submarino";1;;;;;;;;;;3;;;;
18/06/2010;18:05:00;182;sem vítima;299;BR-101/RJ;Sul;Colisão Lateral;2;;;;;;;;;;2;;;;
02/07/2010;10:43:00;73;sem vítima;299;BR-101/RJ;Sul;Colisão Traseira;1;;1;;;;;;;;5;;;;
03/07/2010;07:51:00;29;com vítima;299;BR-101/RJ;Norte;Colisão Traseira;1;;;1;;;;;;;4;;1;;
08/07/2010;19:45:00;149;sem vítima;299;BR-101/RJ;Sul;Colisão Lateral;1;;1;;;;;;;;3;;;;
24/07/2010;11:33:00;92;com vítima;299;BR-101/RJ;Sul;Saida de Pista;1;;;;;;;;;;0;2;;;
24/07/2010;12:53:00;104;com vítima;299;BR-101/RJ;Norte;Colisão Lateral;1;;;1;;;;;;;1;3;;;
24/07/2010;13:10:00;109;com vítima;299;BR-101/RJ;Norte;Colisão Traseira;2;;;;;;;;;;1;8;;;
24/07/2010;15:24:00;137;sem vítima;299;BR-101/RJ;Sul;Colisão Lateral;1;;1;;;;;;;;4;;;;
25/07/2010;20:00:00;159;sem vítima;299;BR-101/RJ;Sul;Colisão Lateral;1;;;;;;;;;1;5;;;;
04/08/2010;13:27:00;94;com vítima;299;BR-101/RJ;Sul;Colisão Traseira;3;;;;;;;;;;0;5;4;;
14/08/2010;01:10:00;10;sem vítima;299;BR-101/RJ;Norte;Saida de Pista;1;;;;;;;;;;1;;;;
18/08/2010;21:27:00;161;sem vítima;299;BR-101/RJ;Sul;Colisão Traseira;2;;;;;;;;;;2;;;;
22/08/2010;19:09:00;138;sem vítima;299;BR-101/RJ;Norte;Saida de Pista;1;;;;;;;;;;3;;;;
22/08/2010;21:27:00;160;com vítima;299;BR-101/RJ;Norte;Queda de Moto;;;;1;;;;;;;0;1;;;
26/08/2010;20:55:00;185;sem vítima;299;BR-101/RJ;Norte;Colisão Traseira;2;;;;;;;;;;4;;;;
29/08/2010;18:31:00;113;sem vítima;299;BR-101/RJ;Sul;Colisão Lateral;2;;;;;;;;;;2;;;;
02/09/2010;19:26:00;156;sem vítima;299;BR-101/RJ;Norte;Objeto lançado contra veículo;1;;;;;1;;;;;4;;;;
03/09/2010;19:41:00;201;com vítima;299;BR-101/RJ;Norte;Queda de Moto;;;;1;;;;;;;0;;1;;
09/09/2010;12:57:00;96;com vítima;299;BR-101/RJ;Sul;Choque - Defensa, barreira ou "submarino";;;1;;;;;;;;0;;1;;
13/09/2010;06:04:00;21;sem vítima;299;BR-101/RJ;Sul;Saida de Pista;1;;;;;;;;;;1;;;;
19/09/2010;13:25:00;81;sem vítima;299;BR-101/RJ;Norte;Colisão Lateral;1;;;;1;;;;;;2;;;;
21/09/2010;22:42:00;192;sem vítima;299;BR-101/RJ;Sul;Colisão Lateral;;;1;;1;;;;;;2;;;;
09/10/2010;10:20:00;79;sem vítima;299;BR-101/RJ;Norte;Engavetamento;4;;;;;;;;;;16;;;;
31/10/2010;14:48:00;103;sem vítima;299;BR-101/RJ;Sul;Colisão Traseira;3;;;;;;;;;;13;;;;
05/11/2010;13:41:00;110;com vítima;299;BR-101/RJ;Norte;Saida de Pista;1;;;;;;;;;;0;1;;;
11/11/2010;06:05:00;32;sem vítima;299,29998779296875;BR-101/RJ;Sul;Saida de Pista;1;;;;;;;;;;1;;;;
12/11/2010;23:29:00;236;sem vítima;299;BR-101/RJ;Sul;Choque - Cancela de Pedagio;;;1;;;;;;;;1;;;;
14/11/2010;08:41:00;48;com vítima;299;BR-101/RJ;Norte;Capotamento;1;;;;;;;;;;0;2;;;
14/11/2010;12:46:00;77;sem vítima;299;BR-101/RJ;Sul;Colisão Lateral;2;;;;;;;;;;2;;;;
16/11/2010;06:04:00;28;sem vítima;299;BR-101/RJ;Sul;Colisão Traseira;1;;1;;;;;;;;2;;;;
19/11/2010;06:19:00;36;sem vítima;299;BR-101/RJ;Sul;Colisão Lateral;1;;;;1;;;;;;2;;;;
19/11/2010;18:25:00;166;sem vítima;299;BR-101/RJ;Sul;Colisão Lateral;2;;;;;;;;;;2;;;;
20/11/2010;00:55:00;9;com vítima;299;BR-101/RJ;Norte;Saida de Pista;1;;;;;;;;;;0;2;;;
26/11/2010;00:35:00;6;com vítima;299;BR-101/RJ;Norte;Choque - Defensa, barreira ou "submarino";1;;;;;;;;;;0;;1;;
30/11/2010;15:09:00;125;sem vítima;299;BR-101/RJ;Sul;Colisão Traseira;1;;;;;;;;;1;6;;;;
04/12/2010;14:32:00;118;sem vítima;299;BR-101/RJ;Norte;Colisão Traseira;2;;;;;;;;;;3;;;;
09/12/2010;08:37:00;43;com vítima;299;BR-101/RJ;Sul;Tombamento;;;1;;;;;;;;0;1;;;
12/12/2010;10:23:00;59;sem vítima;299;BR-101/RJ;Sul;Tombamento;;;1;;;;;;;;1;;;;
12/12/2010;13:25:00;90;com vítima;299;BR-101/RJ;Norte;Saida de Pista;1;;;;;;;;;;2;1;;;
12/12/2010;14:15:00;97;sem vítima;299;BR-101/RJ;Sul;Colisão Lateral;1;;;;1;;;;;;4;;;;
13/12/2010;09:08:00;60;sem vítima;299;BR-101/RJ;Sul;Colisão Traseira;1;;1;;;;;;;;2;;;;
15/12/2010;22:00:00;210;sem vítima;299;BR-101/RJ;Sul;Saida de Pista;;;;;;;;;;1;1;;;;
17/12/2010;06:15:00;28;sem vítima;299;BR-101/RJ;Sul;Colisão Traseira;2;;;;;;;;;;2;;;;
23/12/2010;11:36:00;114;com vítima;299;BR-101/RJ;Sul;Colisão Traseira;1;;1;;;;;;;;2;1;;;
25/12/2010;15:05:00;95;sem vítima;299;BR-101/RJ;Norte;Colisão Traseira;1;;;1;;;;;;;2;;;;
30/12/2010;14:34:00;109;com vítima;299;BR-101/RJ;Norte;Colisão Lateral;1;;;1;;;;;;;2;;1;;
31/12/2010;00:21:00;6;sem vítima;299;BR-101/RJ;Norte;Colisão Lateral;1;;1;;;;;;;;2;;;;
04/01/2011;17:21:00;175;sem vítima;299;BR-101/RJ;Sul;Colisão Lateral;1;;1;;;;;;;;2;;;;
05/01/2011;10:50:00;69;sem vítima;299;BR-101/RJ;Sul;Colisão Traseira;2;;;;;;;;;;3;;;;
05/01/2011;18:39:00;183;sem vítima;299;BR-101/RJ;Norte;Colisão Lateral;2;;;;;;;;;;3;;;;
05/01/2011;20:27:00;208;sem vítima;299;BR-101/RJ;Norte;Saida de Pista;1;;;;;;;;;;1;;;;
06/01/2011;05:26:00;34;com vítima;299,5;BR-101/RJ;Norte;Saida de Pista;;;;1;;;;;;;0;1;;;
13/01/2011;09:57:00;53;sem vítima;299;BR-101/RJ;Sul;Colisão Traseira;2;;;;;;;;;;2;;;;
14/01/2011;04:15:00;25;sem vítima;299;BR-101/RJ;Sul;Choque - Defensa, barreira ou "submarino";;;1;;;;;;;;1;;;;
18/01/2011;16:38:00;135;sem vítima;299;BR-101/RJ;Sul;Saida de Pista;1;;;;;;;;;;1;;;;
19/01/2011;23:19:00;243;sem vítima;299;BR-101/RJ;Norte;Colisão Lateral;2;;;;;;;;;;4;;;;
21/01/2011;10:33:00;86;sem vítima;299,5;BR-101/RJ;Sul;Colisão Traseira;2;;;;;;;;;;6;;;;
22/01/2011;14:58:00;134;com vítima;299;BR-101/RJ;Sul;Choque - Defensa, barreira ou "submarino";1;;;;;1;;;;;1;2;1;;
23/01/2011;21:05:00;176;com vítima;299;BR-101/RJ;Norte;Atropelamento - Ciclista;;1;;;;1;;;;;1;;1;;
24/01/2011;16:20:00;177;sem vítima;299;BR-101/RJ;Sul;Colisão Traseira;2;;;;;;;;;;2;;;;
28/01/2011;19:17:00;243;sem vítima;299;BR-101/RJ;Sul;Colisão Traseira;2;;;;;;;;;;2;;;;
30/01/2011;22:16:00;182;sem vítima;299;BR-101/RJ;Sul;Choque - Outros;;;1;;;1;;;;;2;;;;
31/01/2011;08:20:00;54;com vítima;299;BR-101/RJ;Norte;Queda de Moto;;;;1;;;;;;;0;;;1;
01/02/2011;18:20:00;178;sem vítima;299;BR-101/RJ;Sul;Colisão Traseira;2;;;;;;;;;;2;;;;
03/02/2011;22:03:00;191;sem vítima;299;BR-101/RJ;Sul;Colisão Traseira;1;;1;;;;;;;;3;;;;
04/02/2011;18:27:00;174;sem vítima;299;BR-101/RJ;Norte;Colisão Lateral;1;;1;;;;;;;;2;;;;
06/02/2011;18:45:00;167;sem vítima;299;BR-101/RJ;Sul;Saida de Pista;1;;;;;;;;;;2;;;;
11/02/2011;00:34:00;1;com vítima;299;BR-101/RJ;Norte;Queda de Moto;;;;1;;;;;;;0;2;;;
18/02/2011;00:25:00;6;sem vítima;299;BR-101/RJ;Sul;Colisão Traseira;1;;1;;;;;;;;2;;;;
18/02/2011;11:57:00;80;sem vítima;299;BR-101/RJ;Norte;Queda de Moto;;;;1;;1;;;;;3;;;;
18/02/2011;15:58:00;127;sem vítima;299;BR-101/RJ;Norte;Colisão Traseira;1;;;1;;;;;;;2;;;;
18/02/2011;17:42:00;149;com vítima;299;BR-101/RJ;Norte;Atropelamento - Ambulante;;;;1;;;;;;;1;;1;;
18/02/2011;18:31:00;157;sem vítima;299;BR-101/RJ;Sul;Colisão Traseira;2;;;;;;;;;;2;;;;
27/02/2011;19:18:00;177;com vítima;299;BR-101/RJ;Sul;Atropelamento - Morador;;1;;;;1;;;;;1;;;;1
23/03/2011;04:30:00;19;com vítima;301;BR-101/RJ;Sul;Atropelamento - Morador;;;;;;1;;;;;1;;;;1
23/03/2011;08:45:00;59;sem vítima;290;BR-101/RJ;Sul;Colisão Lateral;1;;;;;1;;;;;3;;;;
23/03/2011;08:54:00;63;sem vítima;289;BR-101/RJ;Norte;Colisão Traseira;1;;;;;1;;;;;2;;;;
23/03/2011;09:24:00;70;sem vítima;78;BR-101/RJ;Norte;Objeto lançado contra veículo;1;;;;;;;;;1;4;;;;
23/03/2011;10:46:00;85;sem vítima;28;BR-101/RJ;Norte;Capotamento;1;;;;;;;;;;2;;;;
23/03/2011;12:42:00;98;sem vítima;318;BR-101/RJ;Sul;Colisão Traseira;1;;1;;;;;;;;3;;;;
23/03/2011;13:26:00;104;sem vítima;297;BR-101/RJ;Norte;Colisão Lateral;1;;1;;;;;;;;2;;;;
23/03/2011;17:44:00;145;com vítima;170;BR-101/RJ;Sul;Colisão Lateral;1;;1;;;;;;;;1;;1;;
03/05/2011;04:07:00;6;sem vítima;299;BR-101/RJ;Norte;Saida de Pista;1;;;;;;;;;;2;;;;
16/05/2011;05:10:00;11;sem vítima;299;BR-101/RJ;Sul;Choque - Defensa, barreira ou "submarino";;;;;1;;;;;;1;;;;
20/05/2011;05:09:00;8;com vítima;299;BR-101/RJ;Norte;Capotamento;1;;;;;;;;;;0;;1;;
20/05/2011;21:53:00;181;sem vítima;299;BR-101/RJ;Sul;Saida de Pista;1;;;;;;;;;;1;;;;
22/05/2011;03:42:00;14;com vítima;299;BR-101/RJ;Norte;Capotamento;1;;;;;;;;;;1;1;;;
07/06/2011;21:38:00;185;sem vítima;299;BR-101/RJ;Sul;Atropelamento de Animal;1;;;;;1;;;;;2;;;;
11/06/2011;06:52:00;43;sem vítima;299;BR-101/RJ;Sul;Choque - Outros;1;;;;;;;;;;3;;;;
12/06/2011;16:20:00;110;sem vítima;299;BR-101/RJ;Sul;Colisão Traseira;1;;;;;;;;;1;2;;;;
16/06/2011;11:27:00;84;com vítima;299;BR-101/RJ;Sul;Colisão Traseira;;;;1;1;;;;;;1;1;;;
16/06/2011;17:50:00;149;com vítima;299;BR-101/RJ;Norte;Capotamento;1;;;;;;;;;;0;1;;;
18/06/2011;13:43:00;96;com vítima;299;BR-101/RJ;Sul;Queda de Moto;;;;1;;;;;;;0;1;;;
18/06/2011;19:13:00;143;sem vítima;299;BR-101/RJ;Sul;Colisão Traseira;2;;;;;;;;;;7;;;;
21/06/2011;12:07:00;73;sem vítima;299;BR-101/RJ;Sul;Colisão Traseira;2;;;;;;;;;;2;;;;
24/06/2011;20:35:00;151;sem vítima;299,29998779296875;BR-101/RJ;Sul;Tombamento;;;1;;;;;;;;3;;;;
25/06/2011;12:56:00;83;sem vítima;299;BR-101/RJ;Norte;Choque - Arvore;1;;;;;;;;;;4;;;;
26/06/2011;02:19:00;9;com vítima;299;BR-101/RJ;Norte;Saida de Pista;1;;;;;;;;;;0;4;1;;
30/06/2011;06:08:00;19;com vítima;299,29998779296875;BR-101/RJ;Norte;Queda de Moto;;;;1;;;;;;;0;;1;;
05/08/2011;16:34:00;133;com vítima;299,79998779296875;BR-101/RJ;Norte;Colisão Traseira;2;;;;;;;;;;0;2;1;;
16/08/2011;15:28:00;130;sem vítima;299;BR-101/RJ;Sul;Colisão Frontal;;;;;1;;;;;;1;;;;
19/08/2011;09:51:00;72;sem vítima;299;BR-101/RJ;Norte;Colisão Lateral;;;;1;;1;;;;;2;;;;
21/08/2011;10:29:00;59;sem vítima;299;BR-101/RJ;Sul;Choque - Defensa, barreira ou "submarino";1;;;;;;;;;;1;;;;
25/08/2011;06:12:00;24;sem vítima;299;BR-101/RJ;Norte;Saida de Pista;1;;;;;1;;;;;2;;;;
28/08/2011;16:29:00;109;com vítima;299,6310119628906;BR-101/RJ;Sul;Choque - Defensa, barreira ou "submarino";1;;;;;;;;;;0;;4;;
04/09/2011;21:47:00;141;sem vítima;299;BR-101/RJ;Sul;Colisão Lateral;1;;1;;;1;;;;;4;;;;
17/09/2011;22:17:00;201;sem vítima;299;BR-101/RJ;Sul;Choque - Defensa, barreira ou "submarino";;;;;;1;;;;;1;;;;
24/09/2011;12:59:00;85;sem vítima;299;BR-101/RJ;Sul;Colisão Traseira;2;;;;;;;;;;2;;;;
29/09/2011;05:17:00;18;sem vítima;299;BR-101/RJ;Sul;Saida de Pista;1;;;;;;;;;;1;;;;
01/10/2011;11:21:00;73;sem vítima;299;BR-101/RJ;Norte;Colisão Traseira;1;;;;1;;;;;;3;;;;
03/10/2011;05:18:00;15;com vítima;299;BR-101/RJ;Sul;Colisão Lateral;2;;;1;;;;;;;3;1;;;
07/10/2011;17:27:00;164;sem vítima;299;BR-101/RJ;Norte;Colisão Traseira;1;;1;;;;;;;;6;;;;
09/10/2011;13:54:00;92;sem vítima;299;BR-101/RJ;Norte;Tombamento;;;;;;;;;;1;3;;;;
16/10/2011;17:23:00;105;com vítima;299;BR-101/RJ;Norte;Saida de Pista;1;;;;;;;;;;2;1;;;
17/10/2011;07:51:00;41;com vítima;299;BR-101/RJ;Norte;Saida de Pista;;;;;;;;;;1;3;;2;;
22/10/2011;23:04:00;152;sem vítima;299;BR-101/RJ;Sul;Choque - Defensa, barreira ou "submarino";1;;;;;;;;;;4;;;;
18/11/2011;16:44:00;116;sem vítima;299,5;BR-101/RJ;Sul;Colisão Lateral;1;;;;1;;;;;;2;;;;
26/11/2011;13:23:00;87;sem vítima;299;BR-101/RJ;Sul;Colisão Traseira;2;;;;;;;;;1;4;;;;
26/11/2011;20:19:00;150;com vítima;299;BR-101/RJ;Norte;Choque - Defensa, barreira ou "submarino";1;;;;;;;;;;0;;1;;
11/12/2011;01:01:00;8;sem vítima;299;BR-101/RJ;Norte;Colisão Traseira;1;;1;;;;;;;;7;;;;
18/12/2011;18:28:00;121;sem vítima;299;BR-101/RJ;Sul;Colisão Traseira;2;;;;;;;;;;2;;;;
20/12/2011;18:30:00;185;sem vítima;299;BR-101/RJ;Norte;Saida de Pista;1;;;;;;;;;;1;;;;
21/12/2011;18:55:00;206;sem vítima;299;BR-101/RJ;Norte;Colisão Traseira;1;;;;;;;;;;2;;;;
25/12/2011;22:46:00;177;sem vítima;299;BR-101/RJ;Sul;Colisão Traseira;2;;;;;;;;;;4;;;;
26/12/2011;19:00:00;169;sem vítima;299;BR-101/RJ;Norte;Colisão Traseira;1;;;;1;;;;;;43;;;;
01/01/2012;04:21:00;24;com vítima;299;BR-101/RJ;Norte;Capotamento;1;;;;;;;;;;0;;3;2;
06/01/2012;11:57:00;76;sem vítima;299;BR-101/RJ;Norte;Outros - Sequência;2;;;;;;;;;;4;;;;
19/01/2012;19:52:00;184;sem vítima;299;BR-101/RJ;Sul;Tombamento;;;1;;;;;;;;4;;;;
23/01/2012;13:54:00;118;com vítima;299;BR-101/RJ;Sul;Queda de Moto;;;;1;;;;;;;0;1;;;
11/02/2012;00:52:00;3;com vítima;299;BR-101/RJ;Sul;Capotamento;1;;;;;;;;;;0;;1;;
11/02/2012;10:28:00;70;sem vítima;299,6;BR-101/RJ;Norte;Colisão Traseira;1;;;;;;;;;1;2;;;;
12/02/2012;03:49:00;18;sem vítima;299;BR-101/RJ;Sul;Tombamento;1;;;;;;;;;;2;;;;
16/02/2012;09:14:00;65;sem vítima;299;BR-101/RJ;Norte;Colisão Traseira;1;;;;;;;;;1;6;;;;
18/02/2012;14:21:00;214;com vítima;299;BR-101/RJ;Norte;Colisão Traseira;;;;2;;;;;;;0;2;;;
19/02/2012;07:44:00;50;sem vítima;299;BR-101/RJ;Norte;Colisão Traseira;2;;;;;;;;;;3;;;;
19/02/2012;07:48:00;51;com vítima;299;BR-101/RJ;Sul;Queda de Moto;;;;1;;;;;;;0;1;;;
03/03/2012;01:11:00;7;sem vítima;299;BR-101/RJ;Norte;Colisão Traseira;1;;;;1;;;;;;2;;;;
04/03/2012;19:04:00;142;sem vítima;299;BR-101/RJ;Norte;Saida de Pista;1;;;;;;;;;;1;;;;
29/03/2012;15:30:00;114;sem vítima;299;BR-101/RJ;Sul;Colisão Traseira;1;;1;;;;;;;;2;;;;
01/04/2012;11:27:00;69;sem vítima;299;BR-101/RJ;Norte;Colisão Traseira;2;;;;;;;;;;3;;;;
06/04/2012;21:54:00;190;sem vítima;299;BR-101/RJ;Norte;Choque - Defensa, barreira ou "submarino";1;;;;;;;;;;1;;;;
07/04/2012;22:38:00;157;sem vítima;299;BR-101/RJ;Norte;Choque - Defensa, barreira ou "submarino";1;;;;;;;;;;1;;;;
09/04/2012;17:01:00;151;sem vítima;299;BR-101/RJ;Norte;Choque - Defensa, barreira ou "submarino";1;;;;;;;;;;5;;;;
10/04/2012;15:47:00;109;sem vítima;299;BR-101/RJ;Norte;Colisão Traseira;2;;;;;;;;;;2;;;;
11/04/2012;13:13:00;96;sem vítima;299;BR-101/RJ;Sul;Colisão Traseira;1;;;;;;;;;1;2;;;;
14/04/2012;23:03:00;177;sem vítima;299;BR-101/RJ;Sul;Colisão Traseira;;;2;;;;;;;;2;;;;
22/04/2012;11:39:00;61;sem vítima;299;BR-101/RJ;Norte;Saida de Pista;1;;;;;;;;;;3;;;;
22/04/2012;11:49:00;62;sem vítima;299;BR-101/RJ;Norte;Colisão Traseira;2;;;;;;;;;;5;;;;
22/04/2012;11:38:00;63;sem vítima;299;BR-101/RJ;Norte;Capotamento;;;;;;;;;;1;1;;;;
22/04/2012;19:48:00;128;sem vítima;299;BR-101/RJ;Norte;Saida de Pista;1;;;;;1;;;;;2;;;;
09/05/2012;21:36:00;182;sem vítima;299;BR-101/RJ;Norte;Colisão Lateral;1;;;;1;;;;;;2;;;;
30/05/2012;08:54:00;48;com vítima;299;BR-101/RJ;Sul;Colisão Lateral;1;;;1;;;;;;;3;1;;;
31/05/2012;12:31:00;105;sem vítima;299;BR-101/RJ;Norte;Colisão Traseira;2;;;;;1;;;;;5;;;;
02/06/2012;23:27:00;203;sem vítima;299;BR-101/RJ;Sul;Capotamento;1;;;;;;;;;;1;;;;
03/06/2012;14:59:00;116;com vítima;299;BR-101/RJ;Sul;Colisão Traseira;1;;;1;;;;;;;2;;;1;
04/06/2012;00:42:00;5;sem vítima;299;BR-101/RJ;Sul;Choque - Defensa, barreira ou "submarino";1;;;;;;;;;;1;;;;
04/06/2012;19:12:00;148;sem vítima;299;BR-101/RJ;Sul;Colisão Traseira;2;;;;;;;;;;4;;;;
11/06/2012;08:31:00;57;sem vítima;299;BR-101/RJ;Sul;Colisão Traseira;2;;;;;;;;;;2;;;;
17/06/2012;04:36:00;23;com vítima;299;BR-101/RJ;Sul;Saida de Pista;1;;;;;;;;;;0;;1;;
18/06/2012;17:40:00;159;sem vítima;299;BR-101/RJ;Norte;Choque - Defensa, barreira ou "submarino";1;;;;;;;;;;1;;;;
21/06/2012;16:28:00;128;sem vítima;299;BR-101/RJ;Sul;Colisão Traseira;;;2;;;;;;;;2;;;;
26/06/2012;12:02:00;91;sem vítima;299;BR-101/RJ;Sul;Colisão Traseira;2;;;;;;;;;;3;;;;
29/06/2012;18:23:00;181;sem vítima;299;BR-101/RJ;Sul;Colisão Traseira;2;;;;;;;;;;3;;;;
06/07/2012;20:31:00;215;sem vítima;299;BR-101/RJ;Norte;Colisão Traseira;1;;;;;1;;;;;5;;;;
08/07/2012;10:26:00;56;com vítima;299;BR-101/RJ;Norte;Saida de Pista;1;;;;;;;;;;0;;1;;
08/07/2012;13:49:00;84;sem vítima;299;BR-101/RJ;Norte;Saida de Pista;1;;;;;;;;;;1;;;;
08/07/2012;14:27:00;86;com vítima;299;BR-101/RJ;Norte;Choque - Arvore;1;;;;;;;;;;0;;;2;2
11/07/2012;15:28:00;121;com vítima;299,8;BR-101/RJ;Norte;Capotamento;1;;1;;;;;;;;1;1;;;
16/07/2012;04:57:00;15;sem vítima;299;BR-101/RJ;Norte;Saida de Pista;1;;;;;;;;;;1;;;;
21/07/2012;03:06:00;19;sem vítima;299;BR-101/RJ;Sul;Saida de Pista;1;;;;;;;;;;2;;;;
22/07/2012;21:53:00;180;sem vítima;299;BR-101/RJ;Sul;Queda de Moto;;;;1;;;;;;;2;;;;
03/08/2012;14:23:00;114;sem vítima;299;BR-101/RJ;Sul;Colisão Lateral;1;;1;;;;;;;;3;;;;
03/08/2012;15:55:00;130;com vítima;299;BR-101/RJ;Sul;Queda de Moto;;;;1;;;;;;;0;1;;;
10/08/2012;11:36:00;88;sem vítima;299;BR-101/RJ;Sul;Colisão Traseira;1;;1;;;;;;;;5;;;;
13/08/2012;10:51:00;82;com vítima;299;BR-101/RJ;Sul;Colisão Lateral;1;;;1;;;;;;;1;2;;;
01/09/2012;23:09:00;179;sem vítima;299,085;BR-101/RJ;Sul;Saida de Pista;1;;;;;;;;;;1;;;;
04/09/2012;14:19:00;115;sem vítima;299;BR-101/RJ;Norte;Colisão Traseira;1;;1;;;;;;;;3;;;;
12/09/2012;15:07:00;123;sem vítima;299,5;BR-101/RJ;Sul;Colisão Traseira;1;;;;;;;;;1;2;;;;