data;horario;n_da_ocorrencia;tipo_de_ocorrencia;km;trecho;sentido;tipo_de_acidente;automovel;bicicleta;caminhao;moto;onibus;outros;tracao_animal;transporte_de_cargas_especiais;trator_maquinas;utilitarios;ilesos;levemente_feridos;moderadamente_feridos;gravemente_feridos;mortos
15/09/2012;13:25:00;103;sem vítima;299;BR-101/RJ;Sul;Colisão Traseira;2;;;;;;;;;;6;;;;
20/09/2012;12:02:00;82;sem vítima;299;BR-101/RJ;Sul;Colisão Traseira;2;;;;;;;;;;3;;;;
25/09/2012;10:12:00;74;sem vítima;299;BR-101/RJ;Sul;Colisão Lateral;1;;1;;;;;;;;2;;;;
30/09/2012;06:13:00;23;sem vítima;299,627;BR-101/RJ;Sul;Choque - Defensa, barreira ou "submarino";1;;;;;;;;;;2;;;;
07/10/2012;03:00:00;12;sem vítima;299,6;BR-101/RJ;Norte;Choque - Defensa, barreira ou "submarino";1;;;;;;;;;;1;;;;
12/10/2012;10:22:00;100;sem vítima;299;BR-101/RJ;Norte;Colisão Lateral;2;;;;;;;;;;7;;;;
12/10/2012;23:43:00;234;com vítima;299,979;BR-101/RJ;Norte;Colisão Traseira;2;;;;;;;;;;3;5;;;
25/11/2012;17:09:00;113;com vítima;299;BR-101/RJ;Sul;Colisão Traseira;1;;;;;1;;;;;5;1;;;
07/12/2012;13:21:00;138;sem vítima;299;BR-101/RJ;Norte;Colisão Lateral;;;2;;;;;;;;2;;;;
12/12/2012;19:39:00;190;sem vítima;299;BR-101/RJ;Sul;Colisão Traseira;1;;;;1;;;;;;6;;;;
12/12/2012;05:55:00;18;sem vítima;299,5;BR-101/RJ;Sul;Colisão Lateral;1;;;;1;;;;;;2;;;;
14/12/2012;14:19:00;118;sem vítima;299;BR-101/RJ;Sul;Colisão Traseira;1;;1;;;;;;;;4;;;;
15/12/2012;10:17:00;76;sem vítima;299;BR-101/RJ;Sul;Colisão Traseira;2;;;;;;;;;;2;;;;
17/12/2012;22:30:00;211;sem vítima;299;BR-101/RJ;Sul;Choque - Defensa, barreira ou "submarino";1;;;;;;;;;;2;;;;
21/12/2012;12:45:00;141;sem vítima;299;BR-101/RJ;Sul;Colisão Traseira;;;2;;;;;;;;2;;;;
24/12/2012;17:53:00;135;sem vítima;299;BR-101/RJ;Norte;Saida de Pista;1;;;;;;;;;;1;;;;
03/01/2013;01:00:00;9;sem vítima;299;BR-101/RJ;Sul;Colisão Traseira;1;;1;;;;;;;;4;;;;
12/01/2013;22:13:00;149;sem vítima;299;BR-101/RJ;Sul;Colisão Traseira;1;;1;;;;;;;;3;;;;
22/01/2013;08:52:00;56;sem vítima;299;BR-101/RJ;Sul;Colisão Traseira;;;;;1;;;;;1;3;;;;
22/01/2013;14:22:00;129;sem vítima;299;BR-101/RJ;Sul;Colisão Traseira;2;;;;;;;;;;9;;;;
14/02/2013;00:40:00;12;sem vítima;299,25;BR-101/RJ;Sul;Tombamento;;;1;;;;;;;;1;;;;
18/02/2013;06:19:00;34;com vítima;299;BR-101/RJ;Norte;Atropelamento - Andarilho;;;;;;1;;;;;1;;1;;
20/02/2013;17:11:00;152;sem vítima;299;BR-101/RJ;Norte;Saida de Pista;1;;;;;;;;;;1;;;;
28/02/2013;20:11:00;148;sem vítima;299;BR-101/RJ;Sul;Colisão Traseira;2;;;;;;;;;;2;;;;
01/03/2013;15:51:00;120;sem vítima;299;BR-101/RJ;Norte;Saida de Pista;1;;;;;;;;;;1;;;;
26/03/2013;17:10:00;152;sem vítima;299;BR-101/RJ;Norte;Colisão Traseira;1;;1;;;;;;;;2;;;;
27/03/2013;21:07:00;181;sem vítima;299;BR-101/RJ;Sul;Choque - Defensa, barreira ou "submarino";;;1;;;;;;;;1;;;;
05/04/2013;14:42:00;106;com vítima;299;BR-101/RJ;Sul;Colisão Traseira;2;;;;;;;;;;1;2;1;;
11/04/2013;22:15:00;179;com vítima;299;BR-101/RJ;Sul;Saida de Pista;;;;1;;;;;;;0;;1;;
13/04/2013;02:51:00;15;sem vítima;299;BR-101/RJ;Sul;Atropelamento de Animal;;;1;;;;;;;;1;;;;
08/06/2013;01:37:00;10;sem vítima;299;BR-101/RJ;Sul;Choque - Defensa, barreira ou "submarino";;;1;;;;;;;;1;;;;
21/06/2013;22:30:00;185;sem vítima;299,556;BR-101/RJ;Norte;Choque - Defensa, barreira ou "submarino";1;;;;;;;;;;1;;;;
22/06/2013;07:32:00;41;sem vítima;299;BR-101/RJ;Sul;Colisão Lateral;1;;;;;;;;;1;2;;;;
28/06/2013;17:57:00;132;sem vítima;299;BR-101/RJ;Sul;Colisão Traseira;;;1;;1;;;;;;2;;;;
06/07/2013;21:11:00;174;sem vítima;299,6;BR-101/RJ;Sul;Queda de Moto;;;;1;;;;;;;1;;;;
07/07/2013;20:12:00;160;com vítima;299;BR-101/RJ;Norte;Queda de Moto;;;;1;;;;;;;2;;1;;
11/07/2013;14:01:00;98;sem vítima;299;BR-101/RJ;Sul;Engavetamento;1;;;;1;;;;;1;35;;;;
01/08/2013;10:05:00;71;com vítima;299,3;BR-101/RJ;Norte;Choque - Defensa, barreira ou "submarino";1;;;;;;;;;;1;;1;;
02/08/2013;15:28:00;119;sem vítima;299;BR-101/RJ;Sul;Choque - Defensa, barreira ou "submarino";1;;;;;;;;;;3;;;;
04/08/2013;15:35:00;121;com vítima;299,48;BR-101/RJ;Norte;Queda de Moto;;;;1;;;;;;;0;2;;;
10/08/2013;12:25:00;89;sem vítima;299;BR-101/RJ;Sul;Colisão Traseira;2;;;;;;;;;;2;;;;
20/08/2013;11:38:00;78;sem vítima;299;BR-101/RJ;Sul;Colisão Traseira;2;;;;;;;;;;2;;;;
22/08/2013;23:12:00;180;sem vítima;299;BR-101/RJ;Sul;Saida de Pista;1;;;;;;;;;;1;;;;
25/08/2013;03:45:00;22;com vítima;299,351;BR-101/RJ;Norte;Colisão Traseira;;;1;1;;;;;;;1;2;;;
29/08/2013;06:18:00;25;sem vítima;299;BR-101/RJ;Sul;Colisão Traseira;1;;1;;;;;;;;2;;;;
30/08/2013;13:09:00;95;sem vítima;299;BR-101/RJ;Sul;Colisão Traseira;2;;;;;;;;;;2;;;;
01/09/2013;12:59:00;71;sem vítima;299;BR-101/RJ;Norte;Capotamento;1;;;;;;;;;;2;;;;
05/09/2013;01:05:00;11;sem vítima;299,7;BR-101/RJ;Sul;Colisão Lateral;1;;1;;;;;;;;5;;;;
08/09/2013;06:37:00;36;sem vítima;299;BR-101/RJ;Norte;Atropelamento de Animal;1;;;;;;;;;;1;;;;
19/09/2013;17:39:00;146;com vítima;299,696;BR-101/RJ;Norte;Colisão Traseira;1;;;;1;;;;;;1;;;1;
21/10/2013;13:21:00;110;sem vítima;299;BR-101/RJ;Sul;Colisão Lateral;1;;;;1;;;;;;2;;;;
22/10/2013;10:15:00;86;com vítima;299,669;BR-101/RJ;Sul;Colisão Traseira;1;;;;;;;;;1;1;2;;;
30/10/2013;15:22:00;125;sem vítima;299;BR-101/RJ;Sul;Colisão Traseira;1;;1;;;;;;;;2;;;;
03/11/2013;22:22:00;215;sem vítima;299;BR-101/RJ;Sul;Colisão Lateral;1;;1;;;;;;;;5;;;;
13/11/2013;11:44:00;83;sem vítima;299;BR-101/RJ;Sul;Colisão Traseira;2;;;;;;;;;;2;;;;
23/11/2013;21:06:00;185;sem vítima;299,591;BR-101/RJ;Sul;Colisão Lateral;2;;;;;;;;;;2;;;;
03/12/2013;05:39:00;21;com vítima;299,228;BR-101/RJ;Norte;Queda de Moto;;;;1;;;;;;;0;1;;;
05/12/2013;14:49:00;126;sem vítima;299;BR-101/RJ;Sul;Colisão Traseira;1;;1;;;;;;;;2;;;;
07/12/2013;07:55:00;58;sem vítima;299;BR-101/RJ;Sul;Engavetamento;3;;;;;;;;;;5;;;;
08/12/2013;15:18:00;123;com vítima;299;BR-101/RJ;Sul;Colisão Traseira;1;;;1;;;;;;;2;2;;;
14/12/2013;10:08:00;77;sem vítima;299;BR-101/RJ;Sul;Colisão Traseira;2;;;;;;;;;;2;;;;
20/12/2013;10:27:00;72;sem vítima;299;BR-101/RJ;Sul;Colisão Lateral;2;;;;;;;;;;2;;;;
21/12/2013;14:22:00;118;sem vítima;299;BR-101/RJ;Sul;Colisão Traseira;2;;;;;;;;;;4;;;;
22/12/2013;06:05:00;35;com vítima;299,33;BR-101/RJ;Norte;Saida de Pista;1;;;;;;;;;;4;;1;;
23/12/2013;17:17:00;184;sem vítima;299;BR-101/RJ;Sul;Colisão Traseira;2;;;;;;;;;;4;;;;
28/12/2013;06:49:00;43;com vítima;299,97;BR-101/RJ;Sul;Queda de Moto;;;;1;;1;;;;;1;;1;;
09/01/2014;05:19:00;20;sem vítima;299;BR-101/RJ;Sul;Colisão Traseira;;;1;;1;;;;;;2;;;;
13/01/2014;00:07:00;3;sem vítima;299,651;BR-101/RJ;Sul;Engavetamento;1;;2;;;;;;;;5;;;;
18/01/2014;04:10:00;43;sem vítima;299;BR-101/RJ;Sul;Colisão Traseira;1;;1;;;;;;;;2;;;;
25/01/2014;14:25:00;120;sem vítima;299,5;BR-101/RJ;Sul;Colisão Traseira;1;;;;;1;;;;;2;;;;
29/01/2014;13:41:00;135;com vítima;299,036;BR-101/RJ;Norte;Engavetamento;4;;;;;;;;;;6;3;;;
22/02/2014;08:43:00;48;sem vítima;299;BR-101/RJ;Norte;Colisão Lateral;1;;;;1;;;;;;2;;;;
22/02/2014;00:57:00;8;com vítima;299,7;BR-101/RJ;Sul;Colisão Traseira;1;;;;;1;;;;;1;1;;;
28/02/2014;21:15:00;243;sem vítima;299,279;BR-101/RJ;Norte;Colisão Traseira;2;;;;;;;;;;8;;;;
01/03/2014;06:11:00;91;sem vítima;299;BR-101/RJ;Sul;Colisão Traseira;1;;;;;;;;;1;2;;;;
06/03/2014;16:00:00;162;sem vítima;299;BR-101/RJ;Sul;Colisão Traseira;1;;1;;;;;;;;2;;;;
13/03/2014;08:30:00;65;sem vítima;299;BR-101/RJ;Sul;Colisão Lateral;2;;;;;;;;;;2;;;;
15/03/2014;08:46:00;62;sem vítima;299,713;BR-101/RJ;Sul;Colisão Traseira;1;;1;;;;;;;;7;;;;
10/04/2014;19:30:00;180;com vítima;299;BR-101/RJ;Sul;Colisão Lateral;;;;1;;1;;;;;1;1;;;
17/04/2014;06:03:00;17;sem vítima;299;BR-101/RJ;Sul;Colisão Traseira;1;;1;;;;;;;;2;;;;
19/04/2014;08:21:00;24;sem vítima;299,73;BR-101/RJ;Sul;Colisão Lateral;2;;;;;;;;;;7;;;;
23/04/2014;05:48:00;28;sem vítima;299;BR-101/RJ;Sul;Colisão Traseira;2;;;;;;;;;;3;;;;
25/04/2014;23:42:00;165;sem vítima;299;BR-101/RJ;Sul;Colisão Traseira;2;;;;;;;;;;4;;;;
30/04/2014;19:29:00;162;sem vítima;299,8;BR-101/RJ;Sul;Colisão Lateral;1;;;;1;;;;;;3;;;;
10/05/2014;00:57:00;4;sem vítima;299,62;BR-101/RJ;Sul;Colisão Traseira;1;;1;;;;;;;;5;;;;
10/05/2014;22:00:00;174;com vítima;299,95;BR-101/RJ;Sul;Colisão Lateral;1;;1;;;;;;;;2;2;;;
30/05/2014;22:56:00;198;sem vítima;299;BR-101/RJ;Norte;Colisão Traseira;2;;;;;;;;;;5;;;;
05/06/2014;12:52:00;104;com vítima;299,145;BR-101/RJ;Norte;Saida de Pista;1;;;;;;;;;;0;;;;2
07/06/2014;15:08:00;95;sem vítima;299;BR-101/RJ;Sul;Choque - Suporte de Sinalização;;;1;;;;;;;;1;;;;
07/06/2014;19:29:00;147;sem vítima;299,5;BR-101/RJ;Sul;Engavetamento;2;;;1;;;;;;;7;;;;
26/06/2014;13:04:00;87;sem vítima;299;BR-101/RJ;Sul;Engavetamento;1;;2;;;;;;;;4;;;;
02/07/2014;21:19:00;179;sem vítima;299;BR-101/RJ;Sul;Choque - Defensa, barreira ou "submarino";1;;;;;;;;;;2;;;;
04/07/2014;12:38:00;80;com vítima;299;BR-101/RJ;Norte;Colisão Lateral;1;;;1;;;;;;;3;;1;;
08/07/2014;03:59:00;11;sem vítima;299;BR-101/RJ;Norte;Atropelamento de Animal;1;;;;;;;;;;1;;;;
19/07/2014;12:08:00;65;sem vítima;299;BR-101/RJ;Norte;Colisão Traseira;2;;;;;;;;;;2;;;;
28/07/2014;15:05:00;115;sem vítima;299;BR-101/RJ;Norte;Colisão Lateral;2;;;;;;;;;;3;;;;
29/07/2014;16:07:00;118;com vítima;299;BR-101/RJ;Norte;Choque - Defensa, barreira ou "submarino";1;;;;;;;;;;0;1;;;
09/08/2014;08:34:00;49;com vítima;299,5;BR-101/RJ;Norte;Engavetamento;3;;;;;;;;;;10;3;;;
14/08/2014;09:02:00;39;sem vítima;299,5;BR-101/RJ;Sul;Colisão Traseira;2;;;;;;;;;;2;;;;
17/08/2014;14:51:00;92;sem vítima;299,5;BR-101/RJ;Sul;Colisão Traseira;2;;;;;;;;;;2;;;;
25/08/2014;02:00:00;12;sem vítima;299;BR-101/RJ;Sul;Engavetamento;;;3;;;;;;;;4;;;;
13/09/2014;09:05:00;59;sem vítima;299;BR-101/RJ;Norte;Colisão Lateral;1;;1;;;;;;;;2;;;;
13/09/2014;21:41:00;160;sem vítima;299,7;BR-101/RJ;Sul;Choque - Outros;;;;;;1;;;;;1;;;;
21/09/2014;03:39:00;13;sem vítima;299;BR-101/RJ;Norte;Colisão Traseira;1;;1;;;;;;;;2;;;;
23/09/2014;16:35:00;123;sem vítima;299;BR-101/RJ;Sul;Colisão Traseira;;;1;;1;;;;;;2;;;;
03/10/2014;21:39:00;176;sem vítima;299,7;BR-101/RJ;Sul;Colisão Traseira;1;;1;;;;;;;;3;;;;
11/10/2014;19:43:00;190;sem vítima;299;BR-101/RJ;Sul;Colisão Traseira;2;;;;;;;;;;7;;;;
13/10/2014;07:39:00;38;com vítima;299,56;BR-101/RJ;Sul;Colisão Lateral;1;;;1;;;;;;;1;1;;;
19/10/2014;15:53:00;95;sem vítima;299,7;BR-101/RJ;Sul;Colisão Traseira;2;;;;;;;;;;2;;;;
09/11/2014;20:13:00;134;com vítima;299,527;BR-101/RJ;Norte;Colisão Traseira;1;;;1;;;;;;;1;2;;;
16/11/2014;23:23:00;188;sem vítima;299;BR-101/RJ;Sul;Colisão Lateral;1;;1;;;;;;;;6;;;;
20/11/2014;07:08:00;34;sem vítima;299;BR-101/RJ;Sul;Colisão Traseira;1;;;;1;;;;;;2;;;;
23/11/2014;22:31:00;180;sem vítima;299,7;BR-101/RJ;Sul;Colisão Traseira;1;;;;;1;;;;;2;;;;
01/12/2014;21:57:00;204;sem vítima;299,715;BR-101/RJ;Sul;Colisão Traseira;1;;1;;;;;;;;2;;;;
02/12/2014;12:36:00;98;sem vítima;299;BR-101/RJ;Sul;Colisão Traseira;1;;1;;;;;;;;3;;;;
05/12/2014;16:42:00;122;sem vítima;299;BR-101/RJ;Norte;Colisão Traseira;1;;;;;1;;;;;2;;;;
24/12/2014;13:02:00;99;sem vítima;299,56;BR-101/RJ;Sul;Colisão Traseira;2;;;;;;;;;;6;;;;
28/12/2014;22:41:00;186;sem vítima;299,5;BR-101/RJ;Sul;Colisão Lateral;2;;;;;;;;;;7;;;;
28/12/2014;14:00:00;84;sem vítima;299,56;BR-101/RJ;Sul;Colisão Traseira;2;;;;;;;;;;6;;;;
30/12/2014;20:39:00;174;com vítima;299,7;BR-101/RJ;Norte;Colisão Lateral;1;;;1;;;;;;;2;1;;;
05/01/2015;14:54:00;120;sem vítima;299;BR-101/RJ;Sul;Colisão Traseira;2;;;;;;;;;;2;;;;
10/01/2015;09:38:00;61;sem vítima;299,65;BR-101/RJ;Sul;Engavetamento;3;;;;;;;;;;3;;;;
14/01/2015;18:18:00;126;com vítima;299,703;BR-101/RJ;Norte;Queda de Moto;;;;1;;;;;;;0;;2;;
14/01/2015;18:18:00;127;com vítima;299,705;BR-101/RJ;Norte;Choque - Defensa, barreira ou "submarino";;;1;;;;;;;;0;1;;;
15/01/2015;18:23:00;140;sem vítima;299;BR-101/RJ;Norte;Colisão Traseira;1;;1;;;;;;;;2;;;;
17/01/2015;08:28:00;57;sem vítima;299,65;BR-101/RJ;Norte;Engavetamento;2;;1;;;;;;;;4;;;;
21/01/2015;07:24:00;22;sem vítima;299;BR-101/RJ;Sul;Colisão Lateral;2;;;;;;;;;;3;;;;
01/02/2015;08:05:00;27;com vítima;299;BR-101/RJ;Norte;Choque - Defensa, barreira ou "submarino";1;;;;;;;;;;0;1;0;0;0
28/02/2015;17:39:00;132;sem vítima;299;BR-101/RJ;Sul;Colisão Traseira;1;;;;;1;;;;;2;;;;
06/04/2015;13:22:00;128;sem vítima;299,56;BR-101/RJ;Sul;Colisão Traseira;1;;1;;;;;;;;4;;;;
08/04/2015;05:49:00;22;sem vítima;299;BR-101/RJ;Norte;Choque - Defensa, barreira ou "submarino";;;1;;;;;;;;1;;;;
18/04/2015;23:53:00;214;com vítima;299;BR-101/RJ;Norte;Queda de Moto;;;;1;;;;;;;0;1;;;
20/04/2015;18:23:00;133;com vítima;299;BR-101/RJ;Sul;Queda de Moto;;;;1;;;;;;;0;1;;;
26/04/2015;17:40:00;110;com vítima;299;BR-101/RJ;Sul;Colisão Traseira;2;;;;;;;;;;7;1;1;;
29/04/2015;04:22:00;15;sem vítima;299,763;BR-101/RJ;Sul;Colisão Traseira;;;1;;;1;;;;;2;;;;
29/04/2015;04:39:00;16;sem vítima;299,763;BR-101/RJ;Sul;Colisão Traseira;1;;1;;;;;;;;2;;;;
02/05/2015;14:26:00;83;sem vítima;299;BR-101/RJ;Sul;Colisão Lateral;2;;;;;;;;;;7;;;;
03/05/2015;16:27:00;114;sem vítima;299;BR-101/RJ;Sul;Colisão Traseira;1;;;;;;;;;1;2;;;;
10/05/2015;04:34:00;21;com vítima;299,243;BR-101/RJ;Norte;Choque - Defensa, barreira ou "submarino";1;;;;;;;;;;0;3;;;
14/05/2015;01:00:00;7;sem vítima;299;BR-101/RJ;Sul;Choque - Suporte de Sinalização;;;1;;;;;;;;2;;;;
23/05/2015;08:59:00;57;sem vítima;299;BR-101/RJ;Norte;Engavetamento;3;;;;;;;;;;6;;;;
24/06/2015;05:12:00;16;com vítima;299,419;BR-101/RJ;Sul;Colisão Transversal;1;;;;1;;;;;;1;;1;;
05/07/2015;15:45:00;109;sem vítima;299;BR-101/RJ;Sul;Colisão Lateral;2;;;;;;;;;;2;;;;
12/07/2015;11:12:00;72;sem vítima;299,65;BR-101/RJ;Sul;Colisão Traseira;2;;;;;;;;;;6;;;;
20/07/2015;09:12:00;73;sem vítima;299,7;BR-101/RJ;Sul;Colisão Traseira;2;;;;;;;;;;2;;;;
05/08/2015;12:27:00;109;com vítima;299,7;BR-101/RJ;Sul;Colisão Traseira;1;;1;;;;;;;;1;1;;;
10/08/2015;06:34:00;27;sem vítima;299;BR-101/RJ;Sul;Colisão Transversal;1;;;;1;;;;;;4;;;;
10/09/2015;18:45:00;170;sem vítima;299,631;BR-101/RJ;Norte;Engavetamento;3;;;;;;;;;;7;;;;
14/09/2015;16:23:00;177;sem vítima;299,57;BR-101/RJ;Sul;Choque - Defensa, barreira ou "submarino";1;;;;;;;;;;1;;;;
18/09/2015;18:13:00;255;sem vítima;299;BR-101/RJ;Sul;Colisão Traseira;2;;;;;;;;;;7;;;;
03/10/2015;06:16:00;39;sem vítima;299,569;BR-101/RJ;Norte;Colisão Traseira;2;;1;;;;;;;;3;;;;
05/10/2015;06:12:00;25;sem vítima;299;BR-101/RJ;Sul;Colisão Traseira;1;;1;;;;;;;;2;;;;
12/10/2015;17:46:00;143;sem vítima;299,8;BR-101/RJ;Sul;Colisão Traseira;2;;;;;;;;;;2;;;;
20/10/2015;13:16:00;145;sem vítima;299,7;BR-101/RJ;Sul;Colisão Traseira;1;;1;;;;;;;;5;;;;
30/10/2015;10:18:00;66;sem vítima;299,589;BR-101/RJ;Sul;Colisão Traseira;2;;;;;;;;;;6;;;;
12/12/2015;18:38:00;188;sem vítima;299;BR-101/RJ;Norte;Colisão Traseira;2;;;;;;;;;;3;;;;
13/12/2015;11:35:00;110;sem vítima;299;BR-101/RJ;Sul;Colisão Traseira;2;;;;;;;;;;7;;;;
13/12/2015;06:15:00;38;com vítima;299,659;BR-101/RJ;Norte;Capotamento;1;;;;;;;;;;0;;;;1
22/12/2015;22:45:00;252;sem vítima;299;BR-101/RJ;Sul;Colisão Lateral;1;;;;;1;;;;;2;;;;
27/12/2015;20:08:00;217;sem vítima;299,8;BR-101/RJ;Sul;Colisão Lateral;1;;;;1;;;;;;53;;;;
28/01/2010;07:13:00;46;com vítima;300;BR-101/RJ;Norte;Colisão Traseira;;;1;;;1;;;;;3;;1;;
11/02/2010;18:18:00;184;sem vítima;300;BR-101/RJ;Norte;Colisão Traseira;2;;;;;;;;;;2;;;;
13/02/2010;05:27:00;74;sem vítima;300;BR-101/RJ;Norte;Colisão Traseira;1;;;;1;;;;;;51;;;;
13/02/2010;08:02:00;129;sem vítima;300;BR-101/RJ;Norte;Colisão Traseira;2;;;1;;;;;;;7;;;;
13/02/2010;11:49:00;221;sem vítima;300;BR-101/RJ;Norte;Engavetamento;2;;;;;;;;;;2;;;;
26/02/2010;11:25:00;78;sem vítima;300;BR-101/RJ;Sul;Saida de Pista;1;;;;;;;;;;2;;;;
18/03/2010;22:39:00;213;sem vítima;300;BR-101/RJ;Sul;Atropelamento de Animal;1;;;;;1;;;;;2;;;;
09/07/2010;06:31:00;28;com vítima;300;BR-101/RJ;Norte;Capotamento;1;;;;;;;;;;0;2;1;;
19/07/2010;20:38:00;183;com vítima;300,5;BR-101/RJ;Norte;Atropelamento - Morador;1;;;;;;;;;;2;;;;1
07/08/2010;19:53:00;164;com vítima;300;BR-101/RJ;Norte;Atropelamento - Morador;;;;;;1;;;;;1;;;;1
07/08/2010;22:42:00;181;sem vítima;300;BR-101/RJ;Norte;Colisão Traseira;2;;;;;;;;;;2;;;;
25/09/2010;19:05:00;164;com vítima;300;BR-101/RJ;Norte;Atropelamento - Andarilho;1;1;;;;1;;;;;2;;;1;
06/10/2010;20:44:00;149;sem vítima;300;BR-101/RJ;Norte;Saida de Pista;1;;;;;;;;;;2;;;;
08/11/2010;01:39:00;8;sem vítima;300;BR-101/RJ;Norte;Saida de Pista;;;;;;;;;;1;1;;;;
12/12/2010;18:03:00;151;com vítima;300;BR-101/RJ;Norte;Capotamento;1;;;;;;;;;;0;3;;;
19/12/2010;08:03:00;61;sem vítima;300;BR-101/RJ;Norte;Saida de Pista;1;;;;;;;;;;2;;;;
03/02/2011;14:50:00;114;sem vítima;300;BR-101/RJ;Sul;Colisão Lateral;1;;;;;1;;;;;2;;;;
06/02/2011;01:32:00;12;com vítima;300;BR-101/RJ;Norte;Colisão Frontal;;2;;1;;;;;;;0;2;1;;
16/02/2011;20:21:00;192;com vítima;300;BR-101/RJ;Norte;Atropelamento - Outros;;;;1;;;;;;;0;;2;;
16/02/2011;20:35:00;196;sem vítima;300;BR-101/RJ;Norte;Colisão Lateral;2;;;;;;;;;;2;;;;
23/03/2011;18:29:00;151;sem vítima;297;BR-101/RJ;Norte;Capotamento;1;;;;;;;;;;1;;;;
23/03/2011;19:31:00;163;sem vítima;320;BR-101/RJ;Norte;Colisão Traseira;2;;;;;;;;;;2;;;;
24/03/2011;04:25:00;11;sem vítima;279;BR-101/RJ;Norte;Choque - Talude;;;;;;;;;;1;1;;;;
08/05/2011;20:59:00;168;com vítima;300;BR-101/RJ;Norte;Atropelamento - Morador;;;;;;1;;;;;1;;;;1
18/05/2011;07:30:00;32;sem vítima;300;BR-101/RJ;Norte;Colisão Traseira;;;2;;;;;;;;2;;;;
21/05/2011;09:37:00;58;sem vítima;300;BR-101/RJ;Norte;Choque - Outros;1;;1;;;;;;;;2;;;;
23/06/2011;03:18:00;18;com vítima;300;BR-101/RJ;Norte;Capotamento;1;;;;;;;;;;0;;1;;
13/09/2011;16:51:00;96;com vítima;300;BR-101/RJ;Norte;Saida de Pista;1;;;;;;;;;;0;2;;;
23/09/2011;18:54:00;157;sem vítima;300;BR-101/RJ;Norte;Engavetamento;3;;;;;;;;;;6;;;;
28/10/2011;07:11:00;30;sem vítima;300;BR-101/RJ;Norte;Saida de Pista;1;;;;;;;;;;1;;;;
03/11/2011;19:49:00;161;com vítima;300,1000061035156;BR-101/RJ;Norte;Atropelamento - Morador;1;;;;;;;;;;2;;;;1
10/12/2011;09:51:00;83;sem vítima;300;BR-101/RJ;Sul;Engavetamento;3;;;;;;;;;;5;;;;
10/12/2011;10:02:00;86;sem vítima;300;BR-101/RJ;Norte;Engavetamento;3;;;;;;;;;;10;;;;
17/12/2011;11:21:00;68;com vítima;300;BR-101/RJ;Norte;Capotamento;1;;;;;;;;;;1;2;1;;
26/12/2011;13:29:00;102;sem vítima;300;BR-101/RJ;Norte;Saida de Pista;1;;;;;;;;;;1;;;;
21/01/2012;19:59:00;160;com vítima;300;BR-101/RJ;Norte;Colisão Transversal;;;;1;;;;;;;1;1;;;
21/01/2012;20:20:00;164;sem vítima;300,5;BR-101/RJ;Norte;Colisão Traseira;2;;;;;;;;;;3;;;;
29/01/2012;17:22:00;129;sem vítima;300,8;BR-101/RJ;Sul;Capotamento;1;;;;;;;;;;1;;;;
14/02/2012;22:52:00;182;com vítima;300;BR-101/RJ;Norte;Saida de Pista;1;;1;;;1;;;;1;1;5;;;
17/02/2012;08:58:00;65;sem vítima;300;BR-101/RJ;Sul;Saida de Pista;1;;;;;;;;;;4;;;;
19/02/2012;09:03:00;74;sem vítima;300;BR-101/RJ;Norte;Engavetamento;3;;;;;;;;;;13;;;;
03/03/2012;07:37:00;40;sem vítima;300;BR-101/RJ;Norte;Colisão Lateral;2;;;;;;;;;;3;;;;
03/04/2012;16:16:00;124;sem vítima;300;BR-101/RJ;Norte;Engavetamento;3;;;;;;;;;;3;;;;
06/04/2012;08:24:00;59;sem vítima;300;BR-101/RJ;Norte;Engavetamento;3;;;;;;;;;;13;;;;
29/04/2012;16:26:00;94;sem vítima;300;BR-101/RJ;Norte;Choque - Defensa, barreira ou "submarino";;;1;;;;;;;;1;;;;
14/05/2012;05:47:00;17;com vítima;300;BR-101/RJ;Norte;Colisão Traseira;;;;1;;1;;;;;1;1;;;
18/06/2012;16:28:00;147;sem vítima;300,6;BR-101/RJ;Norte;Atropelamento - Morador;;;;1;;;;;;;2;;;;
27/07/2012;01:43:00;4;sem vítima;300;BR-101/RJ;Sul;Saida de Pista;1;;;;;;;;;;2;;;;
28/07/2012;16:50:00;154;com vítima;300;BR-101/RJ;Norte;Atropelamento - Morador;1;;;;;;;;;;1;;;1;
03/08/2012;19:01:00;171;com vítima;300,104;BR-101/RJ;Norte;Colisão Traseira;2;;;;;;;;;;6;1;;;
02/09/2012;05:17:00;12;sem vítima;300;BR-101/RJ;Norte;Saida de Pista;1;;;;;;;;;;1;;;;
11/09/2012;19:37:00;140;sem vítima;300,559;BR-101/RJ;Sul;Saida de Pista;1;;;;;;;;;;2;;;;
02/11/2012;23:32:00;178;sem vítima;300;BR-101/RJ;Norte;Choque - Defensa, barreira ou "submarino";;;;;;;;;;1;1;;;;
03/11/2012;16:18:00;99;com vítima;300;BR-101/RJ;Sul;Colisão Traseira;1;;;1;;;;;;;3;;;1;
14/11/2012;05:31:00;26;sem vítima;300,7;BR-101/RJ;Sul;Colisão Lateral;2;;;;1;;;;;;6;;;;
30/11/2012;05:03:00;22;com vítima;300,611;BR-101/RJ;Norte;Colisão Traseira;1;;;;1;;;;;;1;3;;;
04/12/2012;12:31:00;108;com vítima;300;BR-101/RJ;Norte;Colisão Traseira;1;;;1;;;;;;;1;;1;;
08/12/2012;10:25:00;87;com vítima;300;BR-101/RJ;Norte;Atropelamento - Ciclista;;1;;;;1;;;;;1;1;;;
10/12/2012;04:56:00;27;com vítima;300;BR-101/RJ;Norte;Saida de Pista;;;;1;;;;;;;0;2;;;