data;horario;n_da_ocorrencia;tipo_de_ocorrencia;km;trecho;sentido;tipo_de_acidente;automovel;bicicleta;caminhao;moto;onibus;outros;tracao_animal;transporte_de_cargas_especiais;trator_maquinas;utilitarios;ilesos;levemente_feridos;moderadamente_feridos;gravemente_feridos;mortos
17/12/2012;23:33:00;219;sem vítima;300;BR-101/RJ;Norte;Colisão Traseira;1;;1;;;;;;;;2;;;;
19/12/2012;23:01:00;202;com vítima;300;BR-101/RJ;Sul;Colisão Traseira;1;;1;;;;;;;;1;1;;;
10/01/2013;22:07:00;211;sem vítima;300,545;BR-101/RJ;Sul;Saida de Pista;1;;;;;;;;;;1;;;;
12/01/2013;12:51:00;76;sem vítima;300;BR-101/RJ;Norte;Colisão Traseira;2;;;;;;;;;;4;;;;
18/01/2013;10:46:00;85;com vítima;300,02;BR-101/RJ;Sul;Colisão Lateral;1;1;;;;;;;;;2;;1;;
19/01/2013;09:41:00;73;sem vítima;300;BR-101/RJ;Norte;Colisão Traseira;2;;;;;;;;;;7;;;;
08/02/2013;20:22:00;253;sem vítima;300;BR-101/RJ;Norte;Colisão Traseira;2;;;;;;;;;;3;;;;
03/03/2013;14:46:00;98;sem vítima;300;BR-101/RJ;Norte;Saida de Pista;1;;;;;;;;;;1;;;;
09/03/2013;07:40:00;50;sem vítima;300;BR-101/RJ;Norte;Capotamento;1;;;;;;;;;;2;;;;
08/04/2013;05:12:00;26;sem vítima;300,125;BR-101/RJ;Sul;Saida de Pista;1;;;;;;;;;;2;;;;
13/04/2013;02:18:00;12;sem vítima;300;BR-101/RJ;Norte;Saida de Pista;1;;;;;;;;;;3;;;;
14/04/2013;12:14:00;76;sem vítima;300;BR-101/RJ;Norte;Choque - Defensa, barreira ou "submarino";1;;;;;;;;;;4;;;;
24/04/2013;02:00:00;12;com vítima;300,858;BR-101/RJ;Norte;Colisão Traseira;1;;1;;;;;;;;1;;1;;
28/04/2013;21:45:00;155;sem vítima;300;BR-101/RJ;Norte;Engavetamento;3;;;;;;;;;;13;;;;
26/05/2013;14:48:00;93;com vítima;300,8;BR-101/RJ;Norte;Atropelamento - Outros;1;;;;;;;;;;1;;;;1
08/06/2013;11:50:00;89;sem vítima;300;BR-101/RJ;Norte;Colisão Traseira;2;;;;;;;;;;2;;;;
04/07/2013;18:05:00;138;com vítima;300;BR-101/RJ;Sul;Colisão Lateral;;;;1;;1;;;;;1;1;;;
21/07/2013;16:41:00;143;sem vítima;300;BR-101/RJ;Sul;Colisão Lateral;1;;1;;;;;;;;2;;;;
23/08/2013;07:14:00;33;sem vítima;300,05;BR-101/RJ;Norte;Tombamento;;;1;;;;;;;;2;;;;
16/09/2013;08:34:00;50;com vítima;300,06;BR-101/RJ;Sul;Colisão Lateral;1;;1;;;;;;;;1;;1;;
21/09/2013;18:23:00;149;sem vítima;300;BR-101/RJ;Norte;Colisão Traseira;2;;;;;;;;;;2;;;;
19/10/2013;12:22:00;99;com vítima;300,333;BR-101/RJ;Norte;Engavetamento;3;;;;;;;;;;2;2;;;
25/10/2013;15:14:00;134;sem vítima;300;BR-101/RJ;Norte;Colisão Traseira;2;;;;;;;;;;3;;;;
26/10/2013;00:00:00;1;sem vítima;300;BR-101/RJ;Norte;Choque - Defensa, barreira ou "submarino";1;;;;;;;;;;1;;;;
21/12/2013;00:43:00;6;sem vítima;300,672;BR-101/RJ;Norte;Colisão Traseira;1;;1;;;;;;;;6;;;;
27/12/2013;09:22:00;63;com vítima;300,48;BR-101/RJ;Norte;Engavetamento;8;;;;;;;;;;14;;1;;
28/12/2013;12:31:00;131;com vítima;300,83;BR-101/RJ;Norte;Atropelamento - Morador;;;;1;;;;;;;1;1;;;
04/01/2014;12:00:00;112;sem vítima;300,533;BR-101/RJ;Norte;Colisão Traseira;2;;;;;;;;;;7;;;;
10/01/2014;18:42:00;202;sem vítima;300;BR-101/RJ;Norte;Colisão Traseira;2;;;;;;;;;;2;;;;
11/01/2014;17:58:00;196;sem vítima;300,509;BR-101/RJ;Norte;Engavetamento;3;;;;;;;;;;5;;;;
17/01/2014;23:37:00;195;sem vítima;300;BR-101/RJ;Norte;Colisão Lateral;1;;1;;;;;;;;3;;;;
21/01/2014;18:55:00;185;sem vítima;300,2;BR-101/RJ;Norte;Saida de Pista;1;;;;;;;;;;1;;;;
24/01/2014;12:55:00;80;sem vítima;300,1;BR-101/RJ;Norte;Engavetamento;3;;;;;;;;;;3;;;;
03/02/2014;22:52:00;220;com vítima;300,645;BR-101/RJ;Sul;Colisão Traseira;2;;;;;;;;;;4;1;3;;
09/02/2014;22:20:00;194;sem vítima;300;BR-101/RJ;Sul;Colisão Lateral;1;;1;;;;;;;;2;;;;
18/05/2014;07:22:00;30;sem vítima;300,727;BR-101/RJ;Norte;Outros - Sequência;1;;;;;;;;;1;9;;;;
28/05/2014;19:58:00;154;com vítima;300,571;BR-101/RJ;Norte;Colisão Traseira;1;;;1;;;;;;;1;1;;;
19/06/2014;15:21:00;71;sem vítima;300,772;BR-101/RJ;Sul;Tombamento;;;1;;;;;;;;3;;;;
22/07/2014;15:34:00;109;com vítima;300;BR-101/RJ;Norte;Colisão Lateral;;;1;;1;;;;;;2;1;;;
25/07/2014;17:18:00;144;sem vítima;300;BR-101/RJ;Norte;Saida de Pista;;;1;;;;;;;;1;;;;
11/09/2014;23:32:00;200;com vítima;300,517;BR-101/RJ;Norte;Queda de Moto;;;;1;;;;;;;0;1;;;
14/09/2014;19:28:00;168;sem vítima;300,55;BR-101/RJ;Sul;Colisão Traseira;2;;;;;;;;;;5;;;;
26/10/2014;13:36:00;75;com vítima;300,152;BR-101/RJ;Sul;Queda de Moto;;;;1;;;;;;;1;1;;;
05/12/2014;06:40:00;33;sem vítima;300;BR-101/RJ;Norte;Colisão Traseira;1;;;;1;;;;;;2;;;;
13/12/2014;11:20:00;92;sem vítima;300;BR-101/RJ;Norte;Engavetamento;2;;;;1;;;;;;3;;;;
19/12/2014;15:37:00;137;com vítima;300,566;BR-101/RJ;Norte;Engavetamento;2;;;;;;;;;1;3;1;;;
20/12/2014;00:41:00;5;sem vítima;300;BR-101/RJ;Norte;Saida de Pista;1;;;;;;;;;;6;;;;
27/12/2014;07:45:00;30;sem vítima;300;BR-101/RJ;Norte;Colisão Traseira;2;;;;;;;;;;2;;;;
30/12/2014;11:24:00;81;com vítima;300;BR-101/RJ;Norte;Colisão Lateral;1;;;1;;;;;;;4;1;;;
07/01/2015;11:33:00;75;sem vítima;300;BR-101/RJ;Norte;Colisão Traseira;2;;;;;;;;;;2;;;;
07/01/2015;11:36:00;77;sem vítima;300;BR-101/RJ;Norte;Colisão Traseira;2;;;;;;;;;;2;;;;
17/01/2015;17:17:00;149;sem vítima;300;BR-101/RJ;Norte;Colisão Traseira;2;;;;;;;;;;2;;;;
02/02/2015;14:40:00;119;sem vítima;300;BR-101/RJ;Norte;Saida de Pista;;;1;;;;;;;;2;0;0;0;0
13/02/2015;16:45:00;170;sem vítima;300;BR-101/RJ;Norte;Colisão Traseira;1;;;;;1;;;;;2;0;0;0;0
15/02/2015;21:16:00;177;sem vítima;300;BR-101/RJ;Sul;Colisão Lateral;2;;;;;;;;;;2;0;0;0;0
19/02/2015;17:47:00;172;com vítima;300;BR-101/RJ;Sul;Engavetamento;2;;;;;;;;;1;6;0;0;1;0
23/03/2015;11:35:00;121;sem vítima;300,799;BR-101/RJ;Norte;Choque - Defensa, barreira ou "submarino";1;;;;;;;;;;1;0;0;0;0
27/03/2015;16:50:00;162;sem vítima;300;BR-101/RJ;Norte;Colisão Traseira;2;;;;;;;;;;2;0;0;0;0
27/03/2015;23:15:00;237;sem vítima;300;BR-101/RJ;Norte;Colisão Traseira;1;;;;1;;;;;;2;0;0;0;0
27/03/2015;16:39:00;158;com vítima;300;BR-101/RJ;Norte;Engavetamento;3;;;;;;;;;;3;0;1;0;0
08/05/2015;18:40:00;200;sem vítima;300;BR-101/RJ;Norte;Colisão Traseira;2;;;;;;;;;;4;;;;
12/05/2015;19:31:00;165;sem vítima;300;BR-101/RJ;Sul;Tombamento;1;;1;;;;;;;;4;;;;
15/05/2015;19:17:00;175;sem vítima;300;BR-101/RJ;Norte;Engavetamento;4;;;;;;;;;;6;;;;
25/05/2015;06:06:00;26;sem vítima;300,928;BR-101/RJ;Sul;Choque - Outros;1;;;;;;;;;;1;;;;
11/09/2015;10:37:00;102;sem vítima;300;BR-101/RJ;Norte;Engavetamento;3;;;;;;;;;1;9;;;;
29/10/2015;23:37:00;216;sem vítima;300,1;BR-101/RJ;Norte;Colisão Traseira;1;;;;;1;;;;;3;;;;
24/11/2015;04:25:00;24;sem vítima;300;BR-101/RJ;Sul;Colisão Traseira;2;;;;;;;;;;2;;;;
08/12/2015;11:50:00;144;sem vítima;300,606;BR-101/RJ;Norte;Colisão Traseira;1;;;;1;;;;;;2;;;;
11/12/2015;05:40:00;27;com vítima;300,803;BR-101/RJ;Sul;Atropelamento - Morador;;;;;;1;;;;;1;;1;;
01/01/2010;07:14:00;21;sem vítima;301;BR-101/RJ;Norte;Saida de Pista;1;;;;;;;;;;2;;;;
16/01/2010;00:57:00;5;com vítima;301;BR-101/RJ;Norte;Atropelamento - Sem Informação;1;;;;;1;;;;;3;;;;1
25/01/2010;18:51:00;186;sem vítima;301;BR-101/RJ;Norte;Colisão Traseira;2;;;;;;;;;;3;;;;
07/02/2010;21:40:00;214;com vítima;301;BR-101/RJ;Sul;Atropelamento - Morador;;;;;;1;;;;;1;;;1;
02/03/2010;12:55:00;89;com vítima;301;BR-101/RJ;Norte;Capotamento;1;;;;;;;;;;0;3;1;;
01/05/2010;16:56:00;122;com vítima;301;BR-101/RJ;Sul;Colisão Traseira;2;;;;;;;;;;0;2;1;;
29/05/2010;03:39:00;22;sem vítima;301;BR-101/RJ;Norte;Colisão Traseira;1;;1;;;;;;;;7;;;;
05/10/2010;12:43:00;89;sem vítima;301;BR-101/RJ;Norte;Colisão Traseira;2;;;;;;;;;;4;;;;
10/10/2010;21:42:00;178;sem vítima;301;BR-101/RJ;Sul;Colisão Traseira;2;;;;;;;;;;2;;;;
08/11/2010;22:28:00;198;com vítima;301;BR-101/RJ;Norte;Atropelamento - Andarilho;1;;;;;;;;;;2;;;;1
22/11/2010;05:59:00;27;sem vítima;301;BR-101/RJ;Sul;Saida de Pista;1;;;;;;;;;;1;;;;
11/12/2010;18:41:00;173;sem vítima;301;BR-101/RJ;Norte;Saida de Pista;1;;;;;;;;;;1;;;;
15/12/2010;22:37:00;217;sem vítima;301;BR-101/RJ;Norte;Engavetamento;3;;;;;;;;;;6;;;;
29/12/2010;16:55:00;156;sem vítima;301;BR-101/RJ;Norte;Colisão Lateral;1;;;1;;;;;;;2;;;;
08/01/2011;11:00:00;116;sem vítima;301;BR-101/RJ;Sul;Colisão Traseira;;;;;2;;;;;;5;;;;
24/03/2011;06:18:00;22;sem vítima;320;BR-101/RJ;Norte;Atropelamento - Morador;;;;;1;;;;;;2;;;;
24/03/2011;11:06:00;83;sem vítima;320;BR-101/RJ;Norte;Colisão Traseira;1;;;;1;;;;;;2;;;;
12/05/2011;21:00:00;179;sem vítima;301;BR-101/RJ;Norte;Colisão Traseira;2;;;;;;;;;;2;;;;
05/06/2011;15:10:00;84;sem vítima;301;BR-101/RJ;Sul;Saida de Pista;1;;;;1;;;;;;5;;;;
24/06/2011;23:17:00;174;com vítima;301;BR-101/RJ;Sul;Colisão Traseira;1;;1;;;;;;;;0;1;1;;
07/08/2011;20:39:00;162;com vítima;301,6400146484375;BR-101/RJ;Sul;Saida de Pista;1;;;;;;;;;;1;;2;;
11/08/2011;05:55:00;27;sem vítima;301,29998779296875;BR-101/RJ;Norte;Tombamento;1;;;;;;;;;;1;;;;
02/09/2011;20:16:00;160;com vítima;301,989990234375;BR-101/RJ;Sul;Atropelamento - Morador;1;;;;;;;;;;1;;;1;
05/09/2011;14:40:00;104;sem vítima;301;BR-101/RJ;Norte;Capotamento;1;;;;;;;;;;1;;;;
11/09/2011;18:19:00;144;sem vítima;301;BR-101/RJ;Sul;Engavetamento;3;;;;;;;;;;8;;;;
01/10/2011;23:54:00;227;com vítima;301,70001220703125;BR-101/RJ;Sul;Atropelamento de Animal;;;;;;2;;;;;2;;;1;
23/10/2011;08:24:00;36;com vítima;301;BR-101/RJ;Norte;Queda de Moto;;;;1;;;;;;;0;;1;;
10/01/2012;09:51:00;78;com vítima;301;BR-101/RJ;Norte;Colisão Traseira;1;;;1;;;;;;;2;1;;;
20/01/2012;12:33:00;117;com vítima;301;BR-101/RJ;Norte;Outros - Sequência;1;;;1;;;;;;1;4;1;;;
03/02/2012;20:02:00;186;sem vítima;301;BR-101/RJ;Norte;Colisão Traseira;1;;;1;;;;;;;3;;;;
11/03/2012;22:45:00;194;com vítima;301;BR-101/RJ;Sul;Colisão Traseira;;;;1;;1;;;;;1;1;;;
04/04/2012;18:34:00;164;com vítima;301,6;BR-101/RJ;Sul;Atropelamento - Morador;;;;1;;;;;;;0;;1;;1
14/04/2012;10:53:00;65;sem vítima;301;BR-101/RJ;Norte;Saida de Pista;1;;;;;;;;;;1;;;;
09/07/2012;06:29:00;24;sem vítima;301;BR-101/RJ;Norte;Colisão Traseira;1;;;;;1;;;;;5;;;;
22/07/2012;17:51:00;139;com vítima;301,3;BR-101/RJ;Norte;Atropelamento - Ciclista;1;;;;;;;;;;2;;;1;
01/09/2012;03:46:00;21;sem vítima;301;BR-101/RJ;Sul;Atropelamento de Animal;1;;;;;;;;;;3;;;;
07/09/2012;06:25:00;49;sem vítima;301;BR-101/RJ;Norte;Colisão Traseira;1;;;;;1;;;;;5;;;;
07/09/2012;06:30:00;58;sem vítima;301;BR-101/RJ;Norte;Colisão Traseira;2;;;;;;;;;;7;;;;
10/10/2012;10:03:00;99;sem vítima;301;BR-101/RJ;Norte;Saida de Pista;1;;;;;;;;;;1;;;;
19/10/2012;20:44:00;193;sem vítima;301,333;BR-101/RJ;Norte;Saida de Pista;1;;;;;;;;;;1;;;;
31/10/2012;01:52:00;10;sem vítima;301;BR-101/RJ;Norte;Colisão Traseira;1;;;;;1;;;;;5;;;;
10/11/2012;12:33:00;95;sem vítima;301;BR-101/RJ;Sul;Colisão Traseira;3;;;;;;;;;;5;;;;
10/11/2012;06:11:00;28;sem vítima;301,6;BR-101/RJ;Norte;Colisão Traseira;;;1;;1;;;;;;2;;;;
26/12/2012;19:36:00;206;sem vítima;301,5;BR-101/RJ;Norte;Colisão Traseira;2;;;;;;;;;;2;;;;
04/01/2013;09:53:00;72;sem vítima;301,779;BR-101/RJ;Norte;Saida de Pista;1;;;;;;;;;;4;;;;
10/01/2013;14:37:00;132;sem vítima;301;BR-101/RJ;Norte;Colisão Traseira;1;;;;;1;;;;;2;;;;
18/01/2013;19:28:00;180;sem vítima;301;BR-101/RJ;Norte;Colisão Lateral;1;;1;;;;;;;;2;;;;
25/01/2013;22:56:00;239;com vítima;301;BR-101/RJ;Sul;Atropelamento de Animal;1;;;;;;;;;;1;;1;;
28/01/2013;15:50:00;136;com vítima;301;BR-101/RJ;Norte;Engavetamento;2;;1;;;;;;;;3;;1;;
30/01/2013;12:40:00;98;sem vítima;301;BR-101/RJ;Sul;Colisão Traseira;2;;;;;;;;;;2;;;;
06/02/2013;22:44:00;228;sem vítima;301;BR-101/RJ;Norte;Saida de Pista;1;;;;;;;;;;1;;;;
07/02/2013;22:35:00;267;com vítima;301;BR-101/RJ;Norte;Queda de Moto;1;;;1;;;;;;;2;;1;;
15/03/2013;03:58:00;15;sem vítima;301,7;BR-101/RJ;Norte;Saida de Pista;;;1;;;;;;;;1;;;;
19/03/2013;09:25:00;56;sem vítima;301;BR-101/RJ;Sul;Colisão Traseira;2;;;;;;;;;;2;;;;
23/03/2013;11:35:00;88;com vítima;301;BR-101/RJ;Norte;Colisão Transversal;1;;;1;;;;;;;2;1;;;
07/04/2013;15:27:00;101;sem vítima;301;BR-101/RJ;Sul;Colisão Lateral;1;;;;;;;;;1;3;;;;
21/04/2013;00:22:00;3;com vítima;301,8;BR-101/RJ;Sul;Choque - Talude;1;;;;;;;;;;0;;5;;
05/05/2013;18:46:00;117;com vítima;301,2;BR-101/RJ;Sul;Atropelamento - Morador;;;;;;1;;;;;1;;1;;
17/05/2013;14:38:00;110;sem vítima;301;BR-101/RJ;Norte;Colisão Lateral;;;2;;;;;;;;3;;;;
18/05/2013;16:37:00;121;com vítima;301,552;BR-101/RJ;Norte;Atropelamento - Morador;1;;;;;;;;;;2;1;;;
02/06/2013;17:49:00;140;sem vítima;301;BR-101/RJ;Sul;Colisão Traseira;2;;;;;;;;;;5;;;;
23/06/2013;18:25:00;108;sem vítima;301,5;BR-101/RJ;Sul;Colisão Traseira;1;;;;;1;;;;;7;;;;
29/06/2013;14:42:00;111;sem vítima;301;BR-101/RJ;Sul;Saida de Pista;1;;;;;;;;;;1;;;;
04/07/2013;02:31:00;9;sem vítima;301,957;BR-101/RJ;Norte;Atropelamento de Animal;1;;;;;;;;;;1;;;;
24/07/2013;16:38:00;117;com vítima;301,8;BR-101/RJ;Norte;Capotamento;1;;;;;;;;;;0;1;1;;
23/08/2013;07:53:00;38;com vítima;301,5;BR-101/RJ;Norte;Colisão Lateral;1;;;1;;;;;;;1;;1;;
15/09/2013;18:37:00;160;com vítima;301;BR-101/RJ;Sul;Colisão Lateral;2;;;1;;;;;;;6;2;;;
16/09/2013;05:26:00;19;sem vítima;301;BR-101/RJ;Norte;Saida de Pista;1;;;;;;;;;;4;;;;
21/10/2013;00:37:00;3;com vítima;301,4;BR-101/RJ;Sul;Colisão Lateral;2;;;1;;;;;;;5;;1;;
03/11/2013;23:56:00;229;sem vítima;301,444;BR-101/RJ;Norte;Atropelamento de Animal;1;;;;;;;;;;4;;;;
28/11/2013;00:56:00;7;sem vítima;301,72;BR-101/RJ;Norte;Engavetamento;3;;;;;;;;;;4;;;;
18/12/2013;18:40:00;163;sem vítima;301,927;BR-101/RJ;Sul;Colisão Traseira;1;;;;;;;;;1;2;;;;
22/12/2013;11:43:00;96;sem vítima;301,603;BR-101/RJ;Sul;Saida de Pista;1;;;;;;;;;;3;;;;
11/01/2014;21:00:00;225;sem vítima;301,94;BR-101/RJ;Norte;Colisão Traseira;1;;;;;1;;;;;2;;;;
05/02/2014;13:09:00;111;sem vítima;301,2;BR-101/RJ;Sul;Saida de Pista;1;;;;;;;;;;1;;;;
01/03/2014;05:53:00;86;sem vítima;301;BR-101/RJ;Norte;Colisão Traseira;2;;;;;;;;;;8;;;;
01/03/2014;18:42:00;312;sem vítima;301;BR-101/RJ;Norte;Colisão Traseira;1;;;;1;;;;;;2;;;;
13/03/2014;09:23:00;84;com vítima;301,5;BR-101/RJ;Sul;Queda de Moto;;;;1;;;;;;;0;1;;;
14/03/2014;17:40:00;165;com vítima;301,3;BR-101/RJ;Sul;Queda de Moto;;;;1;;;;;;;0;2;;;
09/04/2014;23:58:00;212;com vítima;301,9;BR-101/RJ;Norte;Saida de Pista;;;;1;;;;;;;0;1;;;
28/05/2014;03:22:00;17;sem vítima;301,96;BR-101/RJ;Norte;Capotamento;1;;;;;;;;;;4;;;;
06/06/2014;15:01:00;111;sem vítima;301;BR-101/RJ;Norte;Colisão Traseira;1;;1;;;;;;;;3;;;;
13/06/2014;20:46:00;183;sem vítima;301;BR-101/RJ;Norte;Saida de Pista;1;;;;;;;;;;1;;;;
27/06/2014;22:21:00;215;sem vítima;301;BR-101/RJ;Norte;Colisão Traseira;1;;;;1;;;;;;4;;;;
06/09/2014;11:39:00;75;sem vítima;301;BR-101/RJ;Norte;Colisão Traseira;2;;;;;;;;;;7;;;;
31/10/2014;15:01:00;122;sem vítima;301;BR-101/RJ;Norte;Colisão Traseira;2;;;;;;;;;;2;;;;
03/11/2014;15:35:00;140;sem vítima;301;BR-101/RJ;Norte;Choque - Defensa, barreira ou "submarino";1;;;;;;;;;;1;;;;
16/01/2015;07:53:00;38;sem vítima;301;BR-101/RJ;Norte;Colisão Lateral;2;;;;;;;;;;2;;;;
14/02/2015;09:47:00;122;sem vítima;301,9;BR-101/RJ;Norte;Colisão Traseira;2;;;;;;;;;;7;0;0;0;0
05/06/2015;20:51:00;168;com vítima;301,445;BR-101/RJ;Sul;Outros - Sequência;2;;;;;;;;;;3;;;2;
05/07/2015;06:43:00;31;com vítima;301;BR-101/RJ;Norte;Colisão Traseira;;;;1;;;;;;1;1;1;1;;
02/08/2015;21:29:00;175;sem vítima;301,664;BR-101/RJ;Sul;Colisão Traseira;2;;;;;;;;;;9;;;;
29/08/2015;14:10:00;105;sem vítima;301,6;BR-101/RJ;Norte;Choque - Defensa, barreira ou "submarino";1;;;;;1;;;;;2;;;;
02/09/2015;07:25:00;37;sem vítima;301;BR-101/RJ;Sul;Choque - Defensa, barreira ou "submarino";1;;;;;;;;;;1;;;;
13/09/2015;12:24:00;76;com vítima;301,451;BR-101/RJ;Norte;Atropelamento de Animal;1;;;;;;;;;;0;2;;;
13/10/2015;15:59:00;170;sem vítima;301,56;BR-101/RJ;Sul;Choque - Defensa, barreira ou "submarino";1;;;;;;;;;;3;;;;
26/10/2015;19:08:00;177;com vítima;301,51;BR-101/RJ;Norte;Colisão Traseira;;1;;;1;;;;;;1;;1;;
29/10/2015;16:57:00;162;sem vítima;301;BR-101/RJ;Sul;Colisão Traseira;1;;;;;;;;;1;3;;;;
06/11/2015;18:05:00;175;com vítima;301,8;BR-101/RJ;Norte;Atropelamento - Morador;;;;1;;;;;;;0;3;;;
23/01/2010;12:03:00;84;sem vítima;302;BR-101/RJ;Norte;Colisão Traseira;;;;;1;1;;;;;2;;;;
27/01/2010;22:52:00;203;com vítima;302;BR-101/RJ;Norte;Queda de Moto;;;;1;;;;;;;0;2;;;
14/02/2010;19:11:00;219;sem vítima;302;BR-101/RJ;Sul;Choque - Defensa, barreira ou "submarino";1;;;;;;;;;;1;;;;
28/03/2010;14:13:00;84;sem vítima;302;BR-101/RJ;Sul;Saida de Pista;1;;;;;;;;;;3;;;;
06/04/2010;10:51:00;73;com vítima;302;BR-101/RJ;Norte;Capotamento;1;;;;;;;;;;1;;1;;
10/04/2010;20:02:00;169;sem vítima;302;BR-101/RJ;Sul;Saida de Pista;1;;;;;;;;;;3;;;;
10/04/2010;20:31:00;173;com vítima;302;BR-101/RJ;Norte;Colisão Traseira;2;;;;;;;;;;2;2;;2;
02/05/2010;17:53:00;121;sem vítima;302;BR-101/RJ;Sul;Saida de Pista;1;;;;;;;;;;2;;;;
09/05/2010;22:21:00;168;com vítima;302;BR-101/RJ;Norte;Atropelamento - Morador;1;;;;;;;;;;1;;;;1
05/06/2010;13:58:00;100;sem vítima;302;BR-101/RJ;Sul;Colisão Transversal;2;;;;;;;;;;4;;;;
10/06/2010;15:22:00;121;sem vítima;302;BR-101/RJ;Norte;Atropelamento de Animal;1;;;;;;;;;;1;;;;
30/07/2010;16:35:00;151;sem vítima;302;BR-101/RJ;Sul;Colisão Lateral;;;1;;;;;;;1;5;;;;
21/08/2010;17:41:00;145;com vítima;302;BR-101/RJ;Sul;Capotamento;1;;;;;;;;;;0;1;;;
27/09/2010;11:04:00;69;com vítima;302;BR-101/RJ;Norte;Atropelamento - Morador;1;;;;;;;;;;1;;;;1
10/10/2010;18:52:00;155;com vítima;302;BR-101/RJ;Sul;Atropelamento - Sem Informação;;;;;;1;;;;;1;;;;1
11/10/2010;20:54:00;151;sem vítima;302;BR-101/RJ;Sul;Saida de Pista;1;;;;;;;;;;2;;;;
11/11/2010;06:46:00;36;sem vítima;302;BR-101/RJ;Norte;Colisão Traseira;1;;1;;;;;;;;3;;;;
20/12/2010;01:10:00;5;com vítima;302;BR-101/RJ;Sul;Colisão Traseira;1;;1;;;;;;;;1;;1;;
29/12/2010;19:04:00;187;com vítima;302;BR-101/RJ;Norte;Outros;;;;1;;;;;;;0;1;;;
01/01/2011;01:39:00;2;com vítima;302;BR-101/RJ;Norte;Saida de Pista;;;;;;;;;;1;0;4;1;;
06/01/2011;12:13:00;91;com vítima;302;BR-101/RJ;Norte;Colisão Frontal;3;;1;;;;;;;;2;;5;;
08/01/2011;18:24:00;221;com vítima;302;BR-101/RJ;Sul;Choque - Defensa, barreira ou "submarino";1;;;;;;;;;;0;;1;;
15/01/2011;19:15:00;157;com vítima;302;BR-101/RJ;Sul;Choque - Defensa, barreira ou "submarino";1;;;;;;;;;;0;2;1;;
03/02/2011;15:01:00;119;sem vítima;302;BR-101/RJ;Norte;Capotamento;1;;1;;;;;;;;4;;;;
24/03/2011;12:54:00;97;com vítima;56,79999923706055;BR-101/RJ;Sul;Outros;;;;2;;;;;;;0;;3;;
24/03/2011;16:25:00;123;sem vítima;287;BR-101/RJ;Norte;Colisão Traseira;2;;;;;;;;;;2;;;;
15/05/2011;20:16:00;182;sem vítima;302;BR-101/RJ;Sul;Colisão Traseira;1;;;;;1;;;;;5;;;;
30/05/2011;20:06:00;142;com vítima;302;BR-101/RJ;Sul;Saida de Pista;1;;;;;;;;;;0;;1;;
10/06/2011;14:12:00;120;sem vítima;302;BR-101/RJ;Norte;Saida de Pista;1;;;;;;;;;;1;;;;
14/06/2011;20:26:00;141;sem vítima;302;BR-101/RJ;Norte;Saida de Pista;1;;;;;;;;;;1;;;;
17/06/2011;01:02:00;7;sem vítima;302;BR-101/RJ;Norte;Saida de Pista;1;;;;;;;;;;1;;;;
08/10/2011;15:27:00;139;sem vítima;302;BR-101/RJ;Norte;Colisão Lateral;2;;;;;;;;;;6;;;;
14/10/2011;07:59:00;45;sem vítima;302;BR-101/RJ;Sul;Colisão Traseira;2;;;;;;;;;;3;;;;
16/10/2011;21:17:00;157;sem vítima;302;BR-101/RJ;Norte;Saida de Pista;1;;;;;;;;;;1;;;;
13/11/2011;00:18:00;1;com vítima;302;BR-101/RJ;Norte;Queda de Moto;;;;1;;;;;;;0;;1;;
25/11/2011;18:15:00;149;com vítima;302;BR-101/RJ;Norte;Colisão Traseira;1;;1;1;;;;;;;6;;1;;
05/12/2011;12:28:00;109;sem vítima;302;BR-101/RJ;Sul;Colisão Traseira;2;;;;;1;;;;;3;;;;
08/12/2011;16:23:00;150;com vítima;302;BR-101/RJ;Sul;Atropelamento - Ambulante;;;;1;;;;;;;0;;2;;
08/12/2011;20:40:00;199;sem vítima;302;BR-101/RJ;Norte;Colisão Traseira;2;;;;;;;;;;5;;;;
10/12/2011;10:54:00;103;sem vítima;302;BR-101/RJ;Norte;Colisão Traseira;2;;;;;;;;;;3;;;;
12/12/2011;16:03:00;144;sem vítima;302,20001220703125;BR-101/RJ;Norte;Colisão Traseira;3;;;;;;;;;;7;;;;
27/12/2011;18:31:00;183;com vítima;302;BR-101/RJ;Norte;Atropelamento - Morador;;;;1;;;;;;;0;;3;;
04/01/2012;11:48:00;88;sem vítima;302;BR-101/RJ;Sul;Colisão Traseira;2;;;;;;;;;;8;;;;
06/02/2012;16:51:00;140;com vítima;302,2;BR-101/RJ;Norte;Choque - Defensa, barreira ou "submarino";1;;;;;;;;;;0;3;;;
08/02/2012;06:00:00;31;sem vítima;302;BR-101/RJ;Norte;Colisão Traseira;;;1;;;1;;;;;3;;;;
14/02/2012;03:41:00;11;com vítima;302;BR-101/RJ;Norte;Capotamento;1;;;;;;;;;;0;1;;;
15/02/2012;10:13:00;69;com vítima;302,5;BR-101/RJ;Sul;Colisão Traseira;1;;;;;;;;;1;3;1;;;
17/02/2012;13:42:00;109;sem vítima;302;BR-101/RJ;Sul;Saida de Pista;1;;;;;2;;;;;3;;;;
18/02/2012;16:40:00;248;com vítima;302;BR-101/RJ;Norte;Atropelamento - Ambulante;1;;;;;;;;;;2;;;1;
14/03/2012;17:20:00;129;sem vítima;302;BR-101/RJ;Norte;Colisão Traseira;2;;;;;1;;;;;5;;;;
16/03/2012;22:13:00;190;sem vítima;302;BR-101/RJ;Norte;Colisão Lateral;2;;;;;;;;;;4;;;;