data;horario;n_da_ocorrencia;tipo_de_ocorrencia;km;trecho;sentido;tipo_de_acidente;automovel;bicicleta;caminhao;moto;onibus;outros;tracao_animal;transporte_de_cargas_especiais;trator_maquinas;utilitarios;ilesos;levemente_feridos;moderadamente_feridos;gravemente_feridos;mortos
30/03/2013;09:14:00;50;com vítima;303;BR-101/RJ;Sul;Saida de Pista;1;;;;;;;;;;4;;1;;
31/03/2013;12:10:00;72;sem vítima;303;BR-101/RJ;Sul;Colisão Traseira;1;;;;;;;;;1;5;;;;
31/03/2013;12:56:00;80;com vítima;303;BR-101/RJ;Norte;Queda de Moto;;;;1;;1;;;;;1;2;;;
04/04/2013;12:31:00;85;com vítima;303,457;BR-101/RJ;Norte;Choque - Defensa, barreira ou "submarino";1;;;;;;;;;;0;1;;;
13/04/2013;07:52:00;45;com vítima;303;BR-101/RJ;Norte;Colisão Lateral;1;;1;;;;;;;;1;;2;;
27/04/2013;12:51:00;89;sem vítima;303;BR-101/RJ;Sul;Engavetamento;4;;;;;;;;;;5;;;;
07/05/2013;07:10:00;32;sem vítima;303;BR-101/RJ;Norte;Colisão Traseira;1;;;1;;;;;;;3;;;;
14/05/2013;18:19:00;133;sem vítima;303;BR-101/RJ;Sul;Colisão Frontal;2;;;;;;;;;;5;;;;
17/05/2013;15:50:00;126;sem vítima;303;BR-101/RJ;Norte;Saida de Pista;1;;;;;;;;;;2;;;;
19/05/2013;16:21:00;118;sem vítima;303;BR-101/RJ;Sul;Queda de Moto;;;;1;;;;;;;1;;;;
21/05/2013;17:01:00;127;sem vítima;303,07;BR-101/RJ;Norte;Colisão Traseira;2;;;;;;;;;;4;;;;
07/06/2013;19:52:00;177;sem vítima;303,5;BR-101/RJ;Sul;Engavetamento;3;;;;;;;;;;3;;;;
04/07/2013;17:03:00;124;sem vítima;303;BR-101/RJ;Norte;Colisão Traseira;1;;;;;1;;;;;2;;;;
20/07/2013;14:43:00;130;sem vítima;303,7;BR-101/RJ;Norte;Engavetamento;3;;;;;;;;;;3;;;;
25/07/2013;21:56:00;165;sem vítima;303,05;BR-101/RJ;Norte;Colisão Traseira;;;2;;;;;;;;2;;;;
29/07/2013;10:34:00;74;com vítima;303;BR-101/RJ;Sul;Colisão Lateral;;;;1;1;;;;;;1;2;;;
07/08/2013;12:27:00;83;sem vítima;303;BR-101/RJ;Sul;Saida de Pista;1;;;;;;;;;;1;;;;
11/08/2013;18:24:00;133;sem vítima;303;BR-101/RJ;Sul;Engavetamento;1;;;;;1;;;;;6;;;;
01/09/2013;23:29:00;193;sem vítima;303,666;BR-101/RJ;Sul;Colisão Traseira;1;;1;;;;;;;;2;;;;
13/09/2013;19:29:00;178;com vítima;303;BR-101/RJ;Sul;Queda de Moto;1;;;1;;;;;;;1;;1;;
26/09/2013;07:15:00;35;sem vítima;303;BR-101/RJ;Sul;Colisão Lateral;1;;;;1;;;;;;2;;;;
07/10/2013;18:18:00;130;sem vítima;303;BR-101/RJ;Sul;Saida de Pista;1;;;;;;;;;;1;;;;
09/10/2013;09:07:00;70;sem vítima;303,689;BR-101/RJ;Norte;Colisão Traseira;2;;;;;;;;;;2;;;;
16/10/2013;05:43:00;21;com vítima;303,486;BR-101/RJ;Norte;Colisão Traseira;1;;1;;;;;;;;4;;1;;
26/10/2013;06:29:00;32;com vítima;303,513;BR-101/RJ;Norte;Capotamento;1;;;;;;;;;;0;1;;;
06/11/2013;12:34:00;94;sem vítima;303,3;BR-101/RJ;Norte;Colisão Traseira;2;;;;;;;;;;6;;;;
06/11/2013;13:09:00;98;sem vítima;303,543;BR-101/RJ;Norte;Engavetamento;3;;;;;;;;;;6;;;;
08/11/2013;11:54:00;116;sem vítima;303;BR-101/RJ;Norte;Colisão Traseira;2;;;;;;;;;;4;;;;
08/11/2013;13:40:00;129;sem vítima;303;BR-101/RJ;Sul;Colisão Traseira;2;;;;;;;;;;3;;;;
10/11/2013;20:49:00;187;sem vítima;303;BR-101/RJ;Sul;Engavetamento;3;;;;;;;;;;8;;;;
11/11/2013;18:27:00;175;sem vítima;303;BR-101/RJ;Sul;Colisão Traseira;2;;;;;;;;;;2;;;;
13/11/2013;21:14:00;170;com vítima;303,3;BR-101/RJ;Norte;Capotamento;1;;;;;;;;;;0;1;1;2;1
14/11/2013;05:04:00;27;com vítima;303;BR-101/RJ;Sul;Colisão Frontal;2;;;1;;;;;;;2;1;;;
26/11/2013;14:33:00;119;com vítima;303,832;BR-101/RJ;Sul;Atropelamento - Outros;1;;;;;;;;;;1;;;;1
27/11/2013;00:15:00;5;sem vítima;303;BR-101/RJ;Sul;Choque - Objeto sobre a pista;;;;1;;;;;;;1;;;;
30/11/2013;01:12:00;10;sem vítima;303,279;BR-101/RJ;Norte;Colisão Traseira;2;;;;;;;;;;3;;;;
01/12/2013;17:43:00;136;com vítima;303,815;BR-101/RJ;Norte;Colisão Traseira;;;;1;;;;;;;0;;1;;
05/12/2013;11:03:00;80;com vítima;303,708;BR-101/RJ;Norte;Capotamento;1;;;;;;;;;;0;2;;;
17/12/2013;14:04:00;116;sem vítima;303;BR-101/RJ;Sul;Colisão Lateral;2;;;;;;;;;;4;;;;
21/12/2013;15:09:00;127;sem vítima;303,815;BR-101/RJ;Norte;Colisão Traseira;2;;;;;;;;;;2;;;;
05/01/2014;19:30:00;158;sem vítima;303,073;BR-101/RJ;Sul;Choque - Defensa, barreira ou "submarino";;;;;;;;;;1;1;;;;
06/01/2014;13:59:00;101;sem vítima;303,484;BR-101/RJ;Norte;Colisão Traseira;2;;;;;;;;;;6;;;;
11/01/2014;11:31:00;94;sem vítima;303;BR-101/RJ;Norte;Colisão Traseira;2;;;;;;;;;;2;;;;
16/02/2014;18:05:00;128;com vítima;303;BR-101/RJ;Sul;Colisão Traseira;2;;;;;;;;;;4;1;;;
24/02/2014;08:19:00;48;sem vítima;303;BR-101/RJ;Sul;Choque - Defensa, barreira ou "submarino";1;;;;;;;;;;1;;;;
27/02/2014;18:17:00;200;sem vítima;303;BR-101/RJ;Norte;Outros - Sequência;1;;;;;1;;;;;3;;;;
02/03/2014;12:21:00;113;com vítima;303,28;BR-101/RJ;Norte;Colisão Lateral;1;;;1;;;;;;;2;1;1;;
06/03/2014;18:48:00;206;sem vítima;303;BR-101/RJ;Sul;Colisão Traseira;2;;;;;;;;;;6;;;;
11/03/2014;08:58:00;48;com vítima;303;BR-101/RJ;Norte;Atropelamento - Ciclista;1;1;;;;;;;;;2;;;1;
30/03/2014;09:17:00;50;com vítima;303;BR-101/RJ;Norte;Colisão Traseira;1;;;1;;;;;;;1;1;;;
14/04/2014;19:23:00;164;sem vítima;303;BR-101/RJ;Norte;Colisão Lateral;;;;;2;;;;;;2;;;;
24/04/2014;18:45:00;149;sem vítima;303;BR-101/RJ;Sul;Choque - Defensa, barreira ou "submarino";1;;;;;;;;;;2;;;;
01/05/2014;03:26:00;21;sem vítima;303;BR-101/RJ;Sul;Choque - Defensa, barreira ou "submarino";1;;;;;;;;;;1;;;;
26/05/2014;11:31:00;91;com vítima;303,053;BR-101/RJ;Norte;Queda de Moto;;;;1;;;;;;;0;1;;;
30/05/2014;23:19:00;203;com vítima;303;BR-101/RJ;Sul;Queda de Moto;;;;1;;;;;;;0;1;;;
04/06/2014;17:16:00;141;sem vítima;303,15;BR-101/RJ;Sul;Colisão Lateral;1;;;;;;;;;1;3;;;;
15/06/2014;19:40:00;122;sem vítima;303,035;BR-101/RJ;Sul;Engavetamento;3;;;;;;;;;;5;;;;
05/07/2014;12:28:00;74;com vítima;303;BR-101/RJ;Norte;Capotamento;1;;;;;;;;;;0;2;1;;
13/07/2014;06:56:00;19;com vítima;303;BR-101/RJ;Norte;Capotamento;1;;;;;;;;;;0;1;;;
19/07/2014;11:32:00;59;sem vítima;303;BR-101/RJ;Sul;Colisão Traseira;2;;;;;;;;;;2;;;;
19/07/2014;09:57:00;41;sem vítima;303,054;BR-101/RJ;Sul;Colisão Frontal;2;;;;;;;;;;2;;;;
23/07/2014;09:08:00;40;sem vítima;303;BR-101/RJ;Norte;Colisão Traseira;2;;;;;;;;;;3;;;;
23/07/2014;10:24:00;51;com vítima;303,75;BR-101/RJ;Sul;Colisão Lateral;1;;;1;;;;;;;1;1;1;;
10/08/2014;17:49:00;129;sem vítima;303,05;BR-101/RJ;Sul;Colisão Frontal;1;;;;;1;;;;;2;;;;
12/08/2014;10:43:00;78;sem vítima;303;BR-101/RJ;Sul;Colisão Frontal;1;;;;;1;;;;;2;;;;
16/08/2014;13:41:00;64;sem vítima;303;BR-101/RJ;Norte;Queda de Moto;;;1;1;;;;;;;2;;;;
17/08/2014;19:18:00;131;sem vítima;303;BR-101/RJ;Sul;Colisão Traseira;1;;;;;1;;;;;3;;;;
19/08/2014;12:26:00;72;sem vítima;303;BR-101/RJ;Norte;Colisão Traseira;1;;;;1;;;;;;2;;;;
20/08/2014;14:32:00;105;com vítima;303;BR-101/RJ;Sul;Queda de Moto;;;;1;;;;;;;0;1;;;
23/08/2014;12:17:00;99;com vítima;303;BR-101/RJ;Norte;Engavetamento;4;;;;;;;;;;8;;2;;
24/08/2014;17:12:00;129;com vítima;303;BR-101/RJ;Norte;Colisão Lateral;1;;;1;;;;;;;3;1;;;
08/09/2014;16:29:00;139;com vítima;303;BR-101/RJ;Sul;Queda de Moto;;;;1;;1;;;;;1;;1;;
19/09/2014;19:11:00;175;com vítima;303,05;BR-101/RJ;Norte;Atropelamento - Ciclista;1;1;;;;;;;;;1;1;;;
20/09/2014;05:59:00;26;com vítima;303;BR-101/RJ;Norte;Queda de Moto;;;;1;;;;;;;0;;2;;
22/09/2014;12:15:00;78;sem vítima;303;BR-101/RJ;Sul;Choque - Defensa, barreira ou "submarino";1;;;;;;;;;;3;;;;
27/09/2014;00:57:00;6;sem vítima;303;BR-101/RJ;Sul;Saida de Pista;1;;;;;;;;;;3;;;;
05/10/2014;05:35:00;18;com vítima;303;BR-101/RJ;Sul;Colisão Frontal;2;;;;;;;;;;0;3;;;
05/10/2014;13:10:00;68;sem vítima;303;BR-101/RJ;Norte;Saida de Pista;2;;;;;;;;;;2;;;;
05/10/2014;23:14:00;151;com vítima;303;BR-101/RJ;Sul;Capotamento;1;;;;;;;;;;2;;2;;
07/10/2014;06:20:00;30;com vítima;303;BR-101/RJ;Sul;Outros - Sequência;3;;;;;;;;;;2;;1;1;
18/10/2014;12:06:00;87;sem vítima;303;BR-101/RJ;Norte;Colisão Lateral;1;;1;;;;;;;;3;;;;
27/10/2014;00:30:00;3;sem vítima;303;BR-101/RJ;Norte;Choque - Defensa, barreira ou "submarino";1;;;;;;;;;;3;;;;
30/10/2014;11:11:00;75;com vítima;303;BR-101/RJ;Norte;Colisão Lateral;1;;;1;;;;;;;3;1;;;
06/11/2014;11:40:00;86;com vítima;303;BR-101/RJ;Sul;Queda de Moto;;;;1;;;;;;;1;1;;;
23/11/2014;23:42:00;190;sem vítima;303,047;BR-101/RJ;Sul;Saida de Pista;1;;;;;;;;;;1;;;;
05/12/2014;12:06:00;83;sem vítima;303,05;BR-101/RJ;Norte;Saida de Pista;1;;;;;;;;;;1;;;;
13/12/2014;12:14:00;101;sem vítima;303;BR-101/RJ;Norte;Colisão Traseira;2;;;;;;;;;;7;;;;
20/12/2014;19:51:00;183;sem vítima;303;BR-101/RJ;Norte;Colisão Traseira;1;;;;;1;;;;;2;;;;
22/12/2014;01:09:00;4;sem vítima;303;BR-101/RJ;Norte;Choque - Poste;1;;;;;;;;;;1;;;;
25/12/2014;04:43:00;16;sem vítima;303;BR-101/RJ;Norte;Choque - Defensa, barreira ou "submarino";1;;;;;;;;;;3;;;;
31/12/2014;15:31:00;148;com vítima;303;BR-101/RJ;Sul;Atropelamento - Ciclista;;1;;;;1;;;;;1;1;;;
16/01/2015;13:27:00;97;sem vítima;303;BR-101/RJ;Norte;Colisão Traseira;;;2;;;;;;;;2;;;;
26/01/2015;07:20:00;32;com vítima;303;BR-101/RJ;Sul;Colisão Lateral;;;;1;1;;;;;;1;;;;2
26/01/2015;09:23:00;66;sem vítima;303;BR-101/RJ;Norte;Engavetamento;4;;;;;;;;;;5;;;;
31/01/2015;05:42:00;23;sem vítima;303;BR-101/RJ;Sul;Saida de Pista;1;;;;;;;;;;1;;;;
03/02/2015;11:27:00;85;sem vítima;303;BR-101/RJ;Norte;Colisão Frontal;1;;1;;;;;;;;2;0;0;0;0
07/02/2015;20:16:00;139;com vítima;303;BR-101/RJ;Norte;Colisão Traseira;2;;;;;;;;;;1;1;0;0;0
09/02/2015;06:15:00;25;com vítima;303;BR-101/RJ;Norte;Saida de Pista;1;;;;;;;;;;3;0;1;0;0
11/02/2015;09:14:00;59;com vítima;303;BR-101/RJ;Norte;Colisão Lateral;1;;1;;;;;;;;1;2;0;0;0
27/02/2015;18:05:00;139;sem vítima;303;BR-101/RJ;Norte;Choque - Outros;1;;;;;;;;;;1;;;;
28/02/2015;21:07:00;167;com vítima;303,5;BR-101/RJ;Norte;Choque - Defensa, barreira ou "submarino";1;;;;;;;;;;0;1;;;
07/03/2015;22:05:00;186;sem vítima;303;BR-101/RJ;Sul;Colisão Traseira;1;;1;;;;;;;;2;0;0;0;0
17/03/2015;17:02:00;140;sem vítima;303;BR-101/RJ;Norte;Colisão Lateral;1;;1;;;;;;;;2;0;0;0;0
02/04/2015;21:40:00;230;sem vítima;303;BR-101/RJ;Norte;Engavetamento;2;;;;;1;;;;;10;;;;
18/04/2015;17:48:00;152;com vítima;303;BR-101/RJ;Norte;Colisão Frontal;1;;;1;;;;;;;2;1;;;
23/04/2015;14:50:00;117;com vítima;303,32;BR-101/RJ;Norte;Capotamento;1;;;;;;;;;;0;1;;;
23/04/2015;15:06:00;122;com vítima;303,985;BR-101/RJ;Norte;Colisão Traseira;1;;;1;;;;;;;5;1;;;
07/06/2015;22:18:00;197;sem vítima;303,039;BR-101/RJ;Norte;Colisão Frontal;2;;;;;;;;;;4;;;;
19/06/2015;17:01:00;136;sem vítima;303;BR-101/RJ;Sul;Colisão Lateral;2;;;;;;;;;;2;;;;
26/06/2015;09:23:00;72;sem vítima;303,811;BR-101/RJ;Norte;Colisão Traseira;2;;;;;;;;;;3;;;;
17/07/2015;23:58:00;257;sem vítima;303,4;BR-101/RJ;Sul;Colisão Traseira;1;;;;;;;;;1;3;;;;
27/07/2015;03:45:00;11;sem vítima;303,7;BR-101/RJ;Norte;Choque - Defensa, barreira ou "submarino";;;1;;;1;;;;;2;;;;
28/07/2015;07:05:00;38;com vítima;303,777;BR-101/RJ;Norte;Choque - Defensa, barreira ou "submarino";1;;;;;;;;;;0;;;;1
31/07/2015;19:06:00;182;com vítima;303;BR-101/RJ;Norte;Colisão Lateral;1;;;1;;;;;;;1;1;;;
06/08/2015;09:04:00;68;sem vítima;303,686;BR-101/RJ;Norte;Colisão Traseira;1;;;;;;;;;1;4;;;;
26/08/2015;07:03:00;30;sem vítima;303,035;BR-101/RJ;Norte;Choque - Defensa, barreira ou "submarino";1;;;;;;;;;;1;;;;
27/08/2015;08:43:00;65;com vítima;303,444;BR-101/RJ;Norte;Colisão Traseira;1;;;;;1;;;;;1;;1;;
29/08/2015;17:29:00;143;sem vítima;303;BR-101/RJ;Norte;Choque - Talude;1;;;;;;;;;;1;;;;
30/08/2015;13:53:00;77;com vítima;303,719;BR-101/RJ;Sul;Choque - Defensa, barreira ou "submarino";1;;;;;;;;;;0;5;;;
18/09/2015;21:05:00;282;sem vítima;303;BR-101/RJ;Norte;Colisão Traseira;1;;;;;1;;;;;2;;;;
23/09/2015;12:11:00;109;com vítima;303,383;BR-101/RJ;Sul;Colisão Traseira;2;;;;;;;;;;1;2;;;
04/11/2015;11:02:00;92;sem vítima;303;BR-101/RJ;Norte;Colisão Frontal;2;;;;;;;;;;3;;;;
09/11/2015;11:13:00;106;com vítima;303,15;BR-101/RJ;Norte;Colisão Lateral;1;1;;;;;;;;;1;1;;;
14/11/2015;11:00:00;93;sem vítima;303;BR-101/RJ;Norte;Choque - Defensa, barreira ou "submarino";1;;;;;;;;;;1;;;;
14/11/2015;11:53:00;103;sem vítima;303;BR-101/RJ;Norte;Choque - Defensa, barreira ou "submarino";;;;;;;;;;1;2;;;;
14/11/2015;12:09:00;105;com vítima;303;BR-101/RJ;Norte;Queda de Moto;;;;1;;;;;;;0;1;;;
23/11/2015;07:44:00;49;sem vítima;303,006;BR-101/RJ;Sul;Colisão Traseira;1;;;;;1;;;;;2;;;;
12/12/2015;21:29:00;222;sem vítima;303;BR-101/RJ;Sul;Saida de Pista;1;;;;;;;;;;2;;;;
12/12/2015;08:47:00;72;sem vítima;303,713;BR-101/RJ;Norte;Colisão Traseira;2;;;;;;;;;;3;;;;
13/12/2015;01:17:00;8;sem vítima;303;BR-101/RJ;Norte;Colisão Frontal;1;;1;;;;;;;;2;;;;
19/12/2015;12:34:00;145;com vítima;303,7;BR-101/RJ;Norte;Engavetamento;3;;;;;;;;;;5;2;;;
31/12/2015;18:41:00;244;sem vítima;303;BR-101/RJ;Norte;Colisão Lateral;3;;;;;;;;;;7;;;;
02/01/2010;12:05:00;85;com vítima;304;BR-101/RJ;Norte;Atropelamento - Morador;1;;;;;;;;;;3;;;1;
10/01/2010;10:55:00;88;sem vítima;304;BR-101/RJ;Sul;Colisão Traseira;1;;;;;1;;;;;5;;;;
19/01/2010;11:36:00;102;sem vítima;304;BR-101/RJ;Norte;Colisão Traseira;2;;;;;;;;;;3;;;;
02/02/2010;21:18:00;179;com vítima;304;BR-101/RJ;Sul;Atropelamento - Sem Informação;;;;;;1;;;;;1;;;1;
05/02/2010;13:32:00;116;com vítima;304;BR-101/RJ;Norte;Saida de Pista;1;;;;;;;;;;0;4;;;
11/02/2010;11:04:00;81;sem vítima;304;BR-101/RJ;Norte;Colisão Traseira;2;;;;;;;;;;7;;;;
12/02/2010;20:49:00;276;com vítima;304;BR-101/RJ;Norte;Atropelamento - Morador;;;;1;;;;;;;0;3;;;
13/02/2010;22:27:00;459;sem vítima;304;BR-101/RJ;Norte;Colisão Traseira;1;;;;;1;;;;;3;;;;
17/02/2010;06:08:00;39;com vítima;304;BR-101/RJ;Norte;Atropelamento - Ciclista;;1;;;;1;;;;;1;;1;;
06/03/2010;13:44:00;119;sem vítima;304;BR-101/RJ;Norte;Choque - Defensa, barreira ou "submarino";1;;;;;1;;;;;2;;;;
01/04/2010;20:11:00;199;sem vítima;304;BR-101/RJ;Norte;Colisão Traseira;2;;;;;;;;;;3;;;;
16/04/2010;00:05:00;1;com vítima;304;BR-101/RJ;Norte;Atropelamento - Sem Informação;;;;;;1;;;;;1;;;;1
03/05/2010;04:11:00;10;sem vítima;304;BR-101/RJ;Norte;Atropelamento de Animal;;;;;;;;;;1;1;;;;
10/05/2010;05:17:00;21;sem vítima;304;BR-101/RJ;Norte;Saida de Pista;1;;;;;;;;;;1;;;;
23/05/2010;20:05:00;158;sem vítima;304;BR-101/RJ;Sul;Capotamento;1;;;;;;;;;;5;;;;
10/06/2010;16:27:00;130;com vítima;304;BR-101/RJ;Norte;Saida de Pista;1;;;;;;;;;;0;;1;;
12/06/2010;06:16:00;30;com vítima;304;BR-101/RJ;Norte;Saida de Pista;1;;;;;;;;;;0;1;;;1
23/07/2010;16:55:00;142;com vítima;304;BR-101/RJ;Norte;Queda de Moto;;;;1;;;;;;;0;1;1;;
12/08/2010;12:12:00;97;sem vítima;304;BR-101/RJ;Norte;Saida de Pista;1;;;;;;;;;;2;;;;
29/08/2010;19:51:00;128;sem vítima;304;BR-101/RJ;Sul;Engavetamento;2;;;;;2;;;;;9;;;;
11/09/2010;07:54:00;42;com vítima;304;BR-101/RJ;Norte;Colisão Lateral;;;;1;;1;;;;;1;;2;;
27/09/2010;18:16:00;141;com vítima;304;BR-101/RJ;Sul;Saida de Pista;1;;;;;;;;;;0;2;1;;
08/10/2010;20:40:00;170;sem vítima;304;BR-101/RJ;Norte;Saida de Pista;1;;;;;;;;;;3;;;;
09/10/2010;15:12:00;134;sem vítima;304;BR-101/RJ;Sul;Colisão Traseira;2;;;;1;;;;;;5;;;;
10/10/2010;03:27:00;38;sem vítima;304;BR-101/RJ;Norte;Colisão Traseira;2;;;;;;;;;;4;;;;
30/11/2010;22:39:00;192;sem vítima;304;BR-101/RJ;Sul;Colisão Lateral;1;;1;;;;;;;;4;;;;
17/12/2010;23:46:00;247;com vítima;304;BR-101/RJ;Norte;Capotamento;1;;;;;;;;;;0;;1;;
25/12/2010;09:37:00;55;com vítima;304;BR-101/RJ;Sul;Saida de Pista;1;;;;;;;;;;0;;2;;
06/01/2011;21:29:00;193;com vítima;304;BR-101/RJ;Sul;Colisão Lateral;;;;1;;1;;;;;1;2;;;
10/01/2011;11:27:00;95;sem vítima;304;BR-101/RJ;Norte;Saida de Pista;1;;;;;;;;;;1;;;;
25/03/2011;05:14:00;15;com vítima;53;BR-101/RJ;Norte;Colisão Lateral;;;2;;;;;;;;1;;;;1
20/05/2011;06:49:00;13;com vítima;304,5;BR-101/RJ;Sul;Colisão Frontal;;1;;;1;;;;;;1;1;;;
18/06/2011;14:22:00;98;com vítima;304;BR-101/RJ;Norte;Colisão Traseira;;;;1;;;;;;;0;;1;;
25/06/2011;19:10:00;141;sem vítima;304,64300537109375;BR-101/RJ;Norte;Atropelamento de Animal;2;;;;1;;;;;;42;;;;
05/08/2011;05:33:00;17;com vítima;304,6499938964844;BR-101/RJ;Norte;Colisão Traseira;2;;;;;;;;;;1;1;1;;
06/08/2011;13:01:00;102;sem vítima;304;BR-101/RJ;Sul;Saida de Pista;1;;;;;;;;;;2;;;;
12/08/2011;07:16:00;29;com vítima;304;BR-101/RJ;Norte;Atropelamento - Morador;;;;;;;;;;1;1;1;;;
02/09/2011;10:43:00;71;sem vítima;304;BR-101/RJ;Sul;Saida de Pista;1;;;;;;;;;;2;;;;
21/09/2011;22:01:00;163;sem vítima;304;BR-101/RJ;Norte;Colisão Traseira;2;;;;;;;;;;2;;;;
03/10/2011;17:16:00;138;sem vítima;304,79998779296875;BR-101/RJ;Norte;Colisão Traseira;3;;;;;;;;;;9;;;;
06/10/2011;16:47:00;151;com vítima;304,5;BR-101/RJ;Norte;Colisão Traseira;1;;;1;;;;;;;1;1;;;
15/10/2011;23:58:00;190;sem vítima;304;BR-101/RJ;Sul;Saida de Pista;1;;;;;;;;;;1;;;;
31/10/2011;08:19:00;49;sem vítima;304,5;BR-101/RJ;Norte;Capotamento;1;;;;;;;;;;1;;;;
04/11/2011;21:02:00;172;com vítima;304,29998779296875;BR-101/RJ;Norte;Capotamento;1;;;;;;;;;;0;;;1;
08/11/2011;15:31:00;99;sem vítima;304;BR-101/RJ;Norte;Colisão Lateral;1;;;;1;;;;;;2;;;;
11/11/2011;12:13:00;87;sem vítima;304;BR-101/RJ;Norte;Colisão Lateral;2;;;;;;;;;;5;;;;
13/11/2011;22:57:00;154;sem vítima;304;BR-101/RJ;Norte;Colisão Traseira;2;;;;;;;;;;2;;;;
08/12/2011;16:24:00;151;sem vítima;304;BR-101/RJ;Sul;Colisão Traseira;1;;;;1;;;;;;4;;;;
14/12/2011;10:52:00;66;sem vítima;304,20001220703125;BR-101/RJ;Sul;Colisão Traseira;2;;;;;;;;;;6;;;;
18/12/2011;16:25:00;101;sem vítima;304;BR-101/RJ;Norte;Colisão Traseira;;;1;;;;;;;1;2;;;;
23/12/2011;06:48:00;39;com vítima;304;BR-101/RJ;Norte;Saida de Pista;1;;;;;;;;;;0;;1;;
24/12/2011;01:14:00;7;com vítima;304;BR-101/RJ;Norte;Queda de Moto;;;;1;;;;;;;0;;1;1;
25/12/2011;21:57:00;166;sem vítima;304;BR-101/RJ;Norte;Saida de Pista;1;;;;;;;;;;1;;;;
27/12/2011;16:31:00;157;com vítima;304;BR-101/RJ;Norte;Engavetamento;3;;;;;;;;;;9;;1;;
10/01/2012;08:32:00;52;com vítima;304,5;BR-101/RJ;Norte;Saida de Pista;1;;;;;;;;;;0;;1;;
28/01/2012;07:55:00;53;sem vítima;304;BR-101/RJ;Sul;Tombamento;;;1;;;;;;;;1;;;;
04/02/2012;11:16:00;73;sem vítima;304;BR-101/RJ;Norte;Colisão Traseira;1;;;;;;;;;1;3;;;;
12/02/2012;17:42:00;135;sem vítima;304;BR-101/RJ;Sul;Colisão Traseira;2;;;;;;;;;;2;;;;
15/02/2012;18:48:00;173;sem vítima;304;BR-101/RJ;Sul;Colisão Traseira;2;;;;;;;;;;3;;;;
19/02/2012;15:03:00;137;com vítima;304;BR-101/RJ;Sul;Atropelamento - Outros;1;;;;;;;;;;2;;;;1
29/02/2012;12:16:00;80;com vítima;304;BR-101/RJ;Norte;Capotamento;1;;;;;;;;;;0;2;;;
12/03/2012;17:12:00;160;sem vítima;304;BR-101/RJ;Norte;Colisão Traseira;;;1;;;;;;;1;5;;;;
14/04/2012;11:36:00;75;sem vítima;304;BR-101/RJ;Norte;Choque - Objeto sobre a pista;1;;1;;;;;;;;5;;;;
14/04/2012;14:25:00;96;sem vítima;304;BR-101/RJ;Norte;Saida de Pista;1;;;;;;;;;;1;;;;
11/05/2012;10:14:00;69;sem vítima;304;BR-101/RJ;Norte;Colisão Traseira;2;;;;;;;;;;3;;;;
13/06/2012;18:33:00;168;sem vítima;304;BR-101/RJ;Sul;Colisão Traseira;2;;;;;;;;;;5;;;;
19/07/2012;21:41:00;192;sem vítima;304,627;BR-101/RJ;Sul;Colisão Traseira;;;2;;1;;;;;;3;;;;
01/08/2012;16:28:00;148;sem vítima;304;BR-101/RJ;Norte;Saida de Pista;1;;;;;;;;;;1;;;;
04/08/2012;16:02:00;131;sem vítima;304;BR-101/RJ;Sul;Colisão Traseira;2;;;;;;;;;;2;;;;
04/08/2012;18:35:00;170;sem vítima;304;BR-101/RJ;Sul;Colisão Traseira;1;;;;;1;;;;;2;;;;
08/09/2012;23:13:00;168;com vítima;304;BR-101/RJ;Norte;Atropelamento - Morador;;;;;;1;;;;;1;;1;;
09/09/2012;18:14:00;212;com vítima;304,3;BR-101/RJ;Sul;Atropelamento de Animal;;;;1;;;;;;;0;1;;;
19/09/2012;07:29:00;49;com vítima;304;BR-101/RJ;Sul;Queda de Moto;;;;1;;;;;;;0;2;;;
15/10/2012;09:58:00;59;sem vítima;304;BR-101/RJ;Norte;Colisão Lateral;1;;1;;;;;;;;2;;;;
16/10/2012;17:20:00;173;com vítima;304,193;BR-101/RJ;Sul;Atropelamento - Andarilho;;;;;;1;;;;;1;1;;;
16/10/2012;02:53:00;12;com vítima;304,496;BR-101/RJ;Norte;Colisão Traseira;1;;1;;;;;;;;1;1;1;;
28/10/2012;19:41:00;169;sem vítima;304,224;BR-101/RJ;Sul;Engavetamento;3;;;;;;;;;;4;;;;
28/10/2012;14:57:00;117;com vítima;304,245;BR-101/RJ;Norte;Queda de Moto;;;;1;;;;;;;0;2;;;
10/11/2012;03:30:00;11;sem vítima;304;BR-101/RJ;Norte;Saida de Pista;1;;;;;;;;;;1;;;;
18/11/2012;06:32:00;24;com vítima;304;BR-101/RJ;Norte;Queda de Moto;;;;1;;;;;;;0;;;1;
20/11/2012;23:17:00;179;com vítima;304,346;BR-101/RJ;Norte;Capotamento;1;;;;;;;;;;0;;;1;
29/11/2012;22:03:00;195;com vítima;304,5;BR-101/RJ;Norte;Atropelamento - Morador;;;;;;1;;;;;1;;;;1
12/12/2012;00:30:00;3;sem vítima;304;BR-101/RJ;Norte;Colisão Traseira;2;;;;;;;;;;3;;;;
17/12/2012;06:12:00;24;com vítima;304;BR-101/RJ;Norte;Saida de Pista;1;;;;;;;;;;0;1;;;
23/12/2012;18:22:00;157;com vítima;304;BR-101/RJ;Norte;Choque - Outros;;;;1;;;;;;;0;;1;;
06/01/2013;10:28:00;54;com vítima;304;BR-101/RJ;Sul;Queda de Moto;;;;1;;;;;;;0;1;;;
12/01/2013;13:04:00;78;sem vítima;304;BR-101/RJ;Norte;Colisão Traseira;2;;;;;;;;;;6;;;;