data;horario;n_da_ocorrencia;tipo_de_ocorrencia;km;trecho;sentido;tipo_de_acidente;automovel;bicicleta;caminhao;moto;onibus;outros;tracao_animal;transporte_de_cargas_especiais;trator_maquinas;utilitarios;ilesos;levemente_feridos;moderadamente_feridos;gravemente_feridos;mortos
15/01/2013;23:21:00;191;sem vítima;304;BR-101/RJ;Sul;Saida de Pista;;;1;;;;;;;;1;;;;
26/01/2013;15:34:00;132;sem vítima;304;BR-101/RJ;Sul;Saida de Pista;1;;;;;;;;;;1;;;;
26/01/2013;12:47:00;97;com vítima;304,157;BR-101/RJ;Sul;Engavetamento;5;;1;;;;;;;;15;3;1;;
07/02/2013;14:26:00;159;com vítima;304;BR-101/RJ;Norte;Colisão Lateral;1;;;1;;;;;;;3;1;;;
09/02/2013;11:44:00;164;com vítima;304,62;BR-101/RJ;Norte;Atropelamento - Andarilho;;;;1;;;;;;;0;;2;1;
14/02/2013;22:56:00;260;com vítima;304;BR-101/RJ;Sul;Saida de Pista;;;1;;;;;;;;0;;1;;
17/02/2013;11:40:00;79;com vítima;304;BR-101/RJ;Norte;Colisão Lateral;;;;1;;1;;;;;1;1;;;
06/04/2013;00:30:00;4;sem vítima;304;BR-101/RJ;Sul;Capotamento;1;;;;;;;;;;1;;;;
04/05/2013;12:42:00;95;sem vítima;304;BR-101/RJ;Norte;Saida de Pista;1;;;;;;;;;;1;;;;
08/06/2013;08:13:00;50;sem vítima;304;BR-101/RJ;Sul;Colisão Traseira;2;;;;;;;;;;2;;;;
11/06/2013;17:43:00;144;com vítima;304,13;BR-101/RJ;Norte;Queda de Moto;;;;1;;;;;;;0;;1;1;
14/06/2013;23:13:00;186;sem vítima;304;BR-101/RJ;Norte;Saida de Pista;1;;;;;;;;;;1;;;;
24/06/2013;10:26:00;65;sem vítima;304,5;BR-101/RJ;Norte;Saida de Pista;1;;;;;;;;;;2;;;;
29/06/2013;09:45:00;59;com vítima;304,9;BR-101/RJ;Sul;Colisão Traseira;2;;;;;;;;;;1;;1;;
20/07/2013;14:19:00;123;com vítima;304,7;BR-101/RJ;Norte;Colisão Traseira;;;;2;;;;;;;1;1;;;
26/07/2013;12:59:00;104;sem vítima;304;BR-101/RJ;Norte;Colisão Traseira;2;;;;;;;;;;2;;;;
26/07/2013;14:53:00;130;com vítima;304;BR-101/RJ;Norte;Colisão Traseira;2;;;;;;;;;;2;1;;;
26/07/2013;16:21:00;141;sem vítima;304;BR-101/RJ;Norte;Colisão Lateral;1;;;1;;;;;;;4;;;;
27/07/2013;15:48:00;109;sem vítima;304;BR-101/RJ;Norte;Colisão Traseira;3;;;;;;;;;;5;;;;
30/08/2013;22:32:00;201;sem vítima;304;BR-101/RJ;Sul;Saida de Pista;1;;;;;;;;;;1;;;;
31/08/2013;01:13:00;10;com vítima;304,2;BR-101/RJ;Sul;Colisão Traseira;1;;;;;1;;;;;1;;;;1
08/09/2013;02:09:00;12;com vítima;304,1;BR-101/RJ;Norte;Colisão Traseira;1;;;1;;;;;;;2;;;;1
17/09/2013;15:35:00;132;sem vítima;304;BR-101/RJ;Norte;Engavetamento;3;;;;;;;;;;4;;;;
29/09/2013;14:55:00;85;sem vítima;304;BR-101/RJ;Sul;Colisão Traseira;2;;;;;;;;;;5;;;;
14/10/2013;19:06:00;189;com vítima;304,315;BR-101/RJ;Norte;Queda de Moto;;;;1;;;;;;;0;;1;;
15/10/2013;16:55:00;162;com vítima;304,688;BR-101/RJ;Norte;Queda de Moto;;;;1;;;;;;;0;1;1;;
18/10/2013;16:36:00;122;com vítima;304;BR-101/RJ;Sul;Colisão Traseira;1;;;1;;;;;;;1;;1;1;
28/10/2013;23:50:00;185;com vítima;304,3;BR-101/RJ;Sul;Atropelamento de Animal;1;;;;;;;;;;1;;1;;
11/11/2013;18:26:00;176;sem vítima;304;BR-101/RJ;Sul;Colisão Traseira;2;;;;;;;;;;2;;;;
15/11/2013;20:05:00;199;com vítima;304;BR-101/RJ;Sul;Engavetamento;4;;1;;;;;;;;4;2;1;1;
15/11/2013;19:55:00;196;com vítima;304,8;BR-101/RJ;Sul;Atropelamento - Morador;;;;;;;;;;1;5;;;;1
18/11/2013;10:47:00;97;com vítima;304;BR-101/RJ;Sul;Colisão Traseira;;;;;1;;;;;1;3;1;;;
25/11/2013;07:51:00;47;sem vítima;304;BR-101/RJ;Sul;Colisão Traseira;2;;;;;;;;;;2;;;;
08/12/2013;18:29:00;160;sem vítima;304;BR-101/RJ;Sul;Colisão Traseira;1;;;;;1;;;;;2;;;;
09/12/2013;22:21:00;201;sem vítima;304;BR-101/RJ;Norte;Colisão Frontal;2;;;;;;;;;;2;;;;
17/12/2013;00:24:00;4;sem vítima;304;BR-101/RJ;Sul;Atropelamento de Animal;1;;;;;;;;;;3;;;;
08/01/2014;18:08:00;163;sem vítima;304,55;BR-101/RJ;Norte;Choque - Defensa, barreira ou "submarino";;;1;;;;;;;;2;;;;
11/01/2014;14:33:00;138;sem vítima;304,318;BR-101/RJ;Norte;Colisão Traseira;;;1;;;;;;;1;6;;;;
17/01/2014;19:31:00;158;sem vítima;304;BR-101/RJ;Norte;Colisão Traseira;2;;;;;;;;;;2;;;;
27/01/2014;19:37:00;176;com vítima;304,485;BR-101/RJ;Norte;Colisão Traseira;;;;1;;1;;;;;1;;1;;
27/01/2014;12:18:00;102;com vítima;304,62;BR-101/RJ;Norte;Colisão Lateral;;;;1;;;;;;1;4;;1;;
09/02/2014;18:42:00;137;sem vítima;304,385;BR-101/RJ;Norte;Saida de Pista;1;;;;;;;;;;2;;;;
15/02/2014;12:21:00;108;sem vítima;304;BR-101/RJ;Norte;Colisão Traseira;2;;;;;;;;;;4;;;;
25/02/2014;16:59:00;157;com vítima;304;BR-101/RJ;Norte;Outros - Sequência;2;;;1;;;;;;;2;;1;;
25/02/2014;17:19:00;160;com vítima;304;BR-101/RJ;Sul;Colisão Traseira;2;;;;;;;;;;4;1;;;
12/03/2014;04:53:00;27;com vítima;304;BR-101/RJ;Norte;Atropelamento de Animal;1;;;;;;;;;;0;1;1;;
14/03/2014;11:48:00;90;sem vítima;304;BR-101/RJ;Norte;Engavetamento;3;;;;;;;;;;7;;;;
14/03/2014;16:04:00;141;sem vítima;304;BR-101/RJ;Sul;Colisão Traseira;1;;;;1;;;;;;2;;;;
21/03/2014;17:10:00;167;com vítima;304,123;BR-101/RJ;Norte;Atropelamento - Outros;1;;;;;;;;;;2;;;2;
28/03/2014;08:01:00;50;com vítima;304;BR-101/RJ;Norte;Queda de Moto;;;;1;;;;;;;0;1;;;
12/04/2014;04:33:00;28;com vítima;304,364;BR-101/RJ;Norte;Saida de Pista;1;;;;;;;;;;0;;1;;1
24/05/2014;02:53:00;16;com vítima;304,665;BR-101/RJ;Norte;Colisão Traseira;2;;;;;;;;;;1;;1;;
06/06/2014;20:14:00;181;com vítima;304,655;BR-101/RJ;Sul;Colisão Traseira;1;;;1;;;;;;;3;;;1;
17/06/2014;19:19:00;159;sem vítima;304,75;BR-101/RJ;Sul;Atropelamento de Animal;1;;;;;;;;;;3;;;;
30/06/2014;21:31:00;167;sem vítima;304,3;BR-101/RJ;Norte;Atropelamento de Animal;1;;;;;;;;;;4;;;;
23/07/2014;14:19:00;96;com vítima;304;BR-101/RJ;Norte;Colisão Lateral;;;;1;;1;;;;;1;1;;;
25/07/2014;18:25:00;153;com vítima;304,581;BR-101/RJ;Sul;Saida de Pista;1;;;;;;;;;;0;1;;;
01/08/2014;07:58:00;38;sem vítima;304,5;BR-101/RJ;Sul;Choque - Defensa, barreira ou "submarino";1;;;;;1;;;;;2;;;;
13/09/2014;15:37:00;108;com vítima;304,773;BR-101/RJ;Sul;Saida de Pista;1;;;;;;;;;;2;;1;;
02/10/2014;10:57:00;71;sem vítima;304;BR-101/RJ;Norte;Choque - Defensa, barreira ou "submarino";;;;;;;;;;1;1;;;;
07/10/2014;07:08:00;35;sem vítima;304;BR-101/RJ;Norte;Colisão Traseira;1;;;;;1;;;;;3;;;;
16/10/2014;10:27:00;83;sem vítima;304;BR-101/RJ;Norte;Colisão Traseira;1;;1;;;;;;;;2;;;;
28/11/2014;08:41:00;50;sem vítima;304;BR-101/RJ;Norte;Choque - Defensa, barreira ou "submarino";1;;;;;;;;;;4;;;;
09/12/2014;05:43:00;21;sem vítima;304;BR-101/RJ;Sul;Engavetamento;2;;1;;;;;;;;7;;;;
13/12/2014;22:12:00;206;sem vítima;304;BR-101/RJ;Norte;Colisão Traseira;2;;;;;;;;;;3;;;;
14/12/2014;16:31:00;110;com vítima;304;BR-101/RJ;Sul;Colisão Traseira;2;;;;;;;;;;5;2;;;
17/12/2014;19:58:00;184;sem vítima;304,579;BR-101/RJ;Sul;Colisão Traseira;2;;;;;;;;;;5;;;;
24/12/2014;18:35:00;146;sem vítima;304;BR-101/RJ;Norte;Queda de Moto;;;;1;;;;;;;1;;;;
01/01/2015;04:39:00;12;com vítima;304,977;BR-101/RJ;Norte;Capotamento;1;;;;;;;;;;0;2;1;;
07/01/2015;12:42:00;86;com vítima;304;BR-101/RJ;Norte;Queda de Moto;;;;1;;;;;;;0;1;;;
10/01/2015;15:52:00;140;sem vítima;304;BR-101/RJ;Norte;Colisão Lateral;3;;;;;;;;;;6;;;;
17/01/2015;13:39:00;108;com vítima;304;BR-101/RJ;Norte;Queda de Moto;;;;1;;;;;;;0;2;;;
10/02/2015;16:17:00;169;com vítima;304;BR-101/RJ;Norte;Colisão Traseira;1;;;1;;;;;;;1;1;0;0;0
12/02/2015;17:59:00;191;com vítima;304;BR-101/RJ;Norte;Colisão Traseira;1;;;1;;;;;;;4;1;0;0;0
14/02/2015;06:06:00;61;sem vítima;304;BR-101/RJ;Norte;Engavetamento;3;;;;;;;;;;3;0;0;0;0
01/03/2015;17:56:00;116;sem vítima;304;BR-101/RJ;Sul;Colisão Traseira;2;;;;;;;;;;2;0;0;0;0
26/03/2015;06:52:00;38;sem vítima;304;BR-101/RJ;Norte;Colisão Lateral;2;;;;;;;;;;3;0;0;0;0
28/03/2015;20:24:00;172;com vítima;304,14;BR-101/RJ;Norte;Colisão Traseira;1;;;1;;;;;;;1;0;1;0;0
22/05/2015;21:53:00;221;com vítima;304;BR-101/RJ;Norte;Queda de Moto;;;;1;;;;;;;0;;1;;
24/05/2015;01:05:00;10;sem vítima;304;BR-101/RJ;Norte;Choque - Defensa, barreira ou "submarino";1;;;;;;;;;;6;;;;
08/06/2015;01:40:00;10;sem vítima;304,938;BR-101/RJ;Norte;Colisão Traseira;;;2;;;;;;;;2;;;;
11/06/2015;16:55:00;165;com vítima;304;BR-101/RJ;Sul;Choque - Outros;1;;;;;;;;;;0;1;;;
12/07/2015;17:15:00;126;com vítima;304,62;BR-101/RJ;Sul;Atropelamento - Morador;;;;1;;;;;;;2;1;;;
26/07/2015;07:56:00;35;com vítima;304,946;BR-101/RJ;Norte;Colisão Traseira;1;1;;;;;;;;;2;;;;1
27/07/2015;12:08:00;110;com vítima;304;BR-101/RJ;Sul;Colisão Lateral;1;;;1;;;;;;;3;;1;;
02/08/2015;21:53:00;176;com vítima;304;BR-101/RJ;Sul;Colisão Lateral;;;1;1;;;;;;;1;;1;;
16/08/2015;15:55:00;92;com vítima;304,9;BR-101/RJ;Norte;Choque - Outros;1;;;;;;;;;;0;1;;;
24/08/2015;10:14:00;93;com vítima;304,172;BR-101/RJ;Sul;Atropelamento - Morador;1;;;;;;;;;;1;1;;;
25/08/2015;16:38:00;149;sem vítima;304,565;BR-101/RJ;Norte;Engavetamento;2;;;;2;;;;;;5;;;;
07/09/2015;01:58:00;14;sem vítima;304,6;BR-101/RJ;Norte;Atropelamento de Animal;1;;;;;;;;;;1;;;;
20/09/2015;15:16:00;125;sem vítima;304;BR-101/RJ;Norte;Choque - Outros;1;;;;;;;;;;1;;;;
24/09/2015;22:19:00;223;sem vítima;304;BR-101/RJ;Norte;Capotamento;1;;;;;;;;;;1;;;;
24/09/2015;23:09:00;229;sem vítima;304;BR-101/RJ;Norte;Colisão Traseira;2;;;;;;;;;;3;;;;
23/10/2015;10:46:00;81;com vítima;304,912;BR-101/RJ;Norte;Colisão Traseira;;;;;1;1;;;;;1;1;;;
05/11/2015;16:08:00;150;sem vítima;304;BR-101/RJ;Norte;Colisão Lateral;1;;;;1;;;;;;2;;;;
15/12/2015;18:18:00;232;com vítima;304;BR-101/RJ;Norte;Colisão Traseira;1;;;1;;;;;;;2;1;;;
26/12/2015;17:41:00;180;sem vítima;304;BR-101/RJ;Norte;Engavetamento;3;;;;;;;;;;13;;;;
28/12/2015;16:18:00;169;sem vítima;304;BR-101/RJ;Norte;Engavetamento;3;;;;;;;;;;12;;;;
03/01/2010;21:13:00;264;com vítima;305;BR-101/RJ;Sul;Atropelamento - Andarilho;1;;;;;;;;;;3;;;1;
04/01/2010;05:50:00;38;sem vítima;305;BR-101/RJ;Sul;Colisão Traseira;3;;;;;;;;;;10;;;;
06/02/2010;10:16:00;83;sem vítima;305;BR-101/RJ;Sul;Saida de Pista;1;;;;;;;;;;2;;;;
13/02/2010;14:09:00;280;sem vítima;305;BR-101/RJ;Norte;Colisão Traseira;1;;;1;;;;;;;2;;;;
21/02/2010;06:36:00;29;sem vítima;305;BR-101/RJ;Norte;Saida de Pista;1;;;;;;;;;;1;;;;
18/03/2010;20:22:00;185;sem vítima;305;BR-101/RJ;Sul;Saida de Pista;1;;;;;;;;;;5;;;;
28/03/2010;09:34:00;49;com vítima;305,8999938964844;BR-101/RJ;Norte;Outros - Sequência;1;;;;;;;;;;1;;1;;
31/03/2010;16:10:00;128;sem vítima;305;BR-101/RJ;Norte;Colisão Lateral;2;;;;1;;;;;;22;;;;
01/04/2010;17:25:00;176;sem vítima;305;BR-101/RJ;Norte;Colisão Traseira;1;;;1;;;;;;;8;;;;
28/04/2010;06:24:00;38;sem vítima;305;BR-101/RJ;Sul;Saida de Pista;1;;;;;;;;;;1;;;;
08/08/2010;15:43:00;115;com vítima;305,70001220703125;BR-101/RJ;Sul;Capotamento;;;;;;;;;;1;0;3;;;
04/09/2010;07:23:00;44;sem vítima;305;BR-101/RJ;Norte;Choque - Defensa, barreira ou "submarino";1;;;;;;;;;;3;;;;
04/09/2010;12:04:00;120;com vítima;305;BR-101/RJ;Norte;Atropelamento - Ciclista;1;1;;;;;;;;;1;;1;;
12/09/2010;16:21:00;105;sem vítima;305;BR-101/RJ;Sul;Saida de Pista;1;;;;;;;;;;1;;;;
17/09/2010;14:12:00;109;sem vítima;305;BR-101/RJ;Norte;Colisão Traseira;2;;;;;;;;;;4;;;;
18/09/2010;18:43:00;147;com vítima;305;BR-101/RJ;Norte;Atropelamento - Ciclista;;1;;;;1;;;;;1;;1;;
13/10/2010;04:49:00;9;com vítima;305;BR-101/RJ;Sul;Queda de Moto;;;;1;;;;;;;0;1;;;
15/01/2011;12:11:00;81;sem vítima;305;BR-101/RJ;Sul;Saida de Pista;;;;;;;;;;1;1;;;;
25/03/2011;07:43:00;28;sem vítima;315;BR-101/RJ;Sul;Colisão Lateral;1;;;1;;;;;;;2;;;;
25/03/2011;08:04:00;31;sem vítima;315;BR-101/RJ;Sul;Colisão Lateral;1;;;1;;;;;;;2;;;;
25/03/2011;08:55:00;35;sem vítima;320;BR-101/RJ;Sul;Queda de Moto;1;;;1;;;;;;;2;;;;
25/03/2011;11:01:00;62;sem vítima;320;BR-101/RJ;Sul;Colisão Lateral;1;;;1;;;;;;;2;;;;
25/03/2011;11:04:00;64;sem vítima;319;BR-101/RJ;Sul;Colisão Traseira;1;;1;;;;;;;;5;;;;
01/05/2011;00:26:00;1;com vítima;305;BR-101/RJ;Norte;Queda de Moto;;;;1;;;;;;;0;;1;;
04/06/2011;22:52:00;185;sem vítima;305;BR-101/RJ;Sul;Atropelamento - Andarilho;;1;;;;1;;;;;2;;;;
18/06/2011;22:11:00;161;com vítima;305;BR-101/RJ;Norte;Atropelamento - Ciclista;1;1;;;;;;;;;5;;2;;1
08/08/2011;19:10:00;194;sem vítima;305;BR-101/RJ;Sul;Saida de Pista;1;;;;;;;;;;2;;;;
21/08/2011;05:59:00;29;sem vítima;305;BR-101/RJ;Sul;Colisão Traseira;1;;;;1;;;;;;5;;;;
21/08/2011;04:25:00;20;com vítima;305,29998779296875;BR-101/RJ;Sul;Atropelamento - Morador;1;;;;;;;;;;1;;;;1
17/09/2011;03:14:00;12;sem vítima;305;BR-101/RJ;Norte;Queda de Moto;;;;1;;;;;;;1;;;;
21/09/2011;20:13:00;152;com vítima;305;BR-101/RJ;Norte;Atropelamento - Morador;1;;;;;;;;;;1;;;;1
30/09/2011;13:52:00;117;sem vítima;305;BR-101/RJ;Norte;Capotamento;2;;;;;;;;;;2;;;;
05/10/2011;02:48:00;7;sem vítima;305,29998779296875;BR-101/RJ;Norte;Atropelamento de Animal;;;1;;;;;;;;1;;;;
11/10/2011;22:40:00;193;sem vítima;305;BR-101/RJ;Sul;Colisão Traseira;1;;;;1;;;;;;2;;;;
29/10/2011;15:38:00;113;sem vítima;305;BR-101/RJ;Norte;Saida de Pista;1;;;;;;;;;;3;;;;
12/11/2011;12:33:00;115;com vítima;305;BR-101/RJ;Norte;Colisão Lateral;1;;;1;;;;;;;1;1;;;
17/11/2011;05:39:00;20;sem vítima;305,5;BR-101/RJ;Sul;Atropelamento de Animal;1;;;;;1;;;;;2;;;;
07/12/2011;15:31:00;126;com vítima;305,70001220703125;BR-101/RJ;Norte;Choque - Outros;;;1;;;;;;;;0;;1;;
01/01/2012;06:09:00;32;sem vítima;305;BR-101/RJ;Sul;Capotamento;1;;;;;;;;;;1;;;;
28/01/2012;20:33:00;174;com vítima;305,5;BR-101/RJ;Norte;Colisão Traseira;;;;1;;1;;;;;1;;;1;
31/01/2012;15:26:00;110;sem vítima;305;BR-101/RJ;Sul;Saida de Pista;;;;;;;;;;1;2;;;;
04/02/2012;09:32:00;50;sem vítima;305;BR-101/RJ;Norte;Atropelamento de Animal;1;;;;;;;;;;1;;;;
04/02/2012;20:11:00;185;com vítima;305;BR-101/RJ;Norte;Saida de Pista;1;;;;;;;;;;0;2;;;
12/02/2012;16:53:00;126;sem vítima;305,85;BR-101/RJ;Sul;Saida de Pista;2;;;;;;;;;;8;;;;
16/02/2012;18:56:00;190;com vítima;305;BR-101/RJ;Sul;Atropelamento - Morador;;;;;;1;;;;;1;1;;;
17/02/2012;04:44:00;33;sem vítima;305,6;BR-101/RJ;Sul;Colisão Traseira;1;;;;;1;;;;;2;;;;
27/02/2012;11:56:00;79;sem vítima;305;BR-101/RJ;Norte;Colisão Traseira;2;;;;;;;;;;2;;;;
13/03/2012;07:30:00;39;sem vítima;305;BR-101/RJ;Sul;Colisão Traseira;1;;;;1;;;;;;2;;;;
24/03/2012;05:22:00;40;sem vítima;305;BR-101/RJ;Sul;Colisão Traseira;1;;;;;;;;;1;5;;;;
19/04/2012;17:16:00;129;com vítima;305;BR-101/RJ;Norte;Atropelamento - Ciclista;;;;;;1;;;;;1;;1;;
03/06/2012;16:56:00;150;sem vítima;305,782;BR-101/RJ;Norte;Choque - Defensa, barreira ou "submarino";1;;;;;;;;;;1;;;;
07/07/2012;14:45:00;125;sem vítima;305,25;BR-101/RJ;Sul;Saida de Pista;1;;;;;;;;;;1;;;;
12/07/2012;11:24:00;85;sem vítima;305,5;BR-101/RJ;Norte;Colisão Lateral;1;;1;;;;;;;;2;;;;
19/07/2012;23:09:00;199;sem vítima;305,5;BR-101/RJ;Norte;Saida de Pista;1;;;;;;;;;;7;;;;
11/08/2012;10:42:00;83;sem vítima;305;BR-101/RJ;Sul;Colisão Traseira;3;;;;;;;;;;7;;;;
20/08/2012;08:35:00;48;sem vítima;305;BR-101/RJ;Norte;Engavetamento;3;;;;;;;;;;6;;;;
31/08/2012;03:01:00;10;sem vítima;305;BR-101/RJ;Norte;Atropelamento de Animal;;;1;;;;;;;;1;;;;
02/09/2012;06:26:00;18;com vítima;305,7;BR-101/RJ;Sul;Saida de Pista;;;;1;;;;;;;1;;;1;1
28/09/2012;13:37:00;117;sem vítima;305;BR-101/RJ;Norte;Engavetamento;4;;;;;;;;;;8;;;;
04/10/2012;13:57:00;117;sem vítima;305,7;BR-101/RJ;Sul;Colisão Lateral;1;;2;;;;;;;;6;;;;
05/10/2012;19:58:00;210;sem vítima;305;BR-101/RJ;Sul;Colisão Traseira;2;;;;;;;;;;3;;;;
13/10/2012;05:09:00;17;sem vítima;305,705;BR-101/RJ;Norte;Choque - Defensa, barreira ou "submarino";1;;;;;;;;;;2;;;;
22/10/2012;07:02:00;47;com vítima;305;BR-101/RJ;Norte;Atropelamento - Ciclista;;1;;;1;;;;;;1;;1;;
27/10/2012;20:13:00;190;sem vítima;305;BR-101/RJ;Sul;Colisão Traseira;2;;;;;;;;;;4;;;;
10/11/2012;19:39:00;160;sem vítima;305;BR-101/RJ;Sul;Capotamento;1;;;;;;;;;;1;;;;
23/11/2012;18:44:00;185;sem vítima;305;BR-101/RJ;Norte;Colisão Traseira;1;;1;;;;;;;;6;;;;
22/12/2012;02:57:00;26;sem vítima;305;BR-101/RJ;Norte;Saida de Pista;1;;;;;;;;;;1;;;;
23/12/2012;04:58:00;23;sem vítima;305;BR-101/RJ;Sul;Saida de Pista;1;;;;;;;;;;1;;;;
13/01/2013;09:40:00;68;com vítima;305,6;BR-101/RJ;Norte;Colisão Traseira;2;;;;;;;;;;1;;3;;
19/01/2013;12:53:00;117;com vítima;305;BR-101/RJ;Sul;Atropelamento - Ambulante;;;;1;;;;;;;2;1;;;
03/02/2013;16:32:00;132;com vítima;305;BR-101/RJ;Sul;Colisão Traseira;2;;;;;;;;;;1;2;;;
10/02/2013;19:05:00;196;com vítima;305;BR-101/RJ;Sul;Capotamento;1;;;;;;;;;;0;4;2;;
16/02/2013;23:59:00;275;com vítima;305;BR-101/RJ;Sul;Saida de Pista;1;;;;;;;;;;0;;1;;
01/03/2013;00:54:00;5;sem vítima;305,6;BR-101/RJ;Norte;Capotamento;1;;;;;;;;;;1;;;;
06/03/2013;02:16:00;15;sem vítima;305,5;BR-101/RJ;Sul;Saida de Pista;;;1;;;;;;;;1;;;;
31/03/2013;18:34:00;147;com vítima;305;BR-101/RJ;Sul;Colisão Traseira;1;;;1;;;;;;;1;;1;;
07/04/2013;11:05:00;67;sem vítima;305;BR-101/RJ;Sul;Engavetamento;3;;;;;;;;;;7;;;;
09/04/2013;22:42:00;199;com vítima;305;BR-101/RJ;Sul;Saida de Pista;1;;1;;;;;;;;3;;2;;
16/04/2013;00:21:00;3;sem vítima;305,26;BR-101/RJ;Norte;Saida de Pista;1;;;;;;;;;;1;;;;
08/05/2013;23:28:00;162;sem vítima;305;BR-101/RJ;Norte;Colisão Lateral;1;;;;;;;;;1;4;;;;
16/05/2013;11:12:00;62;sem vítima;305;BR-101/RJ;Sul;Colisão Traseira;2;;;;;;;;;;2;;;;
20/05/2013;10:16:00;64;sem vítima;305;BR-101/RJ;Sul;Colisão Traseira;2;;;;;;;;;;4;;;;
28/05/2013;21:38:00;170;sem vítima;305;BR-101/RJ;Sul;Saida de Pista;1;;;;;;;;;;1;;;;
28/05/2013;14:22:00;114;sem vítima;305,8;BR-101/RJ;Sul;Engavetamento;3;;;;;;;;;;3;;;;
05/06/2013;18:19:00;142;com vítima;305;BR-101/RJ;Norte;Atropelamento - Ciclista;;1;;;;;;;;1;1;;;1;
07/06/2013;19:06:00;169;sem vítima;305;BR-101/RJ;Sul;Colisão Lateral;1;;;;;1;;;;;2;;;;
07/06/2013;19:42:00;175;com vítima;305;BR-101/RJ;Norte;Atropelamento - Ciclista;;1;;;;1;;;;;1;;1;;
11/06/2013;20:28:00;171;com vítima;305,232;BR-101/RJ;Sul;Atropelamento - Morador;;;;1;;;;;;;1;;;;1
27/06/2013;17:26:00;134;com vítima;305;BR-101/RJ;Sul;Colisão Traseira;1;;;1;;;;;;;1;;1;;
06/07/2013;16:13:00;134;com vítima;305,016;BR-101/RJ;Norte;Capotamento;1;;;;;;;;;;0;1;1;;
20/07/2013;11:50:00;103;com vítima;305;BR-101/RJ;Norte;Colisão Lateral;;;;1;;1;;;;;1;1;;;
28/07/2013;12:26:00;88;sem vítima;305,278;BR-101/RJ;Sul;Colisão Lateral;2;;;;;;;;;;6;;;;
30/07/2013;07:36:00;37;com vítima;305,479;BR-101/RJ;Norte;Outros - Sequência;;;;;1;;;;;1;20;;1;;
03/08/2013;09:14:00;59;com vítima;305,48;BR-101/RJ;Norte;Colisão Traseira;2;;;;;;;;;;6;;1;;
07/09/2013;15:34:00;141;com vítima;305,225;BR-101/RJ;Sul;Atropelamento - Morador;1;;;;;;;;;;2;;;1;
19/09/2013;09:46:00;69;sem vítima;305;BR-101/RJ;Norte;Colisão Lateral;;;;;1;;;;;1;3;;;;
08/10/2013;05:32:00;23;sem vítima;305,827;BR-101/RJ;Norte;Colisão Traseira;;;;;;1;;;;1;3;;;;
14/11/2013;19:35:00;173;sem vítima;305,226;BR-101/RJ;Sul;Choque - Defensa, barreira ou "submarino";1;;;;;;;;;;1;;;;
20/11/2013;17:38:00;113;com vítima;305,625;BR-101/RJ;Norte;Choque - Defensa, barreira ou "submarino";1;;;;;;;;;;0;1;;;
29/11/2013;10:44:00;109;sem vítima;305;BR-101/RJ;Sul;Engavetamento;3;;;;;;;;;;7;;;;
07/12/2013;10:35:00;108;sem vítima;305,6;BR-101/RJ;Norte;Atropelamento de Animal;2;;;;;;;;;;5;;;;
13/12/2013;10:57:00;84;sem vítima;305;BR-101/RJ;Sul;Colisão Lateral;;;;1;;1;;;;;2;;;;
18/12/2013;17:48:00;154;sem vítima;305,759;BR-101/RJ;Norte;Colisão Traseira;1;;;;1;;;;;;3;;;;
06/02/2014;20:57:00;206;sem vítima;305;BR-101/RJ;Norte;Colisão Traseira;2;;;;;;;;;;2;;;;
16/02/2014;14:48:00;82;sem vítima;305;BR-101/RJ;Sul;Saida de Pista;1;;;;;;;;;;1;;;;
23/02/2014;21:14:00;174;com vítima;305,25;BR-101/RJ;Sul;Atropelamento - Morador;;;;;;1;;;;;1;;;;1
28/02/2014;17:56:00;194;com vítima;305,6;BR-101/RJ;Norte;Atropelamento - Morador;1;;;;;;;;;;3;;;1;
06/03/2014;17:25:00;184;com vítima;305;BR-101/RJ;Sul;Queda de Moto;;;;1;;1;;;;;1;;1;;
17/04/2014;16:29:00;141;sem vítima;305;BR-101/RJ;Norte;Colisão Traseira;1;;;;;;;;;1;6;;;;
26/04/2014;17:51:00;150;com vítima;305,157;BR-101/RJ;Norte;Capotamento;1;;;;;;;;;;0;;1;;
02/05/2014;11:37:00;63;sem vítima;305,118;BR-101/RJ;Sul;Saida de Pista;1;;;;;;;;;;6;;;;
27/05/2014;04:38:00;17;com vítima;305;BR-101/RJ;Norte;Capotamento;1;;;;;;;;;;1;2;;;
31/05/2014;08:05:00;42;com vítima;305,666;BR-101/RJ;Sul;Engavetamento;3;;;;;;;;;;3;1;;;
31/05/2014;09:25:00;56;sem vítima;305,795;BR-101/RJ;Sul;Colisão Traseira;1;;1;;;;;;;;6;;;;
23/07/2014;09:21:00;41;sem vítima;305,14;BR-101/RJ;Norte;Colisão Lateral;2;;;;;;;;;;3;;;;
27/07/2014;19:08:00;136;sem vítima;305;BR-101/RJ;Sul;Colisão Traseira;2;;;;;;;;;;5;;;;
23/08/2014;23:14:00;180;com vítima;305,09;BR-101/RJ;Norte;Atropelamento - Morador;1;;;;;;;;;;2;;;;1
31/08/2014;22:29:00;165;sem vítima;305;BR-101/RJ;Sul;Outros - Sequência;2;;;;;1;;;;;3;;;;
23/09/2014;06:04:00;16;sem vítima;305;BR-101/RJ;Sul;Colisão Lateral;1;;;;;1;;;;;2;;;;
23/09/2014;18:31:00;143;com vítima;305;BR-101/RJ;Sul;Outros - Sequência;3;1;;;;;;;;;5;1;;;