data;horario;n_da_ocorrencia;tipo_de_ocorrencia;km;trecho;sentido;tipo_de_acidente;automovel;bicicleta;caminhao;moto;onibus;outros;tracao_animal;transporte_de_cargas_especiais;trator_maquinas;utilitarios;ilesos;levemente_feridos;moderadamente_feridos;gravemente_feridos;mortos
01/10/2014;07:58:00;42;com vítima;305,072;BR-101/RJ;Norte;Colisão Traseira;1;;;1;;;;;;;1;;1;;
10/11/2014;20:49:00;166;com vítima;305,347;BR-101/RJ;Sul;Saida de Pista;1;;;;;;;;;;0;;2;1;4
05/12/2014;00:34:00;2;com vítima;305,82;BR-101/RJ;Sul;Atropelamento - Usuário;1;;;;;1;;;;;2;;;1;
08/01/2015;16:07:00;119;sem vítima;305,983;BR-101/RJ;Norte;Colisão Traseira;2;;;;;;;;;;3;;;;
17/01/2015;08:48:00;64;sem vítima;305;BR-101/RJ;Norte;Colisão Traseira;2;;;;;;;;;;2;;;;
17/01/2015;18:46:00;166;com vítima;305;BR-101/RJ;Norte;Colisão Lateral;1;;;1;;;;;;;2;1;;;
09/02/2015;15:12:00;123;sem vítima;305;BR-101/RJ;Norte;Colisão Traseira;2;;;;;;;;;;2;0;0;0;0
22/03/2015;06:49:00;33;sem vítima;305,386;BR-101/RJ;Norte;Saida de Pista;1;;;;;;;;;;2;0;0;0;0
28/03/2015;20:52:00;179;com vítima;305,385;BR-101/RJ;Norte;Atropelamento - Andarilho;1;;;;;;;;;;1;0;0;1;0
29/03/2015;07:00:00;31;sem vítima;305;BR-101/RJ;Norte;Saida de Pista;1;;;;;;;;;;1;0;0;0;0
02/04/2015;22:47:00;241;sem vítima;305;BR-101/RJ;Sul;Colisão Traseira;1;;;;;1;;;;;2;;;;
14/04/2015;09:20:00;64;com vítima;305,263;BR-101/RJ;Sul;Engavetamento;1;;;1;;;;;;1;5;2;;;
18/04/2015;07:18:00;27;sem vítima;305;BR-101/RJ;Sul;Saida de Pista;1;;;;;;;;;;1;;;;
20/06/2015;17:25:00;135;com vítima;305,22;BR-101/RJ;Sul;Colisão Transversal;1;;;1;;;;;;;2;;;;1
28/06/2015;06:19:00;16;com vítima;305,074;BR-101/RJ;Norte;Outros - Sequência;2;;;;;;;;;;0;1;2;1;
11/07/2015;14:37:00;120;com vítima;305,056;BR-101/RJ;Sul;Saida de Pista;1;;;;;;;;;;0;2;;;
25/07/2015;10:39:00;85;sem vítima;305;BR-101/RJ;Sul;Colisão Traseira;2;;;;;;;;;;2;;;;
26/07/2015;21:08:00;174;com vítima;305;BR-101/RJ;Sul;Queda de Moto;;;;1;;;;;;;0;2;;;
21/08/2015;07:50:00;44;com vítima;305;BR-101/RJ;Sul;Choque - Arvore;1;;;;;;;;;;0;;2;;
05/09/2015;16:25:00;151;sem vítima;305;BR-101/RJ;Norte;Colisão Lateral;1;;;1;;;;;;;2;;;;
05/09/2015;01:09:00;8;sem vítima;305,873;BR-101/RJ;Norte;Colisão Traseira;1;;1;;;;;;;;5;;;;
10/10/2015;07:44:00;52;com vítima;305,194;BR-101/RJ;Norte;Atropelamento - Morador;1;;;;;;;;;;3;;1;;
23/11/2015;06:47:00;40;com vítima;305;BR-101/RJ;Sul;Saida de Pista;1;;;;;;;;;;4;;1;;
05/01/2010;19:53:00;174;sem vítima;306;BR-101/RJ;Norte;Colisão Lateral;1;;;;1;;;;;;3;;;;
10/01/2010;09:24:00;67;com vítima;306;BR-101/RJ;Sul;Atropelamento - Ciclista;1;1;;;;;;;;;4;1;1;;1
30/01/2010;06:40:00;46;com vítima;306;BR-101/RJ;Sul;Queda de Moto;;;;1;;;;;;;0;;1;;
02/02/2010;10:01:00;52;com vítima;306;BR-101/RJ;Norte;Colisão Traseira;1;;1;;;;;;;;1;1;;;
28/02/2010;16:19:00;94;com vítima;306;BR-101/RJ;Sul;Outros - Sequência;2;;;;;;;;;;3;;1;;
25/03/2010;14:37:00;115;sem vítima;306;BR-101/RJ;Norte;Saida de Pista;1;;;;;;;;;;1;;;;
25/03/2010;20:38:00;164;com vítima;306;BR-101/RJ;Sul;Capotamento;1;;;;;;;;;;2;;2;;
28/03/2010;09:55:00;51;com vítima;306,1000061035156;BR-101/RJ;Norte;Outros - Sequência;2;;;;;1;;;;;3;;1;;
22/05/2010;05:25:00;21;com vítima;306;BR-101/RJ;Sul;Saida de Pista;1;;;;;;;;;;0;;2;;
02/06/2010;12:51:00;100;com vítima;306;BR-101/RJ;Norte;Atropelamento - Morador;1;;;;;;;;;;1;;1;;
04/06/2010;21:08:00;172;sem vítima;306;BR-101/RJ;Sul;Saida de Pista;1;;;;;;;;;;3;;;;
18/06/2010;18:20:00;191;sem vítima;306;BR-101/RJ;Sul;Colisão Traseira;3;;;;;;;;;;4;;;;
19/06/2010;19:38:00;168;sem vítima;306;BR-101/RJ;Sul;Colisão Traseira;2;;;;;;;;;;2;;;;
26/06/2010;06:03:00;34;sem vítima;306;BR-101/RJ;Sul;Saida de Pista;1;;;;;;;;;;1;;;;
11/07/2010;15:59:00;89;sem vítima;306;BR-101/RJ;Sul;Capotamento;1;;;;;;;;;;4;;;;
17/07/2010;04:56:00;27;sem vítima;306;BR-101/RJ;Norte;Saida de Pista;1;;;;;;;;;;1;;;;
17/07/2010;22:15:00;231;com vítima;306;BR-101/RJ;Norte;Colisão Traseira;;;;1;;1;;;;;1;;2;;
08/08/2010;16:44:00;129;sem vítima;306;BR-101/RJ;Norte;Colisão Traseira;2;;;;;;;;;;4;;;;
21/08/2010;06:43:00;38;com vítima;306;BR-101/RJ;Norte;Queda de Moto;;;;1;;;;;;;0;;1;;
26/09/2010;19:12:00;134;sem vítima;306;BR-101/RJ;Norte;Saida de Pista;1;;;;;;;;;;2;;;;
04/10/2010;13:45:00;90;sem vítima;306;BR-101/RJ;Sul;Colisão Traseira;1;;;;1;;;;;;4;;;;
09/10/2010;18:13:00;168;sem vítima;306;BR-101/RJ;Norte;Saida de Pista;1;;;;;;;;;;3;;;;
13/10/2010;16:17:00;143;sem vítima;306;BR-101/RJ;Sul;Colisão Traseira;2;;;;;;;;;;3;;;;
16/10/2010;03:26:00;13;com vítima;306;BR-101/RJ;Norte;Capotamento;1;;;;;;;;;;1;;;;1
24/11/2010;11:00:00;79;sem vítima;306;BR-101/RJ;Norte;Objeto lançado contra veículo;1;;;;1;;;;;;2;;;;
25/11/2010;01:48:00;8;com vítima;306;BR-101/RJ;Norte;Choque - Defensa, barreira ou "submarino";1;;;;;;;;;;0;;;1;
25/11/2010;07:04:00;38;sem vítima;306;BR-101/RJ;Norte;Colisão Traseira;2;;;;;;;;;;3;;;;
04/12/2010;16:10:00;138;com vítima;306;BR-101/RJ;Norte;Capotamento;1;;1;;;;;;;;2;;;1;
30/12/2010;21:38:00;208;sem vítima;306;BR-101/RJ;Sul;Saida de Pista;1;;;;;;;;;;2;;;;
01/01/2011;17:58:00;122;com vítima;306;BR-101/RJ;Norte;Colisão Lateral;1;;;1;;;;;;;3;;1;;
15/01/2011;15:11:00;113;sem vítima;306;BR-101/RJ;Norte;Colisão Traseira;2;;;;;;;;;;2;;;;
26/01/2011;02:54:00;11;com vítima;306;BR-101/RJ;Norte;Colisão Traseira;1;;1;;;;;;;;2;2;;;
01/02/2011;04:58:00;15;com vítima;306;BR-101/RJ;Sul;Queda de Moto;;;;1;;1;;;;;1;1;;;
04/02/2011;19:09:00;180;sem vítima;306;BR-101/RJ;Sul;Colisão Traseira;2;;;;;;;;;;2;;;;
25/03/2011;13:00:00;82;sem vítima;252;BR-101/RJ;Norte;Saida de Pista;1;;1;;;;;;;;3;;;;
25/03/2011;18:52:00;137;sem vítima;40;BR-101/RJ;Sul;Colisão Lateral;1;;1;;;;;;;;2;;;;
09/05/2011;13:14:00;97;com vítima;306;BR-101/RJ;Sul;Colisão Traseira;1;;;;;;;;;1;7;;1;;
09/05/2011;15:22:00;110;sem vítima;306;BR-101/RJ;Norte;Engavetamento;3;;;;;;;;;;6;;;;
11/05/2011;07:12:00;19;sem vítima;306;BR-101/RJ;Sul;Colisão Traseira;;;;;1;;;;;1;2;;;;
01/06/2011;20:46:00;153;com vítima;306;BR-101/RJ;Sul;Atropelamento - Ciclista;1;1;;;;;;;;;0;1;;;1
03/06/2011;01:09:00;5;com vítima;306;BR-101/RJ;Sul;Capotamento;1;;;;;;;;;;2;;1;;
18/06/2011;22:00:00;158;sem vítima;306;BR-101/RJ;Norte;Saida de Pista;1;;;;;;;;;;2;;;;
25/06/2011;22:41:00;165;com vítima;306;BR-101/RJ;Norte;Colisão Lateral;2;;;;;;;;;;0;3;;;
29/08/2011;10:59:00;93;sem vítima;306;BR-101/RJ;Sul;Saida de Pista;1;;;;;;;;;;1;;;;
30/08/2011;03:43:00;8;sem vítima;306,0899963378906;BR-101/RJ;Norte;Colisão Traseira;1;;1;;;;;;;;2;;;;
31/08/2011;07:31:00;26;sem vítima;306,5;BR-101/RJ;Sul;Saida de Pista;1;;;;;;;;;;2;;;;
11/09/2011;16:00:00;109;sem vítima;306;BR-101/RJ;Norte;Saida de Pista;1;;1;;;;;;;;4;;;;
11/09/2011;16:00:00;114;sem vítima;306;BR-101/RJ;Sul;Colisão Traseira;2;;;;;;;;;;5;;;;
11/09/2011;18:14:00;143;sem vítima;306;BR-101/RJ;Sul;Engavetamento;3;;;;;;;;;;9;;;;
11/09/2011;17:44:00;135;sem vítima;306,6000061035156;BR-101/RJ;Norte;Engavetamento;3;;;;;;;;;;8;;;;
25/09/2011;00:12:00;2;sem vítima;306,4599914550781;BR-101/RJ;Norte;Colisão Frontal;1;;;;;;;;;;1;;;;
29/09/2011;15:00:00;97;com vítima;306;BR-101/RJ;Norte;Queda de Moto;;;;1;;;;;;;0;2;;;
30/10/2011;17:13:00;99;com vítima;306;BR-101/RJ;Norte;Capotamento;1;;;;;;;;;;0;1;;;
11/11/2011;17:52:00;143;sem vítima;306,5;BR-101/RJ;Sul;Colisão Traseira;2;;;;;;;;;;4;;;;
03/12/2011;08:36:00;52;sem vítima;306;BR-101/RJ;Sul;Colisão Lateral;1;;;;;;;;;;1;;;;
27/12/2011;13:16:00;111;sem vítima;306;BR-101/RJ;Norte;Saida de Pista;1;;;;;;;;;;3;;;;
05/01/2012;11:28:00;94;com vítima;306;BR-101/RJ;Norte;Saida de Pista;1;;;;;;;;;;0;1;;;
06/01/2012;12:03:00;79;sem vítima;306;BR-101/RJ;Norte;Queda de Moto;;;;1;;;;;;;1;;;;
07/01/2012;17:41:00;140;com vítima;306;BR-101/RJ;Norte;Capotamento;1;;;;;;;;;;0;2;;;
28/01/2012;07:05:00;45;com vítima;306;BR-101/RJ;Norte;Outros - Sequência;;;;1;;;;;;2;2;;3;;
25/02/2012;05:41:00;26;com vítima;306;BR-101/RJ;Sul;Colisão Traseira;;;;1;;1;;;;;1;1;;;
13/03/2012;08:49:00;56;com vítima;306;BR-101/RJ;Sul;Queda de Moto;;;;1;;;;;;;0;2;;;
18/03/2012;20:20:00;139;sem vítima;306;BR-101/RJ;Sul;Colisão Traseira;2;;;;;1;;;;;9;;;;
28/03/2012;01:11:00;9;sem vítima;306;BR-101/RJ;Norte;Capotamento;1;;;;;;;;;;3;;;;
09/04/2012;13:01:00;114;sem vítima;306;BR-101/RJ;Norte;Colisão Traseira;2;;;;;;;;;;2;;;;
11/04/2012;01:27:00;9;sem vítima;306;BR-101/RJ;Sul;Saida de Pista;1;;;;;;;;;;1;;;;
16/04/2012;04:54:00;14;sem vítima;306;BR-101/RJ;Norte;Choque - Defensa, barreira ou "submarino";;;;;;;;;;1;1;;;;
12/05/2012;19:03:00;180;sem vítima;306;BR-101/RJ;Norte;Saida de Pista;1;;;;;;;;;;2;;;;
19/05/2012;16:58:00;126;com vítima;306;BR-101/RJ;Norte;Choque - Suporte de Sinalização;1;;;;;;;;;;0;;1;;
20/05/2012;18:37:00;137;com vítima;306,9;BR-101/RJ;Sul;Colisão Traseira;2;;;1;;;;;;;9;2;;;
21/05/2012;22:05:00;198;sem vítima;306;BR-101/RJ;Sul;Saida de Pista;1;;;;;;;;;;1;;;;
26/05/2012;08:32:00;49;sem vítima;306,2;BR-101/RJ;Sul;Colisão Traseira;2;;;;;;;;;;2;;;;
26/05/2012;08:17:00;48;com vítima;306,6;BR-101/RJ;Sul;Colisão Traseira;1;;;1;;;;;;;1;1;;;
27/05/2012;18:10:00;138;com vítima;306,55;BR-101/RJ;Sul;Atropelamento - Ciclista;;1;;;;1;;;;;1;;1;;
01/06/2012;14:20:00;117;sem vítima;306;BR-101/RJ;Norte;Colisão Lateral;;;1;;;;;;;;1;;;;
11/06/2012;12:01:00;104;sem vítima;306;BR-101/RJ;Norte;Saida de Pista;1;;;;;;;;;;2;;;;
30/06/2012;07:38:00;43;sem vítima;306;BR-101/RJ;Sul;Colisão Traseira;2;;;;;;;;;;2;;;;
25/07/2012;03:25:00;14;sem vítima;306,8;BR-101/RJ;Norte;Colisão Traseira;1;;2;;;;;;;;3;;;;
05/08/2012;22:06:00;203;com vítima;306,86;BR-101/RJ;Norte;Capotamento;1;;;;;;;;;;0;3;;;
14/08/2012;20:11:00;186;com vítima;306,692;BR-101/RJ;Sul;Atropelamento - Ciclista;;1;;;;1;;;;;1;;1;;
07/09/2012;09:27:00;95;sem vítima;306;BR-101/RJ;Norte;Colisão Traseira;2;;;;;;;;;;7;;;;
04/10/2012;16:30:00;145;sem vítima;306;BR-101/RJ;Sul;Colisão Traseira;1;;1;;;;;;;;3;;;;
07/10/2012;18:26:00;161;com vítima;306,5;BR-101/RJ;Sul;Atropelamento - Morador;;;;;;1;;;;;1;;1;;
28/10/2012;20:11:00;173;com vítima;306,069;BR-101/RJ;Sul;Colisão Lateral;1;;;1;;;;;;;4;1;1;;
28/10/2012;20:24:00;176;com vítima;306,681;BR-101/RJ;Sul;Colisão Traseira;3;;;;;;;;;;1;1;1;;
01/11/2012;19:29:00;184;sem vítima;306,09;BR-101/RJ;Sul;Colisão Traseira;2;;;;;;;;;;5;;;;
01/11/2012;19:42:00;188;sem vítima;306,09;BR-101/RJ;Norte;Engavetamento;3;;;;;;;;;;4;;;;
01/11/2012;20:01:00;189;com vítima;306,09;BR-101/RJ;Sul;Colisão Traseira;1;;;;;1;;;;;3;1;;;
06/11/2012;01:56:00;11;com vítima;306,398;BR-101/RJ;Norte;Saida de Pista;1;;;;;;;;;;0;;1;;
10/11/2012;15:41:00;119;com vítima;306,3;BR-101/RJ;Sul;Atropelamento - Ciclista;1;1;;;;;;;;;1;;1;;
18/11/2012;19:52:00;124;sem vítima;306,8;BR-101/RJ;Sul;Engavetamento;3;;;;;;;;;;12;;;;
02/12/2012;13:23:00;96;sem vítima;306;BR-101/RJ;Norte;Colisão Lateral;2;;;;;;;;;;3;;;;
02/12/2012;19:29:00;161;sem vítima;306;BR-101/RJ;Sul;Colisão Traseira;2;;;;;;;;;;7;;;;
03/12/2012;20:10:00;193;com vítima;306,9;BR-101/RJ;Sul;Atropelamento - Andarilho;;1;;;;1;;;;;1;;;;1
16/12/2012;18:07:00;151;sem vítima;306;BR-101/RJ;Sul;Colisão Traseira;2;;;;;;;;;;4;;;;
24/12/2012;13:48:00;84;com vítima;306;BR-101/RJ;Norte;Colisão Traseira;1;;;1;;;;;;;1;;2;;
23/01/2013;15:21:00;127;sem vítima;306;BR-101/RJ;Norte;Colisão Lateral;;;1;;;;;;;1;2;;;;
26/01/2013;00:53:00;6;com vítima;306,59;BR-101/RJ;Sul;Atropelamento - Ciclista;;1;;1;;;;;;;0;;;3;
21/02/2013;13:01:00;106;sem vítima;306;BR-101/RJ;Norte;Colisão Traseira;;;1;;1;;;;;;2;;;;
27/02/2013;17:41:00;145;com vítima;306,46;BR-101/RJ;Sul;Atropelamento - Ciclista;1;1;;;;;;;;;2;;1;;
03/03/2013;23:14:00;174;com vítima;306,35;BR-101/RJ;Sul;Atropelamento - Ciclista;2;1;;;;;;;;;6;;;;1
17/03/2013;11:33:00;69;com vítima;306,15;BR-101/RJ;Norte;Colisão Traseira;2;;;;;;;;;;1;;1;;
13/04/2013;22:14:00;223;sem vítima;306,23;BR-101/RJ;Sul;Colisão Traseira;1;;;;;1;;;;;5;;;;
13/04/2013;15:26:00;145;com vítima;306,701;BR-101/RJ;Sul;Colisão Traseira;2;;;;;;;;;;2;1;;;
18/04/2013;23:16:00;186;com vítima;306,86;BR-101/RJ;Sul;Atropelamento - Ciclista;1;1;;;;;;;;;1;;1;;
21/04/2013;05:10:00;12;sem vítima;306,6;BR-101/RJ;Norte;Choque - Defensa, barreira ou "submarino";1;;;;;;;;;;1;;;;
22/04/2013;19:22:00;149;sem vítima;306;BR-101/RJ;Sul;Choque - Defensa, barreira ou "submarino";;;;;;;;;;1;2;;;;
24/04/2013;16:46:00;146;sem vítima;306;BR-101/RJ;Norte;Colisão Lateral;1;;1;;;;;;;;2;;;;
16/05/2013;22:37:00;167;com vítima;306,666;BR-101/RJ;Sul;Atropelamento - Morador;;;;;;1;;;;;1;;1;;
02/06/2013;23:19:00;207;com vítima;306,729;BR-101/RJ;Sul;Atropelamento - Morador;;;;;;1;;;;;1;;1;;
16/06/2013;19:48:00;150;sem vítima;306;BR-101/RJ;Sul;Colisão Traseira;2;;;;;;;;;;2;;;;
19/06/2013;17:47:00;149;com vítima;306,268;BR-101/RJ;Norte;Atropelamento - Ciclista;1;1;;;;;;;;;1;;;1;
27/06/2013;17:02:00;128;sem vítima;306;BR-101/RJ;Sul;Colisão Lateral;1;;;;1;;;;;;2;;;;
29/06/2013;18:55:00;162;sem vítima;306;BR-101/RJ;Norte;Colisão Traseira;2;;;;;;;;;;2;;;;
07/07/2013;14:39:00;103;sem vítima;306;BR-101/RJ;Norte;Saida de Pista;1;;;;;;;;;;5;;;;
09/07/2013;07:10:00;36;sem vítima;306,2;BR-101/RJ;Sul;Colisão Traseira;2;;;;;;;;;;2;;;;
29/07/2013;15:42:00;115;sem vítima;306;BR-101/RJ;Sul;Engavetamento;2;;;;1;;;;;;3;;;;
29/07/2013;19:24:00;150;com vítima;306;BR-101/RJ;Norte;Saida de Pista;1;;;;;;;;;;5;1;;;
09/08/2013;07:59:00;30;com vítima;306,943;BR-101/RJ;Norte;Atropelamento - Ciclista;;1;;1;;;;;;;1;;1;;
06/09/2013;09:09:00;49;sem vítima;306;BR-101/RJ;Norte;Colisão Traseira;2;;;;;;;;;;3;;;;
10/09/2013;08:37:00;55;com vítima;306;BR-101/RJ;Norte;Atropelamento - Ciclista;;1;;;;1;;;;;1;1;;;
12/09/2013;12:31:00;98;sem vítima;306;BR-101/RJ;Sul;Colisão Traseira;2;;;;;;;;;;3;;;;
24/09/2013;11:27:00;80;sem vítima;306,94;BR-101/RJ;Sul;Colisão Traseira;2;;;;;;;;;;3;;;;
12/10/2013;09:15:00;72;sem vítima;306;BR-101/RJ;Norte;Colisão Traseira;2;;;;;;;;;;8;;;;
24/10/2013;20:47:00;174;sem vítima;306,6;BR-101/RJ;Norte;Outros - Sequência;2;;;1;;;;;;;5;;;;
25/10/2013;09:27:00;71;com vítima;306,308;BR-101/RJ;Norte;Colisão Traseira;;1;;;2;;;;;;1;;;2;
30/10/2013;17:25:00;143;com vítima;306,417;BR-101/RJ;Sul;Choque - Defensa, barreira ou "submarino";1;;;;;;;;;;0;2;;;
03/11/2013;18:15:00;156;sem vítima;306;BR-101/RJ;Sul;Colisão Traseira;2;;;;;;;;;;2;;;;
08/11/2013;14:59:00;138;com vítima;306,8;BR-101/RJ;Sul;Colisão Lateral;1;;;1;;1;;;;;2;;1;;
22/11/2013;12:33:00;106;sem vítima;306;BR-101/RJ;Sul;Colisão Traseira;2;;;;;;;;;;2;;;;
25/11/2013;06:11:00;28;com vítima;306,3;BR-101/RJ;Sul;Engavetamento;4;;;;;;;;;;9;2;;;
25/11/2013;06:33:00;32;sem vítima;306,4;BR-101/RJ;Norte;Colisão Traseira;2;;;;;;;;;;3;;;;
25/11/2013;06:53:00;33;sem vítima;306,4;BR-101/RJ;Norte;Colisão Traseira;2;;;;;;;;;;2;;;;
29/11/2013;12:55:00;139;sem vítima;306,272;BR-101/RJ;Sul;Colisão Lateral;2;;;;;;;;;;3;;;;
01/12/2013;18:29:00;148;sem vítima;306,433;BR-101/RJ;Sul;Engavetamento;3;;;;;;;;;;10;;;;
18/12/2013;15:27:00;133;com vítima;306,304;BR-101/RJ;Norte;Queda de Moto;;;;1;;;;;;;1;;1;;
21/12/2013;03:05:00;17;sem vítima;306,351;BR-101/RJ;Sul;Saida de Pista;1;;;;;;;;;;1;;;;
23/12/2013;15:03:00;154;sem vítima;306,8;BR-101/RJ;Sul;Engavetamento;3;;;;;;;;;;7;;;;
27/12/2013;19:07:00;185;sem vítima;306;BR-101/RJ;Norte;Colisão Traseira;1;;;;;;;;;1;10;;;;
02/01/2014;17:58:00;170;sem vítima;306,198;BR-101/RJ;Norte;Engavetamento;2;;;;;1;;;;;5;;;;
02/01/2014;17:14:00;163;sem vítima;306,262;BR-101/RJ;Norte;Choque - Suporte de Sinalização;1;;;;;;;;;;1;;;;
11/01/2014;12:49:00;113;sem vítima;306;BR-101/RJ;Norte;Colisão Lateral;2;;;;;;;;;;3;;;;
25/01/2014;10:48:00;71;com vítima;306,178;BR-101/RJ;Norte;Atropelamento - Andarilho;;;;;;1;;;;;1;1;;;
30/01/2014;11:30:00;103;sem vítima;306;BR-101/RJ;Sul;Colisão Traseira;2;;;;;;;;;;2;;;;
10/02/2014;20:19:00;185;sem vítima;306,4;BR-101/RJ;Norte;Colisão Lateral;1;;;;;1;;;;;2;;;;
23/02/2014;05:37:00;23;sem vítima;306,689;BR-101/RJ;Norte;Capotamento;1;;;;;;;;;;1;;;;
26/03/2014;00:20:00;3;sem vítima;306;BR-101/RJ;Sul;Saida de Pista;1;;;;;;;;;;1;;;;
22/04/2014;23:55:00;179;sem vítima;306;BR-101/RJ;Norte;Colisão Traseira;2;;;;;;;;;;3;;;;
28/04/2014;00:17:00;3;sem vítima;306,4;BR-101/RJ;Sul;Colisão Traseira;1;;1;;;;;;;;2;;;;
26/05/2014;13:16:00;103;sem vítima;306,09;BR-101/RJ;Norte;Colisão Traseira;2;;;;;;;;;;7;;;;
22/06/2014;16:07:00;101;sem vítima;306;BR-101/RJ;Sul;Engavetamento;2;;;;;1;;;;;6;;;;
15/08/2014;07:19:00;27;com vítima;306;BR-101/RJ;Sul;Queda de Moto;;;;1;;;;;;;0;1;;;
17/08/2014;19:58:00;137;com vítima;306;BR-101/RJ;Sul;Choque - Outros;1;;;;;;;;;;0;1;;;
23/08/2014;13:25:00;107;sem vítima;306;BR-101/RJ;Norte;Colisão Traseira;2;;;;;;;;;;2;;;;
29/08/2014;08:52:00;45;sem vítima;306;BR-101/RJ;Norte;Colisão Traseira;;;;1;;;;;;1;3;;;;
01/09/2014;04:29:00;24;sem vítima;306;BR-101/RJ;Sul;Saida de Pista;1;;;;;;;;;;4;;;;
08/09/2014;17:40:00;151;com vítima;306;BR-101/RJ;Sul;Colisão Traseira;2;;;;;;;;;;1;;1;;
26/09/2014;06:38:00;25;com vítima;306,426;BR-101/RJ;Sul;Colisão Traseira;1;;;;;1;;;;;3;;1;;
07/10/2014;08:08:00;45;sem vítima;306;BR-101/RJ;Sul;Engavetamento;7;;;;;;;;;;13;;;;
11/10/2014;14:26:00;129;com vítima;306,91;BR-101/RJ;Sul;Saida de Pista;1;;;;;;;;;;2;1;;;
21/10/2014;19:35:00;162;com vítima;306,847;BR-101/RJ;Norte;Queda de Moto;;;;1;;;;;;;0;1;;;
23/10/2014;15:43:00;122;com vítima;306,525;BR-101/RJ;Sul;Colisão Traseira;1;;;1;;;;;;;2;2;;;
01/11/2014;08:46:00;57;com vítima;306;BR-101/RJ;Norte;Colisão Lateral;;;;1;;1;;;;;1;1;;;
22/11/2014;14:20:00;73;sem vítima;306;BR-101/RJ;Norte;Colisão Lateral;2;;;;;;;;;;4;;;;
23/11/2014;18:23:00;140;com vítima;306,751;BR-101/RJ;Sul;Saida de Pista;1;;;;;;;;;;1;1;;;
25/11/2014;03:21:00;17;sem vítima;306;BR-101/RJ;Sul;Choque - Suporte de Sinalização;;;1;;;;;;;;1;;;;
28/11/2014;11:25:00;73;com vítima;306;BR-101/RJ;Norte;Colisão Traseira;;;;1;;1;;;;;1;1;1;;
30/12/2014;17:31:00;143;com vítima;306;BR-101/RJ;Norte;Colisão Lateral;1;;;1;;;;;;;1;2;;;
24/01/2015;11:17:00;60;com vítima;306;BR-101/RJ;Sul;Colisão Traseira;;;1;1;;;;;;;1;;1;;
24/01/2015;12:11:00;70;com vítima;306;BR-101/RJ;Norte;Colisão Traseira;1;;;1;;;;;;;3;1;;;
13/02/2015;07:51:00;53;com vítima;306;BR-101/RJ;Norte;Colisão Lateral;1;;;1;;;;;;;1;1;0;0;0
18/02/2015;23:30:00;233;sem vítima;306;BR-101/RJ;Norte;Choque - Defensa, barreira ou "submarino";1;;;;;;;;;;2;0;0;0;0
22/02/2015;01:17:00;8;sem vítima;306;BR-101/RJ;Sul;Saida de Pista;1;;;;;;;;;;1;;;;
08/03/2015;20:10:00;178;com vítima;306;BR-101/RJ;Norte;Atropelamento - Outros;;;;;;1;;;;;1;0;1;0;0
21/03/2015;05:03:00;25;com vítima;306;BR-101/RJ;Norte;Choque - Defensa, barreira ou "submarino";1;;;;;;;;;;3;0;1;2;0
27/03/2015;18:23:00;182;sem vítima;306;BR-101/RJ;Norte;Colisão Traseira;2;;;;;;;;;;3;0;0;0;0
17/04/2015;06:22:00;27;com vítima;306;BR-101/RJ;Sul;Engavetamento;2;;;;;1;;;;;4;1;;;
18/04/2015;05:33:00;15;com vítima;306;BR-101/RJ;Sul;Atropelamento - Morador;1;;;;;;;;;;1;;1;;
16/05/2015;18:06:00;166;com vítima;306;BR-101/RJ;Sul;Outros - Sequência;1;;;;;;;;;;0;1;;4;
28/07/2015;08:00:00;50;sem vítima;306;BR-101/RJ;Sul;Engavetamento;3;;;;;;;;;;11;;;;
07/08/2015;09:34:00;82;sem vítima;306,552;BR-101/RJ;Sul;Colisão Traseira;1;;;;;1;;;;;5;;;;
19/09/2015;12:58:00;114;sem vítima;306,738;BR-101/RJ;Norte;Colisão Lateral;1;;;;;1;;;;;2;;;;
21/09/2015;21:10:00;189;sem vítima;306;BR-101/RJ;Norte;Choque - Defensa, barreira ou "submarino";1;;;;;;;;;;1;;;;
05/10/2015;06:58:00;40;sem vítima;306;BR-101/RJ;Sul;Colisão Traseira;1;;;;;;;;;1;4;;;;
10/10/2015;20:10:00;249;sem vítima;306,636;BR-101/RJ;Norte;Colisão Traseira;2;;;;;;;;;;8;;;;
01/11/2015;14:33:00;96;com vítima;306;BR-101/RJ;Sul;Queda de Moto;;;;1;;1;;;;;1;1;;;
28/11/2015;16:09:00;145;sem vítima;306,57;BR-101/RJ;Norte;Choque - Defensa, barreira ou "submarino";1;;;;;;;;;;5;;;;
13/12/2015;14:29:00;136;com vítima;306;BR-101/RJ;Norte;Colisão Traseira;;;;2;;;;;;;0;2;1;;
14/12/2015;08:53:00;74;com vítima;306,049;BR-101/RJ;Sul;Choque - Defensa, barreira ou "submarino";1;;;;;;;;;;0;1;;;
17/12/2015;17:30:00;219;sem vítima;306;BR-101/RJ;Sul;Choque - Defensa, barreira ou "submarino";1;;;;;;;;;;1;;;;
24/12/2015;21:39:00;246;com vítima;306,2;BR-101/RJ;Sul;Atropelamento - Morador;;;;;;1;;;;;1;;;;1
26/12/2015;12:24:00;100;com vítima;306;BR-101/RJ;Norte;Colisão Lateral;;;;1;;1;;;;;1;2;;;
04/01/2010;05:26:00;35;sem vítima;307;BR-101/RJ;Sul;Atropelamento de Animal;1;;;;;;;;;;1;;;;
14/01/2010;13:27:00;91;sem vítima;307;BR-101/RJ;Sul;Saida de Pista;1;;;;;;;;;;2;;;;
18/01/2010;12:17:00;93;sem vítima;307;BR-101/RJ;Norte;Engavetamento;5;;;;;;;;;;16;;;;