data;horario;n_da_ocorrencia;tipo_de_ocorrencia;km;trecho;sentido;tipo_de_acidente;automovel;bicicleta;caminhao;moto;onibus;outros;tracao_animal;transporte_de_cargas_especiais;trator_maquinas;utilitarios;ilesos;levemente_feridos;moderadamente_feridos;gravemente_feridos;mortos
18/10/2011;15:16:00;135;sem vítima;308;BR-101/RJ;Norte;Engavetamento;4;;;;;;;;;;4;;;;
27/10/2011;09:43:00;62;com vítima;308;BR-101/RJ;Norte;Queda de Moto;;;;1;;;;;;;0;2;;;
28/10/2011;12:29:00;78;com vítima;308;BR-101/RJ;Norte;Colisão Traseira;;;;2;;;;;;;1;1;;;
12/11/2011;17:58:00;167;com vítima;308;BR-101/RJ;Norte;Colisão Lateral;;;;1;;1;;;;;1;;2;;
21/11/2011;07:48:00;51;com vítima;308,5;BR-101/RJ;Sul;Colisão Traseira;;;;1;1;;;;;;1;;1;;
17/12/2011;14:01:00;104;com vítima;308;BR-101/RJ;Norte;Capotamento;1;;;;;;;;;;1;2;1;1;
17/12/2011;15:07:00;116;sem vítima;308;BR-101/RJ;Sul;Colisão Traseira;2;;;;;;;;;;3;;;;
05/01/2012;13:00:00;117;sem vítima;308;BR-101/RJ;Sul;Colisão Traseira;2;;;;;;;;;;2;;;;
16/01/2012;10:26:00;76;com vítima;308;BR-101/RJ;Sul;Atropelamento - Morador;1;;;;;;;;;;1;;;1;
03/02/2012;15:37:00;129;sem vítima;308;BR-101/RJ;Norte;Engavetamento;4;;;;;;;;;;6;;;;
17/02/2012;06:59:00;46;com vítima;308,8;BR-101/RJ;Norte;Engavetamento;4;;;;;;;;;;11;1;;;
01/03/2012;14:42:00;111;sem vítima;308;BR-101/RJ;Sul;Saida de Pista;1;;;;;;;;;;1;;;;
11/03/2012;19:24:00;157;sem vítima;308;BR-101/RJ;Sul;Saida de Pista;1;;;;;;;;;;2;;;;
20/03/2012;18:32:00;117;com vítima;308;BR-101/RJ;Norte;Colisão Traseira;;;;2;;;;;;;1;1;;;
23/03/2012;08:34:00;35;sem vítima;308;BR-101/RJ;Sul;Colisão Frontal;;;1;1;;;;;;;4;;;;
02/05/2012;15:03:00;141;sem vítima;308;BR-101/RJ;Norte;Choque - Defensa, barreira ou "submarino";1;;;;;;;;;;1;;;;
02/05/2012;23:51:00;224;sem vítima;308;BR-101/RJ;Sul;Colisão Traseira;1;;;;;1;;;;;2;;;;
21/05/2012;06:20:00;20;sem vítima;308;BR-101/RJ;Sul;Engavetamento;2;;;1;;;;;;;4;;;;
16/06/2012;23:52:00;202;com vítima;308,5;BR-101/RJ;Norte;Atropelamento - Morador;;;;;;1;;;;;1;;;;1
20/06/2012;18:58:00;156;sem vítima;308;BR-101/RJ;Sul;Saida de Pista;1;;;;;;;;;;2;;;;
30/06/2012;05:03:00;30;com vítima;308,6;BR-101/RJ;Sul;Capotamento;3;;;;;1;;;;;4;;3;;1
11/07/2012;16:32:00;133;sem vítima;308,95;BR-101/RJ;Norte;Colisão Traseira;3;;;;;;;;;;5;;;;
20/07/2012;20:02:00;175;sem vítima;308,1;BR-101/RJ;Norte;Colisão Traseira;1;;1;;;;;;;;4;;;;
22/07/2012;04:45:00;18;sem vítima;308;BR-101/RJ;Sul;Atropelamento de Animal;1;;;;;;;;;;1;;;;
23/07/2012;12:18:00;98;sem vítima;308,5;BR-101/RJ;Norte;Colisão Traseira;2;;;;;;;;;;6;;;;
26/07/2012;14:28:00;110;sem vítima;308;BR-101/RJ;Sul;Saida de Pista;1;;;;;;;;;;1;;;;
01/08/2012;07:39:00;46;com vítima;308;BR-101/RJ;Norte;Colisão Lateral;1;;;;1;;;;;;1;;1;;
05/08/2012;15:05:00;98;sem vítima;308;BR-101/RJ;Norte;Saida de Pista;1;;;;;;;;;;1;;;;
09/08/2012;23:32:00;160;sem vítima;308;BR-101/RJ;Sul;Colisão Frontal;;;1;;;;;;;;1;;;;
09/08/2012;18:39:00;131;com vítima;308,9;BR-101/RJ;Norte;Queda de Moto;;;;1;;;;;;;0;1;;;
13/08/2012;11:22:00;95;sem vítima;308;BR-101/RJ;Sul;Colisão Traseira;1;;;;;1;;;;;3;;;;
15/08/2012;11:15:00;63;sem vítima;308;BR-101/RJ;Norte;Saida de Pista;1;;;;;;;;;;2;;;;
25/08/2012;22:31:00;190;com vítima;308,9;BR-101/RJ;Norte;Colisão Traseira;1;;;1;;;;;;;1;;;1;
28/08/2012;16:00:00;127;com vítima;308,347;BR-101/RJ;Sul;Capotamento;1;;;;;;;;;;0;1;;;
03/09/2012;08:15:00;45;sem vítima;308;BR-101/RJ;Sul;Atropelamento de Animal;;;;1;;;;;;;1;;;;
06/09/2012;08:44:00;41;sem vítima;308;BR-101/RJ;Norte;Engavetamento;4;;;;;;;;;;7;;;;
21/09/2012;16:02:00;130;sem vítima;308;BR-101/RJ;Norte;Colisão Traseira;1;;1;;;;;;;;3;;;;
03/10/2012;15:02:00;140;com vítima;308;BR-101/RJ;Norte;Queda de Moto;;;;1;;;;;;;0;1;;;
10/10/2012;05:56:00;34;com vítima;308,181;BR-101/RJ;Sul;Colisão Traseira;1;;;1;;;;;;;0;3;;;
15/10/2012;09:17:00;51;sem vítima;308;BR-101/RJ;Sul;Colisão Traseira;2;;;;;;;;;;5;;;;
05/12/2012;07:21:00;36;com vítima;308,36;BR-101/RJ;Norte;Outros - Sequência;2;;;;;;;;;;2;;1;;
29/12/2012;18:09:00;186;sem vítima;308;BR-101/RJ;Norte;Colisão Traseira;2;;;;;;;;;;2;;;;
10/01/2013;23:28:00;221;sem vítima;308;BR-101/RJ;Sul;Saida de Pista;;;1;;;;;;;;1;;;;
14/01/2013;06:27:00;24;com vítima;308,4;BR-101/RJ;Sul;Engavetamento;3;;;;;;;;;;7;;1;;
19/01/2013;01:51:00;17;sem vítima;308,6;BR-101/RJ;Norte;Choque - Defensa, barreira ou "submarino";1;;;;;;;;;;1;;;;
21/01/2013;00:17:00;4;com vítima;308;BR-101/RJ;Sul;Atropelamento - Andarilho;;;;;;1;;;;;1;;1;;
24/01/2013;16:29:00;129;com vítima;308,4;BR-101/RJ;Norte;Capotamento;1;;;;1;;;;;;2;;2;;
02/02/2013;09:36:00;67;com vítima;308,1;BR-101/RJ;Sul;Colisão Traseira;1;;;1;;;;;;;2;2;;;
12/02/2013;12:13:00;81;com vítima;308;BR-101/RJ;Sul;Queda de Moto;;;;1;;;;;;;0;1;;;
14/02/2013;22:47:00;258;com vítima;308;BR-101/RJ;Norte;Atropelamento - Andarilho;;;;1;;;;;;;1;;1;;
15/02/2013;11:35:00;113;sem vítima;308,6;BR-101/RJ;Norte;Colisão Traseira;;;;;1;1;;;;;2;;;;
23/02/2013;20:26:00;181;sem vítima;308;BR-101/RJ;Norte;Saida de Pista;1;;;;;;;;;;1;;;;
28/02/2013;22:47:00;166;com vítima;308;BR-101/RJ;Norte;Atropelamento - Outros;;;1;;;1;;;;;2;;1;;
07/03/2013;02:37:00;15;com vítima;308;BR-101/RJ;Norte;Colisão Lateral;2;;;;;;;;;;1;4;;;
18/03/2013;06:20:00;35;sem vítima;308;BR-101/RJ;Sul;Engavetamento;3;;;;;;;;;1;5;;;;
19/04/2013;05:34:00;12;sem vítima;308;BR-101/RJ;Sul;Colisão Traseira;2;;;;;;;;;;2;;;;
27/04/2013;04:21:00;25;sem vítima;308;BR-101/RJ;Sul;Saida de Pista;1;;;;;;;;;;1;;;;
11/05/2013;11:35:00;84;sem vítima;308;BR-101/RJ;Norte;Colisão Traseira;2;;;;;;;;;;4;;;;
04/06/2013;23:50:00;197;sem vítima;308;BR-101/RJ;Sul;Saida de Pista;1;;;;;;;;;;1;;;;
08/06/2013;00:49:00;7;com vítima;308;BR-101/RJ;Norte;Queda de Moto;1;;1;1;;;;;;;3;;1;;
17/06/2013;09:00:00;49;com vítima;308,079;BR-101/RJ;Norte;Capotamento;1;;;;;;;;;;0;1;;;
27/06/2013;17:45:00;138;com vítima;308;BR-101/RJ;Norte;Atropelamento - Ciclista;;1;;1;;;;;;;0;;1;1;
06/07/2013;22:10:00;180;sem vítima;308;BR-101/RJ;Sul;Queda de Moto;;;;1;;;;;;;1;;;;
29/07/2013;15:28:00;110;com vítima;308;BR-101/RJ;Sul;Colisão Traseira;2;;;;;;;;;;1;1;;;
31/07/2013;07:15:00;36;sem vítima;308;BR-101/RJ;Sul;Colisão Traseira;2;;;;;;;;;;2;;;;
08/08/2013;05:55:00;18;sem vítima;308;BR-101/RJ;Norte;Choque - Defensa, barreira ou "submarino";1;;;;;;;;;;1;;;;
17/08/2013;23:46:00;178;sem vítima;308;BR-101/RJ;Norte;Colisão Traseira;1;;1;;;;;;;;2;;;;
18/08/2013;17:16:00;103;sem vítima;308,082;BR-101/RJ;Sul;Colisão Traseira;1;;;;1;;;;;;3;;;;
25/08/2013;20:37:00;168;sem vítima;308;BR-101/RJ;Sul;Saida de Pista;1;;;;;;;;;;1;;;;
25/08/2013;11:23:00;71;com vítima;308,035;BR-101/RJ;Sul;Atropelamento - Morador;1;;;;;;;;;;4;;1;;
31/08/2013;19:22:00;147;com vítima;308;BR-101/RJ;Norte;Capotamento;1;;;;;;;;;;0;;1;;
03/09/2013;23:58:00;194;com vítima;308,964;BR-101/RJ;Norte;Colisão Lateral;2;;;;;;;;;;0;3;;;
11/09/2013;19:42:00;135;com vítima;308;BR-101/RJ;Sul;Queda de Moto;;;;1;;;;;;;0;1;;;
12/09/2013;17:29:00;142;sem vítima;308;BR-101/RJ;Norte;Colisão Traseira;1;;;;;;;;;1;3;;;;
24/09/2013;10:03:00;66;sem vítima;308;BR-101/RJ;Norte;Colisão Traseira;2;;;;;;;;;;3;;;;
30/10/2013;10:16:00;71;sem vítima;308,5;BR-101/RJ;Norte;Colisão Traseira;1;;;;;;;;;;1;;;;
12/11/2013;14:44:00;140;sem vítima;308;BR-101/RJ;Sul;Choque - Defensa, barreira ou "submarino";1;;;;;;;;;;1;;;;
10/12/2013;08:31:00;71;com vítima;308;BR-101/RJ;Sul;Colisão Lateral;;;;1;;;;;;1;2;;1;;
26/12/2013;17:08:00;200;sem vítima;308,604;BR-101/RJ;Norte;Colisão Traseira;2;;;;;;;;;;3;;;;
31/12/2013;19:33:00;188;com vítima;308;BR-101/RJ;Norte;Atropelamento - Morador;;;;;;1;;;;;1;;;1;
03/01/2014;22:34:00;255;sem vítima;308;BR-101/RJ;Sul;Colisão Traseira;1;;;;;;;;;1;3;;;;
09/01/2014;22:22:00;200;sem vítima;308;BR-101/RJ;Sul;Saida de Pista;1;;;;;;;;;;1;;;;
11/01/2014;12:51:00;115;sem vítima;308,057;BR-101/RJ;Norte;Engavetamento;3;;;;;;;;;;7;;;;
12/01/2014;06:02:00;31;sem vítima;308;BR-101/RJ;Norte;Choque - Defensa, barreira ou "submarino";1;;;;;;;;;;2;;;;
18/01/2014;13:25:00;140;sem vítima;308;BR-101/RJ;Norte;Colisão Lateral;2;;;;;;;;;;5;;;;
27/01/2014;13:19:00;118;sem vítima;308;BR-101/RJ;Norte;Colisão Traseira;1;;;;;1;;;;;3;;;;
12/02/2014;06:28:00;32;sem vítima;308;BR-101/RJ;Sul;Colisão Lateral;1;;;;1;;;;;;2;;;;
15/02/2014;06:03:00;35;com vítima;308;BR-101/RJ;Norte;Atropelamento - Outros;;;;;;1;;;;;1;;1;;
24/02/2014;06:43:00;31;com vítima;308;BR-101/RJ;Norte;Queda de Moto;;;;1;;;;;;;0;1;;;
08/03/2014;11:36:00;80;sem vítima;308,972;BR-101/RJ;Sul;Colisão Traseira;2;;;;;;;;;;5;;;;
06/04/2014;06:51:00;28;sem vítima;308;BR-101/RJ;Sul;Colisão Traseira;;;;;;1;;;;1;3;;;;
16/04/2014;05:56:00;18;sem vítima;308;BR-101/RJ;Sul;Engavetamento;3;;;;;1;;;;;7;;;;
02/05/2014;17:35:00;115;sem vítima;308;BR-101/RJ;Sul;Queda de Moto;;;;1;1;;;;;;2;;;;
06/05/2014;09:24:00;58;com vítima;308;BR-101/RJ;Sul;Colisão Lateral;1;;;1;;;;;;;0;2;;;
09/05/2014;22:53:00;191;com vítima;308,424;BR-101/RJ;Sul;Queda de Moto;;;;1;;;;;;;0;;;;1
10/05/2014;04:53:00;24;com vítima;308;BR-101/RJ;Norte;Capotamento;1;;;;;;;;;;3;1;;;
30/05/2014;19:37:00;168;sem vítima;308;BR-101/RJ;Norte;Colisão Lateral;2;;;;;;;;;;3;;;;
04/06/2014;04:33:00;16;com vítima;308,36;BR-101/RJ;Sul;Colisão Lateral;;;1;;;;;;;1;11;1;1;;
29/06/2014;17:45:00;125;com vítima;308,835;BR-101/RJ;Sul;Engavetamento;4;;;;;;;;;;10;1;;;
23/07/2014;14:49:00;137;com vítima;308;BR-101/RJ;Sul;Queda de Moto;;;;1;;;;;;;0;1;;;
29/07/2014;16:13:00;120;com vítima;308,5;BR-101/RJ;Norte;Saida de Pista;1;;;;;;;;;;0;;1;1;
11/08/2014;07:38:00;41;com vítima;308;BR-101/RJ;Sul;Queda de Moto;;;;1;;1;;;;;1;2;;;
15/08/2014;11:24:00;70;sem vítima;308;BR-101/RJ;Norte;Colisão Traseira;2;;;;;;;;;;3;;;;
20/09/2014;14:37:00;109;sem vítima;308;BR-101/RJ;Norte;Colisão Traseira;2;;;;;;;;;;3;;;;
30/09/2014;12:40:00;85;sem vítima;308;BR-101/RJ;Norte;Choque - Defensa, barreira ou "submarino";1;;;;;;;;;;1;;;;
11/10/2014;16:14:00;149;com vítima;308,943;BR-101/RJ;Norte;Colisão Lateral;1;;;1;;;;;;;2;;1;;
19/10/2014;21:02:00;173;com vítima;308,398;BR-101/RJ;Sul;Capotamento;1;;;;;;;;;;1;;1;;
21/10/2014;15:29:00;113;sem vítima;308;BR-101/RJ;Norte;Colisão Traseira;1;;1;;;;;;;;2;;;;
31/10/2014;14:40:00;117;com vítima;308;BR-101/RJ;Sul;Capotamento;1;;;;;;;;;;0;3;;;
31/10/2014;16:22:00;144;sem vítima;308,464;BR-101/RJ;Sul;Colisão Traseira;;;;;1;1;;;;;2;;;;
09/11/2014;15:30:00;74;sem vítima;308,088;BR-101/RJ;Sul;Choque - Defensa, barreira ou "submarino";1;;;;;;;;;;4;;;;
20/11/2014;11:00:00;70;sem vítima;308;BR-101/RJ;Norte;Colisão Lateral;2;;;;;;;;;;2;;;;
21/11/2014;22:02:00;186;sem vítima;308;BR-101/RJ;Norte;Choque - Defensa, barreira ou "submarino";1;;;;;;;;;;1;;;;
06/01/2015;14:39:00;84;sem vítima;308;BR-101/RJ;Norte;Engavetamento;5;;;;;;;;;;8;;;;
20/01/2015;00:50:00;5;sem vítima;308;BR-101/RJ;Norte;Colisão Traseira;1;;1;;;;;;;;4;;;;
24/01/2015;11:23:00;61;sem vítima;308;BR-101/RJ;Norte;Engavetamento;3;;;;;;;;;;7;;;;
02/03/2015;13:03:00;97;sem vítima;308;BR-101/RJ;Norte;Saida de Pista;;;1;;;;;;;;1;0;0;0;0
07/03/2015;23:46:00;199;sem vítima;308;BR-101/RJ;Norte;Saida de Pista;1;;;;;;;;;;1;0;0;0;0
26/03/2015;23:28:00;200;sem vítima;308;BR-101/RJ;Norte;Colisão Traseira;1;;1;;;;;;;;2;0;0;0;0
26/03/2015;23:40:00;204;com vítima;308,5;BR-101/RJ;Norte;Outros - Sequência;1;;1;;1;;;;;1;4;6;0;0;0
22/04/2015;16:42:00;123;com vítima;308;BR-101/RJ;Sul;Atropelamento - Andarilho;;;;1;;;;;;;0;2;;;
27/04/2015;16:25:00;135;com vítima;308;BR-101/RJ;Norte;Colisão Traseira;1;;;1;;;;;;;2;1;;;
07/06/2015;13:04:00;82;sem vítima;308;BR-101/RJ;Sul;Engavetamento;3;;;;;;;;;;8;;;;
17/07/2015;18:35:00;195;com vítima;308;BR-101/RJ;Norte;Colisão Lateral;2;;;1;;;;;;;5;2;;;
21/07/2015;20:49:00;213;sem vítima;308,296;BR-101/RJ;Norte;Engavetamento;2;;;;;1;;;;;3;;;;
10/08/2015;16:16:00;166;sem vítima;308;BR-101/RJ;Norte;Colisão Traseira;2;;;;;;;;;;2;;;;
10/09/2015;16:52:00;162;sem vítima;308,125;BR-101/RJ;Norte;Colisão Traseira;2;;;;1;;;;;;4;;;;
05/10/2015;06:14:00;26;sem vítima;308,978;BR-101/RJ;Sul;Colisão Traseira;1;;1;;;;;;;;7;;;;
15/10/2015;06:18:00;25;sem vítima;308,8;BR-101/RJ;Sul;Colisão Traseira;1;;;;;1;;;;;2;;;;
30/10/2015;11:33:00;81;com vítima;308;BR-101/RJ;Norte;Colisão Traseira;1;;;1;;;;;;;1;1;;;
11/11/2015;14:15:00;145;sem vítima;308,695;BR-101/RJ;Norte;Colisão Lateral;3;;;;;;;;;;4;;;;
23/11/2015;06:23:00;35;com vítima;308;BR-101/RJ;Sul;Colisão Lateral;1;;;1;;;;;;;2;;1;;
23/11/2015;10:26:00;89;com vítima;308,569;BR-101/RJ;Sul;Engavetamento;3;;;;;;;;;;5;1;;;
23/11/2015;06:06:00;33;sem vítima;308,946;BR-101/RJ;Sul;Colisão Traseira;2;;;;;;;;;;5;;;;
26/11/2015;16:00:00;155;sem vítima;308,33;BR-101/RJ;Sul;Colisão Traseira;;;1;;1;;;;;;18;;;;
17/12/2015;13:57:00;166;com vítima;308;BR-101/RJ;Norte;Colisão Lateral;2;;;;;;;;;;1;1;;;
02/01/2010;01:02:00;4;sem vítima;309;BR-101/RJ;Norte;Atropelamento de Animal;1;;;;;;;;;;1;;;;
23/01/2010;21:29:00;199;sem vítima;309;BR-101/RJ;Norte;Queda de Moto;;;;1;;;;;;;1;;;;
29/01/2010;20:30:00;192;com vítima;309;BR-101/RJ;Norte;Queda de Moto;;;;1;;;;;;;0;;;1;
05/02/2010;15:52:00;146;sem vítima;309;BR-101/RJ;Norte;Capotamento;1;;;;;;;;;;1;;;;
17/03/2010;20:06:00;163;sem vítima;309;BR-101/RJ;Norte;Colisão Traseira;1;;;;;;;;;;1;;;;
20/03/2010;07:10:00;40;sem vítima;309;BR-101/RJ;Sul;Colisão Traseira;;;;;1;;;;;1;2;;;;
02/04/2010;22:36:00;207;sem vítima;309;BR-101/RJ;Norte;Saida de Pista;1;;;;;;;;;;2;;;;
11/04/2010;01:46:00;19;sem vítima;309;BR-101/RJ;Sul;Saida de Pista;1;;;;;;;;;;1;;;;
12/04/2010;06:54:00;29;com vítima;309,5;BR-101/RJ;Sul;Queda de Moto;;;;1;;;;;;;0;1;;;
22/04/2010;04:07:00;22;com vítima;309;BR-101/RJ;Sul;Queda de Moto;;;;1;;;;;;;0;;2;;
03/05/2010;06:41:00;22;sem vítima;309;BR-101/RJ;Sul;Colisão Traseira;2;;;;;;;;;;2;;;;
09/05/2010;03:19:00;15;sem vítima;309;BR-101/RJ;Sul;Colisão Lateral;1;;1;;;;;;;;4;;;;
12/05/2010;05:10:00;20;sem vítima;309;BR-101/RJ;Sul;Saida de Pista;1;;;;;;;;;;1;;;;
18/05/2010;09:05:00;46;sem vítima;309;BR-101/RJ;Norte;Engavetamento;2;;1;;;;;;;;3;;;;
22/05/2010;15:41:00;102;com vítima;309;BR-101/RJ;Norte;Capotamento;1;;;;;;;;;;0;;;1;
15/07/2010;20:29:00;180;sem vítima;309;BR-101/RJ;Sul;Colisão Lateral;2;;;;;;;;;;10;;;;
25/07/2010;10:50:00;57;com vítima;309;BR-101/RJ;Norte;Atropelamento - Andarilho;;;;;;1;;;;;1;1;;;
31/07/2010;23:07:00;237;com vítima;309;BR-101/RJ;Norte;Atropelamento - Sem Informação;;;;;;1;;;;;0;;;2;
03/09/2010;00:41:00;4;sem vítima;309;BR-101/RJ;Sul;Colisão Traseira;1;;;;;1;;;;;2;;;;
08/09/2010;17:43:00;191;sem vítima;309;BR-101/RJ;Norte;Colisão Lateral;1;;;;1;;;;;;2;;;;
24/09/2010;11:52:00;91;com vítima;309;BR-101/RJ;Norte;Colisão Lateral;2;;;;;;;;;;0;2;;;
03/10/2010;18:08:00;128;com vítima;309;BR-101/RJ;Norte;Colisão Traseira;2;;;;;;;;;;3;1;;;
16/11/2010;05:02:00;25;com vítima;309;BR-101/RJ;Norte;Atropelamento - Morador;;;;;;1;;;;;1;;;;1
24/11/2010;05:13:00;22;com vítima;309;BR-101/RJ;Sul;Atropelamento de Animal;1;;;1;;;;;;;0;2;;;
27/11/2010;04:33:00;24;com vítima;309;BR-101/RJ;Sul;Atropelamento de Animal;2;;;;;1;;;;;4;;;1;
23/12/2010;19:50:00;230;sem vítima;309;BR-101/RJ;Sul;Colisão Traseira;2;;;;;;;;;;2;;;;
25/12/2010;17:33:00;116;com vítima;309;BR-101/RJ;Norte;Atropelamento - Andarilho;1;;;;;;;;;;1;;;1;
29/12/2010;17:06:00;159;com vítima;309;BR-101/RJ;Norte;Colisão Traseira;2;;;;;;;;;;7;1;;;
09/01/2011;22:44:00;204;sem vítima;309;BR-101/RJ;Sul;Colisão Transversal;1;;;;1;;;;;;2;;;;
18/01/2011;11:13:00;63;sem vítima;309;BR-101/RJ;Norte;Colisão Traseira;2;;;;;;;;;;2;;;;
24/01/2011;06:18:00;27;sem vítima;309;BR-101/RJ;Sul;Colisão Lateral;1;;;1;;;;;;;2;;;;
09/02/2011;16:39:00;122;com vítima;309;BR-101/RJ;Sul;Atropelamento - Morador;;;1;;;;;;;;1;;;1;1
11/02/2011;18:26:00;174;com vítima;309;BR-101/RJ;Norte;Queda de Moto;;;;1;;;;;;;0;1;;;
13/02/2011;00:55:00;4;com vítima;309;BR-101/RJ;Norte;Saida de Pista;1;;;;;;;;;;0;;;1;
20/02/2011;18:00:00;158;sem vítima;309;BR-101/RJ;Sul;Colisão Traseira;3;;;;;;;;;;9;;;;
25/02/2011;11:45:00;102;com vítima;309;BR-101/RJ;Norte;Engavetamento;3;;;;;;;;;;9;;1;;
28/02/2011;06:40:00;33;sem vítima;309;BR-101/RJ;Sul;Colisão Traseira;1;;;;;;;;;1;6;;;;
26/03/2011;05:01:00;32;com vítima;311;BR-101/RJ;Norte;Colisão Lateral;1;;;1;;;;;;;1;;1;;
26/03/2011;05:24:00;36;com vítima;313;BR-101/RJ;Sul;Choque - Outros;;;;1;;;;;;;0;1;;;
06/05/2011;05:08:00;21;com vítima;309;BR-101/RJ;Norte;Colisão Traseira;2;;;;;;;;;;3;2;1;1;
07/05/2011;14:31:00;103;com vítima;309;BR-101/RJ;Norte;Queda de Moto;;;;1;;;;;;;0;;1;;
15/05/2011;20:45:00;184;com vítima;309;BR-101/RJ;Sul;Choque - Poste;;;;1;;;;;;;0;;;1;
11/06/2011;19:24:00;175;sem vítima;309;BR-101/RJ;Norte;Colisão Traseira;1;;1;;;;;;;;6;;;;
21/06/2011;05:57:00;16;com vítima;309;BR-101/RJ;Sul;Colisão Lateral;;;;1;;;;;;1;2;1;;;
21/06/2011;05:26:00;13;com vítima;309,95001220703125;BR-101/RJ;Sul;Colisão Traseira;1;;;1;;;;;;;3;;;1;
11/08/2011;19:09:00;157;com vítima;309;BR-101/RJ;Norte;Atropelamento - Andarilho;;;;1;;1;;;;;2;1;;;
24/08/2011;05:13:00;15;sem vítima;309;BR-101/RJ;Sul;Atropelamento de Animal;2;;;;;;;;;;2;;;;
29/08/2011;07:06:00;36;sem vítima;309,11199951171875;BR-101/RJ;Sul;Atropelamento de Animal;;;1;;;;;;;;1;;;;
30/08/2011;19:01:00;161;com vítima;309,70001220703125;BR-101/RJ;Norte;Queda de Moto;;;;1;;;;;;;0;1;1;;
31/08/2011;11:54:00;78;sem vítima;309;BR-101/RJ;Norte;Colisão Traseira;2;;;;;;;;;;4;;;;
04/09/2011;18:15:00;109;sem vítima;309;BR-101/RJ;Norte;Colisão Traseira;1;;;;;1;;;;;4;;;;
04/09/2011;18:00:00;106;sem vítima;309,3290100097656;BR-101/RJ;Norte;Colisão Traseira;2;;;;;;;;;;3;;;;
12/09/2011;15:08:00;115;com vítima;309;BR-101/RJ;Sul;Capotamento;3;;;;;;;;;;4;2;;;
12/09/2011;15:29:00;118;sem vítima;309;BR-101/RJ;Sul;Colisão Traseira;1;;;;;;;;;1;4;;;;
03/10/2011;06:41:00;24;sem vítima;309;BR-101/RJ;Sul;Colisão Traseira;1;;;;;2;;;;;3;;;;
03/10/2011;06:41:00;29;sem vítima;309;BR-101/RJ;Sul;Colisão Traseira;2;;;;;;;;;;2;;;;
09/10/2011;21:39:00;189;com vítima;309;BR-101/RJ;Sul;Engavetamento;3;;;;;;;;;;7;;1;;
15/10/2011;12:04:00;93;com vítima;309;BR-101/RJ;Sul;Colisão Lateral;;;;1;;1;;;;;1;1;;;
17/10/2011;08:23:00;47;sem vítima;309;BR-101/RJ;Sul;Saida de Pista;1;;;;;;;;;;2;;;;
27/10/2011;10:16:00;69;sem vítima;309;BR-101/RJ;Sul;Colisão Traseira;2;;;;;;;;;;3;;;;
05/11/2011;23:07:00;184;sem vítima;309;BR-101/RJ;Norte;Colisão Traseira;3;;;;;;;;;;5;;;;
05/11/2011;23:20:00;186;sem vítima;309;BR-101/RJ;Norte;Colisão Lateral;2;;;;1;;;;;;7;;;;
05/11/2011;00:14:00;3;com vítima;309,79998779296875;BR-101/RJ;Norte;Queda de Moto;;;;1;;;;;;;0;1;;;
07/11/2011;17:37:00;157;com vítima;309;BR-101/RJ;Norte;Atropelamento - Ciclista;1;1;;;;;;;;;2;;1;;
08/11/2011;15:51:00;100;sem vítima;309;BR-101/RJ;Norte;Colisão Traseira;2;;;;;;;;;;2;;;;
11/11/2011;22:42:00;213;com vítima;309,3999938964844;BR-101/RJ;Sul;Atropelamento - Morador;1;;;;;;;;;;1;;;;1
16/12/2011;20:06:00;210;sem vítima;309;BR-101/RJ;Sul;Saida de Pista;;;1;;;;;;;;1;;;;
19/12/2011;06:17:00;38;sem vítima;309;BR-101/RJ;Sul;Colisão Traseira;2;;;;;;;;;;2;;;;
27/12/2011;17:34:00;172;com vítima;309;BR-101/RJ;Norte;Atropelamento - Morador;;;;;;1;;;;;1;1;;;
03/01/2012;17:37:00;201;sem vítima;309;BR-101/RJ;Norte;Saida de Pista;1;;;;;;;;;;3;;;;
03/01/2012;12:11:00;117;sem vítima;309,5;BR-101/RJ;Norte;Colisão Traseira;2;;;;;;;;;;7;;;;
06/01/2012;03:59:00;12;sem vítima;309;BR-101/RJ;Norte;Colisão Traseira;2;;;;;;;;;;4;;;;
09/01/2012;06:39:00;33;sem vítima;309;BR-101/RJ;Sul;Saida de Pista;;;;;;1;;;;;1;;;;
15/01/2012;17:50:00;135;sem vítima;309;BR-101/RJ;Sul;Colisão Traseira;2;;;;;;;;;;7;;;;
20/01/2012;18:35:00;205;sem vítima;309;BR-101/RJ;Norte;Colisão Lateral;1;;;1;;;;;;;2;;;;
01/02/2012;10:44:00;62;com vítima;309;BR-101/RJ;Norte;Colisão Traseira;;;1;1;;;;;;;2;1;;;
09/02/2012;23:54:00;170;sem vítima;309;BR-101/RJ;Norte;Queda de Moto;;;;1;;;;;;;1;;;;
14/02/2012;10:45:00;66;com vítima;309,8;BR-101/RJ;Norte;Colisão Traseira;1;;;1;;;;;;;1;1;;;
18/02/2012;14:03:00;206;sem vítima;309;BR-101/RJ;Norte;Colisão Traseira;2;;;;;;;;;;2;;;;
03/03/2012;07:09:00;34;com vítima;309,2;BR-101/RJ;Norte;Colisão Traseira;;;;1;;1;;;;;1;;;1;
07/03/2012;12:20:00;91;sem vítima;309;BR-101/RJ;Sul;Colisão Traseira;1;;;;;;;;;1;4;;;;
07/03/2012;12:25:00;92;sem vítima;309;BR-101/RJ;Sul;Colisão Traseira;2;;;;;;;;;;2;;;;
29/03/2012;06:50:00;25;com vítima;309;BR-101/RJ;Sul;Colisão Lateral;1;;;1;;;;;;1;20;;1;;
12/04/2012;06:29:00;22;sem vítima;309;BR-101/RJ;Norte;Colisão Traseira;1;;;;;1;;;;;2;;;;
13/04/2012;14:47:00;130;com vítima;309;BR-101/RJ;Norte;Colisão Lateral;;;;1;;1;;;;;1;2;;;