data;horario;n_da_ocorrencia;tipo_de_ocorrencia;km;trecho;sentido;tipo_de_acidente;automovel;bicicleta;caminhao;moto;onibus;outros;tracao_animal;transporte_de_cargas_especiais;trator_maquinas;utilitarios;ilesos;levemente_feridos;moderadamente_feridos;gravemente_feridos;mortos
14/05/2012;12:12:00;94;com vítima;309;BR-101/RJ;Norte;Atropelamento - Funcionário;;;;1;;;;;;;1;;1;;
29/05/2012;19:06:00;164;com vítima;309;BR-101/RJ;Norte;Queda de Moto;;;;1;;1;;;;;1;1;1;;
17/06/2012;22:36:00;174;sem vítima;309,9;BR-101/RJ;Norte;Choque - Outros;;;;1;1;1;;;;;3;;;;
27/06/2012;07:17:00;36;com vítima;309;BR-101/RJ;Sul;Atropelamento - Andarilho;;;;;;1;;;;;1;;1;;
30/06/2012;09:04:00;60;com vítima;309;BR-101/RJ;Sul;Colisão Lateral;;;;1;;1;;;;;1;1;1;;
15/07/2012;21:39:00;166;sem vítima;309,8;BR-101/RJ;Sul;Saida de Pista;1;;;;;;;;;;1;;;;
21/07/2012;02:06:00;15;com vítima;309;BR-101/RJ;Norte;Saida de Pista;1;;;;;;;;;;0;1;;;
28/07/2012;14:07:00;123;sem vítima;309,51;BR-101/RJ;Norte;Colisão Traseira;2;;;;;;;;;;3;;;;
29/07/2012;04:35:00;21;com vítima;309,6;BR-101/RJ;Norte;Saida de Pista;1;;;;;;;;;;0;1;;;
09/08/2012;10:20:00;68;sem vítima;309;BR-101/RJ;Norte;Colisão Lateral;1;;1;;;;;;;;2;;;;
13/08/2012;08:02:00;49;sem vítima;309;BR-101/RJ;Norte;Colisão Lateral;1;;;;;1;;;;;2;;;;
20/08/2012;05:57:00;18;sem vítima;309;BR-101/RJ;Norte;Atropelamento de Animal;1;;;;;;;;;;4;;;;
24/08/2012;06:33:00;23;com vítima;309;BR-101/RJ;Norte;Queda de Moto;;;;1;;;;;;;0;;1;;
02/09/2012;04:37:00;11;sem vítima;309;BR-101/RJ;Norte;Colisão Traseira;2;;;;;;;;;;2;;;;
11/09/2012;11:47:00;73;sem vítima;309,8;BR-101/RJ;Norte;Colisão Traseira;2;;;;;1;;;;;3;;;;
22/09/2012;06:36:00;51;sem vítima;309;BR-101/RJ;Norte;Colisão Traseira;2;;;;;;;;;;8;;;;
23/09/2012;20:30:00;146;com vítima;309,5;BR-101/RJ;Sul;Choque - Defensa, barreira ou "submarino";1;;;;;;;;;;2;;2;;
29/09/2012;05:55:00;31;sem vítima;309;BR-101/RJ;Norte;Capotamento;1;;;;;;;;;;1;;;;
30/09/2012;19:01:00;147;com vítima;309;BR-101/RJ;Sul;Colisão Traseira;;;;1;;1;;;;;1;;1;;
31/10/2012;22:56:00;238;sem vítima;309,052;BR-101/RJ;Norte;Colisão Traseira;1;;;;;1;;;;;2;;;;
30/11/2012;04:42:00;20;com vítima;309,872;BR-101/RJ;Sul;Atropelamento de Animal;;;;1;;;;;;;0;1;;;
30/11/2012;04:42:00;21;sem vítima;309,872;BR-101/RJ;Sul;Atropelamento de Animal;;;;1;;;;;;;2;;;;
01/12/2012;03:39:00;17;sem vítima;309,2;BR-101/RJ;Sul;Outros - Sequência;1;;;;;;;;;;1;;;;
18/12/2012;20:30:00;183;com vítima;309,5;BR-101/RJ;Norte;Atropelamento - Morador;;;;;;1;;;;;1;;;1;
29/12/2012;16:15:00;164;com vítima;309,9;BR-101/RJ;Norte;Colisão Traseira;2;;;;;;;;;;4;1;;;
02/01/2013;08:06:00;59;sem vítima;309,143;BR-101/RJ;Norte;Colisão Traseira;;;;;2;;;;;;73;;;;
06/01/2013;17:37:00;132;sem vítima;309;BR-101/RJ;Norte;Colisão Traseira;1;;;;1;;;;;;2;;;;
07/01/2013;15:27:00;141;sem vítima;309;BR-101/RJ;Norte;Colisão Traseira;;;;2;;;;;;;2;;;;
10/01/2013;18:19:00;169;sem vítima;309;BR-101/RJ;Norte;Saida de Pista;1;;;;;;;;;;2;;;;
15/01/2013;09:22:00;54;com vítima;309,446;BR-101/RJ;Sul;Colisão Traseira;;;;;2;;;;;;3;3;;;
20/01/2013;08:48:00;52;sem vítima;309,429;BR-101/RJ;Sul;Colisão Traseira;1;;;;1;;;;;;2;;;;
25/01/2013;14:36:00;118;sem vítima;309;BR-101/RJ;Norte;Tombamento;;;;;;;;;;1;1;;;;
21/03/2013;15:09:00;148;sem vítima;309,05;BR-101/RJ;Norte;Tombamento;;;1;;;;;;;;1;;;;
22/03/2013;22:45:00;225;sem vítima;309;BR-101/RJ;Norte;Saida de Pista;1;;;;;;;;;;1;;;;
05/04/2013;13:07:00;89;sem vítima;309;BR-101/RJ;Norte;Colisão Traseira;2;;;;;;;;;;2;;;;
24/04/2013;06:23:00;31;sem vítima;309,449;BR-101/RJ;Sul;Colisão Traseira;2;;;;;;;;;;2;;;;
12/05/2013;21:30:00;172;sem vítima;309;BR-101/RJ;Sul;Colisão Traseira;1;;;;;;;;;;1;;;;
03/06/2013;06:18:00;25;sem vítima;309,08;BR-101/RJ;Sul;Colisão Traseira;2;;;;;;;;;;6;;;;
04/06/2013;07:40:00;29;sem vítima;309,9;BR-101/RJ;Norte;Engavetamento;4;;;;;;;;;;9;;;;
17/06/2013;06:06:00;21;sem vítima;309;BR-101/RJ;Sul;Engavetamento;3;;;;;;;;;;4;;;;
23/06/2013;02:26:00;8;sem vítima;309;BR-101/RJ;Norte;Saida de Pista;1;;;;;;;;;;5;;;;
30/06/2013;19:03:00;128;com vítima;309,6;BR-101/RJ;Sul;Capotamento;1;;;;;;;;;;0;;;1;
02/07/2013;02:11:00;7;com vítima;309,341;BR-101/RJ;Norte;Saida de Pista;1;;;;;;;;;;0;;1;;
06/07/2013;07:54:00;36;sem vítima;309,3;BR-101/RJ;Sul;Saida de Pista;1;;;;;;;;;;1;;;;
11/07/2013;12:43:00;90;com vítima;309,7;BR-101/RJ;Norte;Colisão Traseira;1;;1;;;;;;;;3;1;;;
11/07/2013;12:22:00;86;sem vítima;309,8;BR-101/RJ;Norte;Engavetamento;4;;;;;;;;;;5;;;;
26/07/2013;23:10:00;204;sem vítima;309;BR-101/RJ;Norte;Saida de Pista;1;;;;;;;;;;1;;;;
02/08/2013;07:04:00;29;sem vítima;309;BR-101/RJ;Norte;Colisão Traseira;2;;;;;;;;;;2;;;;
09/08/2013;15:46:00;113;sem vítima;309,45;BR-101/RJ;Norte;Colisão Traseira;;;2;;;;;;;;3;;;;
14/08/2013;15:40:00;127;sem vítima;309;BR-101/RJ;Norte;Colisão Traseira;2;;;;;;;;;;2;;;;
22/08/2013;09:36:00;65;com vítima;309;BR-101/RJ;Norte;Engavetamento;1;;1;;;;;;;2;6;;1;;
25/08/2013;02:51:00;15;sem vítima;309;BR-101/RJ;Norte;Choque - Elemento de Drenagem;1;;;;;;;;;;1;;;;
28/08/2013;13:46:00;93;sem vítima;309;BR-101/RJ;Norte;Colisão Lateral;1;;1;;;;;;;;3;;;;
20/09/2013;06:02:00;20;com vítima;309,505;BR-101/RJ;Sul;Colisão Lateral;1;;;1;;;;;;;1;;1;;
20/09/2013;06:16:00;21;sem vítima;309,505;BR-101/RJ;Sul;Colisão Traseira;;;1;;;;;;;1;6;;;;
29/09/2013;00:16:00;1;com vítima;309,6;BR-101/RJ;Sul;Capotamento;2;;;;;;;;;;2;;;1;
05/10/2013;01:22:00;14;com vítima;309,443;BR-101/RJ;Sul;Atropelamento - Morador;;;;;;1;;;;;1;;;;1
11/10/2013;22:28:00;239;sem vítima;309;BR-101/RJ;Sul;Colisão Traseira;2;;;;;;;;;;4;;;;
18/10/2013;14:05:00;97;sem vítima;309,374;BR-101/RJ;Norte;Engavetamento;1;;1;;;;;;;1;6;;;;
28/10/2013;05:28:00;15;com vítima;309;BR-101/RJ;Sul;Saida de Pista;1;;;;;;;;;;0;;2;;
13/11/2013;19:38:00;151;com vítima;309,9;BR-101/RJ;Norte;Colisão Traseira;;;;;2;;;;;;0;2;1;;
08/12/2013;01:10:00;8;sem vítima;309;BR-101/RJ;Norte;Colisão Traseira;1;;;;;1;;;;;6;;;;
13/12/2013;23:47:00;205;sem vítima;309;BR-101/RJ;Norte;Colisão Traseira;2;;;;;;;;;;5;;;;
14/12/2013;16:26:00;155;sem vítima;309;BR-101/RJ;Norte;Engavetamento;3;;;;;;;;;;3;;;;
14/12/2013;16:56:00;161;sem vítima;309;BR-101/RJ;Norte;Colisão Lateral;1;;;;1;;;;;;2;;;;
14/12/2013;22:52:00;223;sem vítima;309;BR-101/RJ;Norte;Colisão Traseira;1;;1;;;;;;;;3;;;;
15/12/2013;08:12:00;37;sem vítima;309,293;BR-101/RJ;Norte;Colisão Traseira;;;;;2;;;;;;2;;;;
16/12/2013;21:28:00;222;sem vítima;309;BR-101/RJ;Norte;Engavetamento;3;;;;;;;;;;4;;;;
17/12/2013;14:33:00;122;sem vítima;309;BR-101/RJ;Norte;Colisão Traseira;2;;;;;;;;;;2;;;;
17/12/2013;22:38:00;201;sem vítima;309;BR-101/RJ;Norte;Colisão Traseira;;;2;;;;;;;;2;;;;
25/01/2014;03:59:00;17;com vítima;309;BR-101/RJ;Norte;Colisão Traseira;1;;;;;1;;;;;1;1;;;
04/02/2014;07:50:00;38;sem vítima;309;BR-101/RJ;Norte;Engavetamento;3;;1;;;;;;;;6;;;;
04/02/2014;10:21:00;79;sem vítima;309;BR-101/RJ;Sul;Colisão Lateral;2;;;;;;;;;;2;;;;
07/02/2014;11:08:00;83;com vítima;309,5;BR-101/RJ;Norte;Colisão Traseira;1;;1;;;;;;;;2;1;1;;
09/02/2014;17:14:00;112;sem vítima;309,83;BR-101/RJ;Norte;Colisão Traseira;2;;;;;;;;;;6;;;;
21/02/2014;17:25:00;182;sem vítima;309;BR-101/RJ;Norte;Colisão Traseira;;;1;;1;;;;;;2;;;;
22/02/2014;07:59:00;35;sem vítima;309,43;BR-101/RJ;Norte;Engavetamento;3;;;;;;;;;;5;;;;
11/03/2014;03:03:00;9;sem vítima;309;BR-101/RJ;Sul;Colisão Traseira;1;;1;;;;;;;;2;;;;
25/03/2014;19:15:00;160;sem vítima;309;BR-101/RJ;Sul;Choque - Defensa, barreira ou "submarino";1;;;;;;;;;;1;;;;
31/03/2014;00:38:00;6;com vítima;309,74;BR-101/RJ;Norte;Choque - Defensa, barreira ou "submarino";1;;;;;;;;;;0;;1;;1
04/04/2014;16:39:00;134;sem vítima;309;BR-101/RJ;Norte;Colisão Traseira;2;;;;;;;;;;2;;;;
11/04/2014;22:46:00;202;com vítima;309;BR-101/RJ;Sul;Colisão Traseira;;;;1;;1;;;;;1;;1;;
11/04/2014;11:33:00;87;sem vítima;309,85;BR-101/RJ;Sul;Colisão Traseira;2;;;;;;;;;;2;;;;
13/04/2014;16:46:00;135;sem vítima;309;BR-101/RJ;Sul;Colisão Traseira;2;;;;;;;;;;6;;;;
21/04/2014;16:23:00;124;sem vítima;309,588;BR-101/RJ;Norte;Saida de Pista;1;;;;;;;;;;6;;;;
01/05/2014;09:13:00;46;sem vítima;309,78;BR-101/RJ;Sul;Choque - Defensa, barreira ou "submarino";1;;;;;;;;;;2;;;;
11/05/2014;08:44:00;43;com vítima;309,26;BR-101/RJ;Norte;Colisão Traseira;2;;;;;;;;;;1;2;;;
04/06/2014;11:37:00;85;sem vítima;309,945;BR-101/RJ;Sul;Colisão Traseira;2;;;;;;;;;;3;;;;
02/07/2014;07:18:00;37;com vítima;309,92;BR-101/RJ;Norte;Colisão Traseira;1;;;1;;;;;;;1;1;;;
04/07/2014;07:43:00;29;sem vítima;309;BR-101/RJ;Norte;Colisão Traseira;1;;;;;;;;;;3;;;;
19/07/2014;18:59:00;126;com vítima;309,5;BR-101/RJ;Norte;Choque - Defensa, barreira ou "submarino";1;;;;;1;;;;;1;2;;;
08/08/2014;16:35:00;144;com vítima;309;BR-101/RJ;Norte;Queda de Moto;;;;1;;1;;;;;1;1;;;
10/08/2014;05:05:00;17;sem vítima;309;BR-101/RJ;Norte;Saida de Pista;2;;;;;;;;;;3;;;;
21/08/2014;19:56:00;166;com vítima;309,9;BR-101/RJ;Sul;Choque - Defensa, barreira ou "submarino";1;;;;;;;;;;0;1;1;;
31/08/2014;20:05:00;147;sem vítima;309,382;BR-101/RJ;Sul;Engavetamento;2;;;;;1;;;;;4;;;;
07/09/2014;18:28:00;121;sem vítima;309;BR-101/RJ;Sul;Colisão Traseira;2;;;;;;;;;;5;;;;
21/09/2014;00:29:00;1;com vítima;309,461;BR-101/RJ;Sul;Atropelamento - Morador;;;;;;1;;;;;1;;;;1
26/09/2014;17:35:00;144;com vítima;309;BR-101/RJ;Norte;Colisão Lateral;1;;;1;;;;;;;2;1;;;
02/10/2014;09:40:00;60;sem vítima;309,8;BR-101/RJ;Norte;Colisão Traseira;2;;;;;;;;;;3;;;;
06/10/2014;00:13:00;3;com vítima;309;BR-101/RJ;Norte;Queda de Moto;;;;1;;;;;;;1;;1;;
15/10/2014;12:43:00;86;sem vítima;309;BR-101/RJ;Sul;Choque - Defensa, barreira ou "submarino";1;;;;;;;;;;1;;;;
31/10/2014;19:45:00;191;sem vítima;309;BR-101/RJ;Norte;Colisão Lateral;;;;1;;1;;;;;2;;;;
15/11/2014;09:18:00;49;com vítima;309;BR-101/RJ;Norte;Atropelamento - Morador;1;;;;;;;;;;1;1;;;
15/11/2014;17:24:00;130;com vítima;309,969;BR-101/RJ;Norte;Queda de Moto;;;;1;;;;;;;0;1;;;
19/11/2014;12:31:00;82;com vítima;309;BR-101/RJ;Norte;Colisão Traseira;;;;1;;1;;;;;1;2;;;
26/11/2014;21:56:00;193;sem vítima;309;BR-101/RJ;Sul;Colisão Lateral;1;;2;;;;;;;;4;;;;
28/11/2014;19:56:00;159;sem vítima;309,203;BR-101/RJ;Norte;Capotamento;1;;;;;;;;;;1;;;;
30/11/2014;11:38:00;75;sem vítima;309,709;BR-101/RJ;Norte;Saida de Pista;2;;;;;;;;;;5;;;;
14/12/2014;07:01:00;37;com vítima;309,5;BR-101/RJ;Sul;Colisão Traseira;1;;;;1;;;;;;2;;1;;
18/12/2014;09:01:00;57;com vítima;309;BR-101/RJ;Sul;Colisão Lateral;;;;1;;1;;;;;1;1;;;
26/12/2014;14:02:00;87;com vítima;309;BR-101/RJ;Norte;Colisão Transversal;;;;1;;;;;;1;1;1;1;;
26/01/2015;11:00:00;85;sem vítima;309;BR-101/RJ;Norte;Colisão Traseira;2;;;;;;;;;;2;;;;
01/02/2015;15:51:00;78;sem vítima;309;BR-101/RJ;Sul;Choque - Defensa, barreira ou "submarino";1;;;;;;;;;;1;0;0;0;0
09/02/2015;06:25:00;28;com vítima;309;BR-101/RJ;Sul;Colisão Traseira;1;;;1;;;;;;;4;1;0;0;0
14/02/2015;21:42:00;289;com vítima;309;BR-101/RJ;Norte;Colisão Traseira;2;;;;;;;;;;1;0;1;0;0
24/02/2015;07:54:00;40;com vítima;309;BR-101/RJ;Norte;Colisão Traseira;2;;;;;;;;;;1;;1;;
09/03/2015;18:51:00;164;com vítima;309;BR-101/RJ;Norte;Atropelamento - Ciclista;;1;;;;;;;;1;1;0;1;0;0
09/03/2015;19:31:00;168;sem vítima;309;BR-101/RJ;Norte;Colisão Traseira;1;;;;1;;;;;;3;0;0;0;0
30/03/2015;08:09:00;37;com vítima;309,87;BR-101/RJ;Sul;Atropelamento de Animal;;;;1;;1;;;;;1;1;0;0;0
16/05/2015;15:11:00;134;sem vítima;309;BR-101/RJ;Norte;Engavetamento;4;;;;;;;;;;12;;;;
04/06/2015;15:44:00;141;com vítima;309;BR-101/RJ;Sul;Colisão Transversal;1;;;1;;;;;;;2;1;;;
05/06/2015;14:57:00;105;com vítima;309;BR-101/RJ;Sul;Engavetamento;5;;1;;;;;;;;10;1;;;
21/06/2015;14:33:00;97;sem vítima;309;BR-101/RJ;Norte;Colisão Lateral;;;2;;;;;;;1;6;;;;
03/07/2015;18:45:00;202;sem vítima;309;BR-101/RJ;Norte;Colisão Traseira;1;;;;;;;;;1;3;;;;
26/07/2015;21:01:00;173;com vítima;309;BR-101/RJ;Norte;Choque - Poste;1;;;;;1;;;;;2;1;;;
29/07/2015;17:43:00;166;com vítima;309;BR-101/RJ;Sul;Outros;;;;1;;;;;;;0;1;;;
05/08/2015;05:51:00;20;sem vítima;309,043;BR-101/RJ;Sul;Engavetamento;2;;;;;1;;;;;4;;;;
05/08/2015;05:51:00;21;sem vítima;309,488;BR-101/RJ;Sul;Colisão Traseira;2;;;;;;;;;;3;;;;
09/08/2015;10:04:00;53;sem vítima;309,8;BR-101/RJ;Norte;Choque - Arvore;1;;;;;;;;;;1;;;;
11/08/2015;18:54:00;204;sem vítima;309;BR-101/RJ;Norte;Colisão Traseira;2;;;;;;;;;;6;;;;
13/08/2015;09:05:00;58;com vítima;309,786;BR-101/RJ;Sul;Colisão Lateral;1;;;1;;;;;;;2;;1;;
22/09/2015;06:32:00;26;sem vítima;309;BR-101/RJ;Norte;Choque - Outros;1;;;;;;;;;;1;;;;
22/09/2015;16:53:00;147;com vítima;309;BR-101/RJ;Norte;Queda de Moto;;;;1;;;;;;;0;1;1;;
22/09/2015;04:44:00;14;com vítima;309,779;BR-101/RJ;Norte;Choque - Arvore;1;;;;1;;;;;;1;;;1;1
07/10/2015;19:02:00;153;com vítima;309,34;BR-101/RJ;Sul;Tombamento;;;;;;;;;;1;0;1;;;
10/10/2015;19:36:00;241;sem vítima;309;BR-101/RJ;Norte;Colisão Traseira;2;;;;;;;;;;2;;;;
15/10/2015;08:50:00;74;com vítima;309,535;BR-101/RJ;Sul;Colisão Traseira;2;;;2;;;;;;;5;2;1;;
17/10/2015;06:52:00;33;com vítima;309,22;BR-101/RJ;Norte;Capotamento;1;;;;;;;;;;0;;1;;
24/10/2015;13:03:00;107;sem vítima;309;BR-101/RJ;Sul;Colisão Traseira;1;;;;;;;;;1;3;;;;
03/11/2015;01:01:00;9;com vítima;309,058;BR-101/RJ;Norte;Colisão Traseira;2;;;;;;;;;;0;1;1;;
23/11/2015;06:40:00;91;sem vítima;309,3;BR-101/RJ;Sul;Colisão Lateral;;;1;;;;;;;1;2;;;;
02/12/2015;06:25:00;25;sem vítima;309,925;BR-101/RJ;Sul;Atropelamento de Animal;2;;;;1;;;;;;3;;;;
28/12/2015;04:37:00;31;sem vítima;309;BR-101/RJ;Norte;Choque - Elemento de Drenagem;;;1;;;;;;;;1;;;;
05/01/2010;05:48:00;24;com vítima;310;BR-101/RJ;Sul;Colisão Lateral;1;;;;1;;;;;;4;;1;;
16/01/2010;14:39:00;121;com vítima;310;BR-101/RJ;Norte;Capotamento;2;;;1;;;;;;;4;2;2;1;
28/01/2010;20:27:00;205;sem vítima;310;BR-101/RJ;Norte;Engavetamento;3;;;;;;;;;;6;;;;
07/02/2010;03:39:00;20;com vítima;310;BR-101/RJ;Norte;Colisão Traseira;1;;1;;;;;;;;3;2;;;
06/04/2010;12:11:00;82;sem vítima;310;BR-101/RJ;Sul;Saida de Pista;1;;;;;;;;;;1;;;;
22/04/2010;06:30:00;34;com vítima;310;BR-101/RJ;Sul;Queda de Moto;;;;1;;1;;;;;1;;1;;
01/05/2010;07:27:00;37;sem vítima;310;BR-101/RJ;Sul;Colisão Lateral;1;;;;1;;;;;;3;;;;
10/05/2010;09:01:00;66;sem vítima;310;BR-101/RJ;Sul;Colisão Transversal;1;;;;1;;;;;;2;;;;
20/05/2010;00:24:00;2;sem vítima;310;BR-101/RJ;Norte;Atropelamento de Animal;1;;;;;;;;;;2;;;;
24/05/2010;16:19:00;150;com vítima;310;BR-101/RJ;Sul;Queda de Moto;;;;1;1;;;;;;2;;1;1;
29/05/2010;11:04:00;77;sem vítima;310;BR-101/RJ;Norte;Colisão Traseira;2;;;;;;;;;1;11;;;;
05/06/2010;02:13:00;15;sem vítima;310;BR-101/RJ;Norte;Saida de Pista;1;;;;;;;;;;2;;;;
12/06/2010;10:59:00;73;sem vítima;310;BR-101/RJ;Sul;Colisão Traseira;2;;;;;;;;;;3;;;;
14/06/2010;11:02:00;87;sem vítima;310;BR-101/RJ;Sul;Saida de Pista;1;;;;;;;;;;3;;;;
20/06/2010;14:15:00;79;sem vítima;310;BR-101/RJ;Norte;Saida de Pista;1;;;;;;;;;;3;;;;
28/06/2010;06:24:00;19;sem vítima;310;BR-101/RJ;Sul;Engavetamento;3;;;;;;;;;;8;;;;
30/06/2010;14:29:00;109;sem vítima;310;BR-101/RJ;Sul;Colisão Traseira;1;;;;1;1;;;;;5;;;;
18/07/2010;06:04:00;22;sem vítima;310;BR-101/RJ;Norte;Colisão Traseira;1;;;;;1;;;;;2;;;;
18/08/2010;08:47:00;41;sem vítima;310;BR-101/RJ;Norte;Colisão Lateral;1;;;;1;;;;;;2;;;;
09/09/2010;18:26:00;146;com vítima;310;BR-101/RJ;Norte;Colisão Traseira;1;;;1;;;;;;;2;;1;;
16/09/2010;05:54:00;17;sem vítima;310;BR-101/RJ;Norte;Colisão Lateral;1;;;;1;;;;;;2;;;;
18/09/2010;00:26:00;7;com vítima;310;BR-101/RJ;Sul;Capotamento;1;;;;;;;;;;0;;2;;
27/09/2010;08:34:00;46;com vítima;310;BR-101/RJ;Sul;Colisão Traseira;;;;1;;1;;;;;1;1;1;;
27/09/2010;08:59:00;51;sem vítima;310;BR-101/RJ;Norte;Saida de Pista;1;;;;;;;;;;1;;;;
02/10/2010;11:03:00;74;sem vítima;310;BR-101/RJ;Norte;Colisão Traseira;1;;1;;;;;;;;3;;;;
06/10/2010;07:18:00;36;sem vítima;310;BR-101/RJ;Sul;Colisão Lateral;1;;1;;;;;;;;2;;;;
19/11/2010;21:56:00;214;sem vítima;310;BR-101/RJ;Norte;Colisão Lateral;1;;;;1;;;;;;3;;;;
22/11/2010;22:25:00;208;sem vítima;310;BR-101/RJ;Norte;Colisão Traseira;1;;1;;;;;;;;3;;;;
29/11/2010;15:20:00;153;sem vítima;310;BR-101/RJ;Sul;Colisão Lateral;1;;;;;1;;;;;2;;;;
04/12/2010;19:57:00;177;com vítima;310,5;BR-101/RJ;Norte;Atropelamento - Morador;;;;;;1;;;;;1;;;;1
09/12/2010;17:20:00;124;sem vítima;310;BR-101/RJ;Sul;Saida de Pista;1;;;;;;;;;;1;;;;
12/12/2010;20:18:00;171;sem vítima;310;BR-101/RJ;Sul;Colisão Traseira;2;;;;;;;;;;6;;;;
14/12/2010;06:55:00;32;sem vítima;310;BR-101/RJ;Norte;Atropelamento de Animal;2;;;;;;;;;;5;;;;
14/12/2010;16:33:00;140;sem vítima;310,5;BR-101/RJ;Sul;Saida de Pista;;;1;;;;;;;;1;;;;
22/12/2010;12:03:00;102;com vítima;310;BR-101/RJ;Sul;Capotamento;1;;;;;;;;;;0;4;;;
04/01/2011;14:07:00;139;sem vítima;310;BR-101/RJ;Sul;Colisão Lateral;2;;;;;;;;;;4;;;;
09/01/2011;15:51:00;118;com vítima;310;BR-101/RJ;Norte;Capotamento;1;;;;;;;;;;0;1;1;1;
09/01/2011;16:28:00;125;sem vítima;310;BR-101/RJ;Norte;Colisão Traseira;1;;;;;1;;;;;2;;;;
24/01/2011;07:13:00;35;com vítima;310;BR-101/RJ;Sul;Queda de Moto;;;;1;;;;;;;0;1;;;
15/02/2011;07:44:00;35;com vítima;310;BR-101/RJ;Sul;Colisão Traseira;1;;;2;;;;;;;1;2;;;
26/03/2011;05:26:00;37;com vítima;25;BR-101/RJ;Norte;Colisão Lateral;1;;1;;;;;;;;1;;1;;
26/03/2011;09:50:00;69;sem vítima;311;BR-101/RJ;Norte;Colisão Lateral;1;;;;;1;;;;;2;;;;
26/03/2011;11:24:00;86;com vítima;234;BR-101/RJ;Norte;Queda de Moto;;;;1;;;;;;;0;1;;;
02/05/2011;06:26:00;20;com vítima;310;BR-101/RJ;Sul;Colisão Lateral;1;;;1;;;;;;;1;;1;;
06/05/2011;12:28:00;92;sem vítima;310;BR-101/RJ;Sul;Colisão Lateral;2;;;;1;;;;;;3;;;;
16/05/2011;04:36:00;9;sem vítima;310;BR-101/RJ;Sul;Saida de Pista;1;;;;;;;;;;1;;;;
28/05/2011;19:53:00;139;com vítima;310,5;BR-101/RJ;Sul;Saida de Pista;1;;;;;;;;;;0;1;;;
07/06/2011;17:36:00;144;com vítima;310;BR-101/RJ;Norte;Queda de Moto;;;;1;;;;;;;0;2;;;
12/06/2011;01:06:00;5;com vítima;310;BR-101/RJ;Norte;Saida de Pista;1;;;;;;;;;;0;1;;;
21/06/2011;05:06:00;12;sem vítima;310;BR-101/RJ;Sul;Atropelamento de Animal;1;;;;;;;;;1;2;;;;
24/06/2011;04:28:00;11;sem vítima;310,25;BR-101/RJ;Norte;Choque - Outros;1;;;;;;;;;;2;;;;
26/06/2011;18:28:00;153;com vítima;310,5;BR-101/RJ;Sul;Colisão Lateral;;;;1;;1;;;;;2;;1;;
28/06/2011;09:46:00;53;com vítima;310;BR-101/RJ;Sul;Colisão Traseira;1;;2;;;;;;;;6;1;;;
03/08/2011;08:18:00;34;sem vítima;310;BR-101/RJ;Sul;Colisão Traseira;1;;;;1;;;;;;2;;;;
07/08/2011;19:34:00;155;com vítima;310,79998779296875;BR-101/RJ;Norte;Capotamento;1;;;;;;;;;;0;;;1;
10/08/2011;06:23:00;20;sem vítima;310;BR-101/RJ;Sul;Colisão Traseira;2;;;;;;;;;;2;;;;
25/08/2011;00:37:00;7;com vítima;310,5;BR-101/RJ;Norte;Colisão Traseira;;;;1;;1;;;;;1;;1;;
04/09/2011;18:32:00;114;com vítima;310,1239929199219;BR-101/RJ;Norte;Queda de Moto;;;;1;;1;;;;;1;2;;;
08/09/2011;05:30:00;10;com vítima;310,5;BR-101/RJ;Sul;Saida de Pista;1;;;;;;;;;;0;;1;;
09/09/2011;00:21:00;4;com vítima;310;BR-101/RJ;Norte;Capotamento;1;;;;;1;;;;;1;1;1;;
07/10/2011;08:01:00;47;com vítima;310;BR-101/RJ;Sul;Queda de Moto;;;;1;;;;;;;0;1;1;;
09/10/2011;19:51:00;163;com vítima;310,8999938964844;BR-101/RJ;Sul;Colisão Traseira;1;;;;1;;;;;;1;;2;;
11/10/2011;06:42:00;26;com vítima;310,79998779296875;BR-101/RJ;Sul;Atropelamento - Morador;;;;;1;;;;;;1;1;1;;
03/11/2011;05:44:00;27;sem vítima;310;BR-101/RJ;Sul;Saida de Pista;1;;;;;;;;;;3;;;;
02/12/2011;08:00:00;58;com vítima;310,70001220703125;BR-101/RJ;Norte;Colisão Traseira;1;;;;1;;;;;;0;1;;;1
06/12/2011;12:22:00;109;sem vítima;310;BR-101/RJ;Sul;Colisão Traseira;2;;;;;;;;;;3;;;;
19/12/2011;05:59:00;36;com vítima;310;BR-101/RJ;Sul;Colisão Traseira;3;;;;;;;;;;5;3;1;;
24/12/2011;11:26:00;88;com vítima;310,29998779296875;BR-101/RJ;Sul;Colisão Traseira;;;;1;;1;;;;;1;1;;;
28/12/2011;17:11:00;164;sem vítima;310;BR-101/RJ;Norte;Colisão Lateral;1;;;;;1;;;;;2;;;;
22/01/2012;18:54:00;166;com vítima;310;BR-101/RJ;Sul;Colisão Traseira;1;;;;1;;;;;;1;;2;;
25/01/2012;19:09:00;162;com vítima;310;BR-101/RJ;Sul;Queda de Moto;;;;1;;;;;;;0;;1;;
29/02/2012;06:07:00;19;sem vítima;310;BR-101/RJ;Sul;Colisão Lateral;1;;;;1;;;;;;2;;;;
08/03/2012;06:43:00;21;sem vítima;310;BR-101/RJ;Norte;Colisão Traseira;1;;;;;;;;;1;3;;;;
13/03/2012;06:32:00;24;sem vítima;310;BR-101/RJ;Sul;Colisão Lateral;2;;;;;;;;;;2;;;;
14/03/2012;05:07:00;22;sem vítima;310;BR-101/RJ;Norte;Atropelamento de Animal;1;;;;;;;;;;1;;;;
19/03/2012;03:50:00;12;sem vítima;310;BR-101/RJ;Sul;Saida de Pista;1;;;;;;;;;;2;;;;
09/04/2012;09:50:00;78;sem vítima;310;BR-101/RJ;Sul;Colisão Lateral;1;;1;;;;;;;;2;;;;