data;horario;n_da_ocorrencia;tipo_de_ocorrencia;km;trecho;sentido;tipo_de_acidente;automovel;bicicleta;caminhao;moto;onibus;outros;tracao_animal;transporte_de_cargas_especiais;trator_maquinas;utilitarios;ilesos;levemente_feridos;moderadamente_feridos;gravemente_feridos;mortos
16/04/2012;08:55:00;52;sem vítima;310;BR-101/RJ;Sul;Colisão Traseira;2;;;;;;;;;;2;;;;
16/04/2012;09:00:00;53;sem vítima;310;BR-101/RJ;Sul;Colisão Traseira;2;;;;;;;;;;3;;;;
19/04/2012;16:33:00;120;sem vítima;310;BR-101/RJ;Norte;Outros - Sequência;2;;1;;;;;;;;4;;;;
08/05/2012;08:43:00;38;com vítima;310;BR-101/RJ;Sul;Queda de Moto;;;;1;;1;;;;;1;;1;;
10/05/2012;06:31:00;27;com vítima;310,5;BR-101/RJ;Norte;Queda de Moto;;;;1;;1;;;;;1;;1;;
15/05/2012;17:39:00;119;sem vítima;310;BR-101/RJ;Norte;Saida de Pista;1;;;;;;;;;;1;;;;
20/05/2012;01:40:00;8;sem vítima;310,398;BR-101/RJ;Norte;Capotamento;1;;;;;;;;;;4;;;;
21/05/2012;06:03:00;17;com vítima;310;BR-101/RJ;Sul;Colisão Lateral;2;;;;;;;;;;5;2;;;
24/05/2012;00:31:00;2;sem vítima;310;BR-101/RJ;Norte;Colisão Lateral;1;;1;;;;;;;;3;;;;
07/06/2012;18:02:00;133;sem vítima;310;BR-101/RJ;Sul;Saida de Pista;1;;;;;;;;;;1;;;;
15/06/2012;00:17:00;2;com vítima;310;BR-101/RJ;Norte;Colisão Traseira;;;;2;;;;;;;0;;2;;
19/06/2012;12:31:00;119;com vítima;310,7;BR-101/RJ;Sul;Queda de Moto;;;;1;;;;;;;0;1;1;;
26/06/2012;19:28:00;153;sem vítima;310,01;BR-101/RJ;Sul;Saida de Pista;1;;;;;;;;;;2;;;;
07/07/2012;07:31:00;43;sem vítima;310;BR-101/RJ;Sul;Colisão Traseira;1;;;1;;;;;;;3;;;;
19/07/2012;00:53:00;5;sem vítima;310;BR-101/RJ;Norte;Saida de Pista;1;;;;;;;;;;1;;;;
09/08/2012;18:10:00;125;com vítima;310,2;BR-101/RJ;Norte;Queda de Moto;;;;1;;;;;;;0;;1;;
11/08/2012;21:55:00;192;sem vítima;310,373;BR-101/RJ;Sul;Saida de Pista;1;;;;;;;;;;5;;;;
13/08/2012;16:17:00;148;sem vítima;310,965;BR-101/RJ;Sul;Colisão Traseira;;;;;2;;;;;;2;;;;
25/08/2012;05:54:00;18;sem vítima;310,6;BR-101/RJ;Norte;Saida de Pista;1;;;;;;;;;;2;;;;
27/08/2012;19:00:00;153;sem vítima;310,095;BR-101/RJ;Sul;Colisão Traseira;1;;;;;1;;;;;2;;;;
20/09/2012;16:18:00;116;sem vítima;310;BR-101/RJ;Sul;Colisão Lateral;1;;1;;;;;;;;5;;;;
20/09/2012;13:53:00;98;com vítima;310,7;BR-101/RJ;Norte;Queda de Moto;;;;1;;;;;;;0;;1;;
27/09/2012;23:14:00;202;sem vítima;310;BR-101/RJ;Norte;Colisão Traseira;;;2;;;;;;;;2;;;;
10/10/2012;19:32:00;238;com vítima;310,816;BR-101/RJ;Sul;Saida de Pista;;;;1;;1;;;;;1;;1;;
19/10/2012;11:42:00;88;com vítima;310,5;BR-101/RJ;Sul;Colisão Lateral;1;;;1;;;;;;;1;1;;;
26/10/2012;03:35:00;21;sem vítima;310;BR-101/RJ;Sul;Colisão Lateral;1;;1;;;;;;;;2;;;;
26/10/2012;16:59:00;144;sem vítima;310;BR-101/RJ;Norte;Colisão Traseira;2;;;;;;;;;;3;;;;
06/11/2012;06:58:00;34;com vítima;310;BR-101/RJ;Sul;Colisão Traseira;;;;1;;1;;;;;1;1;;;
19/11/2012;18:05:00;158;sem vítima;310;BR-101/RJ;Norte;Colisão Traseira;3;;;;;;;;;;4;;;;
23/11/2012;23:17:00;236;sem vítima;310,8;BR-101/RJ;Norte;Engavetamento;2;;;;;1;;;;;7;;;;
29/11/2012;17:57:00;167;com vítima;310,8;BR-101/RJ;Norte;Colisão Traseira;;;;1;;;;;;;0;1;1;;
07/12/2012;11:23:00;129;sem vítima;310;BR-101/RJ;Norte;Choque - Defensa, barreira ou "submarino";1;;;;;;;;;;1;;;;
07/12/2012;18:56:00;234;sem vítima;310;BR-101/RJ;Norte;Colisão Lateral;1;;;1;;;;;;1;7;;;;
07/12/2012;19:47:00;248;sem vítima;310;BR-101/RJ;Norte;Colisão Lateral;1;;;1;;;;;;;4;;;;
07/12/2012;03:36:00;18;com vítima;310,681;BR-101/RJ;Sul;Saida de Pista;;;1;;;;;;;;0;;2;;
15/12/2012;05:15:00;29;sem vítima;310;BR-101/RJ;Norte;Choque - Defensa, barreira ou "submarino";1;;;;;;;;;;3;;;;
16/12/2012;03:18:00;26;com vítima;310,47;BR-101/RJ;Norte;Saida de Pista;1;;;;;;;;;;0;1;;;
28/12/2012;16:45:00;179;sem vítima;310;BR-101/RJ;Norte;Colisão Traseira;3;;;;;;;;;;3;;;;
29/12/2012;18:45:00;194;com vítima;310,6;BR-101/RJ;Sul;Queda de Moto;;;;1;;;;;;;1;1;;;
02/01/2013;13:20:00;120;sem vítima;310,487;BR-101/RJ;Sul;Colisão Traseira;;;;;;1;;;;1;2;;;;
04/01/2013;14:28:00;125;com vítima;310,396;BR-101/RJ;Sul;Queda de Moto;1;;;1;;;;;;;2;;1;;
08/01/2013;16:01:00;150;sem vítima;310;BR-101/RJ;Norte;Colisão Traseira;2;;;;;;;;;;2;;;;
12/01/2013;06:08:00;22;sem vítima;310;BR-101/RJ;Sul;Saida de Pista;1;;;;;;;;;;1;;;;
14/01/2013;01:47:00;11;com vítima;310,992;BR-101/RJ;Norte;Atropelamento - Funcionário;1;;;;;;;;;;0;;1;;1
17/01/2013;07:18:00;35;sem vítima;310;BR-101/RJ;Sul;Colisão Traseira;3;;;;;;;;;;3;;;;
25/01/2013;10:35:00;73;sem vítima;310;BR-101/RJ;Sul;Colisão Traseira;2;;;;;;;;;;4;;;;
05/02/2013;17:41:00;122;com vítima;310;BR-101/RJ;Norte;Choque - Defensa, barreira ou "submarino";1;;;;;;;;;;0;1;1;;
19/02/2013;14:25:00;130;com vítima;310;BR-101/RJ;Norte;Engavetamento;3;;;;;;;;;;3;1;;;
03/03/2013;19:11:00;145;sem vítima;310;BR-101/RJ;Sul;Colisão Traseira;2;;;;;;;;;;2;;;;
09/03/2013;10:24:00;85;sem vítima;310;BR-101/RJ;Sul;Colisão Lateral;1;;1;;;;;;;;2;;;;
09/03/2013;16:50:00;166;sem vítima;310,5;BR-101/RJ;Norte;Colisão Traseira;2;;;;;;;;;;6;;;;
09/03/2013;18:55:00;184;com vítima;310,97;BR-101/RJ;Sul;Atropelamento - Morador;1;;;;;;;;;;1;;1;;
20/03/2013;01:32:00;12;sem vítima;310,198;BR-101/RJ;Norte;Choque - Defensa, barreira ou "submarino";1;;;;;;;;;;1;;;;
02/04/2013;11:41:00;85;com vítima;310;BR-101/RJ;Sul;Colisão Lateral;1;;1;;;;;;;;1;;1;;
08/04/2013;20:25:00;197;com vítima;310,667;BR-101/RJ;Sul;Atropelamento - Ciclista;;1;;;1;;;;;1;2;;1;;
12/04/2013;23:51:00;243;sem vítima;310;BR-101/RJ;Sul;Colisão Traseira;2;;;;;;;;;;8;;;;
20/04/2013;15:08:00;114;sem vítima;310;BR-101/RJ;Norte;Colisão Traseira;2;;;;;;;;;;6;;;;
20/04/2013;15:21:00;118;sem vítima;310;BR-101/RJ;Sul;Colisão Traseira;2;;;;;;;;;;4;;;;
01/05/2013;10:00:00;45;com vítima;310,7;BR-101/RJ;Norte;Outros - Sequência;1;;;;;;;;;;0;1;1;2;
13/05/2013;18:17:00;147;sem vítima;310,453;BR-101/RJ;Norte;Engavetamento;3;;;;;;;;;;3;;;;
14/05/2013;18:50:00;137;com vítima;310,94;BR-101/RJ;Sul;Choque - Defensa, barreira ou "submarino";1;;;;;;;;;;0;2;;;
26/05/2013;01:00:00;10;sem vítima;310,061;BR-101/RJ;Norte;Capotamento;1;;;;;;;;;;2;;;;
07/06/2013;06:00:00;19;sem vítima;310;BR-101/RJ;Sul;Colisão Traseira;2;;;;;;;;;;2;;;;
08/07/2013;12:42:00;83;com vítima;310;BR-101/RJ;Norte;Atropelamento - Usuário;;;;;1;;;;;;1;;1;;
11/07/2013;18:40:00;127;sem vítima;310;BR-101/RJ;Norte;Colisão Traseira;2;;;;;;;;;;3;;;;
14/07/2013;09:25:00;56;com vítima;310,4;BR-101/RJ;Norte;Colisão Traseira;1;;;1;;;;;;;3;;1;;
14/07/2013;06:20:00;38;com vítima;310,8;BR-101/RJ;Sul;Colisão Traseira;1;;;;;;;;;1;2;1;;;
15/07/2013;10:35:00;86;com vítima;310,32;BR-101/RJ;Norte;Colisão Traseira;2;;;;;;;;;;1;2;;;
21/07/2013;15:03:00;122;com vítima;310;BR-101/RJ;Sul;Colisão Traseira;;;;1;;1;;;;;1;;1;;
04/08/2013;04:17:00;22;com vítima;310,55;BR-101/RJ;Norte;Colisão Traseira;4;;;;;;;;;;6;1;;;
04/08/2013;09:26:00;61;sem vítima;310,918;BR-101/RJ;Norte;Colisão Traseira;2;;;;;;;;;;8;;;;
15/08/2013;13:41:00;91;com vítima;310,094;BR-101/RJ;Sul;Queda de Moto;;;;1;;1;;;;;1;1;;;
17/08/2013;11:19:00;83;com vítima;310;BR-101/RJ;Sul;Saida de Pista;1;;;;;;;;;;0;;2;;
11/09/2013;15:41:00;96;sem vítima;310,245;BR-101/RJ;Norte;Saida de Pista;;;1;;;;;;;;1;;;;
12/09/2013;16:37:00;133;sem vítima;310;BR-101/RJ;Sul;Colisão Lateral;1;;;;1;;;;;;3;;;;
12/09/2013;16:59:00;138;com vítima;310,1;BR-101/RJ;Norte;Queda de Moto;;;;1;;;;;;;0;2;;;
22/09/2013;12:32:00;63;com vítima;310,924;BR-101/RJ;Sul;Capotamento;1;;;;;;;;;;0;1;;;
27/10/2013;17:50:00;125;sem vítima;310;BR-101/RJ;Sul;Engavetamento;2;;;;;1;;;;;8;;;;
05/11/2013;06:20:00;29;sem vítima;310;BR-101/RJ;Sul;Colisão Traseira;2;;;;;;;;;;4;;;;
09/11/2013;00:51:00;9;sem vítima;310,373;BR-101/RJ;Norte;Colisão Traseira;2;;;;;;;;;;2;;;;
16/11/2013;11:19:00;71;com vítima;310,713;BR-101/RJ;Sul;Colisão Lateral;1;;;1;;;;;;;2;1;;;
17/11/2013;04:31:00;16;sem vítima;310;BR-101/RJ;Norte;Engavetamento;3;;;;;;;;;;4;;;;
19/11/2013;11:58:00;97;sem vítima;310,245;BR-101/RJ;Norte;Choque - Suporte de Sinalização;1;;;;;;;;;;1;;;;
29/11/2013;18:24:00;216;sem vítima;310;BR-101/RJ;Norte;Colisão Traseira;1;;;;1;;;;;;2;;;;
01/12/2013;10:30:00;55;sem vítima;310;BR-101/RJ;Sul;Colisão Lateral;2;;;;;;;;;;2;;;;
06/12/2013;17:56:00;155;sem vítima;310,278;BR-101/RJ;Norte;Colisão Lateral;1;;;1;;;;;;;2;;;;
09/12/2013;07:51:00;40;sem vítima;310;BR-101/RJ;Sul;Colisão Lateral;1;;;1;;;;;;;2;;;;
09/12/2013;21:21:00;195;com vítima;310,5;BR-101/RJ;Sul;Queda de Moto;1;;;1;;;;;;;1;2;;;
11/12/2013;18:54:00;165;sem vítima;310,945;BR-101/RJ;Norte;Engavetamento;2;;;;;1;;;;;4;;;;
31/12/2013;21:00:00;202;sem vítima;310;BR-101/RJ;Norte;Colisão Lateral;1;;;1;;;;;;;3;;;;
11/01/2014;12:55:00;118;sem vítima;310;BR-101/RJ;Norte;Colisão Traseira;2;;;;;;;;;;4;;;;
14/01/2014;07:12:00;30;com vítima;310;BR-101/RJ;Sul;Colisão Traseira;;;;2;;;;;;;1;2;;;
15/01/2014;18:57:00;156;sem vítima;310;BR-101/RJ;Norte;Colisão Traseira;2;;;;;;;;;;2;;;;
23/01/2014;13:04:00;99;sem vítima;310,1;BR-101/RJ;Norte;Colisão Traseira;2;;;;;;;;;;2;;;;
24/01/2014;17:59:00;133;com vítima;310,674;BR-101/RJ;Norte;Colisão Traseira;;;;1;;1;;;;;1;2;;;
10/02/2014;09:38:00;78;sem vítima;310,6;BR-101/RJ;Sul;Engavetamento;3;;;;;;;;;1;12;;;;
15/02/2014;06:52:00;42;sem vítima;310;BR-101/RJ;Norte;Colisão Traseira;2;;;;;;;;;;6;;;;
26/02/2014;10:30:00;95;sem vítima;310,54;BR-101/RJ;Norte;Colisão Traseira;2;;;;;;;;;;6;;;;
04/04/2014;22:05:00;181;com vítima;310,342;BR-101/RJ;Norte;Colisão Traseira;;;;1;;1;;;;;1;1;1;;
16/04/2014;06:14:00;20;sem vítima;310;BR-101/RJ;Sul;Engavetamento;3;;;;;;;;;;3;;;;
17/04/2014;16:51:00;147;com vítima;310;BR-101/RJ;Norte;Colisão Traseira;;;;2;;;;;;;1;1;;;
17/04/2014;22:47:00;242;sem vítima;310;BR-101/RJ;Norte;Colisão Traseira;1;;;;1;;;;;;2;;;;
24/04/2014;21:23:00;167;sem vítima;310;BR-101/RJ;Norte;Colisão Lateral;1;;;;;1;;;;;2;;;;
24/04/2014;06:17:00;27;sem vítima;310,782;BR-101/RJ;Sul;Engavetamento;3;;;;;;;;;;3;;;;
03/05/2014;04:09:00;17;sem vítima;310;BR-101/RJ;Sul;Colisão Traseira;;;1;;1;;;;;;47;;;;
15/05/2014;16:55:00;145;sem vítima;310;BR-101/RJ;Sul;Colisão Traseira;1;;;;;1;;;;;2;;;;
24/05/2014;19:36:00;144;sem vítima;310;BR-101/RJ;Norte;Engavetamento;3;;;;;;;;;;3;;;;
12/06/2014;15:43:00;135;sem vítima;310;BR-101/RJ;Norte;Engavetamento;4;;;;;;;;;;14;;;;
13/06/2014;08:45:00;52;com vítima;310;BR-101/RJ;Norte;Queda de Moto;;;;1;;1;;;;;1;1;;;
04/07/2014;07:55:00;33;sem vítima;310;BR-101/RJ;Sul;Colisão Traseira;2;;;;;;;;;;7;;;;
19/07/2014;19:18:00;129;sem vítima;310,278;BR-101/RJ;Norte;Engavetamento;3;;;;;;;;;;3;;;;
01/08/2014;23:14:00;202;com vítima;310;BR-101/RJ;Sul;Saida de Pista;1;;1;;;;;;;;4;1;;;
02/08/2014;00:00:00;1;com vítima;310;BR-101/RJ;Sul;Colisão Lateral;1;;;1;;;;;;;1;1;;;
02/08/2014;09:32:00;45;com vítima;310;BR-101/RJ;Sul;Atropelamento - Andarilho;1;;;;;;;;;;3;;1;;
06/08/2014;10:55:00;74;sem vítima;310;BR-101/RJ;Sul;Engavetamento;3;;;;;;;;;1;5;;;;
17/08/2014;16:29:00;107;sem vítima;310,573;BR-101/RJ;Norte;Atropelamento de Animal;1;;;;;;;;;;3;;;;
26/08/2014;19:27:00;151;com vítima;310,8;BR-101/RJ;Norte;Choque - Defensa, barreira ou "submarino";1;;;;;;;;;;0;;1;;
14/09/2014;23:16:00;201;sem vítima;310;BR-101/RJ;Sul;Outros - Sequência;;;2;;;1;;;;1;6;;;;
21/09/2014;20:51:00;143;com vítima;310,907;BR-101/RJ;Norte;Colisão Traseira;1;;;;1;;;;;;2;1;1;;
02/10/2014;09:09:00;49;com vítima;310;BR-101/RJ;Norte;Colisão Traseira;1;;;1;;;;;;;2;1;;;
02/10/2014;22:11:00;151;com vítima;310;BR-101/RJ;Norte;Outros - Sequência;3;;;;;;;;;;4;;1;;
15/10/2014;10:01:00;56;com vítima;310,8;BR-101/RJ;Norte;Colisão Traseira;1;;;1;;;;;;;1;1;;;
26/11/2014;16:46:00;143;sem vítima;310;BR-101/RJ;Norte;Choque - Defensa, barreira ou "submarino";1;;;;;;;;;;1;;;;
27/11/2014;01:06:00;5;com vítima;310;BR-101/RJ;Norte;Choque - Suporte de Sinalização;1;;;;;;;;;;0;;1;;
30/11/2014;17:53:00;136;com vítima;310,04;BR-101/RJ;Sul;Engavetamento;3;;;;;;;;;;10;2;;;
25/12/2014;08:27:00;30;sem vítima;310;BR-101/RJ;Sul;Colisão Lateral;2;;;;;;;;;;4;;;;
29/12/2014;11:40:00;78;sem vítima;310;BR-101/RJ;Norte;Engavetamento;1;;1;;;1;;;;;4;;;;
10/01/2015;17:45:00;165;com vítima;310,8;BR-101/RJ;Norte;Choque - Defensa, barreira ou "submarino";1;;;;;;;;;;1;;1;;
19/01/2015;14:48:00;122;sem vítima;310;BR-101/RJ;Sul;Engavetamento;4;;;;;;;;;;11;;;;
24/01/2015;08:48:00;42;sem vítima;310;BR-101/RJ;Sul;Colisão Lateral;2;;;;;;;;;;6;;;;
28/01/2015;22:45:00;189;com vítima;310;BR-101/RJ;Sul;Colisão Traseira;;;2;;;;;;;;1;2;;;
01/02/2015;18:31:00;103;com vítima;310;BR-101/RJ;Sul;Queda de Moto;1;;;1;;;;;;;1;1;0;0;0
27/02/2015;13:40:00;108;sem vítima;310;BR-101/RJ;Norte;Choque - Defensa, barreira ou "submarino";1;;;;;;;;;;1;;;;
03/03/2015;07:22:00;36;sem vítima;310;BR-101/RJ;Sul;Engavetamento;3;;;;;;;;;;5;0;0;0;0
10/03/2015;13:47:00;93;com vítima;310;BR-101/RJ;Sul;Queda de Moto;;;;1;;;;;;;0;2;0;0;0
21/04/2015;22:20:00;183;sem vítima;310;BR-101/RJ;Sul;Colisão Traseira;2;;;;;;;;;;8;;;;
21/07/2015;06:51:00;22;sem vítima;310;BR-101/RJ;Norte;Colisão Traseira;1;;;;;;;;;1;7;;;;
21/07/2015;06:57:00;26;sem vítima;310;BR-101/RJ;Norte;Choque - Defensa, barreira ou "submarino";1;;;;;;;;;;1;;;;
04/08/2015;19:32:00;168;com vítima;310;BR-101/RJ;Norte;Queda de Moto;;;;1;;;;;;;1;1;;;
15/08/2015;21:40:00;184;sem vítima;310,9;BR-101/RJ;Norte;Capotamento;1;;;;;;;;;;1;;;;
19/08/2015;20:06:00;197;sem vítima;310;BR-101/RJ;Sul;Colisão Traseira;2;;;;;;;;;;2;;;;
23/08/2015;19:12:00;153;com vítima;310,472;BR-101/RJ;Norte;Choque - Defensa, barreira ou "submarino";1;;;1;;;;;;;3;3;;;
23/08/2015;21:19:00;175;com vítima;310,594;BR-101/RJ;Sul;Atropelamento - Morador;;;;;1;;;;;;1;;;;1
28/08/2015;17:46:00;163;sem vítima;310;BR-101/RJ;Norte;Engavetamento;3;;;;;;;;;;3;;;;
26/09/2015;08:24:00;73;sem vítima;310,14;BR-101/RJ;Sul;Colisão Traseira;2;;;;;;;;;;4;;;;
02/10/2015;14:27:00;135;com vítima;310,138;BR-101/RJ;Sul;Atropelamento - Morador;;;;;;1;;;;;1;;1;;
09/10/2015;15:49:00;173;com vítima;310,848;BR-101/RJ;Norte;Colisão Traseira;2;;;;;;;;;;6;1;;;
14/10/2015;05:45:00;19;com vítima;310,93;BR-101/RJ;Sul;Queda de Moto;;;;1;1;;;;;;1;;1;;
20/10/2015;12:27:00;136;sem vítima;310;BR-101/RJ;Norte;Engavetamento;4;;;;;;;;;;4;;;;
30/10/2015;11:45:00;84;sem vítima;310,9;BR-101/RJ;Norte;Colisão Traseira;1;;;;;;;;;1;5;;;;
12/11/2015;16:59:00;164;sem vítima;310,219;BR-101/RJ;Norte;Colisão Traseira;1;;1;;;;;;;;3;;;;
13/11/2015;07:40:00;49;com vítima;310,104;BR-101/RJ;Sul;Queda de Moto;;;;1;;;;;;;0;;1;;
23/11/2015;18:39:00;193;com vítima;310,147;BR-101/RJ;Sul;Colisão Traseira;1;;1;;;;;;;;1;;1;;
11/01/2010;01:13:00;3;sem vítima;311;BR-101/RJ;Norte;Colisão Traseira;1;;;;;1;;;;;2;;;;
16/02/2010;22:27:00;300;com vítima;311;BR-101/RJ;Norte;Colisão Lateral;2;;;;;;;;;;0;3;1;1;
23/02/2010;17:04:00;161;sem vítima;311;BR-101/RJ;Norte;Queda de Moto;;;;1;;;;;;;1;;;;
02/04/2010;03:10:00;24;sem vítima;311;BR-101/RJ;Sul;Saida de Pista;1;;;;;1;;;;;2;;;;
03/04/2010;08:36:00;38;sem vítima;311;BR-101/RJ;Norte;Saida de Pista;2;;;;;;;;;;4;;;;
08/04/2010;09:31:00;60;sem vítima;311;BR-101/RJ;Sul;Atropelamento - Morador;1;;;;;;;;;;2;;;;
10/05/2010;07:52:00;47;com vítima;311;BR-101/RJ;Sul;Colisão Lateral;;;;1;;;;;;;1;;1;;
12/05/2010;06:10:00;24;sem vítima;311;BR-101/RJ;Norte;Colisão Traseira;1;;;;;1;;;;;2;;;;
15/05/2010;08:21:00;57;sem vítima;311;BR-101/RJ;Norte;Colisão Lateral;2;;;;;;;;;;2;;;;
16/05/2010;20:36:00;151;com vítima;311;BR-101/RJ;Sul;Capotamento;2;;;;;;;;;;3;;1;;
27/05/2010;16:53:00;122;sem vítima;311;BR-101/RJ;Norte;Colisão Lateral;;;;1;;1;;;;;2;;;;
14/06/2010;17:41:00;147;com vítima;311;BR-101/RJ;Norte;Engavetamento;2;;;1;;;;;;;2;;1;1;
19/06/2010;02:00:00;8;sem vítima;311;BR-101/RJ;Norte;Colisão Lateral;1;;;;;;;;;;1;;;;
21/06/2010;06:18:00;20;sem vítima;311;BR-101/RJ;Sul;Colisão Traseira;1;;;1;;;;;;;5;;;;
25/06/2010;19:14:00;128;com vítima;311;BR-101/RJ;Sul;Queda de Moto;;;;1;;;;;;;0;;2;;
27/06/2010;22:25:00;162;sem vítima;311;BR-101/RJ;Sul;Saida de Pista;1;;;;;;;;;;4;;;;
06/07/2010;03:04:00;11;sem vítima;311;BR-101/RJ;Norte;Atropelamento de Animal;2;;;;;1;;;;;3;;;;
25/07/2010;01:29:00;6;com vítima;311;BR-101/RJ;Norte;Colisão Traseira;2;;;;;;;;;;3;;2;;
30/07/2010;22:33:00;225;com vítima;311;BR-101/RJ;Sul;Colisão Traseira;2;;;;;1;;;;;4;;2;;
01/08/2010;09:24:00;52;com vítima;311;BR-101/RJ;Norte;Colisão Traseira;2;;;;;;;;;;4;1;;;
02/08/2010;00:05:00;2;sem vítima;311;BR-101/RJ;Norte;Saida de Pista;1;;;;;;;;;;1;;;;
11/08/2010;04:57:00;19;com vítima;311;BR-101/RJ;Sul;Capotamento;1;;;;;;;;;;0;;1;;1
11/08/2010;07:43:00;42;sem vítima;311;BR-101/RJ;Norte;Colisão Traseira;2;;;;;;;;;;2;;;;
21/08/2010;19:11:00;155;com vítima;311;BR-101/RJ;Norte;Atropelamento - Usuário;1;;;;;;;;;;4;;1;;
02/10/2010;19:44:00;160;sem vítima;311;BR-101/RJ;Norte;Atropelamento de Animal;1;;;;;;;;;;4;;;;
25/10/2010;16:54:00;160;sem vítima;311;BR-101/RJ;Norte;Colisão Traseira;1;;1;;1;;;;;;34;;;;
06/11/2010;04:01:00;21;com vítima;311;BR-101/RJ;Norte;Colisão Traseira;1;;;1;;;;;;;1;2;;;
07/11/2010;16:01:00;108;com vítima;311;BR-101/RJ;Norte;Atropelamento - Sem Informação;1;;;;;;;;;;1;;;1;
07/11/2010;18:36:00;144;com vítima;311;BR-101/RJ;Norte;Saida de Pista;1;;;;;;;;;;2;1;;;
11/11/2010;15:24:00;126;com vítima;311;BR-101/RJ;Norte;Colisão Traseira;2;;;;;;;;;;1;1;;;
22/11/2010;01:59:00;12;com vítima;311;BR-101/RJ;Norte;Saida de Pista;1;;;;;;;;;;1;1;;;
02/12/2010;16:54:00;137;sem vítima;311;BR-101/RJ;Norte;Saida de Pista;1;;;;;;;;;;2;;;;
04/12/2010;09:06:00;61;sem vítima;311;BR-101/RJ;Sul;Saida de Pista;1;;;;;;;;;;1;;;;
12/12/2010;02:55:00;19;com vítima;311;BR-101/RJ;Norte;Choque - Defensa, barreira ou "submarino";1;;;;;;;;;;0;1;;;
16/12/2010;17:05:00;181;com vítima;311;BR-101/RJ;Norte;Colisão Traseira;1;;;1;;;;;;;2;;1;;
17/12/2010;17:37:00;170;sem vítima;311;BR-101/RJ;Norte;Colisão Lateral;;;;1;;;;;;1;3;;;;
19/12/2010;05:20:00;41;com vítima;311,3999938964844;BR-101/RJ;Norte;Atropelamento - Morador;;;;;;1;;;;;1;;;;1
19/12/2010;19:09:00;166;com vítima;311,3999938964844;BR-101/RJ;Sul;Atropelamento - Andarilho;1;;;;;;;;;;1;;1;;
22/12/2010;20:17:00;191;sem vítima;311;BR-101/RJ;Norte;Colisão Traseira;1;;;;;1;;;;;2;;;;
23/12/2010;19:21:00;225;com vítima;311;BR-101/RJ;Sul;Capotamento;1;;;;;;;;;;0;1;;;
07/01/2011;23:32:00;234;com vítima;311;BR-101/RJ;Norte;Colisão Traseira;2;;;;;;;;;;1;4;1;;
24/01/2011;07:22:00;38;com vítima;311;BR-101/RJ;Sul;Colisão Traseira;1;;;1;;;;;;;4;1;1;;
26/01/2011;18:11:00;145;sem vítima;311;BR-101/RJ;Norte;Colisão Traseira;1;;;;1;;;;;;3;;;;
04/02/2011;22:54:00;216;sem vítima;311;BR-101/RJ;Norte;Engavetamento;3;;;;;;;;;;6;;;;
08/02/2011;06:08:00;22;sem vítima;311;BR-101/RJ;Sul;Colisão Traseira;2;;;;;1;;;;;9;;;;
10/02/2011;08:26:00;60;com vítima;311;BR-101/RJ;Sul;Colisão Traseira;;;;;2;;;;;;7;1;3;;
25/02/2011;18:16:00;166;com vítima;311;BR-101/RJ;Norte;Atropelamento - Ciclista;;1;;;1;;;;;;1;;1;;
28/02/2011;20:41:00;212;sem vítima;311;BR-101/RJ;Norte;Colisão Traseira;2;;;;;;;;;;4;;;;
26/03/2011;13:52:00;110;sem vítima;308;BR-101/RJ;Sul;Colisão Lateral;2;;;;;;;;;;3;;;;
26/03/2011;17:53:00;154;com vítima;189;BR-101/RJ;Sul;Queda de Moto;;;;1;;;;;;;0;1;;;
26/03/2011;18:27:00;160;com vítima;295;BR-101/RJ;Norte;Capotamento;1;;1;;;;;;;;1;;1;;
26/03/2011;20:09:00;173;sem vítima;83;BR-101/RJ;Norte;Colisão Lateral;1;;1;;;;;;;;2;;;;
02/05/2011;18:02:00;158;com vítima;311,5;BR-101/RJ;Norte;Atropelamento - Morador;;;;;;1;;;;;1;;;;1
20/05/2011;15:21:00;113;com vítima;311;BR-101/RJ;Norte;Atropelamento - Morador;;;;;;;;;;1;2;;1;;
22/05/2011;08:22:00;40;sem vítima;311;BR-101/RJ;Sul;Saida de Pista;1;;;;;;;;;;1;;;;
23/05/2011;20:30:00;194;com vítima;311;BR-101/RJ;Norte;Queda de Moto;;;;1;;;;;;;0;1;1;;
02/06/2011;02:02:00;7;sem vítima;311;BR-101/RJ;Norte;Objeto lançado contra veículo;1;;1;;;1;;;;;3;;;;
04/06/2011;17:41:00;147;sem vítima;311;BR-101/RJ;Norte;Colisão Traseira;2;;;;;;;;;;4;;;;
18/06/2011;12:13:00;83;sem vítima;311;BR-101/RJ;Sul;Saida de Pista;1;;;;;;;;;;1;;;;
28/06/2011;10:59:00;69;sem vítima;311,79998779296875;BR-101/RJ;Norte;Colisão Traseira;1;;;;;;;;;1;2;;;;
29/06/2011;18:15:00;142;sem vítima;311;BR-101/RJ;Norte;Colisão Traseira;2;;;;;;;;;;5;;;;
12/08/2011;17:15:00;144;sem vítima;311;BR-101/RJ;Norte;Engavetamento;3;;;;;;;;;;8;;;;
20/08/2011;22:46:00;176;sem vítima;311,75;BR-101/RJ;Sul;Saida de Pista;1;;;;;;;;;;1;;;;
30/08/2011;00:52:00;1;com vítima;311,04998779296875;BR-101/RJ;Norte;Capotamento;1;;;;;;;;;;0;;1;;
04/09/2011;18:35:00;115;com vítima;311;BR-101/RJ;Norte;Colisão Traseira;2;;;;;;;;;;2;;1;;
16/09/2011;18:28:00;142;sem vítima;311,70001220703125;BR-101/RJ;Norte;Colisão Traseira;2;;;;;1;;;;;6;;;;