data;horario;n_da_ocorrencia;tipo_de_ocorrencia;km;trecho;sentido;tipo_de_acidente;automovel;bicicleta;caminhao;moto;onibus;outros;tracao_animal;transporte_de_cargas_especiais;trator_maquinas;utilitarios;ilesos;levemente_feridos;moderadamente_feridos;gravemente_feridos;mortos
01/10/2011;05:51:00;22;sem vítima;311,70001220703125;BR-101/RJ;Norte;Colisão Traseira;2;;;;;;;;;;2;;;;
05/10/2011;21:53:00;169;com vítima;311;BR-101/RJ;Sul;Saida de Pista;1;;;;;;;;;;0;1;;;
07/10/2011;12:44:00;104;sem vítima;311;BR-101/RJ;Norte;Saida de Pista;1;;;;;;;;;;2;;;;
07/10/2011;13:41:00;111;sem vítima;311;BR-101/RJ;Norte;Colisão Traseira;2;;;;;;;;;;2;;;;
14/10/2011;18:21:00;169;sem vítima;311;BR-101/RJ;Norte;Engavetamento;2;;;;1;;;;;;7;;;;
22/10/2011;08:23:00;39;sem vítima;311;BR-101/RJ;Sul;Choque - Defensa, barreira ou "submarino";1;;;;;;;;;;1;;;;
30/10/2011;19:24:00;127;sem vítima;311;BR-101/RJ;Sul;Colisão Traseira;1;;;;;;;;;1;2;;;;
06/11/2011;20:04:00;138;com vítima;311,20001220703125;BR-101/RJ;Norte;Atropelamento - Morador;;;;;;;;;;1;1;;;;1
07/11/2011;06:00:00;25;com vítima;311;BR-101/RJ;Sul;Colisão Traseira;1;;;1;;;;;;;1;;1;;
12/11/2011;11:55:00;104;sem vítima;311;BR-101/RJ;Norte;Colisão Lateral;1;;1;;;;;;;;2;;;;
21/11/2011;06:46:00;36;sem vítima;311;BR-101/RJ;Sul;Colisão Lateral;;;;;1;;;;;1;2;;;;
29/11/2011;21:56:00;195;com vítima;311,79998779296875;BR-101/RJ;Sul;Atropelamento - Morador;;;;;;1;;;;;1;;;;1
06/12/2011;18:22:00;187;com vítima;311;BR-101/RJ;Sul;Colisão Traseira;1;;1;;1;;;;;;2;1;2;;
06/12/2011;10:45:00;88;com vítima;311,29998779296875;BR-101/RJ;Sul;Colisão Traseira;;;;1;;1;;;;;1;;1;;
16/12/2011;19:36:00;205;com vítima;311;BR-101/RJ;Sul;Colisão Traseira;2;;;;;;;;;;5;;;1;
22/12/2011;10:54:00;89;sem vítima;311;BR-101/RJ;Sul;Saida de Pista;1;;;;;;;;;;3;;;;
23/12/2011;05:56:00;32;com vítima;311;BR-101/RJ;Norte;Capotamento;1;;;;;;;;;;1;1;1;;
30/01/2012;18:20:00;152;sem vítima;311;BR-101/RJ;Norte;Engavetamento;2;;;;;1;;;;;4;;;;
06/02/2012;14:06:00;118;com vítima;311,3;BR-101/RJ;Sul;Queda de Moto;;;;1;;;;;;;0;1;;;
12/02/2012;12:48:00;69;com vítima;311,9;BR-101/RJ;Sul;Saida de Pista;1;;;;;;;;;;0;;3;;
08/03/2012;18:29:00;129;com vítima;311,8;BR-101/RJ;Norte;Queda de Moto;;;;1;;;;;;;0;1;;;
11/04/2012;20:34:00;154;com vítima;311;BR-101/RJ;Norte;Queda de Moto;;;;1;;;;;;;0;2;;;
27/04/2012;20:39:00;194;sem vítima;311;BR-101/RJ;Norte;Saida de Pista;1;;;;;;;;;;1;;;;
15/05/2012;17:42:00;120;sem vítima;311;BR-101/RJ;Norte;Engavetamento;2;;;;;1;;;;;5;;;;
23/05/2012;16:57:00;132;sem vítima;311;BR-101/RJ;Norte;Colisão Traseira;2;;;;;;;;;;2;;;;
01/06/2012;01:19:00;8;sem vítima;311;BR-101/RJ;Sul;Saida de Pista;1;;;;;;;;;;1;;;;
19/06/2012;12:56:00;125;sem vítima;311;BR-101/RJ;Sul;Queda de Moto;;;;1;;;;;;;1;;;;
19/06/2012;17:18:00;178;sem vítima;311,7;BR-101/RJ;Norte;Colisão Traseira;2;;;;;;;;;;5;;;;
23/06/2012;14:50:00;93;sem vítima;311;BR-101/RJ;Norte;Saida de Pista;1;;;;;;;;;;1;;;;
24/06/2012;06:14:00;33;com vítima;311;BR-101/RJ;Norte;Saida de Pista;1;;;;;;;;;;0;;1;;
10/07/2012;16:18:00;118;sem vítima;311;BR-101/RJ;Norte;Colisão Traseira;2;;;;;;;;;;2;;;;
17/07/2012;05:50:00;28;com vítima;311,7;BR-101/RJ;Norte;Queda de Moto;;;;1;;1;;;;;1;;1;;
23/07/2012;19:35:00;174;sem vítima;311;BR-101/RJ;Norte;Engavetamento;2;;;;;2;;;;1;10;;;;
27/07/2012;10:19:00;67;sem vítima;311;BR-101/RJ;Sul;Colisão Traseira;;;1;;1;;;;;;2;;;;
27/07/2012;21:08:00;199;com vítima;311,785;BR-101/RJ;Norte;Queda de Moto;1;;;1;;;;;;;2;1;;;
29/07/2012;18:31:00;162;com vítima;311,757;BR-101/RJ;Norte;Colisão Lateral;3;;;;;1;;;;;6;3;1;;
04/08/2012;05:21:00;27;sem vítima;311,465;BR-101/RJ;Sul;Saida de Pista;;;1;;;;;;;;1;;;;
06/08/2012;12:53:00;87;sem vítima;311;BR-101/RJ;Norte;Colisão Traseira;;;;;;;;;;2;6;;;;
24/08/2012;08:20:00;45;sem vítima;311;BR-101/RJ;Norte;Colisão Lateral;2;;;;;;;;;;2;;;;
28/08/2012;18:23:00;158;sem vítima;311;BR-101/RJ;Norte;Engavetamento;5;;;;;;;;;;7;;;;
30/08/2012;17:35:00;139;com vítima;311;BR-101/RJ;Norte;Choque - Defensa, barreira ou "submarino";1;;;;;;;;;;0;;1;;
13/09/2012;18:06:00;158;com vítima;311,295;BR-101/RJ;Sul;Atropelamento - Ciclista;;;;;;1;;;;;1;;1;;
20/09/2012;14:55:00;105;com vítima;311,9;BR-101/RJ;Sul;Colisão Traseira;1;;;;;1;;;;;1;;1;;
22/09/2012;04:45:00;35;sem vítima;311;BR-101/RJ;Norte;Colisão Lateral;1;;;;;1;;;;;2;;;;
27/09/2012;15:38:00;145;sem vítima;311,1;BR-101/RJ;Norte;Colisão Traseira;2;;;;;;;;;;7;;;;
29/09/2012;15:12:00;122;sem vítima;311;BR-101/RJ;Norte;Capotamento;1;;;;;;;;;;1;;;;
19/10/2012;12:24:00;97;com vítima;311;BR-101/RJ;Sul;Atropelamento - Morador;;;;1;;;;;;;0;1;1;;
28/10/2012;16:05:00;131;com vítima;311,3;BR-101/RJ;Sul;Atropelamento - Outros;;;;;;1;;;;;1;1;;;
19/11/2012;17:28:00;151;sem vítima;311,5;BR-101/RJ;Norte;Colisão Traseira;2;;;;;;;;;;2;;;;
21/11/2012;18:58:00;168;sem vítima;311;BR-101/RJ;Sul;Colisão Traseira;2;;;;;;;;;;3;;;;
21/11/2012;18:48:00;165;com vítima;311,8;BR-101/RJ;Norte;Colisão Traseira;2;;;;;;;;;;4;1;;;
27/11/2012;18:07:00;130;sem vítima;311;BR-101/RJ;Norte;Colisão Traseira;2;;;;;;;;;;2;;;;
02/12/2012;20:11:00;168;sem vítima;311;BR-101/RJ;Norte;Choque - Suporte de Sinalização;2;;;;;;;;;;5;;;;
08/12/2012;15:23:00;168;sem vítima;311;BR-101/RJ;Norte;Colisão Traseira;2;;;;;;;;;1;6;;;;
26/12/2012;06:58:00;38;sem vítima;311;BR-101/RJ;Sul;Colisão Lateral;1;;;;1;;;;;;5;;;;
26/12/2012;16:47:00;174;sem vítima;311;BR-101/RJ;Norte;Capotamento;1;;;;;;;;;;1;;;;
06/01/2013;20:19:00;163;com vítima;311,99;BR-101/RJ;Norte;Outros - Sequência;2;;;;;;;;;;1;3;2;;
12/01/2013;17:19:00;105;sem vítima;311,4;BR-101/RJ;Sul;Colisão Traseira;2;;;;;;;;;;2;;;;
16/01/2013;06:19:00;28;sem vítima;311;BR-101/RJ;Sul;Colisão Traseira;1;;;;1;;;;;;3;;;;
04/02/2013;02:29:00;16;sem vítima;311,3;BR-101/RJ;Norte;Colisão Traseira;1;;;;;1;;;;;4;;;;
09/02/2013;00:07:00;2;sem vítima;311,5;BR-101/RJ;Norte;Colisão Lateral;1;;;1;;;;;;;4;;;;
14/02/2013;13:27:00;128;com vítima;311,6;BR-101/RJ;Norte;Colisão Traseira;;;;;2;;;;;;22;4;;;
20/02/2013;18:01:00;160;sem vítima;311;BR-101/RJ;Norte;Colisão Lateral;;;;;2;;;;;;3;;;;
02/03/2013;12:11:00;96;com vítima;311;BR-101/RJ;Sul;Colisão Traseira;1;;;;1;;;;;;1;;1;;
07/03/2013;19:09:00;192;sem vítima;311;BR-101/RJ;Norte;Engavetamento;3;;;;;;;;;;7;;;;
15/03/2013;17:35:00;151;sem vítima;311;BR-101/RJ;Norte;Colisão Traseira;1;;;;1;;;;;;2;;;;
17/03/2013;19:16:00;155;sem vítima;311,9;BR-101/RJ;Norte;Saida de Pista;1;;;;;;;;;;4;;;;
22/03/2013;20:21:00;202;sem vítima;311,214;BR-101/RJ;Norte;Saida de Pista;1;;;;;;;;;;1;;;;
28/03/2013;23:01:00;237;sem vítima;311,12;BR-101/RJ;Norte;Engavetamento;2;;1;;;;;;;;9;;;;
28/03/2013;00:31:00;5;com vítima;311,815;BR-101/RJ;Norte;Queda de Moto;;;;1;;;;;;;0;;1;;
09/04/2013;09:28:00;73;sem vítima;311;BR-101/RJ;Sul;Colisão Traseira;;;;;1;1;;;;;2;;;;
14/04/2013;21:11:00;169;com vítima;311,087;BR-101/RJ;Sul;Colisão Traseira;1;;;;1;;;;;;3;1;;;
09/05/2013;17:50:00;147;sem vítima;311;BR-101/RJ;Norte;Colisão Lateral;1;;;;1;;;;;;2;;;;
10/06/2013;06:23:00;30;sem vítima;311,9;BR-101/RJ;Sul;Engavetamento;4;;;;;;;;;;9;;;;
14/06/2013;17:51:00;137;sem vítima;311;BR-101/RJ;Norte;Engavetamento;2;;;;;1;;;;;10;;;;
17/06/2013;05:54:00;19;com vítima;311;BR-101/RJ;Sul;Colisão Lateral;1;;;1;;;;;;;3;;1;;
07/07/2013;20:41:00;167;sem vítima;311;BR-101/RJ;Sul;Colisão Traseira;2;;;;;;;;;;6;;;;
15/07/2013;23:24:00;204;sem vítima;311,555;BR-101/RJ;Norte;Saida de Pista;1;;;;;;;;;;1;;;;
19/07/2013;16:02:00;145;sem vítima;311;BR-101/RJ;Norte;Colisão Traseira;1;;;;;;;;;1;3;;;;
06/08/2013;18:20:00;128;sem vítima;311;BR-101/RJ;Norte;Colisão Traseira;2;;;;;;;;;;2;;;;
09/08/2013;09:32:00;48;sem vítima;311;BR-101/RJ;Norte;Engavetamento;4;;;;;;;;;;7;;;;
09/08/2013;23:55:00;192;sem vítima;311,475;BR-101/RJ;Norte;Engavetamento;3;;;;;;;;;;5;;;;
09/08/2013;23:31:00;186;sem vítima;311,726;BR-101/RJ;Norte;Colisão Traseira;1;;;;;1;;;;;2;;;;
17/08/2013;15:22:00;120;sem vítima;311,8;BR-101/RJ;Norte;Colisão Traseira;2;;;;;;;;;;7;;;;
20/08/2013;10:01:00;64;com vítima;311;BR-101/RJ;Sul;Engavetamento;4;;;;;;;;;;10;1;;;
20/08/2013;07:50:00;45;com vítima;311,8;BR-101/RJ;Norte;Outros - Sequência;1;;;1;1;;;;;;3;1;1;;
31/08/2013;20:24:00;154;sem vítima;311;BR-101/RJ;Sul;Colisão Traseira;1;;;;1;;;;;;2;;;;
06/09/2013;14:04:00;105;com vítima;311;BR-101/RJ;Sul;Capotamento;;;;;;;;;;1;0;;2;;
28/09/2013;15:09:00;129;sem vítima;311,85;BR-101/RJ;Norte;Saida de Pista;1;;;;;;;;;;1;;;;
01/10/2013;16:57:00;125;com vítima;311;BR-101/RJ;Norte;Atropelamento - Morador;1;1;;;;;;;;;1;1;;;
09/11/2013;16:36:00;134;sem vítima;311;BR-101/RJ;Norte;Colisão Traseira;2;;;;;;;;;;2;;;;
09/11/2013;13:27:00;109;sem vítima;311,227;BR-101/RJ;Norte;Colisão Traseira;2;;;;;;;;;;2;;;;
10/11/2013;20:31:00;182;sem vítima;311;BR-101/RJ;Sul;Queda de Moto;;;;1;;;;;;;2;;;;
19/11/2013;12:47:00;108;sem vítima;311,615;BR-101/RJ;Norte;Colisão Traseira;;;1;;;;;;;1;3;;;;
20/11/2013;06:27:00;17;sem vítima;311;BR-101/RJ;Sul;Colisão Traseira;;;;2;;;;;;;2;;;;
23/11/2013;13:06:00;100;sem vítima;311,758;BR-101/RJ;Norte;Colisão Traseira;2;;;;;;;;;;2;;;;
28/11/2013;17:30:00;167;sem vítima;311;BR-101/RJ;Norte;Colisão Traseira;2;;;;;;;;;;2;;;;
30/11/2013;21:22:00;220;sem vítima;311;BR-101/RJ;Norte;Colisão Lateral;1;;1;;;;;;;;3;;;;
30/11/2013;21:55:00;227;com vítima;311,208;BR-101/RJ;Norte;Saida de Pista;1;;;;;1;;;;;1;;2;;
30/11/2013;23:09:00;232;com vítima;311,208;BR-101/RJ;Norte;Engavetamento;3;;;;;;;;;;7;;1;;
10/12/2013;01:08:00;6;sem vítima;311;BR-101/RJ;Sul;Colisão Traseira;2;;;;;;;;;;2;;;;
17/12/2013;03:45:00;11;sem vítima;311;BR-101/RJ;Norte;Colisão Traseira;1;;;;;;;;;;1;;;;
18/01/2014;19:26:00;194;com vítima;311,842;BR-101/RJ;Norte;Queda de Moto;;;;1;;;;;;;0;1;;;
01/02/2014;01:42:00;6;com vítima;311;BR-101/RJ;Norte;Colisão Traseira;;;;1;;1;;;;;1;;;1;
10/02/2014;15:53:00;143;com vítima;311;BR-101/RJ;Norte;Atropelamento - Funcionário;;;1;;;;;;;;1;;1;;
14/02/2014;07:59:00;59;com vítima;311;BR-101/RJ;Sul;Colisão Traseira;;;;;2;;;;;;2;8;;;
28/02/2014;09:10:00;81;com vítima;311,506;BR-101/RJ;Sul;Colisão Traseira;1;;;1;;;;;;;5;;;1;
01/03/2014;08:05:00;121;sem vítima;311;BR-101/RJ;Norte;Engavetamento;3;;;;;;;;;;11;;;;
09/03/2014;07:33:00;44;sem vítima;311,418;BR-101/RJ;Norte;Choque - Defensa, barreira ou "submarino";1;;;;;;;;;;1;;;;
12/03/2014;09:27:00;71;com vítima;311;BR-101/RJ;Sul;Engavetamento;6;;;;;;;;;;11;1;;;
02/04/2014;08:53:00;59;sem vítima;311;BR-101/RJ;Norte;Colisão Lateral;1;;;1;;;;;;;4;;;;
04/04/2014;07:31:00;29;sem vítima;311;BR-101/RJ;Sul;Engavetamento;3;;;;;1;;;;;5;;;;
05/04/2014;15:41:00;121;com vítima;311;BR-101/RJ;Norte;Choque - Defensa, barreira ou "submarino";1;;;;;;;;;1;1;2;;;
07/04/2014;16:50:00;163;sem vítima;311;BR-101/RJ;Norte;Colisão Traseira;1;;;;;1;;;;;2;;;;
13/04/2014;12:23:00;81;com vítima;311,98;BR-101/RJ;Norte;Colisão Traseira;1;;;;;;;;;1;0;3;;;
17/04/2014;16:14:00;138;sem vítima;311;BR-101/RJ;Norte;Colisão Traseira;2;;;;;;;;;;2;;;;
18/05/2014;14:30:00;97;com vítima;311,5;BR-101/RJ;Sul;Atropelamento - Ciclista;;1;;;;1;;;;;1;1;;;
29/07/2014;19:04:00;141;sem vítima;311;BR-101/RJ;Norte;Colisão Traseira;2;;;;;;;;;;2;;;;
27/08/2014;19:14:00;141;com vítima;311,335;BR-101/RJ;Norte;Queda de Moto;1;;;1;;;;;;;2;1;1;;
29/08/2014;19:23:00;159;com vítima;311,91;BR-101/RJ;Sul;Outros;;;;;;;;;;;0;;;;1
01/09/2014;05:31:00;29;com vítima;311;BR-101/RJ;Sul;Queda de Moto;;;;1;;;;;;;0;1;;;
02/09/2014;16:24:00;120;com vítima;311,152;BR-101/RJ;Sul;Colisão Traseira;;;1;1;;;;;;;1;1;;;
06/09/2014;09:03:00;49;sem vítima;311,39;BR-101/RJ;Sul;Colisão Lateral;;;;;1;;;;;1;3;;;;
21/09/2014;11:37:00;51;sem vítima;311;BR-101/RJ;Sul;Saida de Pista;;;;;1;;;;;;1;;;;
25/09/2014;06:48:00;24;com vítima;311,8;BR-101/RJ;Sul;Queda de Moto;;;;1;;;;;;;0;;1;;
27/09/2014;05:04:00;20;com vítima;311;BR-101/RJ;Norte;Queda de Moto;;;;1;;;;;;;0;;;1;
01/10/2014;07:44:00;39;sem vítima;311;BR-101/RJ;Sul;Colisão Lateral;1;;;;1;;;;;;2;;;;
01/10/2014;23:21:00;158;com vítima;311,299;BR-101/RJ;Norte;Capotamento;1;;1;;;;;;;;1;;;1;
02/10/2014;08:12:00;30;sem vítima;311;BR-101/RJ;Sul;Colisão Traseira;2;;;;;;;;;;3;;;;
12/11/2014;17:41:00;142;sem vítima;311,667;BR-101/RJ;Norte;Colisão Traseira;1;;;;1;;;;;;2;;;;
12/12/2014;22:41:00;183;sem vítima;311;BR-101/RJ;Norte;Colisão Traseira;2;;;;;;;;;;4;;;;
06/01/2015;17:33:00;111;sem vítima;311;BR-101/RJ;Norte;Engavetamento;5;;;;;;;;;;9;;;;
29/01/2015;05:16:00;13;com vítima;311;BR-101/RJ;Sul;Colisão Traseira;1;;;1;;;;;;;1;2;;;
05/02/2015;19:29:00;123;com vítima;311;BR-101/RJ;Norte;Atropelamento - Andarilho;;;;;1;;;;;;1;0;1;0;0
15/02/2015;19:04:00;147;com vítima;311;BR-101/RJ;Norte;Colisão Traseira;2;;;;;;;;;;1;0;2;0;0
21/02/2015;09:22:00;53;sem vítima;311;BR-101/RJ;Norte;Engavetamento;3;;;;1;;;;;;7;0;0;0;0
12/03/2015;17:42:00;142;sem vítima;311;BR-101/RJ;Norte;Colisão Traseira;1;;;;1;;;;;;3;0;0;0;0
02/04/2015;20:48:00;219;sem vítima;311;BR-101/RJ;Norte;Colisão Lateral;2;;;;;;;;;;4;;;;
05/04/2015;19:11:00;174;com vítima;311;BR-101/RJ;Sul;Colisão Lateral;1;;;1;;;;;;;1;1;1;;
13/04/2015;15:41:00;136;sem vítima;311;BR-101/RJ;Sul;Choque - Defensa, barreira ou "submarino";1;;;;;;;;;;1;;;;
15/04/2015;11:39:00;106;sem vítima;311;BR-101/RJ;Norte;Colisão Lateral;1;;1;;;;;;;;3;;;;
15/04/2015;18:16:00;162;com vítima;311,39;BR-101/RJ;Norte;Engavetamento;1;;;;2;;;;;;5;12;;;
25/05/2015;19:56:00;204;com vítima;311;BR-101/RJ;Sul;Colisão Traseira;1;;;1;;;;;;;3;;;1;
13/06/2015;13:39:00;135;com vítima;311;BR-101/RJ;Norte;Colisão Traseira;1;;;1;;;;;;;2;1;;;
14/06/2015;18:02:00;133;com vítima;311;BR-101/RJ;Sul;Colisão Lateral;;;;1;;1;;;;;1;1;;;
18/06/2015;18:36:00;166;sem vítima;311;BR-101/RJ;Norte;Engavetamento;3;;;;;;;;;;3;;;;
25/07/2015;18:30:00;175;com vítima;311,715;BR-101/RJ;Norte;Colisão Lateral;;;;1;;1;;;;;1;1;;;
06/08/2015;08:15:00;49;sem vítima;311,441;BR-101/RJ;Sul;Colisão Transversal;1;;;;1;;;;;;2;;;;
15/08/2015;21:56:00;185;sem vítima;311,9;BR-101/RJ;Norte;Engavetamento;3;;;;;;;;;;7;;;;
20/08/2015;17:57:00;159;com vítima;311;BR-101/RJ;Norte;Queda de Moto;;;;1;;1;;;;;1;1;1;;
05/09/2015;06:38:00;40;com vítima;311;BR-101/RJ;Sul;Colisão Lateral;1;;;;1;;;;;;1;1;;;
18/09/2015;16:14:00;221;com vítima;311;BR-101/RJ;Norte;Colisão Traseira;1;;;1;;;;;;;1;1;;;
21/09/2015;16:01:00;142;sem vítima;311;BR-101/RJ;Norte;Choque - Defensa, barreira ou "submarino";1;;;;;;;;;;1;;;;
25/09/2015;09:29:00;91;sem vítima;311;BR-101/RJ;Norte;Colisão Traseira;1;;;;;;;;;1;2;;;;
02/10/2015;20:04:00;213;com vítima;311,976;BR-101/RJ;Sul;Choque - Defensa, barreira ou "submarino";1;;;;;1;;;;;3;1;;;
28/10/2015;13:00:00;106;com vítima;311,105;BR-101/RJ;Sul;Choque - Suporte de Sinalização;;;;;;;;;;1;0;1;;;
03/11/2015;20:27:00;198;com vítima;311;BR-101/RJ;Sul;Colisão Traseira;2;;;;1;1;;;;;7;1;;;
12/11/2015;22:54:00;215;com vítima;311,445;BR-101/RJ;Norte;Colisão Lateral;2;;;;;;;;;;3;1;;;
18/11/2015;06:35:00;31;sem vítima;311;BR-101/RJ;Norte;Colisão Lateral;1;;;;;1;;;;;2;;;;
02/12/2015;18:04:00;179;sem vítima;311;BR-101/RJ;Norte;Colisão Traseira;2;;;;;;;;;;3;;;;
10/01/2010;05:48:00;23;com vítima;312;BR-101/RJ;Norte;Saida de Pista;1;;;;;;;;;;0;1;;;
05/02/2010;07:34:00;48;sem vítima;312;BR-101/RJ;Sul;Saida de Pista;1;;;;;;;;;;1;;;;
10/02/2010;01:57:00;17;sem vítima;312;BR-101/RJ;Norte;Saida de Pista;1;;;;;;;;;;1;;;;
25/02/2010;14:35:00;105;sem vítima;312;BR-101/RJ;Sul;Saida de Pista;1;;;;;;;;;;5;;;;
27/02/2010;23:06:00;181;com vítima;312;BR-101/RJ;Sul;Saida de Pista;;;;;1;;;;;;3;1;1;;
01/03/2010;08:29:00;63;sem vítima;312;BR-101/RJ;Norte;Choque - Poste;1;;;;;;;;;;1;;;;
01/03/2010;10:53:00;83;sem vítima;312;BR-101/RJ;Norte;Colisão Traseira;1;;;;;1;;;;;2;;;;
05/03/2010;18:46:00;157;sem vítima;312;BR-101/RJ;Sul;Saida de Pista;1;;;;;;;;;;3;;;;
11/03/2010;19:38:00;147;sem vítima;312;BR-101/RJ;Norte;Colisão Traseira;1;;;;;1;;;;;3;;;;
14/03/2010;22:32:00;225;sem vítima;312;BR-101/RJ;Sul;Colisão Traseira;2;;;;;;;;;;2;;;;
15/03/2010;11:30:00;91;sem vítima;312;BR-101/RJ;Norte;Saida de Pista;1;;;;;;;;;;1;;;;
15/03/2010;23:33:00;223;sem vítima;312;BR-101/RJ;Norte;Colisão Lateral;1;;1;;;;;;;;3;;;;
20/03/2010;03:47:00;16;com vítima;312;BR-101/RJ;Sul;Colisão Traseira;2;;1;;;;;;;;3;1;2;;
20/03/2010;07:27:00;42;sem vítima;312;BR-101/RJ;Sul;Colisão Traseira;2;;;;;;;;;;2;;;;
26/03/2010;05:48:00;31;sem vítima;312;BR-101/RJ;Sul;Capotamento;1;;;;;;;;;;1;;;;
04/04/2010;11:04:00;58;com vítima;312;BR-101/RJ;Sul;Saida de Pista;1;;;;;;;;;;0;1;1;;
05/04/2010;06:21:00;35;sem vítima;312;BR-101/RJ;Sul;Colisão Traseira;2;;;;;;;;;;5;;;;
14/04/2010;06:32:00;37;sem vítima;312;BR-101/RJ;Sul;Saida de Pista;1;;;;;;;;;;1;;;;
26/04/2010;07:09:00;38;com vítima;312;BR-101/RJ;Sul;Queda de Moto;;;;1;;;;;;;0;2;;;
08/05/2010;06:03:00;40;com vítima;312;BR-101/RJ;Norte;Capotamento;1;;;;;;;;;;0;;;;1
08/05/2010;06:12:00;42;sem vítima;312;BR-101/RJ;Norte;Colisão Traseira;2;;;;;;;;;;2;;;;
15/05/2010;21:44:00;175;sem vítima;312;BR-101/RJ;Sul;Capotamento;1;;;;;;;;;;3;;;;
19/05/2010;06:23:00;17;sem vítima;312,5;BR-101/RJ;Sul;Colisão Traseira;1;;;;1;;;;;;2;;;;
24/05/2010;06:01:00;36;sem vítima;312;BR-101/RJ;Sul;Engavetamento;5;;;;;;;;;;12;;;;
31/05/2010;19:31:00;163;sem vítima;312;BR-101/RJ;Sul;Saida de Pista;1;;;;;;;;;;1;;;;
01/06/2010;11:44:00;80;sem vítima;312;BR-101/RJ;Norte;Colisão Traseira;1;;;;;1;;;;;2;;;;
07/06/2010;06:12:00;33;sem vítima;312;BR-101/RJ;Sul;Colisão Traseira;2;;;;;;;;;;3;;;;
07/06/2010;23:51:00;189;sem vítima;312;BR-101/RJ;Norte;Colisão Lateral;2;;;;;;;;;;2;;;;
09/06/2010;09:52:00;64;com vítima;312;BR-101/RJ;Sul;Saida de Pista;1;;;;;;;;;;1;;1;;
18/06/2010;10:27:00;75;sem vítima;312;BR-101/RJ;Norte;Saida de Pista;1;;;;;;;;;;1;;;;
10/07/2010;18:33:00;148;sem vítima;312;BR-101/RJ;Sul;Saida de Pista;1;;;;;;;;;;2;;;;
10/07/2010;19:19:00;157;sem vítima;312;BR-101/RJ;Norte;Saida de Pista;1;;;;;;;;;;4;;;;
14/07/2010;11:02:00;61;com vítima;312;BR-101/RJ;Sul;Atropelamento - Morador;1;;;;;;;;;;3;;;;1
15/07/2010;08:30:00;45;sem vítima;312;BR-101/RJ;Norte;Choque - Defensa, barreira ou "submarino";;;;;1;;;;;;1;;;;
26/07/2010;08:42:00;56;sem vítima;312,5;BR-101/RJ;Sul;Colisão Traseira;;;1;;;;;;;1;3;;;;
29/07/2010;00:54:00;5;sem vítima;312;BR-101/RJ;Norte;Colisão Traseira;2;;;;;;;;;;2;;;;
30/07/2010;18:27:00;182;com vítima;312;BR-101/RJ;Norte;Colisão Traseira;1;;;1;;;;;;;1;;;1;
13/08/2010;11:17:00;79;com vítima;312;BR-101/RJ;Sul;Colisão Traseira;1;;;;;;;;;1;4;1;;;
16/08/2010;06:39:00;17;sem vítima;312;BR-101/RJ;Sul;Colisão Traseira;2;;;;;;;;;;2;;;;
16/08/2010;09:43:00;56;sem vítima;312;BR-101/RJ;Sul;Saida de Pista;1;;;;;;;;;;4;;;;
27/09/2010;06:21:00;21;sem vítima;312;BR-101/RJ;Sul;Engavetamento;3;;;;;;;;;;6;;;;
20/10/2010;22:02:00;171;com vítima;312;BR-101/RJ;Sul;Queda de Moto;;;;1;;;;;;;0;1;;;
01/11/2010;02:57:00;17;sem vítima;312;BR-101/RJ;Norte;Saida de Pista;1;;;;;;;;;;2;;;;
02/11/2010;04:07:00;16;sem vítima;312;BR-101/RJ;Norte;Capotamento;1;;;;;;;;;;2;;;;
03/11/2010;06:16:00;26;com vítima;312;BR-101/RJ;Sul;Colisão Transversal;2;;;1;;;;;;;6;;1;;
05/11/2010;20:50:00;185;com vítima;312;BR-101/RJ;Norte;Colisão Traseira;1;;;1;;;;;;;1;;1;;
20/11/2010;21:28:00;202;sem vítima;312;BR-101/RJ;Sul;Saida de Pista;1;;;;;;;;;;1;;;;
23/11/2010;22:11:00;202;com vítima;312;BR-101/RJ;Sul;Atropelamento - Ciclista;;1;;;;1;;;;;1;;1;;
26/11/2010;06:39:00;34;com vítima;312;BR-101/RJ;Sul;Atropelamento - Morador;;;;1;;;;;;;0;1;1;;
26/11/2010;20:28:00;167;sem vítima;312;BR-101/RJ;Norte;Saida de Pista;1;;;;;;;;;;1;;;;
29/11/2010;00:01:00;1;com vítima;312;BR-101/RJ;Norte;Colisão Lateral;1;;;1;;;;;;;1;1;1;;
01/12/2010;20:35:00;195;com vítima;312;BR-101/RJ;Norte;Engavetamento;7;;;;1;;;;;1;11;1;4;;1
07/12/2010;13:12:00;112;sem vítima;312;BR-101/RJ;Norte;Colisão Traseira;;;;1;1;;;;;;2;;;;
14/12/2010;16:41:00;143;sem vítima;312;BR-101/RJ;Norte;Saida de Pista;;;;;1;;;;;;28;;;;
18/12/2010;02:01:00;16;sem vítima;312;BR-101/RJ;Sul;Capotamento;1;;;;;;;;;;1;;;;
23/12/2010;12:22:00;126;sem vítima;312;BR-101/RJ;Sul;Colisão Traseira;1;;;;;1;;;;;3;;;;
24/12/2010;22:10:00;203;sem vítima;312;BR-101/RJ;Sul;Saida de Pista;1;;;;;;;;;;2;;;;
04/01/2011;13:49:00;136;com vítima;312;BR-101/RJ;Sul;Colisão Traseira;2;;;;;;;;;;3;2;1;;
10/01/2011;18:22:00;188;sem vítima;312;BR-101/RJ;Norte;Colisão Traseira;;;1;;1;;;;;;4;;;;
28/01/2011;21:59:00;280;sem vítima;312;BR-101/RJ;Norte;Colisão Traseira;2;;;;;;;;;;6;;;;
29/01/2011;08:34:00;44;sem vítima;312;BR-101/RJ;Sul;Colisão Traseira;1;;;;1;;;;;;5;;;;
07/02/2011;09:15:00;70;sem vítima;312;BR-101/RJ;Sul;Colisão Lateral;1;;;1;;;;;;;2;;;;