data;horario;n_da_ocorrencia;tipo_de_ocorrencia;km;trecho;sentido;tipo_de_acidente;automovel;bicicleta;caminhao;moto;onibus;outros;tracao_animal;transporte_de_cargas_especiais;trator_maquinas;utilitarios;ilesos;levemente_feridos;moderadamente_feridos;gravemente_feridos;mortos
28/02/2011;08:50:00;60;com vítima;312;BR-101/RJ;Sul;Colisão Lateral;1;;;;;1;;;;;1;1;;;
26/03/2011;20:39:00;178;sem vítima;44;BR-101/RJ;Norte;Choque - Veiculo parado no acostamento;;;2;;;;;;;;2;;;;
26/03/2011;22:46:00;193;com vítima;57,5;BR-101/RJ;Sul;Atropelamento - Morador;;;;1;;;;;;;1;;;;1
07/05/2011;01:18:00;4;sem vítima;312;BR-101/RJ;Sul;Saida de Pista;1;;;;;;;;;;3;;;;
08/05/2011;04:56:00;25;sem vítima;312;BR-101/RJ;Sul;Saida de Pista;1;;;;;;;;;;1;;;;
09/05/2011;16:46:00;132;com vítima;312;BR-101/RJ;Norte;Colisão Lateral;1;;1;;;;;;;;1;1;1;;
09/05/2011;16:53:00;138;sem vítima;312;BR-101/RJ;Norte;Saida de Pista;1;;;;;;;;;;2;;;;
15/05/2011;11:17:00;79;com vítima;312;BR-101/RJ;Norte;Atropelamento - Ciclista;1;1;;;;;;;;;1;1;;;
21/05/2011;19:09:00;161;sem vítima;312;BR-101/RJ;Sul;Choque - Outros;3;;;;;;;;;;4;;;;
30/05/2011;23:00:00;155;sem vítima;312;BR-101/RJ;Sul;Saida de Pista;1;;;;;;;;;;1;;;;
31/05/2011;05:16:00;10;sem vítima;312;BR-101/RJ;Norte;Saida de Pista;1;;;;;;;;;;4;;;;
03/06/2011;21:38:00;210;sem vítima;312;BR-101/RJ;Norte;Colisão Traseira;2;;;;;;;;;;5;;;;
07/06/2011;17:48:00;146;sem vítima;312;BR-101/RJ;Norte;Engavetamento;5;;;;;;;;;;11;;;;
09/06/2011;16:29:00;135;com vítima;312;BR-101/RJ;Sul;Atropelamento - Ciclista;2;1;;;;;;;;;4;;1;;
15/06/2011;02:57:00;15;sem vítima;312;BR-101/RJ;Sul;Choque - Outros;1;;;;;;;;;;3;;;;
18/06/2011;10:03:00;59;sem vítima;312;BR-101/RJ;Norte;Colisão Traseira;1;;;;;;;;;1;3;;;;
29/06/2011;18:00:00;141;sem vítima;312;BR-101/RJ;Norte;Colisão Traseira;2;;;;;;;;;;5;;;;
07/08/2011;11:33:00;76;com vítima;312,44500732421875;BR-101/RJ;Sul;Saida de Pista;1;;;;;;;;;;0;;2;;
13/08/2011;23:02:00;214;com vítima;312;BR-101/RJ;Norte;Atropelamento - Andarilho;;;;;;1;;;;;1;;1;;
25/08/2011;11:11:00;77;com vítima;312;BR-101/RJ;Norte;Colisão Lateral;1;;;1;;;;;;;2;1;;;
25/08/2011;11:40:00;84;sem vítima;312;BR-101/RJ;Norte;Colisão Traseira;1;;;1;;;;;;;2;;;;
19/09/2011;07:08:00;29;sem vítima;312,5;BR-101/RJ;Sul;Colisão Traseira;3;;;;;;;;;;5;;;;
06/10/2011;15:08:00;135;sem vítima;312;BR-101/RJ;Sul;Colisão Traseira;2;;;;;;;;;;2;;;;
06/10/2011;14:19:00;124;sem vítima;312,29998779296875;BR-101/RJ;Norte;Engavetamento;3;;;;;;;;;;10;;;;
11/10/2011;06:38:00;24;sem vítima;312,5;BR-101/RJ;Sul;Engavetamento;4;;;;;1;;;;;5;;;;
26/10/2011;15:44:00;100;sem vítima;312,3999938964844;BR-101/RJ;Norte;Colisão Traseira;2;;;;;;;;;;3;;;;
31/10/2011;08:25:00;52;sem vítima;312;BR-101/RJ;Sul;Saida de Pista;1;;;;;;;;;;1;;;;
05/11/2011;17:53:00;140;sem vítima;312;BR-101/RJ;Norte;Colisão Lateral;2;;;;;;;;;;7;;;;
05/11/2011;19:12:00;158;sem vítima;312;BR-101/RJ;Norte;Saida de Pista;1;;;;;;;;;;1;;;;
12/11/2011;12:48:00;120;com vítima;312;BR-101/RJ;Sul;Outros - Sequência;1;;1;;;;;;;;3;1;;;
27/11/2011;17:20:00;122;sem vítima;312;BR-101/RJ;Sul;Colisão Traseira;2;;;;;;;;;;4;;;;
04/12/2011;05:36:00;18;sem vítima;312,79998779296875;BR-101/RJ;Sul;Saida de Pista;1;;;;;;;;;;2;;;;
06/12/2011;19:34:00;193;com vítima;312;BR-101/RJ;Norte;Queda de Moto;;;;1;;1;;;;;1;;1;;
07/12/2011;16:25:00;137;sem vítima;312;BR-101/RJ;Sul;Colisão Traseira;1;;;;;;;;;;1;;;;
16/12/2011;18:08:00;190;com vítima;312;BR-101/RJ;Sul;Saida de Pista;;;;;;;;;;1;0;;1;;
17/12/2011;15:48:00;127;com vítima;312;BR-101/RJ;Norte;Colisão Traseira;1;;;1;;;;;;;1;1;;;
28/12/2011;16:17:00;155;com vítima;312;BR-101/RJ;Norte;Colisão Lateral;1;;;1;;;;;;;2;;1;;
31/12/2011;14:30:00;100;com vítima;312;BR-101/RJ;Norte;Queda de Moto;;;;1;;;;;;;0;;1;1;
02/01/2012;09:29:00;60;sem vítima;312;BR-101/RJ;Norte;Colisão Traseira;2;;1;;;;;;;;6;;;;
17/01/2012;17:24:00;160;sem vítima;312;BR-101/RJ;Norte;Saida de Pista;1;;;;;;;;;;1;;;;
21/01/2012;15:28:00;110;com vítima;312;BR-101/RJ;Norte;Queda de Moto;;;;1;;;;;;;0;2;;;
23/01/2012;14:25:00;127;com vítima;312,5;BR-101/RJ;Norte;Queda de Moto;;;;1;;;;;;;0;;2;;
03/02/2012;13:47:00;112;sem vítima;312;BR-101/RJ;Norte;Capotamento;1;;;;;;;;;1;3;;;;
15/02/2012;12:28:00;94;com vítima;312;BR-101/RJ;Sul;Saida de Pista;1;;;;;;;;;;0;;1;;
21/02/2012;20:53:00;170;sem vítima;312;BR-101/RJ;Sul;Colisão Traseira;2;;;;;;;;;;3;;;;
26/02/2012;18:21:00;155;sem vítima;312;BR-101/RJ;Norte;Colisão Traseira;1;;;;1;;;;;;2;;;;
02/03/2012;22:24:00;208;com vítima;312;BR-101/RJ;Norte;Colisão Lateral;;;;1;;1;;;;;1;;1;;
11/03/2012;21:53:00;185;sem vítima;312;BR-101/RJ;Sul;Colisão Traseira;2;;;;;;;;;;4;;;;
12/03/2012;06:40:00;28;com vítima;312,5;BR-101/RJ;Sul;Colisão Traseira;2;;;;;;;;;;3;1;;;
15/03/2012;22:45:00;188;com vítima;312;BR-101/RJ;Norte;Queda de Moto;;;;1;;;;;;;0;1;1;;
20/03/2012;18:51:00;123;sem vítima;312;BR-101/RJ;Norte;Saida de Pista;1;;;;;;;;;;1;;;;
23/03/2012;05:58:00;14;com vítima;312,2;BR-101/RJ;Norte;Tombamento;;;1;;;;;;;;0;;2;;
23/03/2012;06:07:00;15;com vítima;312,5;BR-101/RJ;Norte;Outros - Sequência;3;;;2;;;;;;;3;;1;;1
29/03/2012;21:06:00;163;sem vítima;312;BR-101/RJ;Norte;Saida de Pista;1;;;;;;;;;;1;;;;
31/03/2012;22:45:00;167;sem vítima;312;BR-101/RJ;Norte;Capotamento;1;;;;;;;;;;4;;;;
31/03/2012;23:05:00;170;sem vítima;312;BR-101/RJ;Norte;Engavetamento;2;;;;;;;;;;2;;;;
02/04/2012;11:10:00;101;sem vítima;312;BR-101/RJ;Sul;Colisão Traseira;2;;;;;;;;;;3;;;;
04/04/2012;23:25:00;208;com vítima;312;BR-101/RJ;Sul;Atropelamento - Funcionário;;;1;;;;;;;;1;;;;1
12/04/2012;21:21:00;192;com vítima;312,9;BR-101/RJ;Sul;Colisão Lateral;2;;1;;;;;;;;3;1;1;;
02/05/2012;06:57:00;26;sem vítima;312,5;BR-101/RJ;Sul;Colisão Traseira;3;;;;;;;;;;5;;;;
05/05/2012;15:01:00;107;com vítima;312;BR-101/RJ;Sul;Colisão Lateral;;;;1;;1;;;;;1;;1;;
14/05/2012;08:12:00;49;sem vítima;312;BR-101/RJ;Sul;Saida de Pista;1;;;;;;;;;;1;;;;
19/05/2012;17:53:00;133;com vítima;312,5;BR-101/RJ;Norte;Capotamento;1;;;;;;;;;;0;1;;;
02/06/2012;05:14:00;36;sem vítima;312;BR-101/RJ;Sul;Saida de Pista;1;;;;;;;;;;1;;;;
05/06/2012;07:45:00;30;sem vítima;312;BR-101/RJ;Norte;Saida de Pista;1;;;;;;;;;;4;;;;
06/06/2012;06:06:00;26;sem vítima;312;BR-101/RJ;Sul;Colisão Traseira;2;;;;;;;;;;6;;;;
06/06/2012;21:15:00;193;sem vítima;312;BR-101/RJ;Norte;Colisão Traseira;1;;;;;1;;;;;3;;;;
08/06/2012;21:08:00;186;com vítima;312,8;BR-101/RJ;Sul;Colisão Traseira;2;;;;;;;;;;2;1;;;
12/06/2012;10:11:00;97;com vítima;312;BR-101/RJ;Norte;Objeto lançado contra veículo;1;;;;;;;;;;0;1;;;
12/06/2012;18:24:00;188;com vítima;312;BR-101/RJ;Norte;Engavetamento;5;;;;;;;;;;11;;1;;
19/06/2012;17:27:00;183;sem vítima;312;BR-101/RJ;Norte;Engavetamento;4;;;;;;;;;;8;;;;
24/06/2012;13:26:00;88;sem vítima;312;BR-101/RJ;Sul;Saida de Pista;1;;;;;;;;;;1;;;;
30/06/2012;08:26:00;54;sem vítima;312;BR-101/RJ;Sul;Engavetamento;3;;;;;;;;;;5;;;;
30/06/2012;12:24:00;95;sem vítima;312;BR-101/RJ;Norte;Colisão Traseira;1;;;;;;;;;1;2;;;;
07/07/2012;13:16:00;104;com vítima;312;BR-101/RJ;Sul;Queda de Moto;;;;1;;;;;;;0;;1;;
08/07/2012;16:29:00;102;sem vítima;312;BR-101/RJ;Norte;Queda de Moto;;;;1;;;;;;;2;;;;
11/07/2012;19:26:00;152;sem vítima;312;BR-101/RJ;Norte;Colisão Traseira;1;;;;;1;;;;;2;;;;
13/07/2012;14:25:00;116;sem vítima;312,496;BR-101/RJ;Norte;Colisão Traseira;2;;;;;1;;;;;4;;;;
15/07/2012;02:43:00;11;com vítima;312,6;BR-101/RJ;Norte;Queda de Moto;;;;1;;;;;;;0;;1;;
20/07/2012;09:24:00;63;sem vítima;312;BR-101/RJ;Sul;Saida de Pista;1;;;;;;;;;;2;;;;
22/07/2012;15:21:00;110;sem vítima;312,362;BR-101/RJ;Norte;Engavetamento;4;;;;;;;;;;11;;;;
10/08/2012;11:16:00;83;sem vítima;312;BR-101/RJ;Norte;Colisão Traseira;3;;;;;;;;;;6;;;;
13/08/2012;07:41:00;45;com vítima;312;BR-101/RJ;Norte;Colisão Lateral;2;;;;;;;;;;1;1;;;
13/08/2012;14:37:00;132;sem vítima;312;BR-101/RJ;Norte;Colisão Traseira;2;;;;;;;;;;3;;;;
27/08/2012;06:18:00;26;sem vítima;312;BR-101/RJ;Sul;Engavetamento;2;;;;;;;;;1;5;;;;
01/09/2012;03:53:00;22;sem vítima;312;BR-101/RJ;Norte;Colisão Traseira;2;;;;;;;;;;4;;;;
01/09/2012;04:00:00;23;sem vítima;312;BR-101/RJ;Norte;Engavetamento;3;;;;;;;;;;6;;;;
05/09/2012;10:02:00;89;sem vítima;312;BR-101/RJ;Sul;Colisão Traseira;2;;1;;;;;;;;6;;;;
13/09/2012;01:48:00;7;sem vítima;312;BR-101/RJ;Norte;Colisão Lateral;2;;;;;;;;;;2;;;;
18/09/2012;21:15:00;194;com vítima;312,732;BR-101/RJ;Norte;Choque - Defensa, barreira ou "submarino";1;;;;;;;;;;0;1;1;;
26/09/2012;01:06:00;8;com vítima;312,077;BR-101/RJ;Sul;Saida de Pista;;;1;;;;;;;;0;;1;;
27/09/2012;15:47:00;146;sem vítima;312,838;BR-101/RJ;Norte;Colisão Traseira;3;;;;;1;;;;;4;;;;
27/09/2012;15:47:00;149;sem vítima;312,838;BR-101/RJ;Sul;Colisão Traseira;1;;1;;;;;;;;5;;;;
29/09/2012;01:43:00;11;com vítima;312,2;BR-101/RJ;Norte;Choque - Outros;1;;;;;;;;;;0;;1;;
04/10/2012;10:05:00;79;sem vítima;312;BR-101/RJ;Norte;Colisão Traseira;2;;;;;;;;;;2;;;;
08/10/2012;00:31:00;5;sem vítima;312;BR-101/RJ;Norte;Colisão Traseira;2;;;;;;;;;;3;;;;
12/10/2012;00:35:00;7;sem vítima;312,635;BR-101/RJ;Norte;Colisão Lateral;2;;;;;;;;;;6;;;;
16/10/2012;17:41:00;181;sem vítima;312,7;BR-101/RJ;Sul;Colisão Traseira;2;;;;;;;;;;4;;;;
27/10/2012;07:37:00;51;sem vítima;312;BR-101/RJ;Norte;Colisão Traseira;2;;;;;;;;;;4;;;;
13/11/2012;11:34:00;79;sem vítima;312;BR-101/RJ;Sul;Colisão Traseira;2;;;;;;;;;;3;;;;
21/11/2012;17:37:00;149;sem vítima;312;BR-101/RJ;Norte;Colisão Lateral;2;;;;;;;;;;2;;;;
21/11/2012;18:04:00;155;sem vítima;312,98;BR-101/RJ;Norte;Saida de Pista;1;;;;;;;;;;2;;;;
27/11/2012;18:14:00;132;com vítima;312;BR-101/RJ;Norte;Colisão Traseira;2;;;1;;;;;;;2;1;;;
28/11/2012;10:14:00;73;com vítima;312,88;BR-101/RJ;Norte;Engavetamento;;;;;3;;;;;;4;;1;;
08/12/2012;00:04:00;2;sem vítima;312,5;BR-101/RJ;Norte;Colisão Traseira;;;1;;1;;;;;;3;;;;
10/12/2012;10:17:00;97;sem vítima;312;BR-101/RJ;Norte;Choque - Defensa, barreira ou "submarino";1;;;;;;;;;;1;;;;
19/12/2012;10:12:00;64;sem vítima;312;BR-101/RJ;Norte;Saida de Pista;1;;;;;;;;;;1;;;;
24/12/2012;20:49:00;165;sem vítima;312;BR-101/RJ;Norte;Colisão Lateral;1;;;;1;;;;;;4;;;;
25/12/2012;01:15:00;4;com vítima;312,3;BR-101/RJ;Norte;Queda de Moto;;;;1;;;;;;;0;3;1;;
28/12/2012;17:21:00;186;sem vítima;312;BR-101/RJ;Norte;Colisão Traseira;2;;;;;;;;;;2;;;;
29/12/2012;13:33:00;136;com vítima;312,5;BR-101/RJ;Norte;Colisão Transversal;1;;;1;;;;;;;2;2;;;
02/01/2013;12:39:00;114;sem vítima;312,375;BR-101/RJ;Sul;Colisão Traseira;1;;;;;1;;;;;2;;;;
10/01/2013;11:27:00;98;sem vítima;312;BR-101/RJ;Norte;Colisão Traseira;2;;;;;;;;;;4;;;;
20/01/2013;16:36:00;133;sem vítima;312;BR-101/RJ;Sul;Engavetamento;4;;;;;;;;;;9;;;;
28/01/2013;07:00:00;32;sem vítima;312;BR-101/RJ;Sul;Colisão Traseira;1;;;;1;;;;;;2;;;;
04/02/2013;10:45:00;86;sem vítima;312;BR-101/RJ;Sul;Colisão Traseira;2;;;;;;;;;;8;;;;
06/02/2013;10:35:00;95;com vítima;312,7;BR-101/RJ;Sul;Choque - Defensa, barreira ou "submarino";1;;;;;;;;;;0;2;;;
16/02/2013;20:16:00;235;com vítima;312;BR-101/RJ;Sul;Colisão Traseira;1;;;1;;;;;;;1;;1;;
20/02/2013;07:20:00;43;sem vítima;312,6;BR-101/RJ;Norte;Saida de Pista;1;;;;;;;;;;2;;;;
23/02/2013;14:32:00;131;sem vítima;312;BR-101/RJ;Norte;Engavetamento;3;;;;;;;;;;4;;;;
23/02/2013;16:56:00;152;sem vítima;312;BR-101/RJ;Norte;Colisão Traseira;2;;;;;;;;;;2;;;;
23/02/2013;17:25:00;156;sem vítima;312,1;BR-101/RJ;Norte;Saida de Pista;1;;;;;;;;;;1;;;;
06/03/2013;10:11:00;94;com vítima;312;BR-101/RJ;Sul;Saida de Pista;1;;;;;;;;;;0;;1;;
11/03/2013;17:27:00;171;com vítima;312,9;BR-101/RJ;Norte;Queda de Moto;;;;1;;;;;;;0;2;;;
15/03/2013;08:59:00;61;sem vítima;312;BR-101/RJ;Norte;Saida de Pista;1;;;;;;;;;;1;;;;
20/03/2013;14:48:00;119;sem vítima;312;BR-101/RJ;Sul;Saida de Pista;1;;;;;;;;;;1;;;;
29/03/2013;17:30:00;165;com vítima;312,268;BR-101/RJ;Norte;Capotamento;1;;;;;;;;;;0;2;1;;
29/03/2013;18:08:00;167;com vítima;312,4;BR-101/RJ;Norte;Colisão Traseira;2;;;;;;;;;;4;1;;;
10/04/2013;23:32:00;201;com vítima;312;BR-101/RJ;Norte;Colisão Transversal;2;;;;;;;;;;1;1;;;
11/04/2013;15:12:00;111;com vítima;312;BR-101/RJ;Sul;Atropelamento de Animal;;;;1;;;;;;;0;1;;;
14/04/2013;06:00:00;22;sem vítima;312,5;BR-101/RJ;Norte;Saida de Pista;1;;;;;;;;;;2;;;;
24/04/2013;06:31:00;34;sem vítima;312,5;BR-101/RJ;Sul;Colisão Traseira;1;;;1;;;;;;;2;;;;
05/05/2013;16:47:00;92;com vítima;312,761;BR-101/RJ;Norte;Capotamento;1;;;;;;;;;;0;;1;;
12/05/2013;17:49:00;119;com vítima;312;BR-101/RJ;Sul;Colisão Lateral;1;;;1;;;;;;;1;1;;;
14/05/2013;20:26:00;148;com vítima;312,441;BR-101/RJ;Norte;Colisão Lateral;1;;;1;;;;;;;2;1;;;
24/05/2013;06:14:00;21;sem vítima;312;BR-101/RJ;Sul;Saida de Pista;1;;;;;;;;;;2;;;;
03/06/2013;09:12:00;58;sem vítima;312;BR-101/RJ;Sul;Colisão Traseira;3;;;;;;;;;;5;;;;
07/06/2013;06:20:00;22;sem vítima;312;BR-101/RJ;Sul;Colisão Traseira;2;;;;;;;;;;6;;;;
21/06/2013;17:42:00;137;sem vítima;312,459;BR-101/RJ;Norte;Engavetamento;5;;;;;;;;;;8;;;;
23/06/2013;02:58:00;11;sem vítima;312;BR-101/RJ;Sul;Saida de Pista;1;;;;;;;;;;1;;;;
26/06/2013;18:17:00;143;sem vítima;312;BR-101/RJ;Norte;Colisão Lateral;1;;1;;;;;;;;3;;;;
28/06/2013;16:55:00;123;sem vítima;312;BR-101/RJ;Norte;Colisão Lateral;2;;;1;;;;;;;5;;;;
28/06/2013;22:38:00;168;com vítima;312,391;BR-101/RJ;Sul;Saida de Pista;1;;;;;;;;;;0;2;;;
05/07/2013;12:00:00;88;sem vítima;312;BR-101/RJ;Sul;Colisão Lateral;1;;;1;;;;;;;2;;;;
07/07/2013;11:12:00;65;com vítima;312,9;BR-101/RJ;Norte;Capotamento;1;;;;;;;;;;0;1;;;
19/07/2013;18:51:00;181;com vítima;312,655;BR-101/RJ;Norte;Colisão Traseira;1;;;1;;;;;;;1;;1;;
27/07/2013;23:47:00;170;sem vítima;312,68;BR-101/RJ;Norte;Colisão Traseira;2;;;;;;;;;;6;;;;
29/07/2013;14:37:00;104;sem vítima;312;BR-101/RJ;Sul;Colisão Traseira;2;;;;;;;;;;2;;;;
04/08/2013;11:24:00;79;sem vítima;312;BR-101/RJ;Norte;Colisão Traseira;2;;;;;;;;;;5;;;;
13/08/2013;15:08:00;105;sem vítima;312;BR-101/RJ;Norte;Colisão Traseira;1;;;;;1;;;;;4;;;;
15/08/2013;06:26:00;25;sem vítima;312,5;BR-101/RJ;Norte;Saida de Pista;1;;;;;;;;;;1;;;;
16/08/2013;20:45:00;186;sem vítima;312,8;BR-101/RJ;Norte;Saida de Pista;1;;;;;;;;;;1;;;;
22/08/2013;08:22:00;51;sem vítima;312;BR-101/RJ;Sul;Colisão Traseira;2;;;;;;;;;;4;;;;
22/08/2013;11:16:00;84;com vítima;312;BR-101/RJ;Norte;Queda de Moto;1;;;1;;;;;;;1;1;;;
22/08/2013;08:55:00;58;com vítima;312,4;BR-101/RJ;Sul;Colisão Traseira;2;;;1;;;;;;;4;1;;;
24/08/2013;12:16:00;111;sem vítima;312;BR-101/RJ;Sul;Saida de Pista;1;;;;;;;;;;1;;;;
31/08/2013;15:44:00;112;sem vítima;312;BR-101/RJ;Sul;Colisão Traseira;1;;;;1;;;;;;2;;;;
02/09/2013;09:05:00;65;com vítima;312;BR-101/RJ;Norte;Queda de Moto;;;;1;;;;;;;0;;1;;
05/09/2013;18:28:00;152;sem vítima;312,2;BR-101/RJ;Norte;Engavetamento;3;;;;1;;;;;;6;;;;
08/09/2013;10:34:00;70;sem vítima;312;BR-101/RJ;Norte;Engavetamento;4;;;;;;;;;;11;;;;
10/09/2013;08:08:00;47;com vítima;312,82;BR-101/RJ;Sul;Queda de Moto;;;;1;;;;;;;1;1;;;
11/09/2013;18:10:00;117;com vítima;312;BR-101/RJ;Sul;Colisão Traseira;1;;;;1;;;;;;1;;1;;
13/09/2013;14:54:00;133;com vítima;312;BR-101/RJ;Norte;Colisão Traseira;1;;;;;;;;;1;2;;1;;
20/09/2013;04:22:00;15;com vítima;312,006;BR-101/RJ;Norte;Colisão Traseira;2;;;;;;;;;;1;;;;1
28/09/2013;16:39:00;148;sem vítima;312,7;BR-101/RJ;Norte;Engavetamento;3;;;;;1;;;;;6;;;;
28/09/2013;16:20:00;142;sem vítima;312,8;BR-101/RJ;Norte;Colisão Traseira;2;;;;;;;;;;2;;;;
28/09/2013;16:08:00;139;sem vítima;312,99;BR-101/RJ;Norte;Engavetamento;2;;;;;1;;;;;4;;;;
05/10/2013;23:41:00;169;com vítima;312;BR-101/RJ;Sul;Queda de Moto;;;;1;;;;;;;0;2;;;
11/10/2013;22:46:00;243;sem vítima;312;BR-101/RJ;Norte;Colisão Traseira;2;;;;;;;;;;2;;;;
11/10/2013;22:52:00;245;sem vítima;312;BR-101/RJ;Norte;Engavetamento;4;;;;;;;;;;6;;;;
18/10/2013;22:19:00;176;sem vítima;312;BR-101/RJ;Norte;Colisão Traseira;2;;;;;;;;;;4;;;;
08/11/2013;22:47:00;213;com vítima;312,396;BR-101/RJ;Norte;Colisão Lateral;1;;;1;;;;;;;3;1;;;
12/11/2013;21:17:00;225;com vítima;312;BR-101/RJ;Norte;Colisão Traseira;1;;;1;;;;;;;2;1;;;
21/11/2013;14:27:00;125;com vítima;312,369;BR-101/RJ;Norte;Queda de Moto;;;;1;;1;;;;;1;1;;;
30/11/2013;00:42:00;8;com vítima;312,575;BR-101/RJ;Sul;Colisão Lateral;1;;;;;1;;;;;3;2;;;
30/11/2013;21:02:00;217;sem vítima;312,799;BR-101/RJ;Norte;Engavetamento;3;;;;;;;;;;3;;;;
05/12/2013;15:24:00;137;com vítima;312;BR-101/RJ;Sul;Colisão Lateral;;;;1;;1;;;;;1;;1;1;
06/12/2013;21:03:00;191;sem vítima;312;BR-101/RJ;Norte;Outros - Sequência;2;;;1;;;;;;;5;;;;
14/12/2013;07:07:00;38;sem vítima;312,8;BR-101/RJ;Norte;Colisão Traseira;2;;;;;;;;;;2;;;;
18/12/2013;00:25:00;2;sem vítima;312;BR-101/RJ;Sul;Saida de Pista;1;;;;;;;;;;1;;;;
26/12/2013;17:18:00;202;sem vítima;312;BR-101/RJ;Norte;Colisão Traseira;2;;;;;;;;;;7;;;;
26/12/2013;22:18:00;269;sem vítima;312;BR-101/RJ;Norte;Colisão Traseira;1;;;1;;;;;;;3;;;;
06/01/2014;15:02:00;110;sem vítima;312,8;BR-101/RJ;Sul;Colisão Traseira;;;2;;;;;;;;3;;;;
07/01/2014;17:40:00;148;sem vítima;312;BR-101/RJ;Norte;Engavetamento;3;;;;;;;;;;4;;;;
10/01/2014;14:55:00;140;com vítima;312;BR-101/RJ;Sul;Colisão Lateral;1;;;1;;;;;;;1;1;;;
14/01/2014;15:23:00;129;sem vítima;312,95;BR-101/RJ;Sul;Engavetamento;3;;;;;;;;;;6;;;;
21/01/2014;09:00:00;78;com vítima;312,233;BR-101/RJ;Sul;Colisão Traseira;1;;;1;;;;;;;3;1;;;
23/01/2014;17:17:00;154;sem vítima;312;BR-101/RJ;Norte;Colisão Traseira;2;;;;;;;;;;2;;;;
03/02/2014;02:59:00;13;sem vítima;312;BR-101/RJ;Sul;Colisão Lateral;1;;1;;;;;;;;2;;;;
17/02/2014;16:47:00;134;sem vítima;312;BR-101/RJ;Norte;Choque - Defensa, barreira ou "submarino";1;;;;;;;;;;2;;;;
31/03/2014;16:48:00;153;com vítima;312;BR-101/RJ;Norte;Queda de Moto;;;;1;;;;;;;0;1;;;
03/04/2014;18:42:00;172;sem vítima;312;BR-101/RJ;Norte;Engavetamento;3;;;;;;;;;;10;;;;
17/04/2014;16:09:00;137;sem vítima;312;BR-101/RJ;Norte;Colisão Traseira;1;;;;1;;;;;;4;;;;
18/05/2014;15:29:00;108;com vítima;312,165;BR-101/RJ;Norte;Atropelamento - Morador;1;;;;;;;;;;4;;;1;
05/06/2014;20:35:00;183;com vítima;312,48;BR-101/RJ;Sul;Queda de Moto;;;;1;;;;;;;0;;1;;
11/06/2014;15:41:00;132;com vítima;312,817;BR-101/RJ;Norte;Colisão Traseira;1;;;1;;;;;;;2;1;;;
12/06/2014;21:25:00;174;sem vítima;312;BR-101/RJ;Sul;Saida de Pista;1;;;;;;;;;;1;;;;
17/06/2014;23:17:00;177;sem vítima;312;BR-101/RJ;Norte;Choque - Defensa, barreira ou "submarino";1;;;;;;;;;;1;;;;
21/06/2014;03:44:00;12;com vítima;312;BR-101/RJ;Norte;Saida de Pista;1;;;;;;;;;;0;2;;;
24/06/2014;21:11:00;173;sem vítima;312,93;BR-101/RJ;Norte;Engavetamento;5;;;;;;;;;;5;;;;
17/07/2014;08:00:00;43;com vítima;312;BR-101/RJ;Sul;Queda de Moto;;;;1;;;;;;;0;;;1;
18/07/2014;11:13:00;93;sem vítima;312,298;BR-101/RJ;Norte;Choque - Defensa, barreira ou "submarino";1;;;;;;;;;;1;;;;
02/08/2014;11:06:00;59;sem vítima;312;BR-101/RJ;Norte;Colisão Traseira;2;;;;;;;;;;2;;;;
05/08/2014;08:29:00;51;com vítima;312,95;BR-101/RJ;Sul;Choque - Arvore;1;;;;;;;;;;0;1;;;
12/08/2014;14:53:00;121;com vítima;312;BR-101/RJ;Norte;Colisão Traseira;;;;1;;1;;;;;1;;1;;
26/08/2014;09:41:00;63;sem vítima;312;BR-101/RJ;Sul;Colisão Traseira;1;;1;;;;;;;;2;;;;
26/08/2014;09:41:00;57;sem vítima;312,8;BR-101/RJ;Sul;Engavetamento;1;;2;;;;;;;;4;;;;
06/09/2014;15:53:00;116;com vítima;312;BR-101/RJ;Norte;Colisão Lateral;2;;;;;;;;;;4;1;;;
07/09/2014;16:29:00;103;sem vítima;312;BR-101/RJ;Sul;Colisão Traseira;2;;;;;;;;;;5;;;;
20/09/2014;11:18:00;85;sem vítima;312;BR-101/RJ;Norte;Colisão Traseira;2;;;;;;;;;;4;;;;
24/09/2014;07:14:00;19;sem vítima;312;BR-101/RJ;Sul;Colisão Traseira;2;;;;;;;;;;2;;;;
01/10/2014;07:12:00;28;sem vítima;312,537;BR-101/RJ;Sul;Colisão Lateral;2;;;;;;;;;;6;;;;
02/10/2014;17:28:00;117;sem vítima;312;BR-101/RJ;Norte;Capotamento;1;;;;;;;;;;2;;;;
16/10/2014;16:58:00;148;com vítima;312;BR-101/RJ;Norte;Queda de Moto;;;;1;;;;;;;0;1;;;
04/11/2014;09:36:00;63;sem vítima;312;BR-101/RJ;Sul;Colisão Traseira;2;;;;;;;;;;4;;;;
12/11/2014;18:04:00;144;com vítima;312,963;BR-101/RJ;Norte;Colisão Traseira;2;;;;;;;;;;4;2;;;
22/11/2014;17:25:00;108;sem vítima;312;BR-101/RJ;Norte;Colisão Traseira;2;;;;;;;;;;4;;;;
25/11/2014;20:11:00;142;com vítima;312;BR-101/RJ;Norte;Colisão Traseira;1;;;;1;;;;;;1;1;;;
28/11/2014;12:18:00;80;com vítima;312;BR-101/RJ;Sul;Colisão Traseira;2;;;;;;;;;;2;1;;;
28/11/2014;21:15:00;170;com vítima;312;BR-101/RJ;Norte;Colisão Lateral;1;;;1;;;;;;;1;1;;;
28/11/2014;02:01:00;6;com vítima;312,343;BR-101/RJ;Norte;Capotamento;1;;;;;;;;;;0;3;;;1
28/11/2014;13:07:00;87;sem vítima;312,909;BR-101/RJ;Norte;Colisão Traseira;2;;;;;;;;;;3;;;;