data;horario;n_da_ocorrencia;tipo_de_ocorrencia;km;trecho;sentido;tipo_de_acidente;automovel;bicicleta;caminhao;moto;onibus;outros;tracao_animal;transporte_de_cargas_especiais;trator_maquinas;utilitarios;ilesos;levemente_feridos;moderadamente_feridos;gravemente_feridos;mortos
11/08/2012;01:53:00;16;sem vítima;313;BR-101/RJ;Sul;Capotamento;1;;;;;;;;;;1;;;;
27/08/2012;04:45:00;20;com vítima;313,1;BR-101/RJ;Sul;Atropelamento - Andarilho;;;;;;;;;;1;1;;;;1
30/08/2012;18:07:00;141;sem vítima;313;BR-101/RJ;Norte;Colisão Lateral;2;;;1;;;;;;;5;;;;
30/08/2012;14:26:00;112;sem vítima;313,476;BR-101/RJ;Norte;Colisão Lateral;1;;;;1;;;;;;3;;;;
07/09/2012;14:39:00;173;sem vítima;313;BR-101/RJ;Norte;Engavetamento;3;;;;;;;;;;6;;;;
08/09/2012;02:19:00;10;com vítima;313,04;BR-101/RJ;Norte;Queda de Moto;;;;1;;;;;;;0;;;1;
15/09/2012;05:58:00;38;com vítima;313,89;BR-101/RJ;Norte;Saida de Pista;1;;;;;;;;;;0;;1;1;
23/09/2012;01:40:00;10;sem vítima;313,431;BR-101/RJ;Sul;Choque - Suporte de Sinalização;1;;;;;;;;;;1;;;;
26/09/2012;05:11:00;28;sem vítima;313;BR-101/RJ;Sul;Saida de Pista;1;;;;;;;;;;1;;;;
26/09/2012;02:39:00;18;sem vítima;313,205;BR-101/RJ;Sul;Saida de Pista;1;;;;;;;;;;1;;;;
06/10/2012;10:53:00;90;sem vítima;313;BR-101/RJ;Norte;Colisão Lateral;1;;;;;;;;;;2;;;;
08/10/2012;21:01:00;186;sem vítima;313;BR-101/RJ;Norte;Queda de Moto;;;;1;;1;;;;;3;;;;
11/10/2012;13:46:00;130;sem vítima;313;BR-101/RJ;Norte;Colisão Transversal;;;2;;;;;;;;2;;;;
12/10/2012;07:02:00;45;sem vítima;313;BR-101/RJ;Norte;Saida de Pista;1;;;;;;;;;;1;;;;
14/10/2012;01:13:00;7;sem vítima;313;BR-101/RJ;Norte;Saida de Pista;1;;;;;;;;;;1;;;;
19/10/2012;13:04:00;101;com vítima;313;BR-101/RJ;Sul;Colisão Lateral;;;;1;;;;;;1;1;;1;;
19/10/2012;15:08:00;118;sem vítima;313;BR-101/RJ;Norte;Colisão Traseira;2;;;;;;;;;;5;;;;
26/10/2012;03:52:00;22;com vítima;313;BR-101/RJ;Norte;Choque - Defensa, barreira ou "submarino";;;;1;;;;;;;0;;1;;
28/10/2012;04:39:00;25;com vítima;313,085;BR-101/RJ;Norte;Queda de Moto;;;;1;;;;;;;0;;1;;
20/11/2012;04:57:00;24;sem vítima;313,981;BR-101/RJ;Norte;Capotamento;1;;;;;;;;;;2;;;;
21/11/2012;19:41:00;179;sem vítima;313,253;BR-101/RJ;Norte;Colisão Traseira;2;;;;;;;;;;3;;;;
21/11/2012;18:54:00;166;sem vítima;313,374;BR-101/RJ;Norte;Colisão Traseira;2;;;;;;;;;;4;;;;
25/11/2012;15:01:00;86;sem vítima;313;BR-101/RJ;Norte;Colisão Traseira;1;;;;;;;;;;1;;;;
25/11/2012;15:09:00;90;sem vítima;313;BR-101/RJ;Sul;Queda de Moto;;;;1;;;;;;;1;;;;
26/11/2012;12:14:00;102;sem vítima;313;BR-101/RJ;Norte;Colisão Traseira;;;;;1;1;;;;;2;;;;
30/11/2012;09:01:00;70;com vítima;313;BR-101/RJ;Sul;Colisão Lateral;2;;;;;;;;;;3;1;;;
08/12/2012;23:27:00;260;sem vítima;313;BR-101/RJ;Norte;Colisão Traseira;2;;;;;;;;;;7;;;;
10/12/2012;01:27:00;11;sem vítima;313;BR-101/RJ;Sul;Choque - Defensa, barreira ou "submarino";1;;;;;;;;;;1;;;;
10/12/2012;19:54:00;220;com vítima;313;BR-101/RJ;Norte;Engavetamento;2;;;;1;;;;;;2;;1;;
15/12/2012;04:21:00;24;sem vítima;313;BR-101/RJ;Sul;Choque - Suporte de Sinalização;1;;;;;;;;;;2;;;;
15/12/2012;07:13:00;37;sem vítima;313;BR-101/RJ;Sul;Saida de Pista;1;;;;;;;;;;1;;;;
16/12/2012;08:07:00;47;com vítima;313;BR-101/RJ;Norte;Choque - Defensa, barreira ou "submarino";1;;;;;;;;;;0;;;1;
18/12/2012;16:14:00;145;sem vítima;313;BR-101/RJ;Sul;Colisão Lateral;;;2;;;;;;;;2;;;;
22/12/2012;06:53:00;54;sem vítima;313;BR-101/RJ;Norte;Colisão Lateral;1;;;;;1;;;;;4;;;;
25/12/2012;17:52:00;140;sem vítima;313;BR-101/RJ;Norte;Colisão Traseira;2;;;;;;;;;;4;;;;
26/12/2012;17:24:00;180;com vítima;313;BR-101/RJ;Norte;Colisão Lateral;2;;;1;;;;;;;4;1;;;
02/01/2013;07:50:00;57;sem vítima;313,169;BR-101/RJ;Sul;Colisão Traseira;1;;;;;;;;;1;6;;;;
04/01/2013;15:54:00;134;sem vítima;313;BR-101/RJ;Norte;Colisão Traseira;3;;;;;;;;;;8;;;;
15/01/2013;17:29:00;135;com vítima;313,3;BR-101/RJ;Norte;Colisão Lateral;;;;1;1;;;;;;1;;;;1
18/01/2013;06:35:00;28;sem vítima;313;BR-101/RJ;Norte;Colisão Lateral;1;;1;;;;;;;;2;;;;
18/01/2013;01:42:00;7;sem vítima;313,23;BR-101/RJ;Sul;Saida de Pista;1;;;;;;;;;;1;;;;
19/01/2013;03:46:00;25;sem vítima;313;BR-101/RJ;Sul;Saida de Pista;1;;;;;;;;;;1;;;;
24/01/2013;17:12:00;135;sem vítima;313;BR-101/RJ;Norte;Colisão Traseira;2;;;;;;;;;;2;;;;
31/01/2013;03:47:00;18;sem vítima;313;BR-101/RJ;Sul;Atropelamento de Animal;1;;;;;;;;;;1;;;;
02/02/2013;19:39:00;198;sem vítima;313;BR-101/RJ;Sul;Engavetamento;2;;;;;1;;;;;8;;;;
05/02/2013;18:21:00;128;sem vítima;313;BR-101/RJ;Norte;Colisão Traseira;1;;1;;;;;;;;2;;;;
05/02/2013;09:38:00;59;sem vítima;313,6;BR-101/RJ;Sul;Colisão Lateral;1;;;1;;;;;;;2;;;;
07/02/2013;23:37:00;282;sem vítima;313;BR-101/RJ;Sul;Colisão Frontal;2;;;;;;;;;;3;;;;
09/02/2013;20:59:00;327;sem vítima;313;BR-101/RJ;Norte;Colisão Traseira;2;;;;;;;;;;2;;;;
02/03/2013;13:15:00;107;sem vítima;313;BR-101/RJ;Norte;Colisão Traseira;2;;;;;;;;;;2;;;;
29/03/2013;10:02:00;84;sem vítima;313,18;BR-101/RJ;Norte;Saida de Pista;1;;;;;;;;;;2;;;;
31/03/2013;08:54:00;47;com vítima;313;BR-101/RJ;Sul;Queda de Moto;;;;1;;;;;;;0;1;1;;
01/04/2013;20:06:00;192;sem vítima;313;BR-101/RJ;Norte;Colisão Lateral;1;;;;1;;;;;;2;;;;
03/04/2013;10:33:00;78;com vítima;313,111;BR-101/RJ;Sul;Queda de Moto;;;;1;;;;;;;0;;1;;
11/04/2013;00:30:00;4;sem vítima;313;BR-101/RJ;Norte;Choque - Veiculo parado no acostamento;1;;1;;;;;;;;2;;;;
19/04/2013;18:35:00;174;com vítima;313;BR-101/RJ;Norte;Colisão Traseira;3;;;;;;;;;;0;4;;;
21/04/2013;13:10:00;73;sem vítima;313;BR-101/RJ;Sul;Colisão Frontal;2;;;;;;;;;;6;;;;
23/04/2013;23:08:00;192;com vítima;313,111;BR-101/RJ;Norte;Saida de Pista;1;;;;;;;;;;0;;2;;
26/04/2013;17:44:00;182;com vítima;313;BR-101/RJ;Norte;Engavetamento;3;;;;;;;;;;3;;1;;
30/04/2013;17:54:00;143;com vítima;313,155;BR-101/RJ;Norte;Capotamento;1;;;;;;;;;;0;1;;;
06/05/2013;06:19:00;21;sem vítima;313;BR-101/RJ;Norte;Saida de Pista;1;;;;;;;;;;1;;;;
10/05/2013;19:16:00;152;sem vítima;313;BR-101/RJ;Norte;Saida de Pista;1;;;;;;;;;;1;;;;
13/05/2013;06:53:00;34;com vítima;313,879;BR-101/RJ;Sul;Colisão Traseira;2;;;;;;;;;;4;;1;;
15/05/2013;08:33:00;37;com vítima;313;BR-101/RJ;Sul;Colisão Lateral;1;;;1;;;;;;;0;3;;;
21/05/2013;20:02:00;158;sem vítima;313,207;BR-101/RJ;Norte;Colisão Traseira;2;;;;;;;;;;2;;;;
26/05/2013;06:32:00;27;com vítima;313;BR-101/RJ;Sul;Capotamento;1;;;;;;;;;;0;1;;;
01/06/2013;01:41:00;8;sem vítima;313;BR-101/RJ;Norte;Saida de Pista;1;;;;;;;;;;1;;;;
02/06/2013;17:49:00;141;com vítima;313;BR-101/RJ;Sul;Queda de Moto;1;;;1;;;;;;;5;;1;;
06/06/2013;06:20:00;19;sem vítima;313;BR-101/RJ;Sul;Engavetamento;2;;1;;;;;;;;3;;;;
10/06/2013;17:56:00;141;com vítima;313,37;BR-101/RJ;Sul;Colisão Traseira;1;;1;;1;;;;;;4;;1;;
19/06/2013;22:57:00;176;com vítima;313;BR-101/RJ;Norte;Saida de Pista;1;;;;;;;;;;0;1;;;
01/07/2013;08:01:00;41;sem vítima;313,6;BR-101/RJ;Norte;Capotamento;1;;;;;;;;;;1;;;;
06/07/2013;05:32:00;22;com vítima;313;BR-101/RJ;Norte;Colisão Frontal;2;;;;;;;;;;3;;1;;
07/07/2013;05:42:00;30;sem vítima;313,47;BR-101/RJ;Norte;Saida de Pista;1;;;;;;;;;;1;;;;
07/07/2013;06:25:00;34;com vítima;313,473;BR-101/RJ;Norte;Saida de Pista;1;;;;;;;;;;2;2;;;
08/07/2013;06:21:00;26;com vítima;313;BR-101/RJ;Norte;Colisão Lateral;1;;;1;;1;;;;;3;2;;;
24/07/2013;15:59:00;111;sem vítima;313;BR-101/RJ;Sul;Colisão Frontal;1;;;;;;;;;1;2;;;;
25/07/2013;19:09:00;144;com vítima;313;BR-101/RJ;Norte;Colisão Lateral;1;;;1;;;;;;;1;1;;;
30/07/2013;16:26:00;111;com vítima;313;BR-101/RJ;Norte;Saida de Pista;1;;;;;;;;;;0;1;;;
01/08/2013;09:46:00;67;com vítima;313,245;BR-101/RJ;Sul;Colisão Traseira;1;;;1;;;;;;;2;1;1;;
07/08/2013;14:24:00;96;com vítima;313,6;BR-101/RJ;Norte;Engavetamento;3;;;;;;;;;;1;2;1;;
08/08/2013;12:23:00;85;com vítima;313;BR-101/RJ;Norte;Colisão Lateral;1;;;1;;;;;;;2;1;;;
08/08/2013;11:11:00;71;com vítima;313,03;BR-101/RJ;Sul;Saida de Pista;1;;;;;;;;;;0;;1;;
20/08/2013;11:16:00;75;com vítima;313;BR-101/RJ;Norte;Colisão Lateral;1;;;1;;;;;;;3;1;;;
24/08/2013;17:30:00;162;com vítima;313,017;BR-101/RJ;Sul;Queda de Moto;;;;1;;;;;;;0;1;1;;
02/09/2013;06:37:00;37;sem vítima;313;BR-101/RJ;Sul;Colisão Traseira;2;;;;;;;;;;2;;;;
03/09/2013;20:29:00;177;sem vítima;313;BR-101/RJ;Norte;Saida de Pista;1;;;;;;;;;;1;;;;
04/09/2013;02:35:00;10;sem vítima;313,224;BR-101/RJ;Sul;Capotamento;2;;;;;;;;;;4;;;;
16/09/2013;16:43:00;153;sem vítima;313;BR-101/RJ;Norte;Choque - Defensa, barreira ou "submarino";1;;;;;;;;;;2;;;;
02/10/2013;15:29:00;103;sem vítima;313;BR-101/RJ;Sul;Engavetamento;2;;;;;1;;;;;3;;;;
05/10/2013;04:41:00;22;com vítima;313;BR-101/RJ;Sul;Queda de Moto;;;;1;;;;;;;0;1;1;;
28/10/2013;11:15:00;69;com vítima;313;BR-101/RJ;Sul;Atropelamento - Andarilho;1;;;;;;;;;;2;;1;;
01/11/2013;22:16:00;178;sem vítima;313;BR-101/RJ;Norte;Colisão Traseira;2;;;;;;;;;;4;;;;
03/11/2013;20:03:00;180;com vítima;313,84;BR-101/RJ;Sul;Queda de Moto;;;;1;;1;;;;;1;;1;;
09/11/2013;13:31:00;110;com vítima;313,12;BR-101/RJ;Norte;Colisão Traseira;2;;;;;;;;;;1;2;;;
11/11/2013;00:05:00;1;com vítima;313,034;BR-101/RJ;Norte;Capotamento;1;;;;;;;;;;0;1;;;
14/11/2013;16:25:00;135;sem vítima;313;BR-101/RJ;Sul;Choque - Defensa, barreira ou "submarino";1;;;;;;;;;;1;;;;
15/11/2013;07:10:00;52;sem vítima;313;BR-101/RJ;Norte;Colisão Traseira;2;;;;;;;;;;3;;;;
02/12/2013;01:46:00;18;com vítima;313;BR-101/RJ;Norte;Colisão Traseira;1;;;;;;;;;1;2;1;;;
04/12/2013;20:37:00;188;sem vítima;313,412;BR-101/RJ;Norte;Saida de Pista;1;;;;;;;;;;2;;;;
14/12/2013;05:01:00;27;com vítima;313;BR-101/RJ;Norte;Saida de Pista;1;;;;;;;;;;5;1;;;
14/12/2013;06:21:00;35;sem vítima;313;BR-101/RJ;Norte;Colisão Traseira;1;;;;;;;;;;1;;;;
14/12/2013;22:11:00;215;com vítima;313;BR-101/RJ;Sul;Queda de Moto;;;;1;;;;;;;1;1;;;
15/12/2013;15:54:00;103;sem vítima;313,531;BR-101/RJ;Norte;Choque - Poste;1;;;;;;;;;;2;;;;
21/12/2013;10:24:00;67;sem vítima;313,16;BR-101/RJ;Norte;Colisão Traseira;2;;;;;;;;;;8;;;;
25/12/2013;22:16:00;195;com vítima;313,071;BR-101/RJ;Norte;Capotamento;1;;;;;;;;;;0;4;1;;
31/12/2013;18:26:00;175;com vítima;313;BR-101/RJ;Sul;Engavetamento;3;;;;;;;;;;8;1;;;
16/01/2014;14:13:00;116;com vítima;313,68;BR-101/RJ;Norte;Colisão Traseira;;;;1;;;;;;1;1;;2;;
18/01/2014;17:29:00;183;com vítima;313,602;BR-101/RJ;Norte;Choque - Arvore;1;;;;;;;;;;0;;1;;
24/01/2014;16:20:00;115;sem vítima;313;BR-101/RJ;Sul;Colisão Lateral;;;2;;;;;;;;2;;;;
04/02/2014;21:49:00;198;sem vítima;313,413;BR-101/RJ;Sul;Choque - Defensa, barreira ou "submarino";1;;;;;;;;;;1;;;;
09/02/2014;08:25:00;34;com vítima;313;BR-101/RJ;Norte;Colisão Traseira;1;;;1;;;;;;;1;2;;;
11/02/2014;16:01:00;135;com vítima;313,123;BR-101/RJ;Norte;Queda de Moto;;;;1;;;;;;;0;2;;;
16/02/2014;23:18:00;190;sem vítima;313;BR-101/RJ;Norte;Saida de Pista;1;;;;;;;;;;2;;;;
27/02/2014;07:15:00;42;com vítima;313;BR-101/RJ;Norte;Choque - Elemento de Drenagem;;;;;1;;;;;;0;1;;;
08/03/2014;18:39:00;160;sem vítima;313;BR-101/RJ;Norte;Saida de Pista;1;;;;;;;;;;1;;;;
09/03/2014;06:22:00;36;sem vítima;313,263;BR-101/RJ;Sul;Saida de Pista;1;;;;;;;;;;1;;;;
23/03/2014;12:22:00;56;com vítima;313;BR-101/RJ;Sul;Engavetamento;3;;;;;;;;;;5;1;4;;
23/03/2014;12:23:00;58;com vítima;313;BR-101/RJ;Sul;Engavetamento;4;;;;;;;;;;3;1;;;
26/03/2014;12:06:00;101;com vítima;313;BR-101/RJ;Sul;Colisão Traseira;2;;;;;;;;;;1;1;;;
26/03/2014;12:23:00;103;sem vítima;313;BR-101/RJ;Sul;Colisão Lateral;1;;1;;;;;;;;4;;;;
24/04/2014;08:31:00;56;sem vítima;313,82;BR-101/RJ;Sul;Colisão Traseira;1;;1;;;;;;;;3;;;;
05/05/2014;10:26:00;68;sem vítima;313,5;BR-101/RJ;Norte;Colisão Lateral;1;;;;1;;;;;;2;;;;
18/05/2014;15:25:00;107;sem vítima;313;BR-101/RJ;Norte;Saida de Pista;1;;;;;;;;;;1;;;;
18/05/2014;19:17:00;137;com vítima;313;BR-101/RJ;Sul;Queda de Moto;;;;1;;;;;;;0;;1;;
18/05/2014;13:37:00;84;com vítima;313,77;BR-101/RJ;Sul;Saida de Pista;1;;;;;;;;;;0;;1;;
31/05/2014;13:53:00;90;com vítima;313,385;BR-101/RJ;Sul;Colisão Frontal;2;;;;;;;;;;3;3;1;;
02/07/2014;12:29:00;95;sem vítima;313;BR-101/RJ;Sul;Colisão Traseira;2;;;;;;;;;;4;;;;
04/07/2014;22:45:00;158;com vítima;313;BR-101/RJ;Norte;Colisão Frontal;2;;;;;;;;;;6;1;;;
06/07/2014;06:54:00;22;sem vítima;313;BR-101/RJ;Sul;Colisão Traseira;2;;;;;;;;;;7;;;;
19/07/2014;19:48:00;132;sem vítima;313,35;BR-101/RJ;Norte;Colisão Traseira;2;;;;;;;;;;2;;;;
19/07/2014;07:08:00;23;com vítima;313,532;BR-101/RJ;Norte;Saida de Pista;1;;;;;;;;;;2;1;1;;
21/07/2014;18:12:00;138;com vítima;313,917;BR-101/RJ;Norte;Engavetamento;3;;;;;;;;;;8;1;;;
01/08/2014;18:24:00;141;com vítima;313,713;BR-101/RJ;Norte;Colisão Traseira;2;;;;;;;;;;2;1;;;
12/08/2014;12:32:00;96;com vítima;313;BR-101/RJ;Norte;Colisão Traseira;1;;;1;;;;;;;1;1;;;
18/08/2014;14:19:00;109;sem vítima;313;BR-101/RJ;Sul;Engavetamento;3;;;;;;;;;;6;;;;
24/08/2014;18:30:00;145;com vítima;313,47;BR-101/RJ;Norte;Atropelamento - Sem Informação;1;;;;;;;;;;0;5;;1;
26/08/2014;20:22:00;156;com vítima;313,534;BR-101/RJ;Norte;Colisão Traseira;1;;;1;;;;;;;1;1;;;
28/08/2014;17:44:00;101;sem vítima;313,1;BR-101/RJ;Norte;Engavetamento;3;;;;;;;;;;6;;;;
31/08/2014;18:26:00;129;sem vítima;313,353;BR-101/RJ;Sul;Colisão Traseira;2;;;;;;;;;;2;;;;
04/09/2014;09:03:00;37;sem vítima;313,784;BR-101/RJ;Norte;Colisão Traseira;2;;;;;;;;;;2;;;;
08/09/2014;16:49:00;143;sem vítima;313;BR-101/RJ;Norte;Engavetamento;3;;;;;;;;;;3;;;;
11/09/2014;19:44:00;171;sem vítima;313,774;BR-101/RJ;Norte;Engavetamento;4;;;;;;;;;;5;;;;
15/09/2014;19:43:00;179;com vítima;313;BR-101/RJ;Norte;Queda de Moto;;;;1;;;;;;;0;1;;;
27/09/2014;06:48:00;31;sem vítima;313;BR-101/RJ;Norte;Saida de Pista;1;;;;;;;;;;1;;;;
02/10/2014;08:47:00;42;sem vítima;313;BR-101/RJ;Sul;Colisão Traseira;2;;;;;;;;;;3;;;;
12/10/2014;20:22:00;163;com vítima;313;BR-101/RJ;Sul;Colisão Lateral;1;;;1;;;;;;;5;1;;;
27/10/2014;07:09:00;39;sem vítima;313;BR-101/RJ;Sul;Colisão Traseira;2;;;;;;;;;;3;;;;
13/11/2014;22:27:00;193;com vítima;313;BR-101/RJ;Norte;Queda de Moto;;;;1;;;;;;;0;1;;;
19/11/2014;00:05:00;3;com vítima;313;BR-101/RJ;Norte;Outros - Sequência;1;;;;1;1;;;;;2;1;;;
25/11/2014;18:36:00;124;com vítima;313;BR-101/RJ;Norte;Queda de Moto;;;;1;;;;;;;0;1;;;
03/12/2014;11:56:00;71;com vítima;313,35;BR-101/RJ;Norte;Colisão Traseira;;;;1;;1;;;;;1;1;;;
04/12/2014;06:16:00;24;sem vítima;313;BR-101/RJ;Sul;Colisão Traseira;;;1;;1;;;;;;3;;;;
05/12/2014;18:38:00;148;sem vítima;313;BR-101/RJ;Norte;Colisão Traseira;2;;;;;;;;;;2;;;;
07/12/2014;07:49:00;34;com vítima;313;BR-101/RJ;Norte;Colisão Traseira;;;;1;;1;;;;;1;;1;;
10/12/2014;08:50:00;62;sem vítima;313;BR-101/RJ;Sul;Choque - Defensa, barreira ou "submarino";1;;;;;1;;;;;2;;;;
17/12/2014;00:10:00;3;com vítima;313;BR-101/RJ;Norte;Capotamento;1;;;;;;;;;;0;;;1;
04/01/2015;17:20:00;144;sem vítima;313;BR-101/RJ;Sul;Colisão Traseira;1;;;;1;;;;;;4;;;;
07/01/2015;09:32:00;57;sem vítima;313;BR-101/RJ;Norte;Colisão Traseira;2;;;;;;;;;;6;;;;
31/01/2015;13:04:00;78;sem vítima;313;BR-101/RJ;Norte;Colisão Traseira;1;;1;;;;;;;;2;;;;
31/01/2015;16:28:00;103;com vítima;313;BR-101/RJ;Norte;Choque - Poste;1;;;;;;;;;;0;2;;;
31/01/2015;21:01:00;138;sem vítima;313;BR-101/RJ;Norte;Choque - Defensa, barreira ou "submarino";1;;;;;;;;;;2;;;;
03/02/2015;21:58:00;177;com vítima;313;BR-101/RJ;Sul;Queda de Moto;;;;1;;;;;;;0;0;2;0;0
13/02/2015;16:08:00;160;sem vítima;313;BR-101/RJ;Norte;Colisão Traseira;2;;;;;;;;;;4;0;0;0;0
13/02/2015;16:17:00;165;sem vítima;313,589;BR-101/RJ;Norte;Colisão Traseira;1;;;;;;;;;1;7;0;0;0;0
28/02/2015;17:30:00;129;sem vítima;313;BR-101/RJ;Norte;Colisão Traseira;2;;;;;;;;;;2;;;;
07/03/2015;12:15:00;102;sem vítima;313;BR-101/RJ;Norte;Colisão Traseira;2;;;;;;;;;;2;0;0;0;0
07/03/2015;00:05:00;1;com vítima;313;BR-101/RJ;Norte;Engavetamento;3;;;;;;;;;;6;1;0;0;0
11/03/2015;05:47:00;16;com vítima;313;BR-101/RJ;Sul;Queda de Moto;;;;1;;;;;;;0;1;0;0;0
17/03/2015;18:05:00;149;com vítima;313;BR-101/RJ;Norte;Colisão Lateral;2;;;;;;;;;;3;1;0;0;0
17/03/2015;18:33:00;153;sem vítima;313;BR-101/RJ;Norte;Engavetamento;2;;;1;;;;;;;6;0;0;0;0
23/03/2015;17:18:00;184;com vítima;313;BR-101/RJ;Norte;Queda de Moto;;;;1;;;;;;;0;0;1;0;0
06/04/2015;15:17:00;140;sem vítima;313,82;BR-101/RJ;Norte;Saida de Pista;1;;;;;;;;;;1;;;;
13/04/2015;06:20:00;26;com vítima;313,28;BR-101/RJ;Sul;Colisão Lateral;1;;;1;;;;;;;1;1;;;
19/04/2015;07:29:00;30;sem vítima;313,349;BR-101/RJ;Sul;Choque - Defensa, barreira ou "submarino";1;;;;;;;;;;2;;;;
22/04/2015;00:41:00;3;sem vítima;313;BR-101/RJ;Sul;Saida de Pista;1;;;;;;;;;;2;;;;
22/04/2015;17:20:00;132;com vítima;313;BR-101/RJ;Sul;Queda de Moto;;;;1;;;;;;;0;1;;;
22/04/2015;01:38:00;8;com vítima;313,882;BR-101/RJ;Sul;Saida de Pista;;;;;1;;;;;;0;;;;1
24/04/2015;13:14:00;94;sem vítima;313,342;BR-101/RJ;Sul;Choque - Defensa, barreira ou "submarino";;;;;;;;;;1;1;;;;
06/05/2015;13:03:00;120;sem vítima;313;BR-101/RJ;Sul;Colisão Traseira;1;;;;;1;;;;;3;;;;
07/05/2015;18:34:00;177;sem vítima;313;BR-101/RJ;Norte;Engavetamento;3;;;;;;;;;;4;;;;
07/05/2015;11:52:00;109;com vítima;313,48;BR-101/RJ;Norte;Queda de Moto;;;;1;;;;;;;0;1;;;
25/05/2015;07:55:00;49;com vítima;313,57;BR-101/RJ;Sul;Colisão Lateral;1;;;1;;;;;;;1;1;;;
26/05/2015;05:01:00;13;com vítima;313;BR-101/RJ;Sul;Queda de Moto;;;;1;;;;;;;0;2;;;
11/06/2015;16:05:00;149;sem vítima;313;BR-101/RJ;Norte;Colisão Traseira;2;;;;;;;;;;4;;;;
13/06/2015;04:18:00;27;com vítima;313;BR-101/RJ;Norte;Choque - Defensa, barreira ou "submarino";;;;1;;;;;;;0;3;;;
15/06/2015;13:31:00;117;sem vítima;313;BR-101/RJ;Sul;Choque - Defensa, barreira ou "submarino";1;;;;;;;;;;1;;;;
26/06/2015;17:44:00;172;com vítima;313;BR-101/RJ;Norte;Queda de Moto;;;;1;;;;;;;0;1;;;
27/06/2015;20:23:00;159;sem vítima;313;BR-101/RJ;Sul;Colisão Frontal;2;;;;;;;;;;4;;;;
29/06/2015;19:01:00;201;sem vítima;313,7;BR-101/RJ;Sul;Outros - Sequência;1;;;;;1;;;;;2;;;;
04/07/2015;15:45:00;130;sem vítima;313;BR-101/RJ;Sul;Colisão Transversal;2;;;;;;;;;;2;;;;
08/07/2015;15:19:00;156;com vítima;313,796;BR-101/RJ;Norte;Queda de Moto;;;;1;;;;;;;0;2;;;
16/07/2015;10:49:00;112;sem vítima;313;BR-101/RJ;Norte;Colisão Traseira;2;;;;;;;;;;2;;;;
18/07/2015;10:11:00;68;sem vítima;313;BR-101/RJ;Norte;Colisão Traseira;2;;;;;;;;;;4;;;;
22/07/2015;16:46:00;146;sem vítima;313;BR-101/RJ;Sul;Colisão Traseira;1;;;;;;;;;1;2;;;;
23/07/2015;09:45:00;87;com vítima;313;BR-101/RJ;Norte;Colisão Lateral;1;;;1;;;;;;;1;;;1;
25/07/2015;20:28:00;189;sem vítima;313,475;BR-101/RJ;Norte;Choque - Elemento de Drenagem;1;;;;;;;;;;2;;;;
31/07/2015;15:25:00;145;sem vítima;313;BR-101/RJ;Norte;Engavetamento;4;;;;;;;;;;4;;;;
05/08/2015;13:06:00;113;sem vítima;313,968;BR-101/RJ;Sul;Engavetamento;2;;;;;;;;;1;5;;;;
13/08/2015;06:17:00;21;sem vítima;313,335;BR-101/RJ;Sul;Colisão Traseira;1;;;;1;;;;;;2;;;;
14/08/2015;16:32:00;141;sem vítima;313;BR-101/RJ;Norte;Engavetamento;3;;;;;;;;;;6;;;;
21/08/2015;21:40:00;176;sem vítima;313;BR-101/RJ;Norte;Engavetamento;4;;;;;;;;;;5;;;;
29/08/2015;10:59:00;80;com vítima;313,05;BR-101/RJ;Norte;Choque - Defensa, barreira ou "submarino";1;;;;;;;;;;0;1;;;
31/08/2015;11:15:00;106;sem vítima;313;BR-101/RJ;Norte;Colisão Lateral;1;;1;;;;;;;;2;;;;
04/09/2015;08:27:00;54;com vítima;313,833;BR-101/RJ;Sul;Capotamento;1;;;;;;;;;;0;;1;1;
05/09/2015;20:24:00;197;com vítima;313;BR-101/RJ;Sul;Engavetamento;3;;;;;1;;;;;7;1;;;
08/09/2015;14:38:00;170;sem vítima;313;BR-101/RJ;Norte;Saida de Pista;1;;;;;;;;;;1;;;;
13/09/2015;01:08:00;5;com vítima;313,637;BR-101/RJ;Norte;Atropelamento - Morador;1;;;;1;;;;;;6;;;;1
10/10/2015;11:17:00;113;sem vítima;313,539;BR-101/RJ;Norte;Colisão Traseira;1;;1;;;;;;;;4;;;;
16/10/2015;16:41:00;207;sem vítima;313;BR-101/RJ;Norte;Colisão Traseira;1;;;;;;;;;1;2;;;;
20/10/2015;19:54:00;212;sem vítima;313;BR-101/RJ;Norte;Engavetamento;2;;;;;1;;;;;4;;;;
25/10/2015;02:42:00;12;com vítima;313,17;BR-101/RJ;Sul;Colisão Traseira;1;;;;;;;;;1;0;;5;2;
27/10/2015;09:55:00;64;com vítima;313,806;BR-101/RJ;Sul;Colisão Traseira;2;;;;;;;;;;1;1;;;
05/11/2015;16:15:00;152;com vítima;313,337;BR-101/RJ;Norte;Colisão Lateral;1;;;1;;;;;;;1;1;;;
28/11/2015;15:42:00;136;sem vítima;313;BR-101/RJ;Norte;Colisão Traseira;2;;;;;;;;;;3;;;;
19/12/2015;00:01:00;1;com vítima;313;BR-101/RJ;Sul;Capotamento;1;;;;;;;;;;0;1;;;
20/12/2015;03:57:00;16;sem vítima;313;BR-101/RJ;Norte;Colisão Traseira;2;;;;;;;;;;4;;;;
24/12/2015;07:55:00;68;com vítima;313,409;BR-101/RJ;Sul;Queda de Moto;;;;1;;;;;;;0;2;;;
29/12/2015;23:17:00;238;sem vítima;313;BR-101/RJ;Norte;Colisão Traseira;1;;;;;1;;;;;2;;;;
31/12/2015;11:17:00;121;com vítima;313;BR-101/RJ;Norte;Colisão Traseira;1;;;1;;;;;;;4;1;;;