data;horario;n_da_ocorrencia;tipo_de_ocorrencia;km;trecho;sentido;tipo_de_acidente;automovel;bicicleta;caminhao;moto;onibus;outros;tracao_animal;transporte_de_cargas_especiais;trator_maquinas;utilitarios;ilesos;levemente_feridos;moderadamente_feridos;gravemente_feridos;mortos
01/01/2010;00:38:00;3;sem vítima;314;BR-101/RJ;Sul;Saida de Pista;1;;;;;;;;;;1;;;;
09/01/2010;18:04:00;186;com vítima;314;BR-101/RJ;Sul;Atropelamento - Outros;1;;;;;;;;;;3;;1;;
24/01/2010;20:43:00;178;sem vítima;314;BR-101/RJ;Norte;Saida de Pista;1;;;;;;;;;;2;;;;
01/04/2010;22:41:00;231;sem vítima;314;BR-101/RJ;Sul;Saida de Pista;1;;;;;;;;;;1;;;;
08/05/2010;04:12:00;34;sem vítima;314;BR-101/RJ;Norte;Capotamento;1;;;;;;;;;;1;;;;
10/05/2010;16:04:00;144;sem vítima;314;BR-101/RJ;Norte;Colisão Lateral;1;;;;1;;;;;;3;;;;
10/05/2010;21:20:00;195;sem vítima;314;BR-101/RJ;Norte;Colisão Lateral;;;1;;1;;;;;;2;;;;
14/05/2010;07:24:00;39;com vítima;314;BR-101/RJ;Sul;Queda de Moto;;;;1;;;;;;;0;;2;;
12/06/2010;10:28:00;61;sem vítima;314;BR-101/RJ;Norte;Choque - Poste;1;;;;;;;;;;1;;;;
18/06/2010;07:48:00;41;com vítima;314;BR-101/RJ;Norte;Colisão Frontal;1;;;1;;;;;;;1;;1;;
02/07/2010;18:06:00;133;com vítima;314;BR-101/RJ;Norte;Queda de Moto;;;;1;;;;;;;0;1;;;
08/07/2010;02:45:00;11;sem vítima;314;BR-101/RJ;Sul;Colisão Lateral;1;;1;;;1;;;;;4;;;;
23/07/2010;16:50:00;141;sem vítima;314;BR-101/RJ;Norte;Colisão Traseira;2;;;;;;;;;;2;;;;
26/07/2010;08:44:00;57;sem vítima;314;BR-101/RJ;Sul;Colisão Traseira;2;;;;;;;;;;2;;;;
30/07/2010;23:35:00;237;sem vítima;314;BR-101/RJ;Norte;Colisão Traseira;3;;;;;;;;;;3;;;;
09/08/2010;12:35:00;86;sem vítima;314;BR-101/RJ;Norte;Colisão Traseira;2;;;;;;;;;;2;;;;
16/08/2010;07:27:00;22;sem vítima;314;BR-101/RJ;Sul;Colisão Transversal;1;;;1;;;;;;;2;;;;
29/08/2010;21:05:00;142;sem vítima;314;BR-101/RJ;Norte;Saida de Pista;1;;;;;;;;;;1;;;;
02/09/2010;07:09:00;35;sem vítima;314;BR-101/RJ;Sul;Colisão Traseira;2;;;;;;;;;;2;;;;
02/09/2010;07:10:00;36;com vítima;314;BR-101/RJ;Norte;Colisão Traseira;2;;;;;;;;;;1;1;;;
02/09/2010;10:34:00;72;sem vítima;314;BR-101/RJ;Norte;Colisão Lateral;2;;;;;;;;;;2;;;;
04/09/2010;12:10:00;121;sem vítima;314;BR-101/RJ;Norte;Colisão Traseira;4;;;;;;;;;;12;;;;
15/09/2010;08:42:00;55;com vítima;314;BR-101/RJ;Sul;Colisão Traseira;;;;1;;1;;;;;1;;1;;
28/09/2010;23:40:00;200;sem vítima;314;BR-101/RJ;Norte;Saida de Pista;1;;;;;;;;;;1;;;;
14/10/2010;04:29:00;10;com vítima;314;BR-101/RJ;Sul;Saida de Pista;1;;;;;;;;;;0;3;;;
01/11/2010;19:16:00;143;com vítima;314;BR-101/RJ;Sul;Colisão Lateral;1;;;1;;;;;;;5;1;;;
05/11/2010;21:13:00;188;sem vítima;314;BR-101/RJ;Norte;Engavetamento;3;;;;;;;;;;6;;;;
19/11/2010;22:13:00;217;sem vítima;314;BR-101/RJ;Norte;Engavetamento;3;;;;;;;;;;6;;;;
23/11/2010;00:08:00;1;sem vítima;314;BR-101/RJ;Norte;Colisão Lateral;1;;;1;;;;;;;3;;;;
23/11/2010;23:36:00;211;sem vítima;314;BR-101/RJ;Sul;Colisão Traseira;1;;2;;;;;;;;7;;;;
03/12/2010;21:13:00;189;sem vítima;314;BR-101/RJ;Norte;Choque - Defensa, barreira ou "submarino";1;;;;1;;;;;;3;;;;
20/12/2010;19:07:00;190;com vítima;314;BR-101/RJ;Norte;Colisão Lateral;;;;1;;1;;;;;1;;;2;
23/12/2010;19:52:00;231;sem vítima;314;BR-101/RJ;Norte;Engavetamento;3;;;;;;;;;;6;;;;
26/12/2010;14:35:00;101;sem vítima;314;BR-101/RJ;Norte;Capotamento;1;;;;;;;;;;2;;;;
02/01/2011;04:43:00;23;com vítima;314;BR-101/RJ;Norte;Saida de Pista;1;;;;;;;;;;0;1;;;
07/01/2011;12:38:00;102;sem vítima;314;BR-101/RJ;Sul;Colisão Traseira;2;;;;;;;;;1;6;;;;
21/01/2011;23:03:00;229;com vítima;314;BR-101/RJ;Norte;Atropelamento - Funcionário;1;;;;;;;;;;1;1;;;
24/01/2011;08:30:00;53;sem vítima;314;BR-101/RJ;Sul;Colisão Lateral;1;;;1;;;;;;;2;;;;
24/01/2011;16:55:00;184;sem vítima;314;BR-101/RJ;Norte;Colisão Traseira;2;;;;;;;;;;4;;;;
06/02/2011;20:31:00;186;sem vítima;314;BR-101/RJ;Norte;Saida de Pista;1;;;;;;;;;;1;;;;
07/02/2011;10:13:00;90;sem vítima;314;BR-101/RJ;Sul;Colisão Traseira;1;;1;;;;;;;;3;;;;
14/02/2011;07:56:00;56;sem vítima;314,5;BR-101/RJ;Sul;Colisão Traseira;1;;;1;;;;;;;2;;;;
21/02/2011;09:26:00;69;sem vítima;314;BR-101/RJ;Sul;Colisão Traseira;2;;;;;;;;;;4;;;;
24/02/2011;23:51:00;190;sem vítima;314;BR-101/RJ;Sul;Saida de Pista;1;;;;;;;;;;2;;;;
27/03/2011;11:34:00;76;sem vítima;293;BR-101/RJ;Norte;Colisão Lateral;2;;;;;;;;;;3;;;;
29/05/2011;04:34:00;19;sem vítima;314;BR-101/RJ;Norte;Saida de Pista;1;;;;;;;;;;1;;;;
04/06/2011;05:20:00;27;sem vítima;314;BR-101/RJ;Sul;Saida de Pista;1;;;;;;;;;;1;;;;
13/06/2011;10:01:00;67;sem vítima;314;BR-101/RJ;Sul;Colisão Traseira;2;;;;;;;;;;3;;;;
14/06/2011;01:37:00;7;com vítima;314;BR-101/RJ;Norte;Tombamento;;;1;;;;;;;;0;1;;;
14/06/2011;11:36:00;66;com vítima;314;BR-101/RJ;Sul;Colisão Traseira;2;;;;;;;;;;1;2;;;
21/06/2011;07:23:00;28;sem vítima;314;BR-101/RJ;Sul;Colisão Traseira;1;;;;;1;;;;;2;;;;
27/06/2011;06:35:00;16;sem vítima;314,79998779296875;BR-101/RJ;Sul;Colisão Traseira;2;;;;;;;;;;2;;;;
05/08/2011;08:05:00;39;com vítima;314,20001220703125;BR-101/RJ;Norte;Capotamento;1;;;;;;;;;;0;1;;;
05/08/2011;08:13:00;40;sem vítima;314,20001220703125;BR-101/RJ;Norte;Colisão Traseira;1;;;;;;;;;1;5;;;;
13/08/2011;00:15:00;4;sem vítima;314;BR-101/RJ;Sul;Saida de Pista;1;;;;;;;;;;1;;;;
13/08/2011;13:53:00;131;com vítima;314,79998779296875;BR-101/RJ;Sul;Atropelamento - Usuário;1;;;;;;;;;;1;;1;;
16/08/2011;06:01:00;19;sem vítima;314,79998779296875;BR-101/RJ;Norte;Saida de Pista;1;;;;;;;;;;1;;;;
21/08/2011;23:02:00;165;com vítima;314,3999938964844;BR-101/RJ;Norte;Choque - Defensa, barreira ou "submarino";1;;;;;;;;;;3;;1;;
26/08/2011;06:14:00;25;sem vítima;314,8999938964844;BR-101/RJ;Norte;Saida de Pista;1;;;;;;;;;;2;;;;
27/08/2011;11:03:00;63;sem vítima;314;BR-101/RJ;Norte;Colisão Lateral;2;;;;;;;;;;2;;;;
01/09/2011;20:50:00;161;sem vítima;314;BR-101/RJ;Norte;Saida de Pista;1;;;;;;;;;;1;;;;
16/09/2011;19:48:00;164;sem vítima;314;BR-101/RJ;Norte;Colisão Traseira;2;;;;;;;;;;3;;;;
26/09/2011;06:19:00;21;sem vítima;314;BR-101/RJ;Sul;Colisão Traseira;1;;;1;;;;;;;2;;;;
26/09/2011;08:05:00;40;sem vítima;314;BR-101/RJ;Sul;Engavetamento;3;;;;;;;;;;7;;;;
14/10/2011;08:21:00;53;sem vítima;314;BR-101/RJ;Sul;Colisão Traseira;2;;;;;;;;;;4;;;;
28/10/2011;14:11:00;95;com vítima;314;BR-101/RJ;Sul;Saida de Pista;;;1;;;;;;;;0;;1;;
28/10/2011;14:16:00;98;sem vítima;314;BR-101/RJ;Norte;Colisão Traseira;1;;;;;1;;;;;2;;;;
14/11/2011;05:25:00;15;sem vítima;314;BR-101/RJ;Sul;Saida de Pista;1;;;;;;;;;;1;;;;
19/11/2011;20:31:00;124;sem vítima;314,8999938964844;BR-101/RJ;Sul;Colisão Traseira;2;;;;;;;;;;3;;;;
21/11/2011;05:57:00;23;com vítima;314;BR-101/RJ;Norte;Atropelamento - Andarilho;1;;;;;;;;;;1;;1;;
28/11/2011;22:54:00;189;sem vítima;314;BR-101/RJ;Sul;Choque - Defensa, barreira ou "submarino";3;;;;;;;;;;4;;;;
01/12/2011;09:19:00;58;sem vítima;314;BR-101/RJ;Sul;Colisão Traseira;1;;;;;;;;;1;4;;;;
02/12/2011;17:32:00;164;com vítima;314;BR-101/RJ;Sul;Colisão Traseira;;;;2;;;;;;;0;2;;;
02/12/2011;16:44:00;151;com vítima;314,8999938964844;BR-101/RJ;Sul;Saida de Pista;1;;1;;;;;;;;1;;2;;1
05/12/2011;06:30:00;40;com vítima;314,8999938964844;BR-101/RJ;Sul;Colisão Lateral;1;;;1;;;;;;;1;;1;;
06/12/2011;19:47:00;195;sem vítima;314;BR-101/RJ;Norte;Colisão Traseira;3;;;;;;;;;;3;;;;
15/12/2011;18:20:00;137;sem vítima;314,5;BR-101/RJ;Norte;Colisão Traseira;1;;;;;1;;;;;2;;;;
16/12/2011;08:42:00;61;sem vítima;314;BR-101/RJ;Sul;Colisão Traseira;2;;;;;;;;;;2;;;;
16/12/2011;08:21:00;55;com vítima;314,29998779296875;BR-101/RJ;Sul;Colisão Lateral;1;;;1;;;;;;;2;;1;;
17/12/2011;08:50:00;47;sem vítima;314,79998779296875;BR-101/RJ;Sul;Saida de Pista;1;;;;;;;;;;1;;;;
19/12/2011;21:21:00;213;sem vítima;314;BR-101/RJ;Sul;Colisão Traseira;2;;;;;;;;;;2;;;;
24/12/2011;07:12:00;43;sem vítima;314;BR-101/RJ;Norte;Saida de Pista;1;;;;;;;;;;1;;;;
03/01/2012;17:29:00;200;sem vítima;314;BR-101/RJ;Sul;Colisão Lateral;1;;;1;;;;;;;6;;;;
13/01/2012;03:33:00;16;com vítima;314;BR-101/RJ;Norte;Colisão Traseira;;;3;;;;;;;;2;;1;;
16/01/2012;14:33:00;127;sem vítima;314;BR-101/RJ;Sul;Colisão Traseira;2;;;;;;;;;;6;;;;
18/01/2012;08:13:00;44;com vítima;314;BR-101/RJ;Sul;Queda de Moto;;;;1;;;;;;;0;2;;;
18/01/2012;15:07:00;130;com vítima;314;BR-101/RJ;Sul;Queda de Moto;;;;1;;;;;;;0;1;;;
20/01/2012;18:07:00;196;sem vítima;314,8;BR-101/RJ;Norte;Colisão Traseira;2;;;;;;;;;;3;;;;
20/01/2012;18:52:00;214;sem vítima;314,8;BR-101/RJ;Norte;Colisão Traseira;3;;;;;;;;;;7;;;;
23/01/2012;06:57:00;33;sem vítima;314;BR-101/RJ;Sul;Colisão Lateral;2;;;;;;;;;;2;;;;
23/01/2012;15:44:00;147;sem vítima;314;BR-101/RJ;Norte;Colisão Traseira;2;;;;;;;;;;3;;;;
23/01/2012;07:54:00;46;com vítima;314,1;BR-101/RJ;Sul;Colisão Lateral;;;;1;;;;;;1;2;;1;;
02/02/2012;06:59:00;37;sem vítima;314,526;BR-101/RJ;Sul;Colisão Lateral;1;;;1;;;;;;;3;;;;
03/02/2012;10:14:00;72;com vítima;314,5;BR-101/RJ;Sul;Colisão Lateral;1;;;1;;;;;;;1;1;;;
07/02/2012;13:31:00;98;sem vítima;314,554;BR-101/RJ;Sul;Saida de Pista;1;;;;;;;;;;2;;;;
09/02/2012;10:11:00;51;sem vítima;314;BR-101/RJ;Sul;Engavetamento;3;;;;;;;;;;5;;;;
16/02/2012;17:22:00;172;sem vítima;314;BR-101/RJ;Norte;Saida de Pista;1;;;;;;;;;;2;;;;
17/02/2012;08:52:00;64;sem vítima;314;BR-101/RJ;Norte;Colisão Traseira;2;;;;;;;;;;3;;;;
23/02/2012;07:52:00;59;com vítima;314,4;BR-101/RJ;Sul;Colisão Traseira;1;;;1;;;;;;;1;1;;;
15/03/2012;08:12:00;35;sem vítima;314,8;BR-101/RJ;Sul;Colisão Lateral;;;;;2;;;;;;2;;;;
23/03/2012;11:06:00;63;sem vítima;314;BR-101/RJ;Sul;Colisão Traseira;2;;;;;;;;;;2;;;;
26/03/2012;17:32:00;129;sem vítima;314;BR-101/RJ;Norte;Colisão Traseira;2;;;;;;;;;;2;;;;
29/03/2012;11:11:00;74;sem vítima;314;BR-101/RJ;Sul;Colisão Traseira;2;;;;;;;;;;3;;;;
30/03/2012;09:58:00;69;sem vítima;314,8;BR-101/RJ;Sul;Colisão Traseira;2;;;;;;;;;;2;;;;
28/04/2012;23:37:00;175;com vítima;314,3;BR-101/RJ;Sul;Atropelamento - Sem Informação;1;;;;;;;;;;3;;;;1
02/05/2012;21:00:00;204;sem vítima;314;BR-101/RJ;Norte;Engavetamento;4;;;;;;;;;;8;;;;
05/05/2012;17:08:00;125;com vítima;314,6;BR-101/RJ;Norte;Queda de Moto;1;;;1;;;;;;;1;2;;;
06/05/2012;20:59:00;127;sem vítima;314;BR-101/RJ;Norte;Saida de Pista;1;;;;;;;;;;5;;;;
08/05/2012;08:36:00;36;sem vítima;314;BR-101/RJ;Sul;Colisão Traseira;1;;;;;;;;;1;6;;;;
09/05/2012;17:30:00;150;com vítima;314;BR-101/RJ;Norte;Saida de Pista;1;;;;;;;;;;0;1;;;
21/05/2012;08:43:00;49;com vítima;314;BR-101/RJ;Sul;Colisão Lateral;1;;;1;;;;;;;2;;1;;
28/05/2012;13:51:00;116;sem vítima;314,83;BR-101/RJ;Sul;Engavetamento;4;;;;;;;;;;7;;;;
12/06/2012;20:26:00;216;sem vítima;314;BR-101/RJ;Sul;Colisão Traseira;2;;1;;;;;;;;5;;;;
19/06/2012;22:48:00;231;com vítima;314;BR-101/RJ;Sul;Queda de Moto;;;;1;;;;;;;0;1;1;;
27/06/2012;22:43:00;202;sem vítima;314;BR-101/RJ;Sul;Colisão Traseira;2;;;;;;;;;;6;;;;
07/07/2012;09:34:00;58;sem vítima;314;BR-101/RJ;Norte;Colisão Traseira;3;;;;;;;;;;8;;;;
07/07/2012;16:07:00;136;sem vítima;314;BR-101/RJ;Norte;Colisão Traseira;3;;;;;;;;;;9;;;;
10/07/2012;12:10:00;81;com vítima;314;BR-101/RJ;Norte;Colisão Lateral;;1;1;;;;;;;;1;1;;;
11/07/2012;20:22:00;162;sem vítima;314;BR-101/RJ;Norte;Colisão Traseira;2;;;;;;;;;;2;;;;
15/07/2012;04:52:00;18;sem vítima;314,26;BR-101/RJ;Norte;Saida de Pista;1;;;;;;;;;;3;;;;
20/07/2012;08:24:00;49;com vítima;314;BR-101/RJ;Sul;Saida de Pista;2;;;1;;;;;;;2;;1;;
21/07/2012;06:30:00;29;sem vítima;314;BR-101/RJ;Norte;Colisão Lateral;2;;;;;;;;;;3;;;;
24/07/2012;05:49:00;17;sem vítima;314;BR-101/RJ;Sul;Colisão Traseira;1;;1;;;;;;;;6;;;;
25/07/2012;18:55:00;159;com vítima;314,378;BR-101/RJ;Norte;Colisão Lateral;1;;;1;;;;;;;2;1;;;
08/08/2012;21:08:00;164;sem vítima;314;BR-101/RJ;Sul;Colisão Traseira;1;;1;;;;;;;;3;;;;
08/08/2012;07:29:00;34;com vítima;314,271;BR-101/RJ;Sul;Queda de Moto;1;;;1;;;;;;;2;;1;;
08/08/2012;08:19:00;44;sem vítima;314,271;BR-101/RJ;Sul;Colisão Traseira;2;;;;;;;;;;5;;;;
12/08/2012;20:02:00;165;sem vítima;314;BR-101/RJ;Sul;Colisão Traseira;2;;;;;;;;;;3;;;;
15/08/2012;06:21:00;27;sem vítima;314,645;BR-101/RJ;Sul;Colisão Lateral;1;;;;1;;;;;;2;;;;
11/09/2012;09:42:00;58;sem vítima;314,5;BR-101/RJ;Sul;Colisão Traseira;2;;;;;;;;;;3;;;;
23/09/2012;18:56:00;128;com vítima;314,77;BR-101/RJ;Sul;Engavetamento;3;;;;;;;;;;2;2;1;;
01/10/2012;06:03:00;22;sem vítima;314,2;BR-101/RJ;Sul;Colisão Traseira;2;;;;;;;;;;2;;;;
13/10/2012;05:00:00;16;com vítima;314,595;BR-101/RJ;Norte;Saida de Pista;2;;;;;;;;;;1;;;2;
15/10/2012;13:47:00;104;sem vítima;314;BR-101/RJ;Sul;Colisão Traseira;2;;;;;;;;;;4;;;;
19/10/2012;11:47:00;91;sem vítima;314;BR-101/RJ;Sul;Colisão Traseira;1;;1;;;;;;;;2;;;;
22/10/2012;06:33:00;41;sem vítima;314;BR-101/RJ;Norte;Saida de Pista;1;;;;;;;;;;2;;;;
23/11/2012;19:02:00;189;sem vítima;314;BR-101/RJ;Norte;Colisão Traseira;2;;;;;;;;;;2;;;;
03/12/2012;16:05:00;157;sem vítima;314,5;BR-101/RJ;Sul;Colisão Traseira;2;;;;;;;;;;2;;;;
10/12/2012;20:12:00;223;com vítima;314,35;BR-101/RJ;Norte;Colisão Traseira;1;;;1;;;;;;;1;;1;;
11/12/2012;07:54:00;51;com vítima;314;BR-101/RJ;Sul;Queda de Moto;;;;1;;;;;;;0;1;;;
18/12/2012;07:55:00;49;sem vítima;314;BR-101/RJ;Sul;Colisão Lateral;1;;;1;;;;;;;3;;;;
19/12/2012;06:36:00;30;com vítima;314;BR-101/RJ;Sul;Colisão Traseira;;1;;1;;;;;;;0;2;;;
22/12/2012;08:53:00;74;sem vítima;314,48;BR-101/RJ;Norte;Saida de Pista;1;;;;;;;;;;5;;;;
25/12/2012;22:29:00;216;com vítima;314;BR-101/RJ;Norte;Queda de Moto;;;;1;;;;;;;0;;2;;
28/12/2012;11:23:00;111;sem vítima;314;BR-101/RJ;Sul;Engavetamento;1;;;;1;;;;;1;4;;;;
31/12/2012;06:52:00;28;com vítima;314;BR-101/RJ;Sul;Colisão Traseira;1;;;;1;;;;;;1;;1;;
03/01/2013;08:18:00;65;com vítima;314,1;BR-101/RJ;Sul;Colisão Lateral;1;;1;;;;;;;;1;;1;;
03/01/2013;03:59:00;24;sem vítima;314,2;BR-101/RJ;Sul;Saida de Pista;;;1;;;;;;;;1;;;;
07/01/2013;16:45:00;159;com vítima;314,5;BR-101/RJ;Norte;Atropelamento - Usuário;;;;1;;;;;;;0;;1;;1
08/01/2013;17:29:00;166;sem vítima;314;BR-101/RJ;Norte;Colisão Lateral;;;;1;;;;;;1;2;;;;
08/01/2013;17:29:00;167;sem vítima;314;BR-101/RJ;Norte;Colisão Traseira;1;;;;1;;;;;;2;;;;
08/01/2013;19:46:00;204;com vítima;314;BR-101/RJ;Sul;Queda de Moto;;;;1;;;;;;;0;2;;;
11/01/2013;20:48:00;180;com vítima;314,5;BR-101/RJ;Sul;Colisão Traseira;;;;1;;1;;;;;1;1;;;
04/03/2013;06:21:00;37;com vítima;314,2;BR-101/RJ;Sul;Colisão Traseira;3;;;;;;;;;;2;1;;;
14/03/2013;18:13:00;147;com vítima;314;BR-101/RJ;Sul;Colisão Traseira;1;;;1;;;;;;;1;1;;;
14/03/2013;07:19:00;43;com vítima;314,885;BR-101/RJ;Sul;Atropelamento - Andarilho;;;;1;;;;;;;1;1;;;
02/04/2013;09:02:00;54;sem vítima;314;BR-101/RJ;Sul;Colisão Lateral;;;;;1;1;;;;;2;;;;
18/04/2013;08:34:00;40;com vítima;314;BR-101/RJ;Sul;Colisão Lateral;1;;;1;;;;;;;2;2;;;
20/04/2013;20:45:00;164;com vítima;314;BR-101/RJ;Norte;Colisão Traseira;1;;;1;;;;;;;1;2;;;
24/04/2013;07:58:00;49;sem vítima;314;BR-101/RJ;Sul;Colisão Traseira;1;;;;;1;;;;;5;;;;
07/05/2013;20:31:00;142;sem vítima;314,1;BR-101/RJ;Norte;Queda de Moto;;;;1;;;;;;;1;;;;
11/05/2013;18:28:00;157;sem vítima;314,583;BR-101/RJ;Sul;Colisão Traseira;2;;;;;;;;;;5;;;;
21/05/2013;06:48:00;23;com vítima;314,655;BR-101/RJ;Sul;Colisão Traseira;;;;1;;1;;;;;1;1;;;
28/05/2013;08:41:00;47;com vítima;314;BR-101/RJ;Sul;Colisão Lateral;1;;;1;;;;;;;1;1;;;
02/06/2013;19:11:00;156;sem vítima;314;BR-101/RJ;Sul;Queda de Moto;;;;1;;;;;;;2;;;;
20/06/2013;21:11:00;164;com vítima;314;BR-101/RJ;Norte;Queda de Moto;;;;1;;;;;;;0;;1;;
23/06/2013;13:17:00;70;sem vítima;314,439;BR-101/RJ;Sul;Saida de Pista;1;;;;;;;;;;1;;;;
01/07/2013;06:30:00;25;com vítima;314,075;BR-101/RJ;Sul;Queda de Moto;;;;1;;;;;;;0;1;;;
03/07/2013;19:38:00;142;com vítima;314,514;BR-101/RJ;Sul;Saida de Pista;;;;;;;;;;1;0;2;;;
04/07/2013;08:13:00;52;com vítima;314;BR-101/RJ;Sul;Colisão Lateral;1;;;1;;;;;;;1;;1;;
11/07/2013;10:48:00;71;sem vítima;314;BR-101/RJ;Sul;Colisão Traseira;1;;;;;;;;;1;2;;;;
11/07/2013;18:57:00;131;com vítima;314;BR-101/RJ;Norte;Colisão Lateral;;;;1;;1;;;;;1;1;;;
12/07/2013;08:35:00;48;sem vítima;314;BR-101/RJ;Sul;Colisão Traseira;2;;;;;;;;;;4;;;;
16/07/2013;02:47:00;18;com vítima;314,444;BR-101/RJ;Norte;Tombamento;;;1;;;;;;;;0;1;;;
20/07/2013;17:34:00;169;com vítima;314,2;BR-101/RJ;Sul;Saida de Pista;1;;;;;;;;;;0;1;;;
02/08/2013;15:50:00;123;sem vítima;314;BR-101/RJ;Norte;Saida de Pista;1;;;;;;;;;;1;;;;
13/08/2013;07:38:00;25;sem vítima;314;BR-101/RJ;Sul;Colisão Traseira;1;;;1;;;;;;;3;;;;
03/09/2013;12:20:00;98;sem vítima;314,5;BR-101/RJ;Norte;Colisão Traseira;2;;;;;;;;;;2;;;;
04/09/2013;14:39:00;100;sem vítima;314;BR-101/RJ;Norte;Colisão Traseira;;;;2;;;;;;;2;;;;
06/09/2013;19:47:00;181;com vítima;314,522;BR-101/RJ;Sul;Colisão Traseira;;;;1;;1;;;;;1;;;;1
17/09/2013;08:02:00;44;com vítima;314,4;BR-101/RJ;Sul;Colisão Traseira;1;;;1;;;;;;;2;1;;;
27/09/2013;17:40:00;155;sem vítima;314;BR-101/RJ;Norte;Colisão Traseira;2;;;;;;;;;;2;;;;
11/10/2013;17:47:00;175;sem vítima;314,811;BR-101/RJ;Sul;Engavetamento;4;;;;;;;;;;4;;;;
12/10/2013;22:38:00;198;sem vítima;314,64;BR-101/RJ;Sul;Colisão Traseira;1;;;;1;;;;;;3;;;;
09/11/2013;20:43:00;170;sem vítima;314;BR-101/RJ;Sul;Colisão Traseira;4;;;;;;;;;;7;;;;
09/11/2013;14:00:00;116;sem vítima;314,908;BR-101/RJ;Norte;Colisão Traseira;2;;;;;;;;;;2;;;;
13/11/2013;18:05:00;134;com vítima;314,7;BR-101/RJ;Norte;Queda de Moto;;;;1;;;;;;;0;;1;;
28/11/2013;17:22:00;166;com vítima;314;BR-101/RJ;Norte;Queda de Moto;;;;1;;1;;;;;1;1;;;
16/12/2013;09:40:00;84;sem vítima;314,915;BR-101/RJ;Sul;Saida de Pista;;;;;1;;;;;;3;;;;
01/01/2014;00:38:00;1;com vítima;314;BR-101/RJ;Sul;Saida de Pista;1;;;;;;;;;;2;4;;;
04/01/2014;03:04:00;20;sem vítima;314,42;BR-101/RJ;Norte;Saida de Pista;1;;;;;;;;;;1;;;;
17/01/2014;16:57:00;129;sem vítima;314;BR-101/RJ;Sul;Colisão Traseira;2;;;;;;;;;;2;;;;
21/01/2014;07:25:00;50;sem vítima;314,739;BR-101/RJ;Norte;Colisão Lateral;1;;;;;1;;;;;3;;;;
23/01/2014;17:49:00;162;sem vítima;314;BR-101/RJ;Norte;Colisão Traseira;2;;;;;;;;;;3;;;;
24/01/2014;18:54:00;144;com vítima;314;BR-101/RJ;Norte;Engavetamento;5;;;;;;;;;;5;1;2;;
28/01/2014;21:30:00;199;sem vítima;314,899;BR-101/RJ;Sul;Engavetamento;;;1;;2;;;;;;5;;;;
17/02/2014;07:05:00;38;com vítima;314,556;BR-101/RJ;Sul;Outros - Sequência;;;;1;;;;;;1;1;1;1;;
05/03/2014;04:50:00;24;com vítima;314,486;BR-101/RJ;Sul;Capotamento;2;;;;;;;;;;8;2;;;
14/03/2014;16:46:00;148;sem vítima;314;BR-101/RJ;Norte;Colisão Traseira;2;;;;;;;;;;2;;;;
20/03/2014;21:08:00;205;sem vítima;314;BR-101/RJ;Norte;Colisão Lateral;1;;1;;;;;;;;4;;;;
28/03/2014;10:03:00;76;sem vítima;314,5;BR-101/RJ;Sul;Choque - Defensa, barreira ou "submarino";1;;;;;;;;;;1;;;;
31/03/2014;06:39:00;34;sem vítima;314;BR-101/RJ;Sul;Colisão Traseira;1;;;;;1;;;;;2;;;;
01/04/2014;10:32:00;74;com vítima;314;BR-101/RJ;Norte;Atropelamento - Morador;;;;;;1;;;;;1;;1;;
07/04/2014;06:44:00;36;com vítima;314,69;BR-101/RJ;Sul;Colisão Lateral;;;;1;;1;;;;;1;1;;;
12/04/2014;04:21:00;25;com vítima;314,7;BR-101/RJ;Norte;Colisão Traseira;2;;;;;;;;;;7;;2;;
19/04/2014;10:15:00;43;com vítima;314;BR-101/RJ;Norte;Queda de Moto;;;;1;;;;;;;0;2;;;
17/05/2014;04:17:00;19;com vítima;314,863;BR-101/RJ;Norte;Colisão Lateral;2;;;;;;;;;;5;1;;;
24/05/2014;12:33:00;75;sem vítima;314,173;BR-101/RJ;Norte;Colisão Traseira;2;;;;;;;;;;2;;;;
28/05/2014;08:49:00;56;com vítima;314;BR-101/RJ;Sul;Colisão Traseira;1;;;1;;;;;;;13;1;;;
05/06/2014;06:45:00;35;sem vítima;314;BR-101/RJ;Sul;Colisão Traseira;2;;;;;;;;;;7;;;;
11/06/2014;16:30:00;145;sem vítima;314;BR-101/RJ;Norte;Colisão Traseira;1;;;;;1;;;;;2;;;;
14/06/2014;13:51:00;94;sem vítima;314,444;BR-101/RJ;Sul;Engavetamento;1;;;;;2;;;;;5;;;;
06/07/2014;16:24:00;93;com vítima;314,05;BR-101/RJ;Norte;Atropelamento - Morador;1;;;;;;;;;;1;;1;;
18/07/2014;08:07:00;48;com vítima;314,903;BR-101/RJ;Sul;Colisão Lateral;1;;;1;;;;;;;1;2;;;
20/07/2014;09:28:00;48;sem vítima;314;BR-101/RJ;Sul;Colisão Lateral;2;;;;;;;;;;7;;;;
09/08/2014;06:32:00;33;sem vítima;314;BR-101/RJ;Sul;Colisão Lateral;2;;;;;;;;;;2;;;;
13/08/2014;17:41:00;128;sem vítima;314;BR-101/RJ;Norte;Colisão Traseira;2;;;;;;;;;;2;;;;
04/09/2014;07:31:00;23;com vítima;314,74;BR-101/RJ;Norte;Tombamento;;;1;;;;;;;;0;;2;;
10/09/2014;09:13:00;53;sem vítima;314;BR-101/RJ;Sul;Colisão Lateral;2;;;;;;;;;;3;;;;
06/10/2014;01:05:00;12;sem vítima;314;BR-101/RJ;Norte;Colisão Transversal;2;;1;;;;;;;;5;;;;
10/10/2014;06:13:00;31;sem vítima;314;BR-101/RJ;Norte;Engavetamento;2;;;1;;;;;;;4;;;;
16/11/2014;01:09:00;9;sem vítima;314;BR-101/RJ;Norte;Colisão Traseira;2;;;;;;;;;;7;;;;
17/11/2014;07:03:00;31;sem vítima;314;BR-101/RJ;Sul;Colisão Traseira;2;;;;;;;;;;4;;;;