data;horario;n_da_ocorrencia;tipo_de_ocorrencia;km;trecho;sentido;tipo_de_acidente;automovel;bicicleta;caminhao;moto;onibus;outros;tracao_animal;transporte_de_cargas_especiais;trator_maquinas;utilitarios;ilesos;levemente_feridos;moderadamente_feridos;gravemente_feridos;mortos
12/12/2014;10:53:00;67;com vítima;316;BR-101/RJ;Norte;Choque - Defensa, barreira ou "submarino";1;;;;;;;;;;0;;1;;
18/12/2014;16:53:00;135;com vítima;316,85;BR-101/RJ;Sul;Colisão Traseira;1;;;1;;;;;;;2;1;;;
05/01/2015;06:33:00;24;sem vítima;316;BR-101/RJ;Sul;Colisão Traseira;2;;;;;;;;;;2;;;;
06/01/2015;06:40:00;16;sem vítima;316;BR-101/RJ;Sul;Outros - Sequência;1;;;;;1;;;;;3;;;;
20/01/2015;11:48:00;92;com vítima;316;BR-101/RJ;Sul;Outros - Sequência;2;;;1;;;;;;;9;;1;;
20/01/2015;13:43:00;110;com vítima;316;BR-101/RJ;Sul;Atropelamento - Ambulante;;;;1;;;;;;;1;2;;;
26/01/2015;08:17:00;47;com vítima;316;BR-101/RJ;Sul;Colisão Lateral;;;;;;3;;;;;2;1;;;
26/01/2015;06:22:00;25;com vítima;316,422;BR-101/RJ;Sul;Colisão Lateral;1;;;1;;;;;;;21;;2;;
03/02/2015;07:25:00;33;sem vítima;316;BR-101/RJ;Sul;Colisão Traseira;1;;;;1;;;;;;2;0;0;0;0
05/02/2015;09:40:00;41;com vítima;316;BR-101/RJ;Sul;Queda de Moto;;;;1;;;;;;;0;1;0;0;0
10/02/2015;07:24:00;39;com vítima;316;BR-101/RJ;Sul;Colisão Lateral;1;;;1;;;;;;;1;0;1;0;0
11/02/2015;17:26:00;163;sem vítima;316;BR-101/RJ;Norte;Engavetamento;1;;;;;3;;;;;4;0;0;0;0
21/02/2015;18:38:00;166;com vítima;316;BR-101/RJ;Sul;Engavetamento;3;;;;;;;;;;2;3;0;0;0
24/02/2015;07:49:00;79;sem vítima;316;BR-101/RJ;Sul;Colisão Traseira;1;;;;;1;;;;;2;;;;
04/03/2015;08:02:00;45;sem vítima;316;BR-101/RJ;Sul;Colisão Traseira;;;;;2;;;;;;3;0;0;0;0
10/03/2015;06:52:00;29;com vítima;316;BR-101/RJ;Sul;Engavetamento;2;;;1;;;;;;;7;1;0;0;0
11/03/2015;15:52:00;109;com vítima;316;BR-101/RJ;Sul;Colisão Traseira;2;;;;;;;;;;3;1;0;0;0
11/03/2015;06:47:00;19;com vítima;316,9;BR-101/RJ;Sul;Colisão Traseira;2;;;1;;;;;;;2;1;0;0;0
17/03/2015;18:22:00;152;com vítima;316,95;BR-101/RJ;Norte;Colisão Transversal;1;;;1;;;;;;;1;0;1;0;0
23/03/2015;06:35:00;29;sem vítima;316;BR-101/RJ;Sul;Colisão Traseira;2;;;;;;;;;;2;0;0;0;0
24/03/2015;06:53:00;23;sem vítima;316;BR-101/RJ;Sul;Engavetamento;3;;;;;;;;;;4;0;0;0;0
26/03/2015;22:29:00;191;com vítima;316;BR-101/RJ;Norte;Colisão Lateral;;;;1;;1;;;;;1;1;0;0;0
26/03/2015;22:53:00;193;sem vítima;316;BR-101/RJ;Norte;Colisão Traseira;2;;;;;;;;;;3;0;0;0;0
31/03/2015;08:32:00;64;com vítima;316;BR-101/RJ;Sul;Engavetamento;4;;;;;;;;;;6;0;1;0;0
06/04/2015;09:22:00;69;com vítima;316;BR-101/RJ;Sul;Colisão Traseira;2;;;1;;;;;;;5;1;;;
07/04/2015;08:16:00;55;com vítima;316;BR-101/RJ;Sul;Queda de Moto;;;;1;;;;;;;0;1;;;
05/05/2015;18:24:00;157;sem vítima;316;BR-101/RJ;Sul;Colisão Traseira;2;;;;;;;;;;4;;;;
07/05/2015;06:45:00;35;com vítima;316;BR-101/RJ;Sul;Colisão Lateral;1;;;1;;;;;;;2;;1;;
18/05/2015;16:50:00;164;com vítima;316;BR-101/RJ;Sul;Colisão Lateral;1;;;1;;;;;;;1;2;;;
20/05/2015;16:58:00;163;com vítima;316;BR-101/RJ;Norte;Outros - Sequência;;;;1;;;;;;1;1;1;;;
22/05/2015;06:09:00;37;sem vítima;316;BR-101/RJ;Sul;Colisão Traseira;1;;;;;1;;;;;5;;;;
29/05/2015;06:40:00;17;com vítima;316,512;BR-101/RJ;Sul;Colisão Lateral;1;;;1;;;;;;;1;2;;;
31/05/2015;23:17:00;183;com vítima;316;BR-101/RJ;Norte;Colisão Lateral;;;;2;;;;;;;0;3;;;
22/06/2015;08:41:00;65;sem vítima;316;BR-101/RJ;Norte;Colisão Frontal;1;;;;;1;;;;;2;;;;
29/06/2015;07:23:00;46;com vítima;316;BR-101/RJ;Sul;Outros - Sequência;2;;;;1;;;;;;3;2;;;
23/07/2015;09:55:00;90;sem vítima;316,7;BR-101/RJ;Norte;Colisão Traseira;2;;;;;;;;;;2;;;;
17/08/2015;01:12:00;7;sem vítima;316;BR-101/RJ;Sul;Saida de Pista;1;;;;;;;;;;3;;;;
17/08/2015;06:35:00;31;sem vítima;316;BR-101/RJ;Sul;Colisão Traseira;2;;;;;;;;;;3;;;;
25/08/2015;17:43:00;155;com vítima;316,901;BR-101/RJ;Norte;Queda de Moto;;;;1;;;;;;;0;1;;;
04/09/2015;21:12:00;209;com vítima;316;BR-101/RJ;Norte;Choque - Outros;;;;;;;;;;1;0;1;;;
08/09/2015;15:43:00;179;sem vítima;316;BR-101/RJ;Sul;Colisão Traseira;1;;;1;;;;;;;2;;;;
18/09/2015;23:15:00;301;sem vítima;316,14;BR-101/RJ;Norte;Saida de Pista;1;;;;;;;;;;2;;;;
21/09/2015;14:20:00;124;com vítima;316,667;BR-101/RJ;Norte;Colisão Traseira;;;1;;1;;;;;;19;1;;2;
02/10/2015;16:39:00;166;com vítima;316,32;BR-101/RJ;Norte;Colisão Lateral;;;;1;;1;;;;;1;;2;;
09/10/2015;06:36:00;26;com vítima;316,98;BR-101/RJ;Sul;Colisão Traseira;;;;1;;1;;;;;1;1;;;
04/11/2015;05:54:00;26;com vítima;316,96;BR-101/RJ;Sul;Colisão Lateral;1;;;1;;;;;;;1;1;;;
19/11/2015;11:45:00;103;com vítima;316,892;BR-101/RJ;Norte;Colisão Traseira;2;;;;;;;;;;1;1;;;
21/11/2015;14:16:00;105;com vítima;316;BR-101/RJ;Norte;Colisão Frontal;2;;;;;;;;;;1;1;;;
30/11/2015;20:49:00;239;sem vítima;316;BR-101/RJ;Norte;Engavetamento;3;;;;;;;;;;5;;;;
12/12/2015;09:40:00;83;sem vítima;316;BR-101/RJ;Sul;Colisão Lateral;1;;;1;;;;;;;2;;;;
19/12/2015;00:58:00;4;com vítima;316,9;BR-101/RJ;Norte;Colisão Lateral;2;;;;;;;;;;0;3;;;
23/12/2015;17:10:00;205;sem vítima;316;BR-101/RJ;Norte;Engavetamento;3;;;;;;;;;;10;;;;
23/12/2015;07:04:00;37;sem vítima;316,04;BR-101/RJ;Norte;Saida de Pista;1;;;;;;;;;;1;;;;
12/01/2010;11:50:00;91;sem vítima;317;BR-101/RJ;Norte;Colisão Traseira;2;;;;;;;;;;2;;;;
15/01/2010;21:56:00;209;sem vítima;317;BR-101/RJ;Norte;Saida de Pista;1;;;;;;;;;;1;;;;
15/01/2010;23:36:00;222;sem vítima;317;BR-101/RJ;Sul;Saida de Pista;1;;;;;;;;;;2;;;;
08/02/2010;08:16:00;62;sem vítima;317;BR-101/RJ;Sul;Colisão Lateral;1;;;1;;;;;;;2;;;;
10/02/2010;16:40:00;156;sem vítima;317;BR-101/RJ;Sul;Colisão Traseira;2;;;;;;;;;;5;;;;
18/02/2010;14:03:00;143;sem vítima;317;BR-101/RJ;Sul;Colisão Lateral;1;;;1;;;;;;;2;;;;
01/03/2010;07:58:00;54;sem vítima;317;BR-101/RJ;Sul;Colisão Traseira;1;;1;;;;;;;;2;;;;
03/03/2010;18:21:00;153;sem vítima;317;BR-101/RJ;Norte;Colisão Traseira;3;;;;;1;;;;;6;;;;
22/03/2010;19:02:00;178;sem vítima;317;BR-101/RJ;Norte;Colisão Traseira;2;;;;;;;;;;2;;;;
26/03/2010;06:29:00;37;sem vítima;317;BR-101/RJ;Sul;Colisão Traseira;2;;;;;;;;;;3;;;;
29/03/2010;14:16:00;112;sem vítima;317;BR-101/RJ;Sul;Saida de Pista;1;;;;;;;;;;2;;;;
30/03/2010;20:11:00;187;com vítima;317;BR-101/RJ;Sul;Colisão Traseira;1;;;1;;;;;;;2;;1;;
01/04/2010;07:08:00;46;sem vítima;317;BR-101/RJ;Sul;Colisão Traseira;1;;;;2;;;;;;4;;;;
10/04/2010;17:29:00;144;sem vítima;317;BR-101/RJ;Sul;Colisão Traseira;2;;;;;;;;;;6;;;;
19/04/2010;08:33:00;52;com vítima;317;BR-101/RJ;Sul;Colisão Traseira;1;;;1;;;;;;;3;1;;;
05/05/2010;10:04:00;68;sem vítima;317;BR-101/RJ;Sul;Saida de Pista;;;;;;;;;;1;2;;;;
28/05/2010;07:14:00;39;sem vítima;317;BR-101/RJ;Sul;Colisão Traseira;1;;;1;;;;;;;2;;;;
21/06/2010;06:07:00;17;sem vítima;317;BR-101/RJ;Norte;Saida de Pista;1;;;;;;;;;;1;;;;
22/06/2010;12:37:00;75;sem vítima;317;BR-101/RJ;Norte;Colisão Traseira;1;;;;1;;;;;;3;;;;
13/07/2010;07:21:00;37;sem vítima;317;BR-101/RJ;Sul;Queda de Moto;;;;1;;;;;;;1;;;;
18/07/2010;05:57:00;20;com vítima;317;BR-101/RJ;Sul;Saida de Pista;1;;;;;;;;;;2;1;;;
24/07/2010;06:52:00;38;sem vítima;317;BR-101/RJ;Norte;Saida de Pista;1;;;;;;;;;;2;;;;
26/07/2010;13:39:00;115;sem vítima;317;BR-101/RJ;Sul;Colisão Traseira;1;;;;;;;;;1;6;;;;
28/07/2010;17:11:00;159;sem vítima;317;BR-101/RJ;Norte;Colisão Traseira;2;;;;;;;;;;4;;;;
22/08/2010;05:25:00;20;sem vítima;317;BR-101/RJ;Sul;Saida de Pista;1;;;;;;;;;;1;;;;
24/08/2010;10:08:00;69;sem vítima;317;BR-101/RJ;Sul;Colisão Lateral;1;;1;;;;;;;;2;;;;
09/09/2010;09:40:00;63;sem vítima;317;BR-101/RJ;Sul;Colisão Traseira;2;;;1;;;;;;;3;;;;
16/09/2010;07:29:00;26;com vítima;317;BR-101/RJ;Sul;Colisão Traseira;1;;;1;;;;;;;1;;1;;
16/09/2010;18:24:00;142;sem vítima;317;BR-101/RJ;Sul;Engavetamento;3;;;;;;;;;;6;;;;
28/09/2010;08:15:00;37;sem vítima;317;BR-101/RJ;Sul;Colisão Traseira;;;;;2;;;;;;7;;;;
30/09/2010;19:39:00;156;com vítima;317;BR-101/RJ;Norte;Engavetamento;2;;;1;;;;;;;2;1;;;
05/10/2010;07:53:00;44;com vítima;317;BR-101/RJ;Sul;Colisão Lateral;1;;;1;;;;;;;1;1;1;;
02/11/2010;18:20:00;137;com vítima;317;BR-101/RJ;Norte;Colisão Traseira;2;;;;;;;;;;2;2;;;
12/11/2010;06:37:00;31;com vítima;317;BR-101/RJ;Norte;Atropelamento - Usuário;2;;;1;;;;;;;1;;2;;
26/11/2010;00:54:00;8;sem vítima;317;BR-101/RJ;Norte;Saida de Pista;1;;;;;;;;;;1;;;;
01/12/2010;22:58:00;214;sem vítima;317;BR-101/RJ;Sul;Saida de Pista;1;;;;;;;;;;1;;;;
22/12/2010;07:25:00;41;sem vítima;317;BR-101/RJ;Sul;Colisão Traseira;2;;;;;;;;;;2;;;;
22/12/2010;07:32:00;44;com vítima;317;BR-101/RJ;Sul;Colisão Lateral;1;;;1;;;;;;;1;1;;;
11/01/2011;11:30:00;90;com vítima;317;BR-101/RJ;Norte;Saida de Pista;1;;;;;;;;;;0;2;;;
31/01/2011;07:56:00;45;sem vítima;317;BR-101/RJ;Sul;Colisão Traseira;2;;;;;;;;;;7;;;;
04/02/2011;11:55:00;96;sem vítima;317;BR-101/RJ;Norte;Colisão Traseira;2;;;;;;;;;;2;;;;
08/02/2011;09:21:00;52;sem vítima;317;BR-101/RJ;Sul;Colisão Traseira;2;;;;;;;;;;2;;;;
16/02/2011;06:28:00;31;sem vítima;317;BR-101/RJ;Sul;Colisão Traseira;2;;;;;;;;;;2;;;;
26/02/2011;22:33:00;162;sem vítima;317;BR-101/RJ;Sul;Outros - Sequência;2;;;;;;;;;;3;;;;
28/03/2011;10:18:00;57;sem vítima;299,5;BR-101/RJ;Sul;Queda de Moto;;;;1;;1;;;;;3;;;;
28/03/2011;12:08:00;72;sem vítima;189;BR-101/RJ;Sul;Objeto lançado contra veículo;1;;1;;;;;;;;2;;;;
28/03/2011;13:16:00;84;sem vítima;320;BR-101/RJ;Sul;Colisão Lateral;;;1;;1;;;;;;2;;;;
11/05/2011;19:05:00;152;sem vítima;317;BR-101/RJ;Norte;Saida de Pista;1;;;;;;;;;;1;;;;
22/05/2011;18:37:00;147;sem vítima;317;BR-101/RJ;Sul;Colisão Traseira;2;;;;;;;;;;3;;;;
31/05/2011;07:45:00;28;sem vítima;317;BR-101/RJ;Sul;Colisão Traseira;1;;;;;;;;;1;3;;;;
03/06/2011;16:54:00;150;com vítima;317;BR-101/RJ;Norte;Colisão Traseira;1;;;1;;;;;;;1;;1;;
07/06/2011;07:35:00;33;sem vítima;317;BR-101/RJ;Sul;Colisão Traseira;1;;;;;1;;;;;2;;;;
07/06/2011;07:49:00;37;sem vítima;317;BR-101/RJ;Sul;Colisão Traseira;2;;;;;;;;;;2;;;;
08/06/2011;07:39:00;40;com vítima;317;BR-101/RJ;Sul;Colisão Lateral;1;;;1;;;;;;;1;;2;;
14/06/2011;00:54:00;4;sem vítima;317;BR-101/RJ;Norte;Colisão Traseira;2;;;;;;;;;;4;;;;
14/06/2011;13:49:00;85;sem vítima;317;BR-101/RJ;Norte;Colisão Traseira;2;;;;;;;;;;3;;;;
14/06/2011;16:10:00;104;com vítima;317;BR-101/RJ;Norte;Colisão Lateral;1;;;1;;;;;;;1;;1;;
18/06/2011;06:39:00;25;sem vítima;317;BR-101/RJ;Norte;Colisão Traseira;2;;;;;;;;;;2;;;;
03/08/2011;06:44:00;16;com vítima;317,29998779296875;BR-101/RJ;Sul;Queda de Moto;1;;;1;;;;;;;4;2;;;
19/08/2011;16:59:00;150;com vítima;317,1090087890625;BR-101/RJ;Sul;Saida de Pista;1;;;;;;;;;;0;;1;;
21/08/2011;03:13:00;15;sem vítima;317;BR-101/RJ;Norte;Saida de Pista;1;;;;;;;;;;2;;;;
21/08/2011;19:08:00;136;sem vítima;317,12701416015625;BR-101/RJ;Sul;Colisão Traseira;1;;1;;;;;;;;3;;;;
21/08/2011;01:18:00;6;sem vítima;317,29998779296875;BR-101/RJ;Sul;Saida de Pista;1;;;;;;;;;;5;;;;
24/08/2011;06:40:00;24;com vítima;317,5;BR-101/RJ;Sul;Colisão Traseira;1;;;1;;;;;;;1;2;;;
24/08/2011;07:44:00;30;com vítima;317,6000061035156;BR-101/RJ;Sul;Colisão Traseira;1;;;1;;;;;;;1;2;;;
04/09/2011;02:14:00;7;com vítima;317,70001220703125;BR-101/RJ;Norte;Colisão Traseira;;;2;;;;;;;;1;1;2;;
09/09/2011;16:02:00;123;sem vítima;317;BR-101/RJ;Sul;Saida de Pista;1;;;;;;;;;;1;;;;
19/09/2011;18:57:00;179;sem vítima;317;BR-101/RJ;Norte;Colisão Traseira;2;;;;;;;;;;3;;;;
05/10/2011;07:45:00;40;sem vítima;317;BR-101/RJ;Sul;Queda de Moto;1;;;1;;;;;;;2;;;;
14/10/2011;07:56:00;44;sem vítima;317;BR-101/RJ;Sul;Colisão Traseira;1;;;;;1;;;;;2;;;;
18/10/2011;14:55:00;130;sem vítima;317;BR-101/RJ;Sul;Colisão Traseira;2;;;;;;;;;;2;;;;
24/10/2011;18:31:00;138;com vítima;317;BR-101/RJ;Norte;Atropelamento - Andarilho;2;;;;;;;;;;8;;1;;
02/11/2011;07:08:00;23;com vítima;317;BR-101/RJ;Sul;Colisão Lateral;1;;;1;1;;;;;;1;2;;;
11/11/2011;10:38:00;65;sem vítima;317;BR-101/RJ;Sul;Colisão Traseira;2;;;;;;;;;;4;;;;
17/11/2011;17:27:00;126;sem vítima;317;BR-101/RJ;Norte;Colisão Traseira;2;;;;;;;;;;2;;;;
24/11/2011;18:31:00;141;sem vítima;317,70001220703125;BR-101/RJ;Norte;Colisão Traseira;2;;;;;;;;;;7;;;;
02/12/2011;07:24:00;46;sem vítima;317;BR-101/RJ;Sul;Colisão Traseira;2;;;;;;;;;;3;;;;
03/12/2011;00:52:00;6;sem vítima;317;BR-101/RJ;Norte;Saida de Pista;1;;;;;;;;;;1;;;;
07/12/2011;21:52:00;196;sem vítima;317,5;BR-101/RJ;Norte;Saida de Pista;1;;;;;;;;;;2;;;;
13/12/2011;18:18:00;169;sem vítima;317,5;BR-101/RJ;Sul;Engavetamento;3;;;;;1;;;;;7;;;;
15/12/2011;01:23:00;7;sem vítima;317,70001220703125;BR-101/RJ;Norte;Choque - Defensa, barreira ou "submarino";1;;;;;;;;;;1;;;;
16/12/2011;15:59:00;158;com vítima;317;BR-101/RJ;Sul;Engavetamento;2;;;;;;;;;1;3;;1;;
17/12/2011;04:51:00;23;sem vítima;317;BR-101/RJ;Sul;Colisão Traseira;1;;;;;;;;;;5;;;;
19/12/2011;08:32:00;67;sem vítima;317;BR-101/RJ;Sul;Colisão Traseira;1;;;1;;;;;;;6;;;;
20/12/2011;10:31:00;82;sem vítima;317,29998779296875;BR-101/RJ;Sul;Colisão Traseira;3;;;;;;;;;;4;;;;
31/12/2011;23:06:00;163;sem vítima;317;BR-101/RJ;Norte;Saida de Pista;1;;;;;;;;;;1;;;;
02/01/2012;14:15:00;127;com vítima;317;BR-101/RJ;Sul;Colisão Lateral;;;1;1;;;;;;;2;;2;;
19/01/2012;14:08:00;118;sem vítima;317;BR-101/RJ;Sul;Colisão Traseira;1;;;;;2;;;;;3;;;;
30/01/2012;10:26:00;84;com vítima;317;BR-101/RJ;Sul;Queda de Moto;;;;1;;;;;;;0;1;;;
30/01/2012;06:30:00;34;sem vítima;317,5;BR-101/RJ;Sul;Engavetamento;3;;;;;;;;;;10;;;;
30/01/2012;07:29:00;45;sem vítima;317,5;BR-101/RJ;Sul;Colisão Traseira;2;;;;;;;;;;3;;;;
30/01/2012;06:36:00;35;com vítima;317,8;BR-101/RJ;Sul;Colisão Lateral;1;;;1;;;;;;;1;1;;;
31/01/2012;15:37:00;113;sem vítima;317,9;BR-101/RJ;Sul;Engavetamento;4;;;;;;;;;;9;;;;
02/02/2012;09:05:00;66;sem vítima;317;BR-101/RJ;Sul;Colisão Traseira;3;;;;;;;;;;5;;;;
02/02/2012;07:28:00;46;sem vítima;317,7;BR-101/RJ;Sul;Colisão Traseira;1;;;2;;;;;;;5;;;;
03/02/2012;10:41:00;78;sem vítima;317;BR-101/RJ;Sul;Colisão Traseira;2;1;;;;;;;;;3;;;;
12/02/2012;20:44:00;166;sem vítima;317,8;BR-101/RJ;Norte;Saida de Pista;1;;;;;;;;;;3;;;;
14/02/2012;07:40:00;35;sem vítima;317;BR-101/RJ;Sul;Colisão Traseira;2;;;;;;;;;;6;;;;
18/02/2012;07:59:00;92;sem vítima;317;BR-101/RJ;Norte;Colisão Traseira;2;;;;;;;;;;8;;;;
18/02/2012;09:08:00;110;sem vítima;317;BR-101/RJ;Norte;Colisão Traseira;2;;;;;;;;;;3;;;;
06/03/2012;19:23:00;176;sem vítima;317;BR-101/RJ;Norte;Saida de Pista;1;;;;;;;;;;2;;;;
09/03/2012;06:19:00;28;sem vítima;317,9;BR-101/RJ;Sul;Engavetamento;2;;;;;1;;;;;4;;;;
11/03/2012;04:23:00;13;com vítima;317,9;BR-101/RJ;Norte;Colisão Frontal;2;;;;;;;;;;0;;;8;1
12/03/2012;07:36:00;38;com vítima;317;BR-101/RJ;Sul;Queda de Moto;;;;1;;;;;;;1;1;;;
17/03/2012;16:56:00;128;sem vítima;317;BR-101/RJ;Sul;Colisão Lateral;2;;;;;;;;;;5;;;;
21/03/2012;08:07:00;32;com vítima;317;BR-101/RJ;Sul;Colisão Lateral;1;;;2;;;;;;;3;3;;;
28/03/2012;07:50:00;39;com vítima;317;BR-101/RJ;Sul;Colisão Lateral;1;;;1;;;;;;;2;1;;;
29/03/2012;16:10:00;121;sem vítima;317;BR-101/RJ;Norte;Colisão Traseira;2;;;;;;;;;;5;;;;
29/03/2012;16:54:00;130;sem vítima;317;BR-101/RJ;Norte;Engavetamento;4;;;;;1;;;;1;17;;;;
09/04/2012;00:31:00;2;com vítima;317;BR-101/RJ;Sul;Saida de Pista;1;;;;;;;;;;2;;2;;
24/04/2012;18:09:00;187;sem vítima;317;BR-101/RJ;Norte;Engavetamento;4;;1;;;;;;;;8;;;;
11/05/2012;21:26:00;191;sem vítima;317;BR-101/RJ;Norte;Saida de Pista;1;;;;;;;;;;1;;;;
12/05/2012;08:35:00;49;sem vítima;317;BR-101/RJ;Sul;Colisão Lateral;1;;;;;2;;;;;7;;;;
16/05/2012;18:08:00;157;sem vítima;317;BR-101/RJ;Norte;Colisão Traseira;2;;;;;;;;;;3;;;;
17/05/2012;17:59:00;139;com vítima;317;BR-101/RJ;Sul;Engavetamento;3;;;1;;;;;;;5;;2;;
18/05/2012;19:57:00;165;sem vítima;317;BR-101/RJ;Norte;Colisão Traseira;2;;;;;;;;;1;4;;;;
01/06/2012;20:00:00;188;sem vítima;317;BR-101/RJ;Norte;Colisão Lateral;1;;;1;;;;;;;3;;;;
02/06/2012;04:06:00;29;sem vítima;317;BR-101/RJ;Norte;Saida de Pista;1;;;;;;;;;;1;;;;
06/06/2012;22:37:00;206;sem vítima;317;BR-101/RJ;Sul;Colisão Traseira;1;;;;1;;;;;;2;;;;
11/06/2012;17:51:00;162;sem vítima;317;BR-101/RJ;Norte;Colisão Traseira;3;;;;;;;;;;3;;;;
19/06/2012;17:59:00;186;sem vítima;317,9;BR-101/RJ;Norte;Engavetamento;4;;;;;;;;;;9;;;;
22/06/2012;17:44:00;121;sem vítima;317;BR-101/RJ;Sul;Colisão Traseira;;;2;;;1;;;;;8;;;;
30/06/2012;10:06:00;68;com vítima;317;BR-101/RJ;Norte;Colisão Lateral;1;;;1;;;;;;;1;;1;;
07/08/2012;05:41:00;15;sem vítima;317;BR-101/RJ;Norte;Saida de Pista;1;;;;;;;;;;2;;;;
17/08/2012;03:02:00;7;sem vítima;317,581;BR-101/RJ;Norte;Colisão Traseira;1;;1;;;;;;;;4;;;;
17/08/2012;06:57:00;23;sem vítima;317,677;BR-101/RJ;Sul;Engavetamento;3;;;;;;;;;;9;;;;
24/08/2012;23:49:00;199;com vítima;317,5;BR-101/RJ;Sul;Atropelamento - Andarilho;1;;;;;;;;;;2;;;;1
27/08/2012;08:07:00;51;com vítima;317;BR-101/RJ;Sul;Engavetamento;2;;;;1;;;;;;51;1;;;
29/08/2012;06:34:00;18;sem vítima;317;BR-101/RJ;Sul;Colisão Lateral;1;;;;1;;;;;;2;;;;
30/08/2012;07:33:00;34;com vítima;317,3;BR-101/RJ;Sul;Colisão Lateral;2;;;1;;;;;;1;5;;1;;
05/09/2012;17:15:00;160;sem vítima;317,335;BR-101/RJ;Norte;Colisão Lateral;3;;;;;;;;;;6;;;;
07/09/2012;09:13:00;93;sem vítima;317;BR-101/RJ;Norte;Colisão Lateral;2;;;;;;;;;;4;;;;
07/09/2012;14:37:00;172;sem vítima;317;BR-101/RJ;Norte;Colisão Traseira;2;;;;;;;;;;5;;;;
17/09/2012;07:47:00;52;sem vítima;317;BR-101/RJ;Sul;Colisão Traseira;2;;;;;;;;;;2;;;;
19/09/2012;07:28:00;47;com vítima;317;BR-101/RJ;Sul;Colisão Lateral;1;;;1;;;;;;;1;1;;;
26/09/2012;08:13:00;43;sem vítima;317;BR-101/RJ;Sul;Colisão Traseira;2;;;;1;;;;;;4;;;;
01/10/2012;07:31:00;35;com vítima;317;BR-101/RJ;Sul;Engavetamento;1;;;;2;;;;;;4;1;;;
05/10/2012;16:46:00;171;sem vítima;317;BR-101/RJ;Norte;Engavetamento;3;;;;;;;;;;4;;;;
10/10/2012;06:36:00;37;sem vítima;317;BR-101/RJ;Sul;Engavetamento;2;;;;1;;;;;;3;;;;
16/10/2012;08:06:00;47;sem vítima;317;BR-101/RJ;Sul;Engavetamento;3;;;;1;;;;;1;12;;;;
30/10/2012;06:57:00;36;sem vítima;317;BR-101/RJ;Sul;Queda de Moto;;;;1;;;;;;;1;;;;
31/10/2012;10:52:00;94;sem vítima;317;BR-101/RJ;Sul;Colisão Traseira;2;;;;;;;;;;2;;;;
31/10/2012;07:18:00;42;com vítima;317,8;BR-101/RJ;Sul;Colisão Lateral;1;;;2;;;;;;;2;;1;;
27/11/2012;06:48:00;27;com vítima;317,6;BR-101/RJ;Sul;Colisão Lateral;1;;;1;;;;;;;1;;1;;
30/11/2012;17:05:00;171;sem vítima;317;BR-101/RJ;Sul;Colisão Traseira;;;;;;;;;;2;3;;;;
07/12/2012;09:07:00;81;sem vítima;317;BR-101/RJ;Sul;Engavetamento;3;;;;;;;;;;5;;;;
14/12/2012;23:23:00;235;com vítima;317;BR-101/RJ;Sul;Capotamento;1;;;;;;;;;;1;1;;;
17/12/2012;21:23:00;199;sem vítima;317;BR-101/RJ;Norte;Capotamento;1;;;;;;;;;;1;;;;
30/12/2012;23:19:00;235;sem vítima;317,344;BR-101/RJ;Norte;Saida de Pista;1;;;;;;;;;;5;;;;
30/12/2012;23:19:00;237;sem vítima;317,344;BR-101/RJ;Norte;Colisão Traseira;1;;;;;1;;;;;4;;;;
02/01/2013;06:50:00;50;sem vítima;317,56;BR-101/RJ;Sul;Colisão Traseira;3;;;;;;;;;;10;;;;
04/01/2013;12:01:00;101;sem vítima;317;BR-101/RJ;Sul;Colisão Traseira;2;;;;;;;;;;3;;;;
29/01/2013;21:00:00;161;com vítima;317;BR-101/RJ;Norte;Engavetamento;7;;;;;;;;;;12;;1;;
29/01/2013;21:45:00;169;sem vítima;317;BR-101/RJ;Norte;Colisão Traseira;2;;;;;;;;;;5;;;;
30/01/2013;07:34:00;39;sem vítima;317,4;BR-101/RJ;Sul;Colisão Lateral;2;;;;;;;;;;3;;;;
05/02/2013;07:24:00;32;sem vítima;317,85;BR-101/RJ;Sul;Colisão Traseira;1;;1;;;;;;;;2;;;;
01/03/2013;18:15:00;144;sem vítima;317;BR-101/RJ;Sul;Colisão Traseira;2;;;;;;;;;;2;;;;
04/03/2013;07:21:00;45;sem vítima;317;BR-101/RJ;Sul;Colisão Traseira;2;;;;;;;;;;2;;;;
12/03/2013;19:56:00;168;sem vítima;317;BR-101/RJ;Norte;Saida de Pista;1;;;;;;;;;;1;;;;
19/03/2013;06:15:00;20;sem vítima;317;BR-101/RJ;Sul;Colisão Traseira;2;;;;;;;;;;2;;;;
23/03/2013;23:33:00;218;sem vítima;317,65;BR-101/RJ;Norte;Saida de Pista;1;;;;;;;;;;1;;;;
04/04/2013;04:25:00;18;sem vítima;317,33;BR-101/RJ;Norte;Capotamento;1;;;;;;;;;;2;;;;
08/04/2013;05:44:00;31;com vítima;317,37;BR-101/RJ;Sul;Colisão Traseira;2;;;;;;;;;;2;;3;;
22/04/2013;07:44:00;34;com vítima;317;BR-101/RJ;Sul;Colisão Lateral;1;;;1;;;;;;;2;1;;;
24/04/2013;06:45:00;36;com vítima;317;BR-101/RJ;Sul;Colisão Lateral;;;;1;;1;;;;;1;2;;;
25/04/2013;07:06:00;29;sem vítima;317,9;BR-101/RJ;Sul;Colisão Traseira;1;;;;1;;;;;;2;;;;
30/04/2013;18:20:00;148;sem vítima;317;BR-101/RJ;Norte;Colisão Traseira;2;;;;;;;;;;2;;;;
01/05/2013;10:32:00;49;sem vítima;317,9;BR-101/RJ;Norte;Saida de Pista;1;;;;;;;;;;5;;;;
10/05/2013;19:57:00;161;sem vítima;317;BR-101/RJ;Sul;Colisão Traseira;2;;;;;;;;;;2;;;;
16/05/2013;18:10:00;129;sem vítima;317;BR-101/RJ;Norte;Saida de Pista;1;;;;;;;;;;1;;;;
17/05/2013;16:13:00;130;sem vítima;317;BR-101/RJ;Norte;Saida de Pista;1;;;;;;;;;;2;;;;
17/05/2013;20:48:00;185;sem vítima;317;BR-101/RJ;Sul;Saida de Pista;1;;;;;;;;;;3;;;;