data;horario;n_da_ocorrencia;tipo_de_ocorrencia;km;trecho;sentido;tipo_de_acidente;automovel;bicicleta;caminhao;moto;onibus;outros;tracao_animal;transporte_de_cargas_especiais;trator_maquinas;utilitarios;ilesos;levemente_feridos;moderadamente_feridos;gravemente_feridos;mortos
20/05/2013;17:44:00;135;sem vítima;317;BR-101/RJ;Norte;Colisão Traseira;1;;;;;1;;;;;3;;;;
22/05/2013;18:11:00;141;com vítima;317,23;BR-101/RJ;Norte;Colisão Traseira;2;;;;;;;;;;1;1;3;;
22/05/2013;08:32:00;47;sem vítima;317,463;BR-101/RJ;Sul;Queda de Moto;1;;;1;;;;;;;3;;;;
09/06/2013;19:06:00;124;sem vítima;317,745;BR-101/RJ;Sul;Engavetamento;3;;;;;;;;;;8;;;;
11/06/2013;06:48:00;31;com vítima;317,8;BR-101/RJ;Sul;Colisão Traseira;1;;;1;;;;;;;5;;1;;
14/06/2013;06:44:00;20;com vítima;317,167;BR-101/RJ;Sul;Colisão Traseira;;;;2;1;;;;;;1;1;1;;
14/06/2013;14:38:00;102;com vítima;317,724;BR-101/RJ;Norte;Saida de Pista;1;;;;;;;;;;0;1;;;
22/06/2013;16:33:00;128;sem vítima;317;BR-101/RJ;Norte;Colisão Traseira;2;;;;;;;;;;5;;;;
22/06/2013;01:47:00;11;com vítima;317,429;BR-101/RJ;Norte;Capotamento;1;;;;;;;;;;0;;1;;
04/07/2013;17:48:00;133;sem vítima;317,192;BR-101/RJ;Norte;Engavetamento;3;;;;;;;;;;6;;;;
01/08/2013;18:21:00;141;sem vítima;317;BR-101/RJ;Norte;Engavetamento;3;;;;;;;;;;6;;;;
02/08/2013;19:26:00;175;com vítima;317,01;BR-101/RJ;Norte;Saida de Pista;;;;;;;;;;1;0;3;;;
05/08/2013;06:22:00;30;sem vítima;317;BR-101/RJ;Sul;Colisão Lateral;1;;;;1;;;;;;2;;;;
09/08/2013;08:19:00;34;com vítima;317;BR-101/RJ;Sul;Colisão Lateral;1;;;1;;;;;;;1;2;;;
21/08/2013;14:20:00;120;com vítima;317,533;BR-101/RJ;Sul;Queda de Moto;;;;1;;;;;;;1;1;;;
24/08/2013;15:01:00;137;com vítima;317;BR-101/RJ;Sul;Capotamento;1;;;;;;;;;;0;1;;;
29/08/2013;12:35:00;100;com vítima;317,6;BR-101/RJ;Norte;Saida de Pista;;;1;;;;;;;;0;;;;1
30/08/2013;07:50:00;29;sem vítima;317;BR-101/RJ;Sul;Colisão Traseira;1;;;;1;;;;;;2;;;;
12/09/2013;21:47:00;189;sem vítima;317,86;BR-101/RJ;Norte;Saida de Pista;1;;;;;1;;;;;2;;;;
13/09/2013;11:38:00;100;sem vítima;317,63;BR-101/RJ;Norte;Colisão Traseira;2;;;;;;;;;;4;;;;
14/09/2013;13:06:00;111;sem vítima;317,85;BR-101/RJ;Norte;Colisão Traseira;2;;;;;;;;;;5;;;;
28/09/2013;12:19:00;95;sem vítima;317,738;BR-101/RJ;Norte;Colisão Lateral;;;1;;1;;;;;;5;;;;
03/10/2013;08:29:00;36;com vítima;317,8;BR-101/RJ;Sul;Colisão Lateral;1;;;1;;;;;;;1;1;;;
07/10/2013;22:09:00;165;sem vítima;317;BR-101/RJ;Norte;Colisão Lateral;2;;;;;;;;;;3;;;;
10/10/2013;16:59:00;129;sem vítima;317;BR-101/RJ;Sul;Colisão Traseira;1;;;;;;;;;1;3;;;;
10/10/2013;17:22:00;136;sem vítima;317,585;BR-101/RJ;Sul;Colisão Lateral;1;;;;;;;;;1;2;;;;
18/10/2013;17:22:00;128;sem vítima;317,192;BR-101/RJ;Norte;Colisão Traseira;1;;;;;1;;;;;4;;;;
28/10/2013;18:40:00;142;sem vítima;317;BR-101/RJ;Norte;Engavetamento;3;;;;;;;;;;3;;;;
29/10/2013;16:05:00;123;sem vítima;317;BR-101/RJ;Sul;Colisão Traseira;2;;;;;;;;;;3;;;;
29/10/2013;20:09:00;148;sem vítima;317;BR-101/RJ;Norte;Colisão Traseira;2;;;;;;;;;;4;;;;
29/10/2013;20:18:00;149;sem vítima;317;BR-101/RJ;Norte;Queda de Moto;;;;1;;;;;;;1;;;;
04/11/2013;06:11:00;24;com vítima;317,354;BR-101/RJ;Sul;Colisão Traseira;;;;1;;;;;;1;1;1;1;;
07/11/2013;20:53:00;179;sem vítima;317;BR-101/RJ;Norte;Colisão Lateral;1;;1;;;;;;;;2;;;;
09/11/2013;08:56:00;54;sem vítima;317,968;BR-101/RJ;Sul;Engavetamento;3;;;;;;;;;;4;;;;
19/11/2013;06:07:00;29;sem vítima;317,22;BR-101/RJ;Sul;Engavetamento;3;;;;;;;;;;3;;;;
23/11/2013;10:27:00;66;sem vítima;317,222;BR-101/RJ;Sul;Choque - Defensa, barreira ou "submarino";1;;;;;;;;;;4;;;;
23/11/2013;10:47:00;73;sem vítima;317,222;BR-101/RJ;Sul;Colisão Lateral;2;;;;;;;;;;2;;;;
27/11/2013;06:37:00;40;sem vítima;317;BR-101/RJ;Sul;Colisão Lateral;1;;;;1;;;;;;2;;;;
27/11/2013;07:22:00;46;sem vítima;317;BR-101/RJ;Sul;Colisão Lateral;1;;;1;;;;;;;3;;;;
28/11/2013;18:28:00;176;com vítima;317,9;BR-101/RJ;Sul;Atropelamento - Andarilho;1;;;1;;;;;;;2;2;;;
06/12/2013;07:58:00;43;sem vítima;317;BR-101/RJ;Sul;Colisão Traseira;2;;;;;;;;;;5;;;;
06/12/2013;09:27:00;66;sem vítima;317;BR-101/RJ;Sul;Colisão Lateral;1;;;1;;;;;;;2;;;;
09/12/2013;07:20:00;35;com vítima;317;BR-101/RJ;Sul;Colisão Traseira;1;;;1;;;;;;;1;1;;;
19/12/2013;07:44:00;37;com vítima;317,027;BR-101/RJ;Sul;Atropelamento - Outros;;;;1;;;;;;;1;1;;;
20/12/2013;07:29:00;32;com vítima;317,714;BR-101/RJ;Sul;Colisão Traseira;1;;;1;;;;;;;2;2;;;
25/12/2013;06:45:00;25;sem vítima;317;BR-101/RJ;Norte;Choque - Suporte de Sinalização;1;;;;;;;;;;1;;;;
31/12/2013;15:54:00;120;com vítima;317;BR-101/RJ;Sul;Colisão Traseira;1;;;;;1;;;;;2;2;;;
06/01/2014;11:16:00;70;com vítima;317,91;BR-101/RJ;Sul;Colisão Traseira;;;;1;;1;;;;;1;1;;;
10/01/2014;14:10:00;131;sem vítima;317;BR-101/RJ;Sul;Engavetamento;3;;;;;;;;;;10;;;;
10/01/2014;11:03:00;93;com vítima;317,5;BR-101/RJ;Sul;Colisão Lateral;2;;;1;;;;;;;5;1;;;
20/01/2014;12:00:00;82;sem vítima;317;BR-101/RJ;Sul;Colisão Traseira;2;;;;;;;;;;2;;;;
20/01/2014;10:44:00;69;sem vítima;317,8;BR-101/RJ;Sul;Engavetamento;6;;;;;;;;;1;19;;;;
27/01/2014;16:37:00;156;sem vítima;317,72;BR-101/RJ;Sul;Colisão Traseira;3;;;;;;;;;;7;;;;
09/02/2014;01:48:00;6;com vítima;317,31;BR-101/RJ;Norte;Atropelamento - Sem Informação;;;;;;1;;;;;1;;;;1
20/02/2014;06:08:00;21;com vítima;317;BR-101/RJ;Sul;Colisão Lateral;1;;;1;;;;;;;2;1;;;
20/02/2014;19:41:00;173;sem vítima;317;BR-101/RJ;Norte;Colisão Traseira;1;;1;;;;;;;;3;;;;
27/02/2014;23:02:00;259;sem vítima;317;BR-101/RJ;Norte;Saida de Pista;1;;;;;;;;;;5;;;;
28/02/2014;14:56:00;156;sem vítima;317;BR-101/RJ;Norte;Engavetamento;3;;;;;;;;;;8;;;;
01/03/2014;16:55:00;284;com vítima;317;BR-101/RJ;Norte;Atropelamento - Ambulante;;;;1;;;;;;;0;1;2;;
12/03/2014;08:15:00;57;com vítima;317;BR-101/RJ;Sul;Colisão Traseira;1;;;1;;;;;;;1;1;;;
25/03/2014;20:00:00;170;com vítima;317;BR-101/RJ;Sul;Colisão Lateral;1;;;1;;;;;;;2;;1;;
05/04/2014;13:33:00;100;sem vítima;317;BR-101/RJ;Norte;Colisão Lateral;2;;;;;;;;;;2;;;;
16/04/2014;11:59:00;75;sem vítima;317;BR-101/RJ;Sul;Colisão Traseira;2;;;;;;;;;;2;;;;
10/05/2014;09:30:00;60;sem vítima;317,905;BR-101/RJ;Sul;Engavetamento;3;;;;;;;;;;5;;;;
23/05/2014;06:55:00;33;com vítima;317;BR-101/RJ;Sul;Colisão Lateral;1;;;1;;;;;;;3;1;;;
28/05/2014;17:58:00;137;sem vítima;317,145;BR-101/RJ;Norte;Engavetamento;3;;;;;;;;;;4;;;;
29/05/2014;17:15:00;155;sem vítima;317;BR-101/RJ;Norte;Colisão Lateral;1;;;2;;;;;;;4;;;;
18/06/2014;17:28:00;133;com vítima;317,188;BR-101/RJ;Norte;Colisão Traseira;2;;;;;;;;;;2;1;;;
27/06/2014;07:06:00;28;sem vítima;317;BR-101/RJ;Sul;Engavetamento;1;;;1;;1;;;;;3;;;;
30/06/2014;14:01:00;108;com vítima;317,205;BR-101/RJ;Norte;Queda de Moto;;;;1;;;;;;;0;1;1;;
01/07/2014;08:28:00;54;com vítima;317;BR-101/RJ;Sul;Colisão Lateral;1;;;1;;;;;;;1;1;1;;
05/07/2014;11:01:00;66;sem vítima;317;BR-101/RJ;Sul;Colisão Traseira;1;;;;;;;;;1;2;;;;
06/07/2014;23:10:00;163;com vítima;317;BR-101/RJ;Norte;Queda de Moto;;;;1;;;;;;;0;2;;;
14/07/2014;19:47:00;149;sem vítima;317,699;BR-101/RJ;Norte;Colisão Traseira;2;;;;;;;;;;3;;;;
21/07/2014;07:28:00;42;com vítima;317;BR-101/RJ;Sul;Colisão Lateral;1;;;1;;;;;;;1;1;;;
31/07/2014;07:42:00;34;com vítima;317;BR-101/RJ;Sul;Colisão Lateral;1;;;1;;;;;;;1;1;;;
31/07/2014;18:50:00;161;com vítima;317,755;BR-101/RJ;Norte;Engavetamento;3;;;;;;;;;;3;1;;;
05/08/2014;08:14:00;48;sem vítima;317;BR-101/RJ;Sul;Engavetamento;3;;;;;;;;;;7;;;;
07/08/2014;06:35:00;27;sem vítima;317;BR-101/RJ;Sul;Colisão Lateral;1;;;;;1;;;;;3;;;;
08/08/2014;07:12:00;36;sem vítima;317;BR-101/RJ;Norte;Colisão Lateral;1;;;1;;;;;;;4;;;;
12/08/2014;06:40:00;24;com vítima;317;BR-101/RJ;Sul;Colisão Traseira;1;;;1;;;;;;;1;1;1;;
14/08/2014;10:29:00;62;sem vítima;317;BR-101/RJ;Sul;Colisão Traseira;1;;2;;;;;;;;4;;;;
14/08/2014;18:32:00;122;com vítima;317;BR-101/RJ;Sul;Colisão Traseira;1;;;1;;;;;;;1;1;;;
15/08/2014;06:59:00;23;sem vítima;317;BR-101/RJ;Sul;Queda de Moto;;;;1;;;;;;;1;;;;
15/08/2014;17:22:00;129;sem vítima;317;BR-101/RJ;Sul;Colisão Traseira;2;;;;;;;;;;2;;;;
18/08/2014;14:46:00;112;sem vítima;317;BR-101/RJ;Sul;Colisão Traseira;2;;;;;;;;;;2;;;;
19/08/2014;19:37:00;131;sem vítima;317,432;BR-101/RJ;Sul;Colisão Traseira;2;;;;;;;;;;4;;;;
28/08/2014;17:51:00;109;sem vítima;317,159;BR-101/RJ;Norte;Engavetamento;3;;;;;;;;;;4;;;;
01/09/2014;06:21:00;33;sem vítima;317;BR-101/RJ;Sul;Colisão Lateral;;;;;2;;;;;;2;;;;
01/09/2014;18:21:00;147;sem vítima;317;BR-101/RJ;Sul;Colisão Traseira;2;;;;;;;;;;3;;;;
01/09/2014;21:27:00;172;com vítima;317,815;BR-101/RJ;Norte;Engavetamento;4;;;;;;;;;;7;1;;;
04/09/2014;19:04:00;113;com vítima;317,698;BR-101/RJ;Norte;Colisão Traseira;1;;;1;;;;;;;1;1;;;
17/09/2014;07:21:00;25;com vítima;317,127;BR-101/RJ;Sul;Colisão Traseira;1;;;1;;;;;;;3;1;;;
23/09/2014;18:41:00;145;com vítima;317;BR-101/RJ;Sul;Colisão Lateral;1;;;1;;;;;;;1;1;;;
29/09/2014;08:02:00;44;com vítima;317,435;BR-101/RJ;Sul;Colisão Lateral;1;;;1;;;;;;;2;1;1;;
10/10/2014;09:34:00;68;sem vítima;317;BR-101/RJ;Sul;Colisão Traseira;2;;;;;;;;;;2;;;;
11/10/2014;08:36:00;54;sem vítima;317,917;BR-101/RJ;Sul;Engavetamento;3;;;;;1;;;;;4;;;;
14/10/2014;06:45:00;35;sem vítima;317;BR-101/RJ;Sul;Colisão Lateral;1;;;1;;;;;;;4;;;;
15/10/2014;06:56:00;17;com vítima;317;BR-101/RJ;Sul;Colisão Lateral;2;;;1;;;;;;;3;1;;;
15/10/2014;18:27:00;138;sem vítima;317,122;BR-101/RJ;Norte;Colisão Traseira;2;;;;;;;;;;3;;;;
21/10/2014;10:24:00;68;sem vítima;317,93;BR-101/RJ;Sul;Colisão Traseira;2;;;;;;;;;;2;;;;
08/11/2014;23:46:00;193;sem vítima;317,621;BR-101/RJ;Sul;Choque - Defensa, barreira ou "submarino";1;;;;;;;;;;1;;;;
14/11/2014;11:12:00;90;sem vítima;317;BR-101/RJ;Norte;Colisão Traseira;2;;;;;;;;;;3;;;;
23/11/2014;11:20:00;58;sem vítima;317,17;BR-101/RJ;Norte;Saida de Pista;2;;;;;;;;;;2;;;;
27/11/2014;11:00:00;65;sem vítima;317,28;BR-101/RJ;Sul;Colisão Traseira;;;;1;1;;;;;;2;;;;
08/12/2014;13:17:00;104;sem vítima;317;BR-101/RJ;Sul;Engavetamento;3;;;;;;;;;;3;;;;
12/12/2014;08:48:00;40;sem vítima;317;BR-101/RJ;Sul;Colisão Lateral;1;;;;;1;;;;;2;;;;
19/12/2014;20:05:00;179;sem vítima;317;BR-101/RJ;Sul;Colisão Traseira;2;;;;;;;;;;5;;;;
23/12/2014;10:17:00;74;sem vítima;317;BR-101/RJ;Norte;Engavetamento;3;;;;;;;;;;5;;;;
31/12/2014;09:36:00;73;sem vítima;317;BR-101/RJ;Norte;Colisão Traseira;1;;;;;;;;;1;4;;;;
13/01/2015;00:00:00;5;com vítima;317;BR-101/RJ;Sul;Queda de Moto;;;;1;;;;;;;0;2;;;
19/01/2015;13:50:00;112;sem vítima;317;BR-101/RJ;Sul;Colisão Traseira;2;;;;;;;;;;3;;;;
20/01/2015;10:22:00;69;sem vítima;317;BR-101/RJ;Sul;Colisão Lateral;1;;;1;;;;;;;5;;;;
21/01/2015;14:39:00;128;sem vítima;317;BR-101/RJ;Sul;Colisão Lateral;1;;;1;;;;;;;2;;;;
26/01/2015;08:15:00;46;com vítima;317;BR-101/RJ;Sul;Colisão Traseira;;;1;1;;;;;;;1;1;;;
28/01/2015;06:29:00;25;com vítima;317;BR-101/RJ;Sul;Colisão Traseira;1;;;1;;;;;;;1;1;;;
12/02/2015;16:23:00;163;sem vítima;317;BR-101/RJ;Norte;Colisão Traseira;2;;;;;;;;;;3;0;0;0;0
19/02/2015;08:46:00;46;sem vítima;317;BR-101/RJ;Norte;Colisão Traseira;2;;;;;;;;;;4;0;0;0;0
19/02/2015;09:26:00;55;com vítima;317;BR-101/RJ;Sul;Colisão Lateral;1;;;1;;;;;;;3;2;0;0;0
19/02/2015;13:20:00;118;sem vítima;317;BR-101/RJ;Sul;Colisão Traseira;2;;;;;;;;;;8;0;0;0;0
24/02/2015;07:31:00;39;sem vítima;317;BR-101/RJ;Sul;Outros - Sequência;2;;;1;;;;;;;4;;;;
25/02/2015;16:16:00;114;sem vítima;317;BR-101/RJ;Sul;Colisão Traseira;2;;;;;;;;;;2;;;;
26/02/2015;18:18:00;134;com vítima;317;BR-101/RJ;Norte;Atropelamento - Morador;;;;;;1;;;;;1;1;;;
02/03/2015;06:24:00;31;sem vítima;317;BR-101/RJ;Sul;Colisão Traseira;1;;;;1;;;;;;2;0;0;0;0
04/03/2015;19:13:00;170;com vítima;317,9;BR-101/RJ;Sul;Colisão Lateral;1;;;1;;;;;;;0;2;0;0;0
08/03/2015;23:49:00;218;sem vítima;317;BR-101/RJ;Norte;Colisão Traseira;1;;;;;1;;;;;3;0;0;0;0
19/03/2015;19:12:00;159;sem vítima;317;BR-101/RJ;Sul;Engavetamento;4;;;;;;;;;;7;0;0;0;0
26/03/2015;08:50:00;67;com vítima;317,818;BR-101/RJ;Sul;Colisão Lateral;1;;;1;;;;;;;2;0;1;0;0
09/04/2015;08:48:00;64;sem vítima;317;BR-101/RJ;Sul;Colisão Traseira;2;;;;;;;;;;3;;;;
13/04/2015;06:32:00;29;sem vítima;317;BR-101/RJ;Sul;Colisão Lateral;1;;;1;;;;;;;2;;;;
29/05/2015;21:57:00;170;com vítima;317;BR-101/RJ;Sul;Colisão Lateral;1;;;1;;;;;;;1;;;1;
30/05/2015;15:37:00;146;sem vítima;317;BR-101/RJ;Sul;Colisão Traseira;2;;;;;;;;;;2;;;;
16/06/2015;18:07:00;148;sem vítima;317;BR-101/RJ;Norte;Colisão Traseira;2;;;;;;;;;;2;;;;
16/07/2015;02:00:00;8;sem vítima;317,355;BR-101/RJ;Sul;Choque - Defensa, barreira ou "submarino";1;;;;;;;;;;1;;;;
12/08/2015;16:01:00;154;com vítima;317;BR-101/RJ;Norte;Colisão Lateral;1;;1;;;;;;;;0;2;;;
12/08/2015;15:42:00;151;com vítima;317,588;BR-101/RJ;Norte;Engavetamento;2;;;1;;;;;;;2;1;;;
31/08/2015;10:30:00;95;com vítima;317;BR-101/RJ;Sul;Queda de Moto;1;;;1;;;;;;;1;1;;;
08/09/2015;08:28:00;90;sem vítima;317;BR-101/RJ;Sul;Colisão Lateral;1;;;1;;;;;;;3;;;;
16/09/2015;18:31:00;211;sem vítima;317;BR-101/RJ;Norte;Colisão Traseira;2;;;;;;;;;;3;;;;
13/10/2015;06:29:00;33;sem vítima;317;BR-101/RJ;Sul;Colisão Traseira;2;;;;;;;;;;2;;;;
27/10/2015;10:07:00;66;sem vítima;317,097;BR-101/RJ;Norte;Colisão Traseira;2;;;;;;;;;;2;;;;
03/11/2015;06:22:00;40;sem vítima;317,565;BR-101/RJ;Sul;Colisão Traseira;2;;;;;;;;;;3;;;;
17/11/2015;03:51:00;11;sem vítima;317,853;BR-101/RJ;Sul;Choque - Suporte de Sinalização;;;1;;;;;;;;1;;;;
15/12/2015;16:58:00;211;com vítima;317,8;BR-101/RJ;Norte;Engavetamento;6;;;;;;;;;;9;4;;;
16/12/2015;16:49:00;193;sem vítima;317;BR-101/RJ;Norte;Engavetamento;3;;;;;;;;;;3;;;;
21/12/2015;08:53:00;66;sem vítima;317;BR-101/RJ;Sul;Colisão Traseira;2;;;;;;;;;;5;;;;
25/12/2015;04:23:00;14;sem vítima;317,133;BR-101/RJ;Norte;Choque - Defensa, barreira ou "submarino";1;;;;;;;;;;3;;;;
09/01/2010;10:46:00;81;com vítima;318;BR-101/RJ;Sul;Colisão Traseira;;;;1;;1;;;;;1;;1;;
11/01/2010;13:15:00;113;sem vítima;318;BR-101/RJ;Sul;Colisão Traseira;2;;;;;;;;;;2;;;;
14/01/2010;16:21:00;125;sem vítima;318;BR-101/RJ;Norte;Saida de Pista;1;;;;;1;;;;;2;;;;
31/01/2010;16:41:00;144;sem vítima;318;BR-101/RJ;Sul;Colisão Traseira;2;;;;;;;;;;7;;;;
18/02/2010;15:30:00;167;sem vítima;318;BR-101/RJ;Norte;Capotamento;1;;;;;;;;;;3;;;;
25/02/2010;10:44:00;61;sem vítima;318;BR-101/RJ;Sul;Colisão Traseira;2;;;;;;;;;;2;;;;
05/03/2010;14:16:00;122;com vítima;318;BR-101/RJ;Sul;Colisão Lateral;1;;;1;;;;;;;1;;;1;
19/03/2010;15:30:00;147;sem vítima;318;BR-101/RJ;Sul;Objeto lançado contra veículo;1;;1;;;;;;;;2;;;;
23/03/2010;09:59:00;57;com vítima;318;BR-101/RJ;Sul;Colisão Traseira;2;;1;;1;;;;;;9;;3;;
27/03/2010;16:21:00;119;sem vítima;318;BR-101/RJ;Sul;Colisão Lateral;1;;;;;;;;;;1;;;;
04/04/2010;13:54:00;104;sem vítima;318;BR-101/RJ;Sul;Saida de Pista;1;;;;;;;;;;1;;;;
21/04/2010;17:12:00;146;com vítima;318;BR-101/RJ;Sul;Outros;;1;;;;1;;;;;1;1;;;
26/04/2010;07:00:00;37;sem vítima;318;BR-101/RJ;Norte;Colisão Lateral;1;;;1;;;;;;;2;;;;
28/04/2010;06:13:00;34;sem vítima;318;BR-101/RJ;Sul;Engavetamento;3;;;;1;;;;;;25;;;;
30/04/2010;00:04:00;1;sem vítima;318;BR-101/RJ;Norte;Colisão Traseira;2;;;;;;;;;;4;;;;
30/04/2010;05:40:00;28;com vítima;318;BR-101/RJ;Sul;Saida de Pista;1;;;;;;;;;;3;1;;;
30/04/2010;06:14:00;33;sem vítima;318;BR-101/RJ;Sul;Queda de Moto;;;;1;;;;;;;1;;;;
30/04/2010;20:46:00;160;sem vítima;318;BR-101/RJ;Norte;Colisão Traseira;1;;1;;;;;;;;3;;;;
05/05/2010;06:16:00;23;com vítima;318;BR-101/RJ;Sul;Colisão Traseira;1;;;1;;;;;;;2;;1;;
15/05/2010;13:23:00;102;sem vítima;318;BR-101/RJ;Norte;Saida de Pista;1;;;;;;;;;;1;;;;
23/05/2010;12:49:00;83;sem vítima;318;BR-101/RJ;Sul;Saida de Pista;1;;;;;;;;;;1;;;;
02/06/2010;06:32:00;22;com vítima;318;BR-101/RJ;Sul;Colisão Lateral;1;;;1;;;;;;;3;;1;;
02/06/2010;17:31:00;149;sem vítima;318;BR-101/RJ;Norte;Engavetamento;2;;;;;;;;;1;6;;;;
07/06/2010;07:08:00;40;com vítima;318;BR-101/RJ;Sul;Colisão Traseira;2;;;1;;;;;;;2;;2;;
09/06/2010;06:42:00;31;sem vítima;318;BR-101/RJ;Sul;Colisão Traseira;1;;;1;;;;;;;2;;;;
13/06/2010;07:16:00;37;sem vítima;318;BR-101/RJ;Norte;Saida de Pista;1;;;;;;;;;;1;;;;
17/06/2010;00:14:00;3;sem vítima;318;BR-101/RJ;Sul;Saida de Pista;1;;;;;;;;;;1;;;;
22/06/2010;17:51:00;121;sem vítima;318;BR-101/RJ;Norte;Colisão Lateral;1;;;;;;;;;;1;;;;
02/07/2010;18:45:00;140;com vítima;318;BR-101/RJ;Norte;Colisão Frontal;2;;;;;;;;;;1;;1;;
05/07/2010;18:36:00;155;sem vítima;318;BR-101/RJ;Sul;Colisão Traseira;2;;;;;;;;;;2;;;;
12/07/2010;11:35:00;107;sem vítima;318;BR-101/RJ;Sul;Choque - Elemento de Drenagem;1;;;;;;;;;;2;;;;
19/07/2010;08:49:00;57;com vítima;318;BR-101/RJ;Sul;Colisão Traseira;;;;1;;;;;;1;1;;1;;
22/07/2010;18:48:00;180;sem vítima;318;BR-101/RJ;Norte;Colisão Traseira;3;;;;;;;;;;5;;;;
25/07/2010;22:12:00;185;sem vítima;318;BR-101/RJ;Norte;Saida de Pista;1;;;;;;;;;;1;;;;
27/07/2010;04:02:00;21;sem vítima;318;BR-101/RJ;Sul;Saida de Pista;1;;;;;;;;;;1;;;;
07/08/2010;06:09:00;34;sem vítima;318;BR-101/RJ;Sul;Saida de Pista;1;;;;;;;;;;1;;;;
10/08/2010;07:53:00;46;com vítima;318;BR-101/RJ;Sul;Colisão Lateral;;;;2;;;;;;;1;;1;;
19/08/2010;06:20:00;21;sem vítima;318;BR-101/RJ;Sul;Colisão Lateral;1;;;1;;;;;;;4;;;;
20/08/2010;22:35:00;193;sem vítima;318;BR-101/RJ;Norte;Saida de Pista;1;;;;;;;;;;1;;;;
24/08/2010;16:39:00;153;com vítima;318;BR-101/RJ;Norte;Atropelamento - Morador;2;;;;;;;;;;3;;1;;
25/08/2010;06:23:00;21;sem vítima;318;BR-101/RJ;Sul;Colisão Lateral;1;;;1;;;;;;;2;;;;
28/08/2010;01:37:00;9;sem vítima;318;BR-101/RJ;Norte;Saida de Pista;1;;;;;;;;;;3;;;;
30/08/2010;08:10:00;50;sem vítima;318;BR-101/RJ;Sul;Colisão Traseira;;;1;;1;;;;;;4;;;;
30/08/2010;20:28:00;186;sem vítima;318;BR-101/RJ;Norte;Engavetamento;2;;1;;;;;;;;8;;;;
01/09/2010;06:33:00;21;sem vítima;318;BR-101/RJ;Sul;Colisão Lateral;1;;;;1;;;;;;3;;;;
01/09/2010;06:53:00;24;sem vítima;318;BR-101/RJ;Sul;Colisão Traseira;1;;;;;;;;;1;3;;;;
14/09/2010;03:43:00;14;sem vítima;318;BR-101/RJ;Sul;Colisão Traseira;1;;1;;;;;;;;4;;;;
14/09/2010;03:43:00;15;sem vítima;318;BR-101/RJ;Sul;Colisão Traseira;1;;;;;1;;;;;2;;;;
19/09/2010;23:45:00;171;com vítima;318;BR-101/RJ;Sul;Queda de Moto;;;;1;;;;;;;0;;2;;
22/09/2010;13:12:00;111;sem vítima;318;BR-101/RJ;Sul;Colisão Traseira;1;;1;;;;;;;;2;;;;
26/09/2010;10:12:00;52;com vítima;318;BR-101/RJ;Sul;Queda de Moto;1;;;1;;;;;;;1;;1;;
26/09/2010;19:18:00;135;sem vítima;318;BR-101/RJ;Norte;Engavetamento;3;;;;;;;;;;5;;;;
08/10/2010;19:38:00;156;com vítima;318;BR-101/RJ;Sul;Queda de Moto;;;;1;;;;;;;0;2;;;
10/10/2010;06:25:00;49;sem vítima;318;BR-101/RJ;Sul;Saida de Pista;1;;;;;;;;;;1;;;;
19/10/2010;19:53:00;159;sem vítima;318;BR-101/RJ;Sul;Colisão Traseira;2;;;;;1;;;;;6;;;;
20/10/2010;07:45:00;39;sem vítima;318;BR-101/RJ;Sul;Engavetamento;3;;;;;;;;;;6;;;;
21/10/2010;19:43:00;176;sem vítima;318;BR-101/RJ;Norte;Colisão Traseira;2;;;;;;;;;;6;;;;
18/11/2010;07:03:00;55;com vítima;318;BR-101/RJ;Sul;Colisão Traseira;1;;;1;;;;;;;0;3;;;
22/11/2010;07:25:00;42;com vítima;318;BR-101/RJ;Sul;Atropelamento - Andarilho;;;;;;1;;;;;1;1;;;
25/11/2010;06:59:00;37;com vítima;318;BR-101/RJ;Sul;Colisão Lateral;1;;;1;;;;;;;1;1;;;
02/12/2010;17:33:00;143;sem vítima;318;BR-101/RJ;Sul;Engavetamento;3;;;;;;;;;;5;;;;
04/12/2010;18:10:00;156;sem vítima;318;BR-101/RJ;Sul;Saida de Pista;1;;;;;;;;;;1;;;;
05/12/2010;22:11:00;191;sem vítima;318;BR-101/RJ;Norte;Saida de Pista;1;;;;;;;;;;2;;;;
05/12/2010;22:44:00;197;sem vítima;318;BR-101/RJ;Norte;Saida de Pista;1;;;;;;;;;;1;;;;
06/12/2010;08:18:00;66;sem vítima;318;BR-101/RJ;Sul;Colisão Traseira;;;;;2;;;;;;3;;;;
11/12/2010;18:24:00;168;sem vítima;318;BR-101/RJ;Norte;Colisão Lateral;2;;;;;;;;;;4;;;;
20/12/2010;06:13:00;19;com vítima;318;BR-101/RJ;Sul;Colisão Transversal;1;;;1;;;;;;;1;1;;;
21/12/2010;02:55:00;21;com vítima;318;BR-101/RJ;Norte;Colisão Traseira;1;;;1;;;;;;;1;;3;;
04/01/2011;06:49:00;38;sem vítima;318;BR-101/RJ;Sul;Colisão Lateral;2;;;;1;;;;;;5;;;;
07/01/2011;03:48:00;19;sem vítima;318;BR-101/RJ;Norte;Saida de Pista;1;;;;;;;;;;1;;;;
07/01/2011;22:52:00;224;sem vítima;318;BR-101/RJ;Sul;Colisão Traseira;2;;;;;;;;;;2;;;;
10/01/2011;09:00:00;59;com vítima;318;BR-101/RJ;Sul;Colisão Traseira;1;;;;1;;;;;;3;;1;;
11/01/2011;06:48:00;35;sem vítima;318;BR-101/RJ;Sul;Colisão Traseira;2;;;;;;;;;;2;;;;
11/01/2011;07:42:00;44;sem vítima;318;BR-101/RJ;Sul;Colisão Traseira;1;;;;1;;;;;;4;;;;
12/01/2011;23:32:00;178;sem vítima;318;BR-101/RJ;Norte;Saida de Pista;1;;;;;;;;;;1;;;;
20/01/2011;10:23:00;60;sem vítima;318;BR-101/RJ;Sul;Colisão Traseira;1;;;;1;;;;;;4;;;;
21/01/2011;15:08:00;135;com vítima;318;BR-101/RJ;Sul;Queda de Moto;;;;1;;;;;;;0;1;1;;