data;horario;n_da_ocorrencia;tipo_de_ocorrencia;km;trecho;sentido;tipo_de_acidente;automovel;bicicleta;caminhao;moto;onibus;outros;tracao_animal;transporte_de_cargas_especiais;trator_maquinas;utilitarios;ilesos;levemente_feridos;moderadamente_feridos;gravemente_feridos;mortos
25/01/2011;07:37:00;43;sem vítima;318;BR-101/RJ;Sul;Colisão Lateral;;;;;1;;;;;1;2;;;;
25/01/2011;08:16:00;55;sem vítima;318;BR-101/RJ;Sul;Colisão Traseira;2;;;;;;;;;;2;;;;
27/01/2011;14:00:00;122;com vítima;318;BR-101/RJ;Norte;Colisão Traseira;1;;;1;;;;;;;3;1;;;
31/01/2011;07:25:00;36;sem vítima;318;BR-101/RJ;Sul;Colisão Traseira;1;;;1;;;;;;;3;;;;
03/02/2011;00:24:00;2;com vítima;318;BR-101/RJ;Sul;Saida de Pista;1;;;;;;;;;;0;1;;;
19/02/2011;05:14:00;18;sem vítima;318;BR-101/RJ;Norte;Saida de Pista;1;;;;;;;;;;1;;;;
20/02/2011;20:02:00;180;sem vítima;318;BR-101/RJ;Sul;Colisão Traseira;3;;;;;;;;;;13;;;;
21/02/2011;06:38:00;31;com vítima;318;BR-101/RJ;Sul;Colisão Traseira;;;;2;;1;;;;;2;;2;;
22/02/2011;08:27:00;37;com vítima;318;BR-101/RJ;Sul;Outros - Sequência;2;;;1;;;;;;;4;;1;;
28/03/2011;13:27:00;86;com vítima;317;BR-101/RJ;Sul;Colisão Lateral;1;;;1;;;;;;;2;;1;;
28/03/2011;16:14:00;112;sem vítima;320;BR-101/RJ;Norte;Engavetamento;3;;;;;;;;;;3;;;;
12/05/2011;17:38:00;140;com vítima;318;BR-101/RJ;Norte;Colisão Traseira;1;;;1;;;;;;;1;;1;;
15/05/2011;06:26:00;41;sem vítima;318;BR-101/RJ;Sul;Colisão Frontal;2;;;;;;;;;;7;;;;
20/05/2011;09:01:00;42;sem vítima;318;BR-101/RJ;Sul;Saida de Pista;1;;;;;;;;;;1;;;;
24/05/2011;07:42:00;33;com vítima;318;BR-101/RJ;Norte;Colisão Traseira;;;;2;;;;;;;0;2;;;
25/05/2011;16:29:00;131;sem vítima;318;BR-101/RJ;Norte;Saida de Pista;1;;;;;;;;;;2;;;;
03/06/2011;06:36:00;36;sem vítima;318;BR-101/RJ;Sul;Colisão Traseira;2;;;;;;;;;;2;;;;
03/06/2011;17:01:00;151;sem vítima;318;BR-101/RJ;Norte;Colisão Traseira;1;;;;;;;;;;1;;;;
03/06/2011;19:38:00;187;sem vítima;318;BR-101/RJ;Norte;Colisão Traseira;2;;;;;;;;;;5;;;;
09/06/2011;17:12:00;141;sem vítima;318;BR-101/RJ;Norte;Saida de Pista;1;;;;;;;;;;1;;;;
17/06/2011;06:14:00;26;sem vítima;318;BR-101/RJ;Sul;Colisão Traseira;2;;;;;;;;;;3;;;;
20/06/2011;08:31:00;46;sem vítima;318;BR-101/RJ;Sul;Colisão Traseira;1;;;1;;;;;;;4;;;;
20/06/2011;09:07:00;57;sem vítima;318;BR-101/RJ;Sul;Queda de Moto;;;;1;;1;;;;;2;;;;
28/06/2011;18:32:00;154;sem vítima;318;BR-101/RJ;Norte;Colisão Traseira;1;;;;;1;;;;;2;;;;
29/06/2011;06:36:00;25;com vítima;318;BR-101/RJ;Sul;Colisão Lateral;;;;1;;1;;;;;1;1;;;
29/06/2011;15:50:00;122;com vítima;318,5400085449219;BR-101/RJ;Sul;Colisão Traseira;2;;;;;;;;;;2;1;1;;
01/08/2011;18:52:00;182;sem vítima;318,8999938964844;BR-101/RJ;Norte;Colisão Traseira;2;;;;;;;;;;5;;;;
03/08/2011;06:56:00;20;com vítima;318,79998779296875;BR-101/RJ;Sul;Queda de Moto;1;;;1;;;;;;;2;;1;;
06/08/2011;05:27:00;27;sem vítima;318;BR-101/RJ;Norte;Capotamento;1;;;;;;;;;;1;;;;
08/08/2011;07:19:00;42;sem vítima;318;BR-101/RJ;Sul;Engavetamento;2;;;;;1;;;;;3;;;;
16/08/2011;08:46:00;46;com vítima;318;BR-101/RJ;Sul;Colisão Traseira;;;;1;;;;;;1;2;1;;;
02/09/2011;21:29:00;166;com vítima;318,4330139160156;BR-101/RJ;Norte;Colisão Traseira;2;;;;;;;;;;1;;1;;
10/09/2011;20:36:00;157;sem vítima;318;BR-101/RJ;Sul;Saida de Pista;1;;;;;;;;;;2;;;;
11/09/2011;07:00:00;38;sem vítima;318;BR-101/RJ;Norte;Saida de Pista;1;;;;;;;;;;1;;;;
12/09/2011;06:28:00;28;com vítima;318;BR-101/RJ;Sul;Colisão Lateral;2;;;1;;;;;;;7;1;;;
17/09/2011;05:30:00;24;sem vítima;318;BR-101/RJ;Sul;Saida de Pista;1;;;;;;;;;;1;;;;
27/09/2011;21:27:00;176;com vítima;318;BR-101/RJ;Norte;Queda de Moto;;;1;1;;;;;;;1;;1;;
04/10/2011;19:10:00;160;com vítima;318;BR-101/RJ;Sul;Engavetamento;3;;;;;;;;;;4;;1;;
05/10/2011;07:33:00;38;sem vítima;318;BR-101/RJ;Sul;Colisão Lateral;1;;;1;;;;;;;2;;;;
10/10/2011;06:26:00;31;sem vítima;318;BR-101/RJ;Sul;Colisão Traseira;2;;;;;;;;;;3;;;;
11/10/2011;07:21:00;37;sem vítima;318;BR-101/RJ;Sul;Colisão Traseira;2;;;;;;;;;;2;;;;
13/10/2011;07:10:00;31;com vítima;318;BR-101/RJ;Sul;Colisão Traseira;1;;;1;;;;;;;1;2;;;
18/10/2011;16:36:00;149;sem vítima;318;BR-101/RJ;Sul;Colisão Traseira;2;;;;;;;;;;3;;;;
25/10/2011;10:23:00;79;sem vítima;318;BR-101/RJ;Sul;Colisão Traseira;2;;;;;;;;;;4;;;;
04/11/2011;06:46:00;28;com vítima;318;BR-101/RJ;Sul;Colisão Lateral;1;;;1;;;;;;;1;1;;;
15/11/2011;16:22:00;113;com vítima;318;BR-101/RJ;Sul;Queda de Moto;;;;1;;;;;;;0;2;;;
19/11/2011;18:19:00;103;sem vítima;318;BR-101/RJ;Norte;Colisão Traseira;2;;;;;;;;;;4;;;;
25/11/2011;08:26:00;47;com vítima;318;BR-101/RJ;Sul;Atropelamento - Andarilho;;;;;;1;;;;;1;1;;;
27/11/2011;17:18:00;121;sem vítima;318;BR-101/RJ;Sul;Colisão Traseira;1;;;;1;;;;;;5;;;;
28/11/2011;11:29:00;83;sem vítima;318;BR-101/RJ;Sul;Colisão Traseira;;;;;;1;;;;1;2;;;;
01/12/2011;08:01:00;41;com vítima;318,8999938964844;BR-101/RJ;Sul;Queda de Moto;;;;1;;;;;;;0;1;;;
02/12/2011;20:35:00;213;sem vítima;318;BR-101/RJ;Norte;Colisão Traseira;2;;;;;;;;;;2;;;;
06/12/2011;08:05:00;45;com vítima;318;BR-101/RJ;Sul;Colisão Lateral;1;;;1;;;;;;;1;1;;;
09/12/2011;07:31:00;35;sem vítima;318;BR-101/RJ;Sul;Colisão Lateral;1;;;1;;;;;;;2;;;;
09/12/2011;11:05:00;74;com vítima;318;BR-101/RJ;Sul;Colisão Traseira;1;;;1;;;;;;;2;;1;;
11/12/2011;17:21:00;129;sem vítima;318,1000061035156;BR-101/RJ;Sul;Engavetamento;3;;;;;;;;;;6;;;;
15/12/2011;07:15:00;34;sem vítima;318;BR-101/RJ;Sul;Colisão Lateral;1;;1;;;;;;;;3;;;;
16/12/2011;15:15:00;150;sem vítima;318;BR-101/RJ;Sul;Saida de Pista;1;;;;;;;;;;2;;;;
16/12/2011;19:27:00;204;sem vítima;318;BR-101/RJ;Norte;Engavetamento;3;;;;;;;;;;7;;;;
17/12/2011;22:40:00;207;sem vítima;318;BR-101/RJ;Sul;Saida de Pista;;;;;;;;;;1;1;;;;
23/12/2011;22:02:00;246;sem vítima;318;BR-101/RJ;Norte;Saida de Pista;1;;;;;;;;;;2;;;;
24/12/2011;02:59:00;21;com vítima;318;BR-101/RJ;Sul;Colisão Traseira;2;;;;;;;;;;2;;1;;
30/12/2011;05:28:00;23;sem vítima;318;BR-101/RJ;Sul;Colisão Traseira;2;;;;;;;;;;4;;;;
31/12/2011;19:20:00;138;com vítima;318;BR-101/RJ;Norte;Saida de Pista;1;;;;;;;;;;1;1;;;
03/01/2012;06:30:00;42;sem vítima;318;BR-101/RJ;Norte;Colisão Traseira;2;;;;;;;;;;3;;;;
11/01/2012;13:21:00;111;com vítima;318;BR-101/RJ;Norte;Queda de Moto;;;;1;;;;;;;0;;;1;
13/01/2012;18:53:00;186;com vítima;318;BR-101/RJ;Norte;Queda de Moto;;;;1;;;;;;;0;;1;;
14/01/2012;01:34:00;7;sem vítima;318;BR-101/RJ;Norte;Saida de Pista;1;;;;;;;;;;1;;;;
16/01/2012;23:50:00;228;sem vítima;318;BR-101/RJ;Sul;Colisão Lateral;1;;1;;;;;;;;2;;;;
17/01/2012;00:19:00;4;sem vítima;318,5;BR-101/RJ;Sul;Colisão Traseira;1;;;;;1;;;;;5;;;;
18/01/2012;11:31:00;86;com vítima;318;BR-101/RJ;Sul;Queda de Moto;;;;1;;;;;;;0;1;;;
18/01/2012;21:31:00;186;com vítima;318;BR-101/RJ;Norte;Queda de Moto;;;;1;;;;;;;0;1;;;
18/01/2012;23:30:00;202;com vítima;318;BR-101/RJ;Norte;Queda de Moto;;;;1;;;;;;;0;1;;;
24/01/2012;17:35:00;156;sem vítima;318;BR-101/RJ;Norte;Colisão Traseira;2;;;;;;;;;;2;;;;
27/01/2012;16:22:00;115;sem vítima;318;BR-101/RJ;Sul;Colisão Traseira;3;;;;;;;;;;5;;;;
31/01/2012;21:17:00;166;sem vítima;318;BR-101/RJ;Norte;Queda de Moto;;;;1;;;;;;;2;;;;
31/01/2012;21:40:00;170;sem vítima;318;BR-101/RJ;Norte;Queda de Moto;;;;1;;;;;;;2;;;;
02/02/2012;06:15:00;31;com vítima;318,25;BR-101/RJ;Sul;Engavetamento;4;;;;;;;;;;8;1;;;
03/02/2012;15:15:00;124;sem vítima;318;BR-101/RJ;Sul;Engavetamento;3;;;;;;;;;;7;;;;
07/02/2012;07:23:00;37;sem vítima;318;BR-101/RJ;Sul;Colisão Traseira;1;;;1;;;;;;;2;;;;
18/02/2012;07:51:00;90;sem vítima;318;BR-101/RJ;Norte;Colisão Traseira;2;;;;;;;;;;2;;;;
24/02/2012;17:46:00;139;sem vítima;318;BR-101/RJ;Sul;Colisão Traseira;2;;;;;;;;;;5;;;;
02/03/2012;18:54:00;178;sem vítima;318;BR-101/RJ;Norte;Colisão Traseira;2;;;;;;;;;;2;;;;
03/03/2012;20:56:00;158;com vítima;318;BR-101/RJ;Norte;Colisão Lateral;2;;;;;;;;;;6;1;;;
04/03/2012;15:49:00;95;com vítima;318;BR-101/RJ;Norte;Queda de Moto;1;;;1;;;;;;;2;1;;;
06/03/2012;07:26:00;41;sem vítima;318;BR-101/RJ;Sul;Colisão Lateral;1;;;1;;;;;;;2;;;;
08/03/2012;07:56:00;33;sem vítima;318;BR-101/RJ;Sul;Colisão Traseira;2;;;;;;;;;;2;;;;
09/03/2012;08:40:00;51;sem vítima;318;BR-101/RJ;Sul;Colisão Traseira;2;;;;;;;;;;4;;;;
11/03/2012;06:24:00;20;com vítima;318;BR-101/RJ;Sul;Queda de Moto;;;;1;;;;;;;0;1;;;
11/03/2012;19:52:00;163;sem vítima;318;BR-101/RJ;Sul;Saida de Pista;1;;;;;;;;;;1;;;;
12/03/2012;10:41:00;81;com vítima;318;BR-101/RJ;Sul;Queda de Moto;;;;1;;;;;;;0;1;;;
12/03/2012;22:53:00;219;sem vítima;318;BR-101/RJ;Sul;Tombamento;;;1;;;;;;;;1;;;;
13/03/2012;18:46:00;174;sem vítima;318,8;BR-101/RJ;Sul;Colisão Lateral;1;;1;;;;;;;;2;;;;
19/03/2012;18:47:00;150;sem vítima;318;BR-101/RJ;Norte;Colisão Traseira;2;;;;;;;;;;6;;;;
27/03/2012;05:09:00;16;sem vítima;318;BR-101/RJ;Sul;Saida de Pista;1;;;;;;;;;;1;;;;
29/03/2012;08:44:00;47;sem vítima;318;BR-101/RJ;Sul;Colisão Lateral;1;;1;;;;;;;;5;;;;
02/04/2012;10:10:00;85;com vítima;318;BR-101/RJ;Sul;Colisão Traseira;1;;;1;;;;;;;2;1;;;
03/04/2012;14:49:00;106;com vítima;318;BR-101/RJ;Sul;Queda de Moto;;;;1;;;;;;;0;2;;;
04/04/2012;16:34:00;140;sem vítima;318;BR-101/RJ;Norte;Engavetamento;4;;;;;;;;;;6;;;;
04/04/2012;16:44:00;143;sem vítima;318;BR-101/RJ;Sul;Colisão Traseira;2;;;;;;;;;;3;;;;
09/04/2012;17:48:00;158;sem vítima;318;BR-101/RJ;Sul;Engavetamento;3;;;;;;;;;;6;;;;
10/04/2012;20:21:00;164;com vítima;318;BR-101/RJ;Norte;Colisão Traseira;1;;;2;;;;;;;1;;3;;
11/04/2012;08:09:00;46;sem vítima;318;BR-101/RJ;Sul;Colisão Traseira;1;;;;;1;;;;;3;;;;
11/04/2012;11:58:00;87;com vítima;318;BR-101/RJ;Norte;Queda de Moto;;;;1;;;;;;;0;1;;;
20/04/2012;22:26:00;188;com vítima;318;BR-101/RJ;Norte;Queda de Moto;;;;1;;;;;;;0;1;1;;
22/04/2012;18:12:00;111;sem vítima;318;BR-101/RJ;Norte;Colisão Traseira;1;;;;;1;;;;;6;;;;
25/04/2012;07:34:00;37;sem vítima;318;BR-101/RJ;Sul;Colisão Traseira;1;;;;1;;;;;;2;;;;
09/05/2012;07:08:00;32;sem vítima;318;BR-101/RJ;Sul;Colisão Traseira;2;;;;;;;;;;2;;;;
11/05/2012;06:40:00;25;com vítima;318;BR-101/RJ;Sul;Queda de Moto;1;;;1;;;;;;;2;1;;;
14/05/2012;18:19:00;145;sem vítima;318;BR-101/RJ;Sul;Saida de Pista;1;;;;;;;;;;4;;;;
17/05/2012;12:42:00;84;sem vítima;318,25;BR-101/RJ;Sul;Outros - Sequência;3;;2;;;;;;;;7;;;;
17/05/2012;13:35:00;90;sem vítima;318,9;BR-101/RJ;Norte;Colisão Traseira;1;;1;;;;;;;;5;;;;
20/05/2012;13:13:00;73;com vítima;318,9;BR-101/RJ;Sul;Saida de Pista;1;;;;;;;;;;0;1;;;
22/05/2012;06:41:00;27;com vítima;318;BR-101/RJ;Sul;Colisão Lateral;1;;;1;;;;;;;1;;1;;
01/06/2012;08:49:00;58;com vítima;318;BR-101/RJ;Sul;Queda de Moto;;;;1;;;;;;1;3;1;;;
04/06/2012;09:24:00;57;com vítima;318;BR-101/RJ;Sul;Colisão Lateral;;;;1;;1;;;;;1;;1;;
05/06/2012;08:37:00;38;sem vítima;318;BR-101/RJ;Sul;Colisão Traseira;;;;;1;1;;;;;2;;;;
05/06/2012;09:07:00;47;sem vítima;318;BR-101/RJ;Sul;Colisão Lateral;;;;1;;1;;;;;2;;;;
06/06/2012;18:37:00;159;sem vítima;318;BR-101/RJ;Norte;Colisão Lateral;2;;;;;;;;;;4;;;;
14/06/2012;20:49:00;196;com vítima;318;BR-101/RJ;Sul;Saida de Pista;1;;;;;;;;;;0;1;;;
15/06/2012;01:44:00;9;sem vítima;318;BR-101/RJ;Sul;Capotamento;1;;;;;;;;;;1;;;;
18/06/2012;07:40:00;50;com vítima;318;BR-101/RJ;Sul;Colisão Lateral;1;;;1;;;;;;;2;1;;;
25/06/2012;22:54:00;173;com vítima;318;BR-101/RJ;Sul;Queda de Moto;;;;1;;;;;;;0;1;;;
27/06/2012;06:53:00;26;sem vítima;318,3;BR-101/RJ;Sul;Engavetamento;2;;;;;;;;;1;8;;;;
02/07/2012;19:36:00;162;sem vítima;318;BR-101/RJ;Norte;Engavetamento;3;;;;;;;;;;8;;;;
02/07/2012;18:45:00;157;sem vítima;318,5;BR-101/RJ;Sul;Colisão Traseira;2;;;;;;;;;;4;;;;
03/07/2012;08:46:00;63;sem vítima;318;BR-101/RJ;Sul;Colisão Traseira;2;;;;;;;;;;2;;;;
05/07/2012;14:07:00;117;sem vítima;318;BR-101/RJ;Sul;Colisão Traseira;2;;;;;;;;;;3;;;;
06/07/2012;07:29:00;53;sem vítima;318;BR-101/RJ;Sul;Queda de Moto;1;;;1;;;;;;;4;;;;
07/07/2012;17:11:00;153;sem vítima;318;BR-101/RJ;Norte;Colisão Traseira;1;;;;;1;;;;;3;;;;
08/07/2012;08:54:00;43;com vítima;318;BR-101/RJ;Sul;Choque - Defensa, barreira ou "submarino";2;;;;;;;;;;3;1;;1;
08/07/2012;14:10:00;88;sem vítima;318;BR-101/RJ;Sul;Saida de Pista;1;;;;;;;;;;1;;;;
13/07/2012;18:21:00;161;sem vítima;318;BR-101/RJ;Norte;Engavetamento;3;;;;;;;;;;9;;;;
13/07/2012;06:45:00;30;com vítima;318,97;BR-101/RJ;Sul;Colisão Lateral;1;;;1;;;;;;;1;;1;;
15/07/2012;06:18:00;23;sem vítima;318;BR-101/RJ;Sul;Saida de Pista;1;;;;;;;;;;1;;;;
19/07/2012;18:18:00;152;sem vítima;318;BR-101/RJ;Norte;Colisão Traseira;2;;;;;;;;;;4;;;;
23/07/2012;08:40:00;52;sem vítima;318;BR-101/RJ;Sul;Colisão Traseira;;;;;2;;;;;;2;;;;
23/07/2012;18:51:00;171;sem vítima;318;BR-101/RJ;Sul;Saida de Pista;1;;;;;;;;;;1;;;;
25/07/2012;07:59:00;42;sem vítima;318;BR-101/RJ;Sul;Colisão Frontal;;;;2;;;;;;;3;;;;
27/07/2012;06:48:00;24;com vítima;318;BR-101/RJ;Sul;Colisão Lateral;1;;;1;;;;;;;2;1;;;
04/08/2012;05:51:00;32;sem vítima;318,228;BR-101/RJ;Sul;Colisão Traseira;1;;;;1;;;;;;2;;;;
09/08/2012;08:07:00;45;sem vítima;318;BR-101/RJ;Norte;Colisão Lateral;1;;;1;;;;;;;3;;;;
10/08/2012;20:54:00;217;sem vítima;318,435;BR-101/RJ;Norte;Colisão Traseira;2;;;;;;;;;;2;;;;
12/08/2012;12:07:00;84;com vítima;318,7;BR-101/RJ;Norte;Colisão Traseira;1;;;1;;;;;;;3;;;1;
17/08/2012;08:12:00;36;sem vítima;318;BR-101/RJ;Sul;Colisão Traseira;2;;;;;;;;;;5;;;;
23/08/2012;16:10:00;139;com vítima;318,3;BR-101/RJ;Sul;Colisão Lateral;1;;;1;;;;;;;1;1;;;
23/08/2012;08:36:00;55;com vítima;318,7;BR-101/RJ;Sul;Colisão Lateral;1;;;1;;;;;;;1;;1;;
24/08/2012;07:07:00;29;com vítima;318;BR-101/RJ;Sul;Colisão Transversal;1;;;1;;;;;;;1;1;;;
26/08/2012;13:56:00;89;sem vítima;318,25;BR-101/RJ;Norte;Saida de Pista;1;;;;;;;;;;1;;;;
27/08/2012;08:42:00;57;sem vítima;318;BR-101/RJ;Sul;Colisão Traseira;1;;;;1;;;;;;2;;;;
27/08/2012;19:48:00;158;sem vítima;318,978;BR-101/RJ;Norte;Colisão Traseira;2;;;;;;;;;;2;;;;
29/08/2012;18:32:00;148;sem vítima;318;BR-101/RJ;Norte;Colisão Traseira;;;;1;;2;;;;;3;;;;
30/08/2012;12:46:00;97;com vítima;318,5;BR-101/RJ;Norte;Colisão Traseira;;;;1;;;;;;1;2;1;;;
01/09/2012;06:05:00;32;sem vítima;318;BR-101/RJ;Norte;Saida de Pista;1;;;;;;;;;;4;;;;
05/09/2012;17:22:00;161;sem vítima;318;BR-101/RJ;Norte;Colisão Traseira;2;;;;;;;;;;2;;;;
14/09/2012;21:18:00;173;sem vítima;318;BR-101/RJ;Norte;Colisão Traseira;1;;;;1;;;;;;2;;;;
19/09/2012;20:12:00;197;sem vítima;318;BR-101/RJ;Norte;Colisão Traseira;2;;;;;;;;;;2;;;;
20/09/2012;19:15:00;136;sem vítima;318;BR-101/RJ;Norte;Colisão Lateral;1;;;1;;;;;;;2;;;;
30/09/2012;21:15:00;168;sem vítima;318;BR-101/RJ;Sul;Saida de Pista;1;;;;;;;;;;2;;;;
19/10/2012;09:08:00;63;com vítima;318;BR-101/RJ;Sul;Colisão Lateral;;;;1;;;;;;1;2;;1;;
25/10/2012;06:51:00;41;sem vítima;318;BR-101/RJ;Norte;Colisão Lateral;1;;;;;1;;;;;2;;;;
04/11/2012;22:32:00;192;com vítima;318;BR-101/RJ;Sul;Colisão Traseira;1;;;;1;;;;;;30;;1;;
09/11/2012;18:06:00;158;com vítima;318,3;BR-101/RJ;Norte;Colisão Traseira;1;;;1;;;;;;;2;1;;;
10/11/2012;05:30:00;22;sem vítima;318;BR-101/RJ;Norte;Colisão Traseira;2;;;;;;;;;;9;;;;
13/11/2012;06:45:00;26;sem vítima;318;BR-101/RJ;Sul;Colisão Traseira;1;;;1;;;;;;;2;;;;
13/11/2012;20:23:00;180;sem vítima;318;BR-101/RJ;Norte;Colisão Traseira;1;;;;;;;;;1;4;;;;
16/11/2012;22:33:00;158;sem vítima;318,9;BR-101/RJ;Norte;Saida de Pista;1;;;;;;;;;;1;;;;
17/11/2012;13:12:00;69;com vítima;318,2;BR-101/RJ;Norte;Colisão Traseira;3;;;;;;;;;;11;;1;;
27/11/2012;10:49:00;56;sem vítima;318,9;BR-101/RJ;Sul;Saida de Pista;1;;;;;;;;;;3;;;;
28/11/2012;07:54:00;44;sem vítima;318;BR-101/RJ;Sul;Colisão Traseira;1;;;;;;;;;1;4;;;;
07/12/2012;08:16:00;63;sem vítima;318;BR-101/RJ;Sul;Colisão Traseira;;;;;2;;;;;;2;;;;
07/12/2012;11:24:00;130;sem vítima;318;BR-101/RJ;Sul;Colisão Traseira;1;;;1;;;;;;;2;;;;
13/12/2012;08:22:00;52;com vítima;318;BR-101/RJ;Sul;Colisão Lateral;2;;;1;;;;;;;6;;1;;
14/12/2012;06:17:00;25;sem vítima;318;BR-101/RJ;Sul;Queda de Moto;1;;;1;;;;;;;2;;;;
14/12/2012;17:07:00;123;sem vítima;318;BR-101/RJ;Norte;Colisão Traseira;1;;;;;2;;;;;4;;;;
20/12/2012;21:54:00;221;sem vítima;318;BR-101/RJ;Norte;Colisão Traseira;2;;;;;;;;;;3;;;;
21/12/2012;00:25:00;6;com vítima;318;BR-101/RJ;Norte;Atropelamento - Ciclista;;1;;;;1;;;;;1;;1;;
21/12/2012;18:42:00;219;com vítima;318;BR-101/RJ;Sul;Queda de Moto;;;;1;;;;;;;0;;2;;
30/12/2012;23:34:00;239;sem vítima;318;BR-101/RJ;Norte;Colisão Lateral;2;;;;;;;;;;2;;;;
02/01/2013;06:54:00;51;com vítima;318,327;BR-101/RJ;Sul;Colisão Lateral;1;;;1;;;;;;;2;1;;;
07/01/2013;09:02:00;59;com vítima;318,336;BR-101/RJ;Sul;Colisão Traseira;1;;;1;;;;;;;1;1;;;
13/01/2013;01:24:00;11;sem vítima;318;BR-101/RJ;Sul;Saida de Pista;1;;;;;;;;;;1;;;;
14/01/2013;12:16:00;90;sem vítima;318;BR-101/RJ;Sul;Colisão Traseira;1;;;;1;;;;;;2;;;;
17/01/2013;14:59:00;133;com vítima;318;BR-101/RJ;Sul;Queda de Moto;;;;1;;;;;;;0;1;1;;
23/01/2013;17:20:00;153;sem vítima;318;BR-101/RJ;Norte;Colisão Traseira;2;;;;;;;;;;3;;;;
26/01/2013;10:07:00;69;sem vítima;318,431;BR-101/RJ;Sul;Colisão Lateral;1;;;;;;;;;1;3;;;;
27/01/2013;21:32:00;172;sem vítima;318;BR-101/RJ;Norte;Colisão Frontal;2;;;;;;;;;;6;;;;
29/01/2013;18:20:00;144;sem vítima;318,8;BR-101/RJ;Sul;Colisão Traseira;2;;;;;;;;;;3;;;;
30/01/2013;10:15:00;75;sem vítima;318,9;BR-101/RJ;Sul;Saida de Pista;1;;;;;;;;;;1;;;;
04/02/2013;06:33:00;39;sem vítima;318,191;BR-101/RJ;Sul;Colisão Traseira;1;;;;;;;;;1;3;;;;
22/02/2013;22:19:00;185;sem vítima;318;BR-101/RJ;Norte;Colisão Traseira;2;;;;;;;;;;2;;;;
26/02/2013;06:33:00;17;sem vítima;318;BR-101/RJ;Sul;Colisão Lateral;2;;;1;;;;;;;4;;;;
27/02/2013;17:49:00;148;com vítima;318,89;BR-101/RJ;Sul;Capotamento;1;;;;;;;;;;0;1;;;
06/03/2013;20:39:00;207;sem vítima;318;BR-101/RJ;Sul;Colisão Traseira;2;;;;;;;;;;2;;;;
08/03/2013;09:51:00;68;com vítima;318,34;BR-101/RJ;Sul;Colisão Lateral;2;;;1;;;;;;;2;1;;;
10/03/2013;02:12:00;13;com vítima;318;BR-101/RJ;Sul;Saida de Pista;1;;;;;;;;;;0;1;;;
10/03/2013;21:57:00;177;sem vítima;318;BR-101/RJ;Norte;Colisão Lateral;1;;1;;;;;;;;2;;;;
26/03/2013;11:44:00;104;com vítima;318;BR-101/RJ;Sul;Colisão Lateral;1;;;1;;;;;;;2;1;;;
28/03/2013;13:22:00;138;com vítima;318;BR-101/RJ;Sul;Colisão Lateral;1;;;1;;;;;;;1;1;;;
29/03/2013;09:11:00;74;com vítima;318;BR-101/RJ;Sul;Queda de Moto;;;;1;;;;;;;0;;2;;
01/04/2013;08:36:00;63;sem vítima;318;BR-101/RJ;Norte;Colisão Lateral;;;;;1;1;;;;;3;;;;
02/04/2013;07:16:00;37;sem vítima;318,327;BR-101/RJ;Sul;Colisão Traseira;1;;;;1;;;;;;21;;;;
04/04/2013;09:14:00;58;com vítima;318,02;BR-101/RJ;Sul;Colisão Lateral;1;;;1;;;;;;;1;1;;;
10/04/2013;21:01:00;182;sem vítima;318;BR-101/RJ;Norte;Colisão Traseira;3;;;;;;;;;;6;;;;
12/04/2013;07:43:00;52;sem vítima;318;BR-101/RJ;Sul;Colisão Lateral;2;;;;;;;;;;2;;;;
16/04/2013;16:07:00;129;sem vítima;318;BR-101/RJ;Sul;Colisão Traseira;2;;;;;;;;;;2;;;;
23/04/2013;06:00:00;23;sem vítima;318;BR-101/RJ;Sul;Choque - Defensa, barreira ou "submarino";1;;;;;;;;;;1;;;;
26/04/2013;18:54:00;202;com vítima;318;BR-101/RJ;Sul;Queda de Moto;;;;1;;;;;;;0;1;;;
28/04/2013;18:41:00;125;sem vítima;318;BR-101/RJ;Norte;Colisão Traseira;2;;;;;;;;;;2;;;;
28/04/2013;09:49:00;45;com vítima;318,5;BR-101/RJ;Norte;Atropelamento - Ciclista;;1;;;;1;;;;;1;;1;;
29/04/2013;09:07:00;55;com vítima;318,8;BR-101/RJ;Sul;Colisão Lateral;1;;;1;;;;;;;1;;1;;
06/05/2013;02:13:00;8;sem vítima;318,475;BR-101/RJ;Sul;Choque - Defensa, barreira ou "submarino";;;1;;;;;;;;1;;;;
08/05/2013;06:36:00;24;sem vítima;318;BR-101/RJ;Norte;Colisão Traseira;2;;;;;;;;;;4;;;;
12/05/2013;18:51:00;133;sem vítima;318;BR-101/RJ;Norte;Colisão Lateral;1;;;1;;;;;;;3;;;;
15/05/2013;07:08:00;22;com vítima;318;BR-101/RJ;Sul;Colisão Lateral;1;;;1;;;;;;;0;2;1;;
17/05/2013;22:26:00;193;sem vítima;318,15;BR-101/RJ;Sul;Saida de Pista;1;;;;;;;;;;1;;;;
21/05/2013;19:14:00;149;sem vítima;318;BR-101/RJ;Norte;Colisão Traseira;1;;;;1;;;;;;87;;;;
24/05/2013;15:31:00;103;sem vítima;318,067;BR-101/RJ;Sul;Engavetamento;3;;;;;;;;;;8;;;;
26/05/2013;18:07:00;123;sem vítima;318;BR-101/RJ;Sul;Engavetamento;3;;;;;;;;;;5;;;;
29/05/2013;12:08:00;87;com vítima;318,337;BR-101/RJ;Sul;Colisão Traseira;;;;1;1;;;;;;1;1;;;
03/06/2013;13:08:00;95;sem vítima;318;BR-101/RJ;Sul;Colisão Traseira;4;;;;;;;;;;7;;;;
04/06/2013;17:42:00;151;sem vítima;318,326;BR-101/RJ;Sul;Colisão Traseira;1;;1;;;;;;;;3;;;;
08/06/2013;11:06:00;79;sem vítima;318;BR-101/RJ;Sul;Colisão Traseira;2;;;;;;;;;;2;;;;
11/06/2013;05:56:00;26;sem vítima;318;BR-101/RJ;Norte;Colisão Lateral;2;;;;;;;;;;5;;;;
12/06/2013;20:22:00;159;sem vítima;318;BR-101/RJ;Sul;Colisão Traseira;1;;;;;;;;;1;2;;;;
13/06/2013;08:02:00;39;com vítima;318;BR-101/RJ;Sul;Colisão Lateral;1;;;1;;;;;;;1;1;;;