data;horario;n_da_ocorrencia;tipo_de_ocorrencia;km;trecho;sentido;tipo_de_acidente;automovel;bicicleta;caminhao;moto;onibus;outros;tracao_animal;transporte_de_cargas_especiais;trator_maquinas;utilitarios;ilesos;levemente_feridos;moderadamente_feridos;gravemente_feridos;mortos
08/04/2010;11:03:00;79;sem vítima;319;BR-101/RJ;Norte;Colisão Traseira;3;;;;;;;;;;6;;;;
12/04/2010;06:58:00;30;com vítima;319;BR-101/RJ;Norte;Atropelamento - Usuário;;;;;;1;;;;;1;;1;;
16/04/2010;09:20:00;51;sem vítima;319;BR-101/RJ;Sul;Colisão Traseira;2;;;;;;;;;;4;;;;
16/04/2010;18:05:00;140;com vítima;319;BR-101/RJ;Norte;Queda de Moto;;;;1;;;;;;;0;2;;;
17/04/2010;18:20:00;153;sem vítima;319;BR-101/RJ;Norte;Colisão Traseira;2;;;;;;;;;;3;;;;
27/04/2010;07:54:00;35;sem vítima;319;BR-101/RJ;Sul;Colisão Traseira;;;;1;;;;;;;1;;;;
28/04/2010;08:48:00;63;com vítima;319;BR-101/RJ;Sul;Atropelamento - Usuário;;;;1;;;;;;;0;1;1;;
29/04/2010;17:40:00;145;sem vítima;319;BR-101/RJ;Sul;Engavetamento;3;;;;;;;;;;4;;;;
29/04/2010;18:39:00;155;sem vítima;319;BR-101/RJ;Sul;Colisão Traseira;2;;;;;;;;;;2;;;;
03/05/2010;11:03:00;75;com vítima;319;BR-101/RJ;Sul;Saida de Pista;1;;;;;;;;;;0;1;;;
05/05/2010;19:42:00;156;com vítima;319;BR-101/RJ;Norte;Atropelamento - Andarilho;1;;;;;;;;;;2;;;;1
06/05/2010;17:55:00;122;sem vítima;319;BR-101/RJ;Sul;Engavetamento;4;;;;;1;;;;;5;;;;
07/05/2010;13:41:00;141;sem vítima;319;BR-101/RJ;Sul;Colisão Traseira;4;;;;;;;;;;5;;;;
08/05/2010;17:49:00;155;sem vítima;319;BR-101/RJ;Norte;Colisão Traseira;2;;;;;;;;;;6;;;;
10/05/2010;18:46:00;172;sem vítima;319;BR-101/RJ;Sul;Saida de Pista;1;;;;;;;;;;4;;;;
13/05/2010;11:45:00;70;com vítima;319;BR-101/RJ;Sul;Saida de Pista;1;;;;;;;;;;0;;;;1
13/05/2010;18:34:00;126;sem vítima;319;BR-101/RJ;Sul;Colisão Lateral;1;;;;1;;;;;;2;;;;
17/05/2010;08:10:00;46;com vítima;319;BR-101/RJ;Sul;Colisão Lateral;1;;;1;;;;;;;1;;1;;
17/05/2010;18:13:00;127;sem vítima;319;BR-101/RJ;Norte;Colisão Traseira;2;;;;;;;;;;3;;;;
21/05/2010;18:47:00;134;sem vítima;319;BR-101/RJ;Norte;Colisão Traseira;2;;;;;;;;;;3;;;;
27/05/2010;07:46:00;33;sem vítima;319;BR-101/RJ;Sul;Colisão Traseira;1;;;1;;;;;;;2;;;;
09/06/2010;11:52:00;90;sem vítima;319;BR-101/RJ;Norte;Colisão Traseira;;;;;2;;;;;;2;;;;
10/06/2010;10:37:00;81;com vítima;319;BR-101/RJ;Norte;Atropelamento - Ciclista;;1;;;;1;;;;;1;;2;;
11/06/2010;20:37:00;159;sem vítima;319;BR-101/RJ;Norte;Colisão Traseira;2;;;;;;;;;;3;;;;
15/06/2010;06:59:00;25;sem vítima;319;BR-101/RJ;Norte;Colisão Lateral;2;;;;;;;;;;2;;;;
17/06/2010;16:01:00;123;sem vítima;319;BR-101/RJ;Norte;Colisão Lateral;1;;;1;;;;;;;2;;;;
01/07/2010;07:48:00;35;com vítima;319;BR-101/RJ;Sul;Atropelamento - Andarilho;1;;;1;;;;;;;2;;1;;
01/07/2010;20:02:00;138;sem vítima;319;BR-101/RJ;Sul;Colisão Traseira;;;;;1;;;;;1;10;;;;
04/07/2010;18:15:00;130;com vítima;319;BR-101/RJ;Sul;Colisão Lateral;1;;;1;;;;;;;3;;2;;
05/07/2010;18:45:00;159;sem vítima;319;BR-101/RJ;Sul;Colisão Traseira;1;;;;;;;;;1;3;;;;
05/07/2010;23:11:00;184;sem vítima;319;BR-101/RJ;Norte;Colisão Lateral;2;;;;;;;;;;2;;;;
09/07/2010;07:09:00;31;com vítima;319;BR-101/RJ;Sul;Atropelamento - Andarilho;;;;1;;;;;;;2;1;;;
10/07/2010;03:23:00;17;com vítima;319;BR-101/RJ;Sul;Capotamento;1;;;;;;;;;;0;2;;;
12/07/2010;09:07:00;64;sem vítima;319;BR-101/RJ;Sul;Engavetamento;3;;;;;;;;;1;6;;;;
14/07/2010;12:17:00;72;sem vítima;319;BR-101/RJ;Norte;Colisão Lateral;1;;1;;;;;;;;3;;;;
15/07/2010;09:23:00;53;com vítima;319;BR-101/RJ;Sul;Colisão Traseira;4;;;;;;;;;;4;;3;;
19/07/2010;13:31:00;104;sem vítima;319;BR-101/RJ;Norte;Queda de Moto;;;;1;;1;;;;;2;;;;
23/07/2010;18:49:00;164;sem vítima;319;BR-101/RJ;Norte;Colisão Traseira;1;;;;;;;;;1;4;;;;
23/07/2010;19:27:00;178;sem vítima;319;BR-101/RJ;Norte;Colisão Traseira;2;;;;;1;;;;;3;;;;
23/07/2010;23:33:00;219;sem vítima;319;BR-101/RJ;Norte;Colisão Lateral;1;;1;;;;;;;;6;;;;
26/07/2010;08:06:00;48;sem vítima;319;BR-101/RJ;Sul;Colisão Traseira;2;;;;;;;;;;5;;;;
26/07/2010;18:56:00;189;sem vítima;319;BR-101/RJ;Norte;Colisão Traseira;3;;;;;;;;;;7;;;;
27/07/2010;04:36:00;23;com vítima;319;BR-101/RJ;Sul;Choque - Poste;1;;;;;;;;;;0;;;1;1
29/07/2010;07:03:00;37;com vítima;319;BR-101/RJ;Sul;Atropelamento - Usuário;;;;1;;;;;;;0;3;1;;
30/07/2010;08:05:00;42;com vítima;319;BR-101/RJ;Sul;Engavetamento;3;;;;;;;;;;11;1;;;
30/07/2010;22:30:00;224;sem vítima;319;BR-101/RJ;Norte;Colisão Traseira;1;;;;;1;;;;;4;;;;
03/08/2010;08:08:00;46;sem vítima;319;BR-101/RJ;Sul;Colisão Lateral;2;;;;1;;;;;;4;;;;
05/08/2010;04:48:00;19;sem vítima;319;BR-101/RJ;Sul;Atropelamento de Animal;1;;;;;;;;;;1;;;;
05/08/2010;18:45:00;175;sem vítima;319;BR-101/RJ;Norte;Engavetamento;2;;1;;;;;;;;5;;;;
06/08/2010;23:09:00;194;sem vítima;319;BR-101/RJ;Norte;Colisão Traseira;2;;;;;;;;;;5;;;;
06/08/2010;23:15:00;200;sem vítima;319;BR-101/RJ;Norte;Colisão Traseira;2;;;;;;;;;;5;;;;
18/08/2010;08:55:00;43;sem vítima;319;BR-101/RJ;Sul;Colisão Traseira;2;;;;;;;;;;2;;;;
20/08/2010;21:23:00;186;sem vítima;319;BR-101/RJ;Norte;Saida de Pista;1;;;;;;;;;;1;;;;
24/08/2010;07:19:00;35;com vítima;319,5;BR-101/RJ;Sul;Atropelamento - Morador;;;;;;1;;;;;1;;2;;
02/09/2010;18:39:00;147;com vítima;319;BR-101/RJ;Norte;Queda de Moto;1;;;1;;;;;;;4;;1;;
06/09/2010;18:36:00;130;sem vítima;319;BR-101/RJ;Sul;Colisão Traseira;2;;;;;;;;;;5;;;;
06/09/2010;19:18:00;138;sem vítima;319;BR-101/RJ;Norte;Engavetamento;3;;;;;;;;;;4;;;;
09/09/2010;18:44:00;149;sem vítima;319;BR-101/RJ;Norte;Colisão Traseira;2;;;;;;;;;;2;;;;
11/09/2010;23:35:00;189;sem vítima;319;BR-101/RJ;Norte;Queda de Moto;;;;1;;;;;;;2;;;;
18/09/2010;02:03:00;19;com vítima;319;BR-101/RJ;Sul;Capotamento;1;;;;;;;;;;0;;2;1;
19/09/2010;23:05:00;165;com vítima;319;BR-101/RJ;Norte;Colisão Traseira;1;;1;;;;;;;;1;;;1;
19/09/2010;19:43:00;142;sem vítima;319,5;BR-101/RJ;Norte;Saida de Pista;1;;;;;;;;;;1;;;;
29/09/2010;18:08:00;172;sem vítima;319;BR-101/RJ;Sul;Engavetamento;4;;;;;;;;;;7;;;;
29/09/2010;20:49:00;204;sem vítima;319;BR-101/RJ;Norte;Colisão Traseira;2;;;;;;;;;;2;;;;
01/10/2010;16:08:00;157;sem vítima;319;BR-101/RJ;Norte;Engavetamento;3;;;;;;;;;1;8;;;;
06/10/2010;07:38:00;39;sem vítima;319;BR-101/RJ;Sul;Colisão Lateral;1;;;1;;;;;;;4;;;;
11/10/2010;17:16:00;110;com vítima;319;BR-101/RJ;Sul;Atropelamento - Sem Informação;1;;;1;1;;;;;;4;;1;;
17/10/2010;10:39:00;55;com vítima;319;BR-101/RJ;Norte;Capotamento;1;;;;;;;;;;0;1;;;
19/10/2010;06:26:00;27;sem vítima;319;BR-101/RJ;Sul;Engavetamento;4;;;;;;;;;;5;;;;
20/10/2010;22:35:00;173;sem vítima;319;BR-101/RJ;Norte;Saida de Pista;1;;;;;;;;;;1;;;;
20/10/2010;22:36:00;179;com vítima;319;BR-101/RJ;Norte;Colisão Traseira;2;;;;;;;;;;2;;1;;
25/10/2010;11:55:00;113;sem vítima;319;BR-101/RJ;Norte;Objeto lançado contra veículo;1;;;;;;;;;1;4;;;;
29/10/2010;09:08:00;56;com vítima;319;BR-101/RJ;Sul;Colisão Traseira;1;;;1;;1;;;;;2;1;;;
29/10/2010;09:08:00;60;sem vítima;319;BR-101/RJ;Sul;Colisão Traseira;2;;;;;;;;;;2;;;;
15/11/2010;15:08:00;109;sem vítima;319;BR-101/RJ;Norte;Colisão Transversal;1;;;;;;;;;1;2;;;;
21/11/2010;10:33:00;53;sem vítima;319;BR-101/RJ;Sul;Saida de Pista;1;;;;;1;;;;;5;;;;
24/11/2010;19:32:00;159;sem vítima;319;BR-101/RJ;Norte;Saida de Pista;1;;;;;;;;;;1;;;;
03/12/2010;10:39:00;68;com vítima;319;BR-101/RJ;Sul;Colisão Traseira;1;;;1;;;;;;;1;1;;;
03/12/2010;21:24:00;191;sem vítima;319;BR-101/RJ;Norte;Engavetamento;1;;;;;1;;;;;2;;;;
03/12/2010;21:40:00;196;sem vítima;319;BR-101/RJ;Norte;Colisão Lateral;1;;;1;;;;;;;3;;;;
03/12/2010;21:24:00;197;sem vítima;319;BR-101/RJ;Norte;Engavetamento;3;;;;;;;;;;4;;;;
06/12/2010;10:05:00;98;sem vítima;319;BR-101/RJ;Sul;Colisão Lateral;1;;;;1;;;;;;2;;;;
08/12/2010;08:25:00;47;com vítima;319;BR-101/RJ;Sul;Atropelamento - Andarilho;;;;1;;;;;;;0;1;2;;
20/12/2010;19:55:00;203;sem vítima;319;BR-101/RJ;Norte;Saida de Pista;1;;;;;;;;;;1;;;;
21/12/2010;06:28:00;44;sem vítima;319;BR-101/RJ;Sul;Engavetamento;3;;;;;;;;;;5;;;;
21/12/2010;10:20:00;91;sem vítima;319;BR-101/RJ;Sul;Colisão Traseira;3;;;;;;;;;;8;;;;
21/12/2010;14:15:00;128;sem vítima;319;BR-101/RJ;Sul;Engavetamento;1;;2;;;;;;;1;4;;;;
03/01/2011;21:23:00;290;com vítima;319;BR-101/RJ;Norte;Colisão Lateral;1;;;;;;;;;1;3;1;;;
04/01/2011;06:24:00;34;sem vítima;319;BR-101/RJ;Sul;Colisão Traseira;3;;;;;;;;;;4;;;;
05/01/2011;14:56:00;132;sem vítima;319;BR-101/RJ;Norte;Colisão Traseira;1;;;;;1;;;;;2;;;;
06/01/2011;17:29:00;145;sem vítima;319;BR-101/RJ;Norte;Engavetamento;3;;;;;;;;;;4;;;;
06/01/2011;17:32:00;147;sem vítima;319;BR-101/RJ;Norte;Engavetamento;3;;;;;;;;;;4;;;;
09/01/2011;09:55:00;47;sem vítima;319;BR-101/RJ;Norte;Colisão Traseira;2;;;;;;;;;;4;;;;
10/01/2011;02:39:00;15;com vítima;319;BR-101/RJ;Norte;Capotamento;1;;;;;;;;;;0;2;;;
17/01/2011;12:43:00;121;com vítima;319;BR-101/RJ;Norte;Colisão Traseira;;;;1;;1;;;;;1;;2;;
18/01/2011;04:08:00;12;sem vítima;319;BR-101/RJ;Sul;Saida de Pista;1;;;;;;;;;;3;;;;
22/01/2011;00:15:00;1;com vítima;319;BR-101/RJ;Norte;Queda de Moto;;;;1;;;;;;;0;2;;;
24/01/2011;15:55:00;171;sem vítima;319;BR-101/RJ;Sul;Objeto lançado contra veículo;1;;;;1;;;;;;2;;;;
25/01/2011;19:31:00;181;sem vítima;319;BR-101/RJ;Sul;Colisão Traseira;;;;;1;;;;;1;2;;;;
30/01/2011;02:58:00;20;sem vítima;319;BR-101/RJ;Norte;Saida de Pista;1;;;;;;;;;;1;;;;
02/02/2011;06:15:00;25;com vítima;319;BR-101/RJ;Sul;Engavetamento;4;;;;;;;;;;0;7;;;
09/02/2011;20:56:00;172;sem vítima;319;BR-101/RJ;Norte;Colisão Traseira;2;;;;;;;;;;3;;;;
10/02/2011;19:03:00;176;sem vítima;319;BR-101/RJ;Norte;Saida de Pista;1;;;;;;;;;;4;;;;
10/02/2011;20:44:00;192;sem vítima;319;BR-101/RJ;Sul;Capotamento;1;;;;;;;;;;1;;;;
11/02/2011;18:24:00;173;sem vítima;319;BR-101/RJ;Norte;Engavetamento;3;;;;;;;;;;8;;;;
11/02/2011;19:07:00;184;sem vítima;319;BR-101/RJ;Norte;Engavetamento;2;;;;;1;;;;;6;;;;
11/02/2011;23:08:00;216;sem vítima;319;BR-101/RJ;Norte;Colisão Traseira;2;;;;;;;;;;2;;;;
15/02/2011;12:13:00;84;sem vítima;319;BR-101/RJ;Norte;Colisão Traseira;2;;;;;;;;;;2;;;;
18/02/2011;20:48:00;194;sem vítima;319;BR-101/RJ;Norte;Colisão Traseira;3;;;;;;;;;;11;;;;
23/02/2011;07:58:00;39;sem vítima;319;BR-101/RJ;Sul;Colisão Traseira;3;;;;;;;;;;4;;;;
25/02/2011;18:58:00;172;com vítima;319;BR-101/RJ;Norte;Colisão Lateral;1;;;1;;;;;;;1;1;;;
28/03/2011;20:28:00;148;sem vítima;14;BR-101/RJ;Sul;Colisão Lateral;;;2;;;;;;;;2;;;;
29/03/2011;01:45:00;7;sem vítima;163;BR-101/RJ;Norte;Colisão Lateral;;;1;;;1;;;;;2;;;;
29/03/2011;05:50:00;22;com vítima;242;BR-101/RJ;Sul;Colisão Lateral;1;;1;;;;;;;;0;2;;;1
29/03/2011;08:15:00;42;sem vítima;314;BR-101/RJ;Sul;Colisão Traseira;1;;;;;;;;;1;3;;;;
29/03/2011;10:19:00;61;sem vítima;309;BR-101/RJ;Sul;Queda de Moto;;;;1;;;;;;;2;;;;
29/03/2011;11:14:00;67;com vítima;242;BR-101/RJ;Sul;Tombamento;;;1;;;;;;;;0;1;;;
29/03/2011;12:27:00;78;sem vítima;5;BR-101/RJ;Sul;Colisão Lateral;1;;2;;;;;;;;5;;;;
02/05/2011;00:45:00;7;sem vítima;319;BR-101/RJ;Norte;Choque - Defensa, barreira ou "submarino";1;;;;;;;;;;1;;;;
03/05/2011;20:15:00;152;sem vítima;319,5;BR-101/RJ;Norte;Colisão Traseira;2;;;;;;;;;;4;;;;
05/05/2011;07:02:00;35;com vítima;319;BR-101/RJ;Sul;Colisão Lateral;;;;1;;;;;;;0;;1;;
06/05/2011;13:08:00;101;sem vítima;319;BR-101/RJ;Sul;Colisão Traseira;3;;;;;;;;;;6;;;;
08/05/2011;18:08:00;130;com vítima;319;BR-101/RJ;Norte;Colisão Lateral;1;;;1;;;;;;;2;2;;;
13/05/2011;06:08:00;18;sem vítima;319;BR-101/RJ;Sul;Colisão Lateral;1;;;1;;;;;;;2;;;;
13/05/2011;14:47:00;111;sem vítima;319;BR-101/RJ;Sul;Engavetamento;3;;;;;;;;;;5;;;;
15/05/2011;12:03:00;89;sem vítima;319;BR-101/RJ;Norte;Colisão Traseira;2;;;;;;;;;;3;;;;
15/05/2011;19:13:00;176;sem vítima;319;BR-101/RJ;Sul;Colisão Traseira;2;;;;;;;;;;4;;;;
20/05/2011;19:18:00;165;com vítima;319;BR-101/RJ;Norte;Atropelamento - Morador;;;;1;;;;;;;0;1;1;;
25/05/2011;19:26:00;162;sem vítima;319;BR-101/RJ;Norte;Colisão Traseira;2;;;;;;;;;;4;;;;
25/05/2011;22:03:00;175;com vítima;319;BR-101/RJ;Sul;Queda de Moto;;;;1;;;;;;;0;;1;;
26/05/2011;07:38:00;36;com vítima;319;BR-101/RJ;Sul;Colisão Traseira;2;;;;;;;;;;4;1;1;;
27/05/2011;08:16:00;44;com vítima;319;BR-101/RJ;Sul;Queda de Moto;1;;;;1;;;;;;1;;2;;
27/05/2011;19:48:00;171;sem vítima;319;BR-101/RJ;Norte;Colisão Traseira;2;;;;;;;;;;3;;;;
27/05/2011;20:34:00;178;sem vítima;319;BR-101/RJ;Norte;Colisão Traseira;2;;;;;;;;;;4;;;;
27/05/2011;20:41:00;180;com vítima;319,5;BR-101/RJ;Norte;Queda de Moto;;;;1;;1;;;;;1;;1;;
01/06/2011;16:25:00;115;sem vítima;319;BR-101/RJ;Norte;Colisão Frontal;1;;;;;1;;;;;3;;;;
01/06/2011;18:58:00;134;com vítima;319;BR-101/RJ;Norte;Queda de Moto;;;;1;;;;;;;0;1;;;
02/06/2011;17:42:00;125;sem vítima;319;BR-101/RJ;Sul;Colisão Traseira;2;;;;;;;;;;2;;;;
02/06/2011;18:16:00;129;sem vítima;319;BR-101/RJ;Sul;Colisão Lateral;1;;;1;;;;;;;2;;;;
04/06/2011;08:50:00;53;sem vítima;319,5;BR-101/RJ;Sul;Colisão Traseira;1;;;;;;;;;1;3;;;;
05/06/2011;19:57:00;131;sem vítima;319;BR-101/RJ;Sul;Colisão Traseira;2;;;;;;;;;;3;;;;
07/06/2011;07:03:00;27;sem vítima;319,5;BR-101/RJ;Sul;Engavetamento;3;;;;;1;;;;;4;;;;
08/06/2011;07:36:00;37;sem vítima;319;BR-101/RJ;Sul;Colisão Traseira;2;;;;;;;;;;2;;;;
10/06/2011;18:16:00;168;sem vítima;319;BR-101/RJ;Norte;Colisão Traseira;;;;1;;1;;;;;3;;;;
13/06/2011;18:59:00;160;sem vítima;319;BR-101/RJ;Norte;Colisão Traseira;2;;;;;;;;;;5;;;;
14/06/2011;16:40:00;109;sem vítima;319;BR-101/RJ;Norte;Colisão Traseira;1;;;;;;;;;1;4;;;;
14/06/2011;12:06:00;68;sem vítima;319,5;BR-101/RJ;Sul;Saida de Pista;1;;;;;1;;;;;2;;;;
14/06/2011;08:12:00;42;sem vítima;319,5159912109375;BR-101/RJ;Sul;Colisão Traseira;2;;;;;;;;;;3;;;;
17/06/2011;08:42:00;64;sem vítima;319;BR-101/RJ;Sul;Colisão Traseira;3;;;;;;;;;;4;;;;
17/06/2011;12:54:00;104;sem vítima;319;BR-101/RJ;Norte;Colisão Traseira;2;;;;;;;;;;2;;;;
18/06/2011;01:42:00;9;com vítima;319;BR-101/RJ;Norte;Choque - Poste;1;;;;;;;;;;0;;;;1
23/06/2011;02:37:00;14;com vítima;319;BR-101/RJ;Norte;Colisão Frontal;2;;;;;;;;;;1;;;;1
28/06/2011;06:07:00;18;sem vítima;319;BR-101/RJ;Sul;Colisão Traseira;4;;;;;;;;;;9;;;;
29/06/2011;21:52:00;172;com vítima;319,20001220703125;BR-101/RJ;Norte;Atropelamento - Morador;1;;;;;;;;;;3;;1;;
01/08/2011;17:50:00;173;sem vítima;319;BR-101/RJ;Norte;Queda de Moto;;;;;1;2;;;;;3;;;;
04/08/2011;14:34:00;104;sem vítima;319;BR-101/RJ;Sul;Colisão Traseira;1;;1;;;;;;;;4;;;;
07/08/2011;15:51:00;120;sem vítima;319,2720031738281;BR-101/RJ;Sul;Capotamento;1;;;;;;;;;;2;;;;
11/08/2011;11:18:00;83;sem vítima;319;BR-101/RJ;Sul;Colisão Traseira;3;;;;;;;;;;10;;;;
12/08/2011;07:26:00;30;sem vítima;319;BR-101/RJ;Sul;Colisão Traseira;3;;;;;;;;;;3;;;;
12/08/2011;21:14:00;185;sem vítima;319;BR-101/RJ;Norte;Colisão Traseira;2;;;;;;;;;;9;;;;
14/08/2011;16:53:00;115;sem vítima;319;BR-101/RJ;Norte;Colisão Transversal;1;;;1;;;;;;;2;;;;
16/08/2011;14:23:00;120;sem vítima;319,5;BR-101/RJ;Sul;Engavetamento;2;;;;;;;;;1;7;;;;
17/08/2011;07:24:00;35;com vítima;319,20001220703125;BR-101/RJ;Sul;Atropelamento - Ciclista;;1;;1;;;;;;;0;2;;;
19/08/2011;10:54:00;88;sem vítima;319;BR-101/RJ;Sul;Colisão Traseira;2;;;;;;;;;;3;;;;
19/08/2011;22:20:00;206;sem vítima;319;BR-101/RJ;Sul;Colisão Traseira;2;;;;;;;;;;2;;;;
20/08/2011;07:43:00;40;com vítima;319;BR-101/RJ;Norte;Queda de Moto;;;;1;;;;;;;0;1;;;
22/08/2011;18:34:00;139;com vítima;319;BR-101/RJ;Norte;Atropelamento - Sem Informação;1;;;;;;;;;;1;;1;;
23/08/2011;08:34:00;48;com vítima;319;BR-101/RJ;Sul;Colisão Lateral;1;;;1;;;;;;;1;;1;;
28/08/2011;16:07:00;107;com vítima;319,7860107421875;BR-101/RJ;Norte;Saida de Pista;1;;;;;;;;;;1;;1;;
29/08/2011;06:38:00;33;sem vítima;319;BR-101/RJ;Sul;Colisão Lateral;2;;;;;;;;;;2;;;;
29/08/2011;07:34:00;41;sem vítima;319;BR-101/RJ;Sul;Engavetamento;4;;;;;;;;;;5;;;;
30/08/2011;18:52:00;159;sem vítima;319,5;BR-101/RJ;Norte;Saida de Pista;1;;;;;;;;;;1;;;;
31/08/2011;18:37:00;139;sem vítima;319;BR-101/RJ;Sul;Colisão Traseira;2;;;;;;;;;;2;;;;
02/09/2011;07:53:00;37;com vítima;319;BR-101/RJ;Sul;Colisão Traseira;1;;;1;;;;;;;1;1;;;
02/09/2011;18:27:00;141;sem vítima;319;BR-101/RJ;Sul;Colisão Traseira;1;;;;;1;;;;;2;;;;
03/09/2011;22:38:00;173;com vítima;319,1499938964844;BR-101/RJ;Sul;Colisão Traseira;2;;;;1;;;;;;7;;;;4
06/09/2011;18:26:00;137;com vítima;319;BR-101/RJ;Norte;Colisão Traseira;1;;;1;;;;;;;2;;1;;
06/09/2011;21:32:00;162;sem vítima;319;BR-101/RJ;Norte;Engavetamento;3;;;;;;;;;;7;;;;
08/09/2011;18:11:00;121;sem vítima;319;BR-101/RJ;Sul;Colisão Traseira;1;;;;;1;;;;;4;;;;
11/09/2011;01:22:00;14;sem vítima;319;BR-101/RJ;Norte;Choque - Defensa, barreira ou "submarino";1;;;;;;;;;;1;;;;
14/09/2011;17:38:00;117;sem vítima;319;BR-101/RJ;Sul;Colisão Traseira;1;;1;;;;;;;;3;;;;
14/09/2011;19:43:00;141;sem vítima;319;BR-101/RJ;Norte;Colisão Traseira;1;;;;1;;;;;;2;;;;
19/09/2011;10:13:00;87;sem vítima;319,8999938964844;BR-101/RJ;Sul;Colisão Traseira;2;;;;;;;;;;3;;;;
21/09/2011;18:25:00;133;sem vítima;319;BR-101/RJ;Norte;Colisão Traseira;2;;;;;;;;;;2;;;;
22/09/2011;08:38:00;45;com vítima;319;BR-101/RJ;Sul;Atropelamento - Usuário;;;;1;;;;;;;1;;1;;
23/09/2011;06:12:00;13;com vítima;319,5;BR-101/RJ;Sul;Colisão Traseira;;;1;1;;1;;;;;3;;1;;
27/09/2011;22:12:00;180;sem vítima;319;BR-101/RJ;Norte;Colisão Lateral;1;;1;;;;;;;;2;;;;
28/09/2011;20:38:00;146;com vítima;319;BR-101/RJ;Sul;Atropelamento - Andarilho;;;;;;1;;;;;1;;1;;
06/10/2011;20:48:00;190;com vítima;319,79998779296875;BR-101/RJ;Norte;Colisão Traseira;;;;1;;;;;;1;3;;1;;
07/10/2011;11:44:00;98;sem vítima;319;BR-101/RJ;Norte;Colisão Lateral;1;;1;;;;;;;;2;;;;
11/10/2011;19:47:00;168;sem vítima;319;BR-101/RJ;Norte;Queda de Moto;1;;;1;;;;;;;3;;;;
11/10/2011;21:46:00;179;sem vítima;319;BR-101/RJ;Norte;Engavetamento;3;;;;;;;;;;7;;;;
16/10/2011;18:47:00;126;sem vítima;319;BR-101/RJ;Sul;Colisão Lateral;1;;;1;;;;;;;3;;;;
17/10/2011;20:15:00;154;sem vítima;319,5;BR-101/RJ;Norte;Colisão Traseira;2;;;;;;;;;;2;;;;
20/10/2011;20:17:00;170;sem vítima;319;BR-101/RJ;Sul;Colisão Lateral;1;;;;;1;;;;;2;;;;
22/10/2011;15:14:00;91;sem vítima;319;BR-101/RJ;Norte;Colisão Traseira;2;;;;;;;;;;2;;;;
24/10/2011;19:38:00;152;com vítima;319;BR-101/RJ;Norte;Colisão Lateral;1;;;1;;;;;;;2;1;;;
25/10/2011;08:31:00;58;com vítima;319,5;BR-101/RJ;Sul;Atropelamento - Usuário;1;;;;;1;;;;;2;;1;;
31/10/2011;17:29:00;124;sem vítima;319;BR-101/RJ;Sul;Colisão Traseira;2;;;;;;;;;;2;;;;
31/10/2011;20:18:00;157;sem vítima;319;BR-101/RJ;Sul;Colisão Traseira;1;;;;;1;;;;;2;;;;
31/10/2011;23:27:00;183;sem vítima;319;BR-101/RJ;Norte;Capotamento;1;;;;;;;;;;4;;;;
01/11/2011;10:44:00;61;com vítima;319;BR-101/RJ;Sul;Saida de Pista;1;;;;;;;;;;0;2;;;
01/11/2011;15:02:00;95;sem vítima;319;BR-101/RJ;Sul;Engavetamento;3;;;;;1;;;;;8;;;;
07/11/2011;00:30:00;4;sem vítima;319;BR-101/RJ;Sul;Choque - Outros;1;;1;;;;;;;;2;;;;
09/11/2011;08:58:00;49;sem vítima;319;BR-101/RJ;Sul;Colisão Lateral;1;;;1;;;;;;;2;;;;
11/11/2011;14:48:00;112;sem vítima;319;BR-101/RJ;Sul;Colisão Lateral;2;;;1;;;;;;;5;;;;
11/11/2011;09:28:00;50;com vítima;319,6000061035156;BR-101/RJ;Sul;Colisão Lateral;1;;;1;;;;;;;1;1;1;;
12/11/2011;14:04:00;133;sem vítima;319;BR-101/RJ;Norte;Colisão Lateral;2;;;;;;;;;;2;;;;
14/11/2011;19:50:00;128;sem vítima;319;BR-101/RJ;Sul;Colisão Traseira;1;;;;;1;;;;;5;;;;
26/11/2011;05:22:00;25;sem vítima;319;BR-101/RJ;Norte;Saida de Pista;;;;1;;;;;;;2;;;;
29/11/2011;06:55:00;32;sem vítima;319,79998779296875;BR-101/RJ;Sul;Colisão Traseira;1;;;1;;;;;;;3;;;;
01/12/2011;18:24:00;141;sem vítima;319;BR-101/RJ;Sul;Engavetamento;3;;;;;;;;;;3;;;;
02/12/2011;09:20:00;72;sem vítima;319;BR-101/RJ;Sul;Colisão Lateral;1;;;1;;;;;;;3;;;;
04/12/2011;21:19:00;160;sem vítima;319,8999938964844;BR-101/RJ;Norte;Saida de Pista;1;;;;;;;;;;1;;;;
08/12/2011;19:15:00;185;sem vítima;319,95001220703125;BR-101/RJ;Sul;Saida de Pista;1;;;;;;;;;;4;;;;
11/12/2011;19:11:00;142;com vítima;319;BR-101/RJ;Norte;Queda de Moto;;;;1;;;;;;;1;1;;;
13/12/2011;19:26:00;186;sem vítima;319;BR-101/RJ;Norte;Colisão Lateral;1;;;;1;;;;;;31;;;;
16/12/2011;17:23:00;182;sem vítima;319;BR-101/RJ;Norte;Colisão Traseira;2;;;;;;;;;;4;;;;
16/12/2011;19:41:00;207;com vítima;319;BR-101/RJ;Norte;Colisão Lateral;1;;;1;;;;;;;1;1;;;
16/12/2011;21:29:00;224;sem vítima;319;BR-101/RJ;Norte;Colisão Traseira;2;;;;;;;;;;3;;;;
22/12/2011;22:56:00;233;sem vítima;319;BR-101/RJ;Sul;Saida de Pista;1;;;;;;;;;;1;;;;
23/12/2011;14:50:00;144;com vítima;319;BR-101/RJ;Norte;Queda de Moto;1;;;1;;;;;;;4;;1;;
27/12/2011;14:13:00;121;sem vítima;319;BR-101/RJ;Norte;Colisão Traseira;2;;;;;;;;;;4;;;;