data;horario;n_da_ocorrencia;tipo_de_ocorrencia;km;trecho;sentido;tipo_de_acidente;automovel;bicicleta;caminhao;moto;onibus;outros;tracao_animal;transporte_de_cargas_especiais;trator_maquinas;utilitarios;ilesos;levemente_feridos;moderadamente_feridos;gravemente_feridos;mortos
17/03/2015;07:52:00;48;com vítima;319,95;BR-101/RJ;Sul;Queda de Moto;;;;1;;;;;;;0;1;0;0;0
19/03/2015;07:59:00;50;com vítima;319,6;BR-101/RJ;Sul;Colisão Traseira;;;;1;;;;;;1;2;0;2;0;0
21/03/2015;21:48:00;160;sem vítima;319;BR-101/RJ;Norte;Saida de Pista;1;;;;;;;;;;1;0;0;0;0
23/03/2015;18:28:00;196;sem vítima;319;BR-101/RJ;Norte;Colisão Traseira;2;;;;;;;;;;4;0;0;0;0
29/03/2015;14:20:00;72;com vítima;319;BR-101/RJ;Sul;Choque - Defensa, barreira ou "submarino";1;;;;;;;;;;0;1;1;0;0
29/03/2015;17:22:00;103;sem vítima;319;BR-101/RJ;Sul;Engavetamento;3;;;;;;;;;;9;0;0;0;0
31/03/2015;11:16:00;114;sem vítima;319;BR-101/RJ;Norte;Colisão Traseira;1;;1;;;;;;;;2;0;0;0;0
31/03/2015;03:42:00;19;sem vítima;319,92;BR-101/RJ;Sul;Colisão Lateral;;;2;;;;;;;;3;0;0;0;0
23/04/2015;17:57:00;142;sem vítima;319;BR-101/RJ;Sul;Colisão Traseira;2;;;;;;;;;;3;;;;
27/04/2015;04:37:00;12;sem vítima;319;BR-101/RJ;Sul;Saida de Pista;1;;;;;;;;;;4;;;;
03/05/2015;23:25:00;183;sem vítima;319;BR-101/RJ;Sul;Colisão Traseira;2;;;;;;;;;;4;;;;
04/05/2015;08:28:00;54;com vítima;319,56;BR-101/RJ;Sul;Colisão Lateral;1;;;1;;;;;;;2;1;;;
06/05/2015;13:34:00;129;sem vítima;319;BR-101/RJ;Sul;Colisão Traseira;1;;;;;1;;;;;2;;;;
08/05/2015;18:03:00;187;sem vítima;319;BR-101/RJ;Norte;Colisão Traseira;2;;;;;;;;;;3;;;;
11/05/2015;17:52:00;172;sem vítima;319;BR-101/RJ;Sul;Colisão Traseira;1;;;;;1;;;;;2;;;;
12/05/2015;18:15:00;155;sem vítima;319;BR-101/RJ;Norte;Colisão Traseira;1;;;;;;;;;1;5;;;;
12/05/2015;18:30:00;157;com vítima;319;BR-101/RJ;Norte;Queda de Moto;;;;1;;;;;;;0;1;;;
13/05/2015;08:25:00;48;sem vítima;319,35;BR-101/RJ;Norte;Colisão Traseira;1;;;;;1;;;;;2;;;;
15/05/2015;06:34:00;29;sem vítima;319;BR-101/RJ;Sul;Colisão Traseira;2;;;;;;;;;;6;;;;
19/05/2015;06:16:00;24;com vítima;319;BR-101/RJ;Sul;Colisão Lateral;1;;;1;;;;;;;1;1;;;
19/05/2015;13:44:00;107;sem vítima;319;BR-101/RJ;Sul;Engavetamento;3;;;;;;;;;;4;;;;
23/05/2015;20:50:00;168;sem vítima;319;BR-101/RJ;Sul;Colisão Traseira;2;;;;;;;;;;3;;;;
24/05/2015;07:07:00;31;com vítima;319,874;BR-101/RJ;Norte;Choque - Defensa, barreira ou "submarino";1;;;;;;;;;;0;2;;;
29/05/2015;18:28:00;143;sem vítima;319;BR-101/RJ;Norte;Engavetamento;2;;;1;;;;;;;3;;;;
03/06/2015;14:03:00;120;sem vítima;319;BR-101/RJ;Sul;Colisão Lateral;1;;;1;;;;;;;3;;;;
03/06/2015;17:34:00;168;com vítima;319;BR-101/RJ;Sul;Colisão Lateral;1;;;1;;;;;;;1;1;;;
05/06/2015;11:05:00;68;sem vítima;319;BR-101/RJ;Norte;Colisão Traseira;1;;1;;;;;;;;3;;;;
11/06/2015;17:46:00;173;sem vítima;319;BR-101/RJ;Norte;Colisão Traseira;2;;;;;;;;;;3;;;;
15/06/2015;18:48:00;173;com vítima;319,143;BR-101/RJ;Norte;Colisão Lateral;1;;;1;;;;;;;1;2;;;
19/06/2015;22:24:00;217;com vítima;319;BR-101/RJ;Norte;Colisão Lateral;1;;;;;1;;;;;1;1;;;
26/06/2015;06:57:00;31;com vítima;319,241;BR-101/RJ;Sul;Colisão Lateral;1;;;1;;;;;;;1;2;;;
30/06/2015;17:58:00;193;sem vítima;319;BR-101/RJ;Norte;Colisão Traseira;2;;;;;;;;;;2;;;;
03/07/2015;17:36:00;177;sem vítima;319;BR-101/RJ;Norte;Colisão Traseira;2;;;;;1;;;;;7;;;;
03/07/2015;18:03:00;186;com vítima;319;BR-101/RJ;Norte;Colisão Lateral;1;;;1;;;;;;;1;1;;;
03/07/2015;07:12:00;36;com vítima;319,275;BR-101/RJ;Sul;Colisão Lateral;;;;1;;;;;;1;2;2;;;
04/07/2015;16:09:00;139;com vítima;319,942;BR-101/RJ;Norte;Atropelamento - Outros;;;;;;1;;;;;1;;;;1
10/07/2015;23:40:00;242;com vítima;319;BR-101/RJ;Norte;Queda de Moto;;;;1;;;;;;;0;1;;;
10/07/2015;02:48:00;11;com vítima;319,565;BR-101/RJ;Sul;Tombamento;;;1;;;;;;;;0;3;;;
11/07/2015;21:53:00;200;sem vítima;319;BR-101/RJ;Sul;Colisão Traseira;2;;;;;;;;;;2;;;;
16/07/2015;19:31:00;199;sem vítima;319;BR-101/RJ;Norte;Colisão Lateral;1;;;;;2;;;;;4;;;;
16/07/2015;19:40:00;200;com vítima;319,214;BR-101/RJ;Norte;Queda de Moto;;;;1;;;;;;;0;2;;;
26/07/2015;15:34:00;98;sem vítima;319;BR-101/RJ;Norte;Objeto lançado contra veículo;2;;;;;;;;;;3;;;;
02/08/2015;13:15:00;81;sem vítima;319;BR-101/RJ;Sul;Engavetamento;3;;;;;;;;;;10;;;;
04/08/2015;18:20:00;159;sem vítima;319;BR-101/RJ;Norte;Colisão Traseira;2;;;;;;;;;;4;;;;
05/08/2015;13:57:00;122;sem vítima;319,8;BR-101/RJ;Sul;Colisão Traseira;1;;;;;1;;;;;3;;;;
20/08/2015;16:07:00;138;sem vítima;319;BR-101/RJ;Norte;Colisão Traseira;2;;;;;;;;;;2;;;;
27/08/2015;08:12:00;58;sem vítima;319;BR-101/RJ;Sul;Engavetamento;3;;;;;;;;;;6;;;;
27/08/2015;18:33:00;157;com vítima;319,883;BR-101/RJ;Norte;Colisão Traseira;2;;;;;;;;;;1;1;;;
11/09/2015;21:44:00;228;sem vítima;319;BR-101/RJ;Norte;Saida de Pista;1;;;;;;;;;;1;;;;
25/09/2015;23:00:00;256;com vítima;319,898;BR-101/RJ;Norte;Engavetamento;3;;;;;;;;;;3;1;;;
30/09/2015;20:32:00;185;sem vítima;319;BR-101/RJ;Norte;Colisão Lateral;1;;;;1;;;;;;2;;;;
15/10/2015;07:05:00;38;sem vítima;319,535;BR-101/RJ;Sul;Engavetamento;2;;;;;;;;;1;3;;;;
29/10/2015;20:04:00;197;sem vítima;319;BR-101/RJ;Norte;Colisão Traseira;2;;;;;;;;;;2;;;;
29/10/2015;07:37:00;45;com vítima;319,588;BR-101/RJ;Sul;Colisão Traseira;;;;2;;;;;;;0;2;;;
04/11/2015;16:07:00;156;com vítima;319;BR-101/RJ;Norte;Colisão Lateral;1;;;1;;;;;;;2;1;;;
09/11/2015;10:39:00;102;com vítima;319;BR-101/RJ;Sul;Choque - Defensa, barreira ou "submarino";1;;;;;;;;;;0;3;;;
16/11/2015;08:04:00;55;sem vítima;319;BR-101/RJ;Sul;Colisão Traseira;1;;;;;1;;;;;2;;;;
19/11/2015;16:16:00;166;com vítima;319,223;BR-101/RJ;Sul;Saida de Pista;;;;1;;;;;;;0;;1;;
19/11/2015;05:48:00;23;com vítima;319,7;BR-101/RJ;Sul;Queda de Moto;;;;1;;;;;;;0;;1;;
18/12/2015;16:31:00;210;sem vítima;319;BR-101/RJ;Norte;Colisão Traseira;1;;;;;;;;;1;2;;;;
21/12/2015;02:37:00;13;com vítima;319,81;BR-101/RJ;Sul;Choque - Defensa, barreira ou "submarino";1;;;;;;;;;;0;;1;;2
24/12/2015;18:56:00;213;com vítima;319;BR-101/RJ;Norte;Queda de Moto;;;;1;;;;;;;0;1;;;
28/12/2015;15:52:00;158;sem vítima;319;BR-101/RJ;Norte;Colisão Traseira;2;;;;;;;;;;2;;;;
31/12/2015;21:24:00;265;com vítima;319;BR-101/RJ;Sul;Engavetamento;3;;;;;1;;;;;8;2;;;
05/01/2010;19:28:00;164;sem vítima;320;BR-101/RJ;Norte;Colisão Lateral;1;;;;1;;;;;;2;;;;
06/01/2010;20:25:00;164;sem vítima;320;BR-101/RJ;Norte;Colisão Traseira;2;;;;;;;;;;6;;;;
07/01/2010;19:19:00;192;sem vítima;320;BR-101/RJ;Norte;Colisão Traseira;1;;;;1;;;;;;2;;;;
09/01/2010;11:45:00;98;sem vítima;320;BR-101/RJ;Norte;Colisão Lateral;1;;;;1;;;;;;26;;;;
09/01/2010;15:15:00;141;com vítima;320;BR-101/RJ;Sul;Capotamento;1;;;;;;;;;;0;;1;;
10/01/2010;05:11:00;21;sem vítima;320;BR-101/RJ;Norte;Saida de Pista;1;;;;;;;;;;5;;;;
12/01/2010;18:59:00;179;com vítima;320;BR-101/RJ;Sul;Queda de Moto;;;;1;;;;;;;0;;1;;
13/01/2010;05:50:00;24;com vítima;320;BR-101/RJ;Norte;Atropelamento - Andarilho;;;;;;1;;;;;1;;1;;
14/01/2010;18:40:00;159;com vítima;320;BR-101/RJ;Norte;Engavetamento;1;;;1;1;;;;;;3;;1;;
15/01/2010;17:09:00;150;sem vítima;320;BR-101/RJ;Norte;Colisão Traseira;2;;;;;;;;;;2;;;;
15/01/2010;17:14:00;151;sem vítima;320;BR-101/RJ;Norte;Colisão Traseira;2;;;;;;;;;;3;;;;
16/01/2010;16:50:00;141;com vítima;320;BR-101/RJ;Norte;Colisão Traseira;4;;;;;2;;;;;7;3;;;
20/01/2010;00:26:00;8;com vítima;320;BR-101/RJ;Sul;Colisão Lateral;1;;1;;;;;;;;1;1;;;
20/01/2010;08:07:00;37;sem vítima;320;BR-101/RJ;Norte;Colisão Lateral;1;;;1;;;;;;;3;;;;
20/01/2010;17:39:00;164;sem vítima;320;BR-101/RJ;Norte;Colisão Traseira;;;;;1;;;;;1;5;;;;
22/01/2010;01:23:00;12;sem vítima;320;BR-101/RJ;Norte;Choque - Defensa, barreira ou "submarino";1;;;;;;;;;;2;;;;
22/01/2010;18:24:00;164;com vítima;320;BR-101/RJ;Norte;Queda de Moto;;;;1;;1;;;;;1;1;;;
24/01/2010;10:42:00;68;sem vítima;320;BR-101/RJ;Norte;Colisão Lateral;;;;1;1;1;;;;;4;;;;
27/01/2010;16:56:00;131;sem vítima;320;BR-101/RJ;Norte;Engavetamento;3;;;;;;;;;;4;;;;
28/01/2010;06:49:00;39;com vítima;320;BR-101/RJ;Sul;Colisão Lateral;1;;;1;;;;;;;2;;1;;
29/01/2010;20:47:00;196;sem vítima;320;BR-101/RJ;Norte;Colisão Traseira;1;;;;1;;;;;;2;;;;
31/01/2010;07:19:00;42;sem vítima;320;BR-101/RJ;Sul;Colisão Traseira;1;;;;1;;;;;;2;;;;
02/02/2010;16:35:00;132;sem vítima;320;BR-101/RJ;Norte;Engavetamento;4;;1;;1;;;;;;9;;;;
03/02/2010;11:46:00;90;sem vítima;320;BR-101/RJ;Norte;Colisão Traseira;1;;1;;;;;;;;2;;;;
04/02/2010;08:30:00;48;sem vítima;320;BR-101/RJ;Sul;Colisão Lateral;1;;;;1;;;;;;2;;;;
04/02/2010;17:50:00;174;sem vítima;320;BR-101/RJ;Norte;Colisão Traseira;2;;;;;;;;;;2;;;;
05/02/2010;07:29:00;46;sem vítima;320;BR-101/RJ;Sul;Colisão Traseira;2;;;;;;;;;;3;;;;
05/02/2010;08:07:00;53;sem vítima;320;BR-101/RJ;Sul;Colisão Traseira;2;;;;;;;;;;3;;;;
05/02/2010;15:28:00;135;sem vítima;320;BR-101/RJ;Sul;Colisão Traseira;1;;;;1;;;;;;2;;;;
05/02/2010;22:39:00;219;sem vítima;320;BR-101/RJ;Norte;Colisão Traseira;1;;1;;;;;;;;5;;;;
06/02/2010;03:28:00;25;sem vítima;320;BR-101/RJ;Norte;Colisão Traseira;1;;1;;;;;;;;2;;;;
10/02/2010;07:46:00;66;sem vítima;320;BR-101/RJ;Norte;Colisão Traseira;2;;;;;;;;;;3;;;;
11/02/2010;04:23:00;17;sem vítima;320;BR-101/RJ;Norte;Colisão Traseira;2;;;;;;;;;;5;;;;
11/02/2010;08:20:00;46;sem vítima;320;BR-101/RJ;Sul;Colisão Lateral;1;;;;1;;;;;;3;;;;
11/02/2010;12:09:00;97;sem vítima;320;BR-101/RJ;Norte;Colisão Lateral;1;;1;;;;;;;;3;;;;
12/02/2010;22:40:00;314;sem vítima;320;BR-101/RJ;Norte;Colisão Lateral;;;;;1;;;;;1;2;;;;
13/02/2010;11:16:00;211;sem vítima;320;BR-101/RJ;Norte;Colisão Lateral;1;;1;;;;;;;;2;;;;
14/02/2010;06:52:00;57;sem vítima;320;BR-101/RJ;Sul;Saida de Pista;1;;;;;;;;;;1;;;;
15/02/2010;14:22:00;93;sem vítima;320;BR-101/RJ;Sul;Queda de Moto;;;;1;;;;;;;1;;;;
15/02/2010;16:04:00;110;com vítima;320;BR-101/RJ;Norte;Queda de Moto;;;;1;;;;;;;0;1;;;
19/02/2010;16:16:00;111;sem vítima;320;BR-101/RJ;Norte;Colisão Traseira;1;;;;;2;;;;;5;;;;
19/02/2010;17:19:00;127;sem vítima;320;BR-101/RJ;Norte;Engavetamento;3;;;;;;;;;;4;;;;
20/02/2010;07:53:00;35;com vítima;320;BR-101/RJ;Norte;Choque - Defensa, barreira ou "submarino";2;;;;1;;;;;;2;1;;;
20/02/2010;11:11:00;72;sem vítima;320;BR-101/RJ;Sul;Colisão Traseira;1;;;;;1;;;;;5;;;;
22/02/2010;09:16:00;72;sem vítima;320;BR-101/RJ;Sul;Colisão Traseira;1;;;;;;;;;;1;;;;
23/02/2010;14:38:00;119;sem vítima;320;BR-101/RJ;Sul;Colisão Traseira;2;;;;;;;;;;3;;;;
24/02/2010;12:53:00;100;sem vítima;320;BR-101/RJ;Norte;Colisão Traseira;2;;;;;;;;;;2;;;;
26/02/2010;19:27:00;168;sem vítima;320;BR-101/RJ;Norte;Colisão Lateral;1;;1;;;;;;;;2;;;;
27/02/2010;11:02:00;67;sem vítima;320;BR-101/RJ;Sul;Colisão Traseira;1;;;;1;;;;;;2;;;;
27/02/2010;18:39:00;149;sem vítima;320;BR-101/RJ;Norte;Colisão Lateral;2;;;;;;;;;;6;;;;
27/02/2010;23:06:00;182;com vítima;320;BR-101/RJ;Sul;Queda de Moto;;;;1;1;;;;;;1;;2;;
02/03/2010;16:27:00;120;com vítima;320;BR-101/RJ;Sul;Colisão Lateral;2;;;;;;;;;;1;;1;;
03/03/2010;12:06:00;90;com vítima;320;BR-101/RJ;Sul;Queda de Moto;;;;1;;;;;;;0;1;;;
04/03/2010;12:22:00;99;sem vítima;320;BR-101/RJ;Norte;Capotamento;;;;;;;;;;1;1;;;;
05/03/2010;08:59:00;52;sem vítima;320;BR-101/RJ;Sul;Colisão Traseira;1;;;;;1;;;;;2;;;;
05/03/2010;13:50:00;119;com vítima;320;BR-101/RJ;Norte;Atropelamento - Andarilho;;;;;1;1;;;;;2;;;;1
05/03/2010;15:47:00;130;sem vítima;320;BR-101/RJ;Norte;Colisão Lateral;1;;1;;;;;;;;3;;;;
05/03/2010;22:42:00;194;sem vítima;320;BR-101/RJ;Norte;Colisão Traseira;1;;1;;;;;;;;2;;;;
06/03/2010;06:05:00;36;com vítima;320;BR-101/RJ;Norte;Outros - Sequência;2;;1;;;;;;;;7;1;1;;
09/03/2010;11:19:00;92;sem vítima;320;BR-101/RJ;Sul;Colisão Traseira;2;;;;;;;;;;2;;;;
09/03/2010;13:43:00;115;sem vítima;320;BR-101/RJ;Sul;Colisão Traseira;1;;;;;1;;;;;2;;;;
10/03/2010;02:38:00;22;sem vítima;320;BR-101/RJ;Norte;Colisão Lateral;1;;1;;;;;;;;2;;;;
10/03/2010;19:04:00;187;sem vítima;320;BR-101/RJ;Sul;Colisão Lateral;2;;;;;;;;;;2;;;;
12/03/2010;21:11:00;202;sem vítima;320;BR-101/RJ;Norte;Colisão Lateral;1;;1;;;;;;;;2;;;;
13/03/2010;09:30:00;63;sem vítima;320;BR-101/RJ;Norte;Colisão Lateral;1;;;;1;;;;;;4;;;;
13/03/2010;12:02:00;77;sem vítima;320;BR-101/RJ;Sul;Colisão Lateral;;;1;;1;;;;;;2;;;;
14/03/2010;08:25:00;48;sem vítima;320;BR-101/RJ;Norte;Colisão Lateral;2;;;;;1;;;;;4;;;;
14/03/2010;17:24:00;148;sem vítima;320;BR-101/RJ;Sul;Saida de Pista;1;;;;;;;;;;1;;;;
15/03/2010;16:24:00;142;com vítima;320;BR-101/RJ;Norte;Colisão Traseira;1;;;1;;;;;;;1;;1;;
15/03/2010;18:52:00;176;sem vítima;320;BR-101/RJ;Norte;Queda de Moto;;;;1;;;;;;;2;;;;
16/03/2010;09:15:00;59;sem vítima;320;BR-101/RJ;Norte;Colisão Lateral;1;;;;1;;;;;;2;;;;
17/03/2010;19:06:00;148;sem vítima;320;BR-101/RJ;Norte;Colisão Lateral;1;;;;;1;;;;;2;;;;
17/03/2010;19:32:00;155;sem vítima;320;BR-101/RJ;Norte;Colisão Traseira;2;;;;;;;;;;4;;;;
19/03/2010;08:06:00;67;sem vítima;320;BR-101/RJ;Sul;Queda de Moto;;;;2;;;;;;;3;;;;
19/03/2010;19:07:00;207;sem vítima;320;BR-101/RJ;Norte;Colisão Traseira;2;;;;;;;;;;5;;;;
20/03/2010;07:04:00;39;com vítima;320;BR-101/RJ;Norte;Colisão Traseira;1;;;1;1;;;;;;3;;1;;
21/03/2010;20:46:00;143;com vítima;320;BR-101/RJ;Norte;Atropelamento - Ciclista;;1;;;;1;;;;;1;1;;;
23/03/2010;10:08:00;59;sem vítima;320;BR-101/RJ;Sul;Colisão Lateral;1;;1;;;;;;;;2;;;;
23/03/2010;20:43:00;198;sem vítima;320;BR-101/RJ;Norte;Colisão Lateral;1;;1;;;;;;;;2;;;;
26/03/2010;22:54:00;211;sem vítima;320;BR-101/RJ;Norte;Colisão Lateral;1;;1;;;;;;;;3;;;;
26/03/2010;23:14:00;221;sem vítima;320;BR-101/RJ;Norte;Colisão Lateral;1;;1;;;;;;;;2;;;;
29/03/2010;17:23:00;140;sem vítima;320;BR-101/RJ;Norte;Colisão Lateral;1;;;;1;;;;;;2;;;;
29/03/2010;23:12:00;187;sem vítima;320;BR-101/RJ;Sul;Colisão Traseira;;;;;1;;;;;1;2;;;;
30/03/2010;04:34:00;25;sem vítima;320;BR-101/RJ;Sul;Colisão Traseira;2;;;;;;;;;;2;;;;
30/03/2010;17:27:00;161;sem vítima;320;BR-101/RJ;Norte;Engavetamento;3;;;;;;;;;;5;;;;
30/03/2010;18:18:00;170;sem vítima;320;BR-101/RJ;Sul;Colisão Traseira;;;;;2;;;;;;2;;;;
31/03/2010;01:59:00;9;sem vítima;320;BR-101/RJ;Norte;Choque - Defensa, barreira ou "submarino";1;;;;;;;;;;1;;;;
31/03/2010;02:05:00;10;sem vítima;320;BR-101/RJ;Sul;Tombamento;1;;;;;;;;;;2;;;;
31/03/2010;02:53:00;14;sem vítima;320;BR-101/RJ;Norte;Colisão Lateral;1;;;;;;;;;;1;;;;
31/03/2010;14:34:00;114;sem vítima;320;BR-101/RJ;Norte;Colisão Traseira;2;;;;;;;;;;3;;;;
31/03/2010;16:21:00;131;sem vítima;320;BR-101/RJ;Norte;Colisão Traseira;1;;1;;;;;;;;4;;;;
31/03/2010;19:00:00;169;sem vítima;320;BR-101/RJ;Norte;Engavetamento;1;;;;1;;;;;1;8;;;;
01/04/2010;08:58:00;64;sem vítima;320;BR-101/RJ;Norte;Colisão Traseira;2;;;;;;;;;;3;;;;
03/04/2010;04:46:00;17;sem vítima;320;BR-101/RJ;Sul;Saida de Pista;1;;;;;;;;;;1;;;;
04/04/2010;18:13:00;180;sem vítima;320;BR-101/RJ;Norte;Colisão Traseira;2;;;;;;;;;;3;;;;
05/04/2010;19:10:00;159;sem vítima;320;BR-101/RJ;Norte;Colisão Traseira;2;;;;;;;;;1;4;;;;
07/04/2010;19:11:00;145;sem vítima;320;BR-101/RJ;Norte;Colisão Traseira;2;;;;;;;;;;4;;;;
08/04/2010;13:27:00;102;sem vítima;320;BR-101/RJ;Sul;Colisão Traseira;1;;1;;;;;;;;2;;;;
09/04/2010;18:50:00;174;sem vítima;320;BR-101/RJ;Norte;Colisão Lateral;1;;;;;1;;;;;2;;;;
09/04/2010;20:58:00;204;sem vítima;320;BR-101/RJ;Norte;Colisão Lateral;1;;1;;;;;;;;2;;;;
13/04/2010;12:22:00;103;sem vítima;320;BR-101/RJ;Norte;Colisão Traseira;3;;1;;;;;;;;7;;;;
16/04/2010;20:26:00;171;sem vítima;320;BR-101/RJ;Norte;Colisão Traseira;1;;;;;1;;;;;4;;;;
16/04/2010;23:29:00;199;sem vítima;320;BR-101/RJ;Norte;Colisão Lateral;1;;1;;;;;;;;4;;;;
17/04/2010;15:42:00;107;sem vítima;320;BR-101/RJ;Norte;Colisão Traseira;3;;;;;;;;;;6;;;;
20/04/2010;13:50:00;101;com vítima;320;BR-101/RJ;Sul;Queda de Moto;;;;1;;;;;;;0;;2;;
20/04/2010;23:32:00;193;sem vítima;320;BR-101/RJ;Norte;Queda de Moto;;;;1;;1;;;;;2;;;;
22/04/2010;22:38:00;210;sem vítima;320;BR-101/RJ;Norte;Colisão Lateral;1;;1;;;;;;;;2;;;;
24/04/2010;12:17:00;79;sem vítima;320;BR-101/RJ;Sul;Colisão Traseira;;;1;;1;;;;;;2;;;;
26/04/2010;18:43:00;156;sem vítima;320;BR-101/RJ;Norte;Engavetamento;4;;;;;;;;;;8;;;;
28/04/2010;12:24:00;103;sem vítima;320;BR-101/RJ;Norte;Colisão Traseira;1;;;;1;;;;;;2;;;;
01/05/2010;21:11:00;156;sem vítima;320;BR-101/RJ;Norte;Choque - Defensa, barreira ou "submarino";1;;;;;;;;;;1;;;;
04/05/2010;16:40:00;139;sem vítima;320;BR-101/RJ;Norte;Engavetamento;2;;;;;;;;;1;4;;;;
05/05/2010;18:09:00;140;sem vítima;320;BR-101/RJ;Norte;Colisão Lateral;2;;;;;;;;;;2;;;;
10/05/2010;02:26:00;12;sem vítima;320;BR-101/RJ;Sul;Choque - Defensa, barreira ou "submarino";1;;;;;;;;;;1;;;;
13/05/2010;12:58:00;78;sem vítima;320;BR-101/RJ;Sul;Colisão Traseira;2;;;;;;;;;;4;;;;
14/05/2010;06:11:00;26;com vítima;320;BR-101/RJ;Norte;Queda de Moto;;;;1;;;;;;;0;;2;;
14/05/2010;06:44:00;29;com vítima;320;BR-101/RJ;Norte;Engavetamento;4;;;;;;;;;;7;1;;;
14/05/2010;07:17:00;36;sem vítima;320;BR-101/RJ;Sul;Colisão Traseira;2;;;;;;;;;;2;;;;
17/05/2010;18:37:00;130;sem vítima;320;BR-101/RJ;Norte;Engavetamento;5;;;;;;;;;;5;;;;
18/05/2010;18:44:00;147;com vítima;320;BR-101/RJ;Sul;Colisão Traseira;1;;;;1;;;;;;1;1;;;
19/05/2010;14:40:00;87;sem vítima;320;BR-101/RJ;Norte;Colisão Lateral;1;;;;1;;;;;;3;;;;
19/05/2010;19:42:00;132;sem vítima;320;BR-101/RJ;Norte;Engavetamento;3;;;1;;;;;;;10;;;;
19/05/2010;22:47:00;150;sem vítima;320;BR-101/RJ;Sul;Colisão Transversal;1;;;;1;;;;;;3;;;;
20/05/2010;22:15:00;182;sem vítima;320;BR-101/RJ;Norte;Colisão Traseira;2;;;;;;;;;;4;;;;
21/05/2010;22:37:00;171;sem vítima;320;BR-101/RJ;Norte;Colisão Lateral;1;;1;;;;;;;;3;;;;
22/05/2010;15:54:00;104;sem vítima;320;BR-101/RJ;Norte;Colisão Lateral;1;;;;1;;;;;;3;;;;
24/05/2010;19:48:00;192;sem vítima;320;BR-101/RJ;Norte;Colisão Traseira;2;;;;;;;;;;2;;;;
24/05/2010;23:01:00;213;sem vítima;320;BR-101/RJ;Sul;Colisão Traseira;2;;1;;;;;;;;4;;;;
25/05/2010;10:05:00;53;com vítima;320;BR-101/RJ;Sul;Queda de Moto;;;;1;;;;;;;0;1;;;
26/05/2010;15:12:00;105;sem vítima;320;BR-101/RJ;Sul;Colisão Traseira;1;;;;1;;;;;;2;;;;
28/05/2010;07:29:00;43;sem vítima;320;BR-101/RJ;Sul;Colisão Transversal;1;;1;;;;;;;;2;;;;
28/05/2010;11:33:00;96;sem vítima;320;BR-101/RJ;Sul;Colisão Traseira;2;;;;;;;;;;8;;;;
02/06/2010;08:24:00;49;sem vítima;320;BR-101/RJ;Sul;Colisão Transversal;1;;;1;;;;;;;2;;;;
02/06/2010;19:11:00;171;sem vítima;320;BR-101/RJ;Norte;Engavetamento;3;;;;;1;;;;;11;;;;
08/06/2010;15:25:00;112;sem vítima;320;BR-101/RJ;Norte;Choque - Defensa, barreira ou "submarino";1;;;;;;;;;;1;;;;
08/06/2010;22:29:00;179;sem vítima;320;BR-101/RJ;Norte;Colisão Lateral;1;;1;;;;;;;;3;;;;
09/06/2010;17:13:00;143;sem vítima;320;BR-101/RJ;Norte;Colisão Traseira;2;;;;;;;;;;7;;;;
09/06/2010;18:16:00;154;sem vítima;320;BR-101/RJ;Norte;Colisão Lateral;2;;;;;;;;;;2;;;;
10/06/2010;22:27:00;174;sem vítima;320;BR-101/RJ;Norte;Colisão Lateral;2;;;;;;;;;;2;;;;
10/06/2010;22:27:00;175;sem vítima;320;BR-101/RJ;Norte;Colisão Lateral;2;;;;;;;;;;2;;;;
11/06/2010;16:10:00;114;sem vítima;320;BR-101/RJ;Norte;Colisão Traseira;3;;;;;;;;;;3;;;;
12/06/2010;14:16:00;110;sem vítima;320;BR-101/RJ;Norte;Colisão Lateral;1;;1;;;;;;;;5;;;;
14/06/2010;23:13:00;186;sem vítima;320;BR-101/RJ;Sul;Choque - Poste;1;;;;;;;;;;1;;;;
16/06/2010;17:39:00;138;sem vítima;320;BR-101/RJ;Norte;Colisão Traseira;2;;;;;;;;;;7;;;;
16/06/2010;18:47:00;154;sem vítima;320;BR-101/RJ;Norte;Colisão Transversal;1;;;;1;;;;;;2;;;;
17/06/2010;08:39:00;47;sem vítima;320;BR-101/RJ;Sul;Colisão Traseira;2;;;;;;;;;;2;;;;
17/06/2010;09:17:00;52;sem vítima;320;BR-101/RJ;Sul;Colisão Traseira;2;;;;;;;;;;3;;;;
17/06/2010;16:50:00;136;sem vítima;320;BR-101/RJ;Norte;Colisão Traseira;2;;;;;;;;;;2;;;;
17/06/2010;18:33:00;150;sem vítima;320;BR-101/RJ;Norte;Colisão Traseira;2;;;;;;;;;;2;;;;
18/06/2010;08:17:00;50;sem vítima;320;BR-101/RJ;Norte;Colisão Traseira;1;;;;1;;;;;;2;;;;
18/06/2010;18:16:00;187;sem vítima;320;BR-101/RJ;Norte;Colisão Lateral;1;;1;;;;;;;;2;;;;
19/06/2010;15:56:00;130;sem vítima;320;BR-101/RJ;Sul;Colisão Lateral;1;;;;1;;;;;;6;;;;
23/06/2010;18:35:00;100;sem vítima;320;BR-101/RJ;Norte;Colisão Lateral;1;;1;;;;;;;;2;;;;
23/06/2010;18:53:00;103;sem vítima;320;BR-101/RJ;Norte;Colisão Traseira;2;;;;;;;;;;9;;;;
23/06/2010;19:39:00;108;sem vítima;320;BR-101/RJ;Norte;Colisão Lateral;1;;1;;;;;;;;2;;;;
23/06/2010;19:35:00;111;sem vítima;320;BR-101/RJ;Norte;Colisão Lateral;2;;;;;;;;;;4;;;;
24/06/2010;15:42:00;129;sem vítima;320;BR-101/RJ;Norte;Colisão Lateral;1;;;;1;;;;;;5;;;;
28/06/2010;15:27:00;108;sem vítima;320;BR-101/RJ;Norte;Engavetamento;3;;;;;1;;;;;10;;;;