data;horario;n_da_ocorrencia;tipo_de_ocorrencia;km;trecho;sentido;tipo_de_acidente;automovel;bicicleta;caminhao;moto;onibus;outros;tracao_animal;transporte_de_cargas_especiais;trator_maquinas;utilitarios;ilesos;levemente_feridos;moderadamente_feridos;gravemente_feridos;mortos
11/01/2011;12:57:00;100;sem vítima;320;BR-101/RJ;Sul;Colisão Lateral;2;;;;;;;;;;2;;;;
12/01/2011;00:38:00;2;sem vítima;320;BR-101/RJ;Sul;Saida de Pista;1;;;;;;;;;;1;;;;
12/01/2011;07:44:00;27;sem vítima;320;BR-101/RJ;Sul;Queda de Moto;;;;1;;;;;;;1;;;;
14/01/2011;21:19:00;188;sem vítima;320;BR-101/RJ;Norte;Colisão Traseira;1;;;;;;;;;1;5;;;;
15/01/2011;15:02:00;110;sem vítima;320;BR-101/RJ;Norte;Colisão Traseira;4;;;;;;;;;;6;;;;
17/01/2011;01:33:00;6;sem vítima;320;BR-101/RJ;Sul;Colisão Lateral;1;;1;;;;;;;;2;;;;
18/01/2011;18:40:00;159;sem vítima;320;BR-101/RJ;Norte;Colisão Traseira;2;;;;;1;;;;;3;;;;
18/01/2011;19:57:00;170;sem vítima;320;BR-101/RJ;Norte;Colisão Lateral;1;;;1;;;;;;;4;;;;
18/01/2011;20:59:00;182;sem vítima;320;BR-101/RJ;Sul;Colisão Frontal;1;;;;;;;;;;1;;;;
19/01/2011;19:22:00;199;sem vítima;320;BR-101/RJ;Norte;Colisão Lateral;1;;;1;;;;;;;2;;;;
20/01/2011;14:26:00;111;sem vítima;320;BR-101/RJ;Sul;Colisão Lateral;1;;1;;;;;;;;3;;;;
25/01/2011;10:26:00;83;sem vítima;320;BR-101/RJ;Sul;Engavetamento;3;;;;;;;;;;5;;;;
28/01/2011;12:10:00;127;sem vítima;320;BR-101/RJ;Norte;Colisão Lateral;1;;1;;;;;;;;2;;;;
28/01/2011;15:24:00;172;sem vítima;320;BR-101/RJ;Norte;Colisão Traseira;1;;1;;;;;;;;2;;;;
28/01/2011;18:54:00;238;sem vítima;320;BR-101/RJ;Norte;Colisão Lateral;1;;;;1;;;;;;2;;;;
29/01/2011;01:43:00;12;sem vítima;320;BR-101/RJ;Norte;Colisão Lateral;1;;;;;;;;;;1;;;;
29/01/2011;15:06:00;134;sem vítima;320;BR-101/RJ;Norte;Colisão Traseira;2;;;;;;;;;;4;;;;
29/01/2011;18:35:00;182;sem vítima;320;BR-101/RJ;Norte;Engavetamento;2;;;;;1;;;;;4;;;;
31/01/2011;12:54:00;112;sem vítima;320;BR-101/RJ;Sul;Colisão Lateral;;;;;1;1;;;;;3;;;;
31/01/2011;15:45:00;136;sem vítima;320;BR-101/RJ;Norte;Engavetamento;3;;;;;;;;;;7;;;;
01/02/2011;05:12:00;16;com vítima;320;BR-101/RJ;Norte;Outros - Sequência;1;;;;;;;;;;0;1;;;
01/02/2011;15:25:00;130;sem vítima;320;BR-101/RJ;Norte;Colisão Lateral;1;;1;;;;;;;;2;;;;
01/02/2011;19:51:00;201;sem vítima;320;BR-101/RJ;Norte;Colisão Lateral;1;;;;1;;;;;;2;;;;
03/02/2011;08:54:00;56;com vítima;320;BR-101/RJ;Norte;Queda de Moto;;;;1;;1;;;;;1;;1;;
04/02/2011;23:15:00;222;sem vítima;320;BR-101/RJ;Norte;Colisão Lateral;1;;1;;;;;;;;2;;;;
07/02/2011;00:15:00;1;sem vítima;320;BR-101/RJ;Sul;Colisão Traseira;2;;;;;;;;;;5;;;;
08/02/2011;13:12:00;87;sem vítima;320;BR-101/RJ;Sul;Colisão Traseira;3;;;;;1;;;;;4;;;;
09/02/2011;18:13:00;138;com vítima;320;BR-101/RJ;Norte;Queda de Moto;;;;1;;;;;;;0;;1;;
12/02/2011;05:31:00;25;com vítima;320;BR-101/RJ;Norte;Queda de Moto;;;;1;;;;;;;1;;1;;
12/02/2011;06:29:00;32;sem vítima;320;BR-101/RJ;Sul;Saida de Pista;1;;;;;;;;;;1;;;;
12/02/2011;10:45:00;82;sem vítima;320;BR-101/RJ;Norte;Colisão Traseira;;;;1;;1;;;;;3;;;;
12/02/2011;10:54:00;86;sem vítima;320;BR-101/RJ;Norte;Colisão Traseira;1;;1;;;;;;;;8;;;;
12/02/2011;12:23:00;100;sem vítima;320;BR-101/RJ;Sul;Colisão Traseira;2;;;;;;;;;;3;;;;
12/02/2011;18:15:00;159;com vítima;320;BR-101/RJ;Sul;Colisão Traseira;1;;;;;;;;;;0;;1;;
14/02/2011;08:07:00;59;sem vítima;320;BR-101/RJ;Norte;Colisão Traseira;;;;1;1;;;;;;2;;;;
14/02/2011;16:41:00;165;sem vítima;320;BR-101/RJ;Norte;Colisão Traseira;3;;;;;;;;;;3;;;;
20/02/2011;17:02:00;145;com vítima;320;BR-101/RJ;Norte;Choque - Defensa, barreira ou "submarino";1;;;;;;;;;;0;1;;;
20/02/2011;22:12:00;199;sem vítima;320;BR-101/RJ;Norte;Outros - Sequência;1;;;;;1;;;;;2;;;;
28/02/2011;12:36:00;122;sem vítima;320;BR-101/RJ;Norte;Colisão Lateral;1;;1;;;;;;;;3;;;;
28/02/2011;16:55:00;167;sem vítima;320;BR-101/RJ;Sul;Colisão Traseira;1;;;;;;;;;1;2;;;;
28/02/2011;19:02:00;196;sem vítima;320;BR-101/RJ;Norte;Engavetamento;2;;;;;;;;;;3;;;;
28/02/2011;19:18:00;199;sem vítima;320;BR-101/RJ;Norte;Engavetamento;3;;;;;;;;;1;5;;;;
28/02/2011;23:11:00;234;sem vítima;320;BR-101/RJ;Sul;Saida de Pista;1;;;;;;;;;;3;;;;
29/03/2011;13:00:00;84;sem vítima;76;BR-101/RJ;Sul;Colisão Transversal;;;2;;;;;;;;3;;;;
29/03/2011;16:59:00;117;sem vítima;271;BR-101/RJ;Sul;Saida de Pista;1;;;;;;;;;;1;;;;
29/03/2011;17:19:00;121;sem vítima;276;BR-101/RJ;Norte;Saida de Pista;1;;;;;;;;;;1;;;;
29/03/2011;17:10:00;124;com vítima;271;BR-101/RJ;Norte;Colisão Traseira;;;;1;;1;;;;;1;;2;;
29/03/2011;18:11:00;129;sem vítima;71;BR-101/RJ;Sul;Atropelamento - Ciclista;;1;1;;;;;;;;3;;;;
29/03/2011;19:17:00;143;com vítima;274;BR-101/RJ;Norte;Atropelamento - Ciclista;;1;;;;1;;;;;1;;1;1;
29/03/2011;20:56:00;155;sem vítima;148;BR-101/RJ;Sul;Colisão Traseira;1;;1;;;;;;;;2;;;;
29/03/2011;22:19:00;164;sem vítima;169;BR-101/RJ;Norte;Saida de Pista;;;1;;;;;;;;1;;;;
30/03/2011;03:32:00;18;com vítima;316;BR-101/RJ;Sul;Colisão Traseira;;;3;;;;;;;;2;;1;;
30/03/2011;09:22:00;52;com vítima;196;BR-101/RJ;Sul;Capotamento;1;;;;;;;;;;0;1;;;
30/03/2011;10:17:00;59;sem vítima;92;BR-101/RJ;Norte;Colisão Traseira;1;;1;;;;;;;;2;;;;
30/03/2011;13:55:00;88;sem vítima;200;BR-101/RJ;Sul;Saida de Pista;;;;;;;;;;1;1;;;;
30/03/2011;16:26:00;114;sem vítima;98;BR-101/RJ;Norte;Colisão Lateral;;;2;;;;;;;;3;;;;
30/03/2011;17:49:00;123;sem vítima;207;BR-101/RJ;Norte;Colisão Traseira;1;;;;;;;;;;1;;;;
30/03/2011;20:18:00;150;sem vítima;297;BR-101/RJ;Norte;Colisão Traseira;1;;;;1;;;;;;2;;;;
30/03/2011;21:20:00;160;sem vítima;142;BR-101/RJ;Norte;Saida de Pista;1;;;;;;;;;;2;;;;
31/03/2011;05:12:00;18;com vítima;320,007;BR-101/RJ;Norte;Colisão Lateral;1;;1;;;;;;;;1;;1;;
31/03/2011;07:34:00;40;com vítima;5;BR-101/RJ;Sul;Choque - Outros;;;2;;;;;;;;1;1;;;
31/03/2011;08:36:00;55;com vítima;195;BR-101/RJ;Sul;Colisão Frontal;3;;;;;;;;;;2;3;;;
31/03/2011;10:16:00;70;com vítima;182;BR-101/RJ;Sul;Colisão Frontal;2;;;;;;;;;;1;1;1;;
31/03/2011;11:15:00;79;sem vítima;163;BR-101/RJ;Norte;Choque - Outros;;;2;;;;;;;;2;;;;
31/03/2011;13:00:00;97;sem vítima;299,5;BR-101/RJ;Sul;Colisão Lateral;2;;;;;;;;;;3;;;;
31/03/2011;17:39:00;126;sem vítima;320;BR-101/RJ;Norte;Colisão Lateral;;;;;1;1;;;;;2;;;;
31/03/2011;17:52:00;133;com vítima;82;BR-101/RJ;Norte;Colisão Traseira;;;1;;1;;;;;;5;;1;;
31/03/2011;18:11:00;136;sem vítima;320;BR-101/RJ;Norte;Colisão Lateral;;;;;1;1;;;;;2;;;;
31/03/2011;19:06:00;150;com vítima;318;BR-101/RJ;Sul;Colisão Traseira;2;;;;;;;;;;8;1;;;
31/03/2011;20:01:00;167;sem vítima;66;BR-101/RJ;Norte;Colisão Traseira;1;;;;1;;;;;;2;;;;
31/03/2011;22:06:00;186;sem vítima;313;BR-101/RJ;Sul;Saida de Pista;1;;;;;;;;;;1;;;;
31/03/2011;22:19:00;187;sem vítima;265;BR-101/RJ;Sul;Choque - Objeto sobre a pista;1;;1;;;;;;;;5;;;;
02/05/2011;06:45:00;24;com vítima;320;BR-101/RJ;Norte;Engavetamento;;;;;3;;;;;;5;1;;;
03/05/2011;09:29:00;54;com vítima;320;BR-101/RJ;Sul;Queda de Moto;1;;;1;;;;;;;1;;1;;
03/05/2011;14:29:00;93;sem vítima;320;BR-101/RJ;Norte;Colisão Traseira;1;;1;;;;;;;;2;;;;
05/05/2011;15:07:00;106;sem vítima;320;BR-101/RJ;Norte;Colisão Traseira;1;;1;;;;;;;;2;;;;
06/05/2011;19:35:00;190;sem vítima;320;BR-101/RJ;Norte;Engavetamento;2;;1;;;;;;;;6;;;;
07/05/2011;01:34:00;6;sem vítima;320;BR-101/RJ;Norte;Saida de Pista;1;;;;;;;;;;3;;;;
08/05/2011;00:01:00;1;sem vítima;320;BR-101/RJ;Norte;Colisão Lateral;1;;;;1;;;;;;2;;;;
08/05/2011;05:25:00;29;sem vítima;320;BR-101/RJ;Sul;Capotamento;1;;;;;;;;;;1;;;;
09/05/2011;04:33:00;5;com vítima;320;BR-101/RJ;Sul;Choque - Poste;1;;;;;;;;;;0;;2;;
09/05/2011;07:42:00;30;sem vítima;320;BR-101/RJ;Sul;Colisão Traseira;1;;;;1;;;;;;2;;;;
10/05/2011;18:05:00;157;sem vítima;320;BR-101/RJ;Norte;Engavetamento;3;;;;;;;;;;5;;;;
11/05/2011;19:34:00;157;sem vítima;320;BR-101/RJ;Norte;Colisão Traseira;1;;;;1;;;;;;27;;;;
13/05/2011;19:12:00;155;sem vítima;320;BR-101/RJ;Norte;Engavetamento;2;;;;;1;;;;;3;;;;
15/05/2011;01:00:00;8;sem vítima;320;BR-101/RJ;Norte;Capotamento;1;;;;;;;;;;1;;;;
16/05/2011;14:59:00;104;sem vítima;320;BR-101/RJ;Sul;Colisão Lateral;2;;;;;;;;;;2;;;;
17/05/2011;20:37:00;162;sem vítima;320;BR-101/RJ;Norte;Colisão Lateral;1;;;;1;;;;;;2;;;;
18/05/2011;12:14:00;106;sem vítima;320;BR-101/RJ;Norte;Engavetamento;3;;;;;;;;;;6;;;;
19/05/2011;18:57:00;182;sem vítima;320;BR-101/RJ;Sul;Colisão Traseira;;;;;2;;;;;;2;;;;
20/05/2011;04:41:00;7;sem vítima;320;BR-101/RJ;Sul;Choque - Defensa, barreira ou "submarino";1;;;;;;;;;;2;;;;
20/05/2011;19:13:00;162;sem vítima;320;BR-101/RJ;Norte;Engavetamento;3;;;;;;;;;;3;;;;
21/05/2011;21:43:00;182;sem vítima;320;BR-101/RJ;Norte;Choque - Defensa, barreira ou "submarino";1;;;;;;;;;;1;;;;
21/05/2011;21:57:00;183;sem vítima;320;BR-101/RJ;Sul;Colisão Traseira;2;;;;;1;;;;;7;;;;
22/05/2011;16:36:00;120;sem vítima;320;BR-101/RJ;Sul;Colisão Traseira;2;;;;;;;;;;6;;;;
23/05/2011;08:13:00;48;com vítima;320;BR-101/RJ;Sul;Colisão Traseira;;;;1;;1;;;;;1;1;;;
23/05/2011;11:45:00;98;com vítima;320;BR-101/RJ;Sul;Colisão Traseira;1;;;1;;;;;;;2;1;;;
23/05/2011;17:40:00;165;sem vítima;320;BR-101/RJ;Norte;Colisão Lateral;2;;;;;;;;;;2;;;;
23/05/2011;22:46:00;209;sem vítima;320;BR-101/RJ;Sul;Tombamento;;;1;;;;;;;;2;;;;
24/05/2011;09:41:00;66;com vítima;320;BR-101/RJ;Sul;Colisão Traseira;2;;;1;;;;;;;2;;1;;
25/05/2011;23:41:00;186;com vítima;320;BR-101/RJ;Norte;Queda de Moto;;;;1;;;;;;;0;;1;;
26/05/2011;16:44:00;129;sem vítima;320;BR-101/RJ;Norte;Colisão Lateral;1;;;;1;;;;;;5;;;;
27/05/2011;11:46:00;89;com vítima;320;BR-101/RJ;Norte;Atropelamento - Usuário;;;;;1;;;;;;1;;;1;
28/05/2011;04:39:00;18;sem vítima;320;BR-101/RJ;Sul;Colisão Traseira;1;;;;;;;;;;7;;;;
29/05/2011;07:58:00;35;sem vítima;320;BR-101/RJ;Norte;Atropelamento de Animal;1;;;;;;;;;;2;;;;
30/05/2011;16:24:00;118;sem vítima;320;BR-101/RJ;Norte;Colisão Lateral;1;;;;1;;;;;;2;;;;
31/05/2011;11:51:00;69;sem vítima;320;BR-101/RJ;Sul;Colisão Traseira;1;;;;1;;;;;;3;;;;
31/05/2011;19:18:00;147;com vítima;320;BR-101/RJ;Sul;Colisão Traseira;1;;;;1;;;;;;4;;2;;
01/06/2011;08:05:00;40;sem vítima;320;BR-101/RJ;Sul;Colisão Traseira;2;;;;;;;;;;4;;;;
01/06/2011;11:27:00;72;sem vítima;320;BR-101/RJ;Norte;Engavetamento;4;;;;;;;;;;4;;;;
01/06/2011;19:54:00;145;sem vítima;320;BR-101/RJ;Norte;Engavetamento;4;;;;;;;;;1;5;;;;
02/06/2011;18:06:00;128;sem vítima;320;BR-101/RJ;Norte;Colisão Traseira;1;;2;;;;;;;;5;;;;
03/06/2011;18:20:00;166;sem vítima;320;BR-101/RJ;Norte;Colisão Lateral;1;;;;1;;;;;;2;;;;
04/06/2011;07:41:00;39;sem vítima;320;BR-101/RJ;Sul;Colisão Traseira;2;;;;;;;;;;2;;;;
05/06/2011;06:16:00;18;com vítima;320;BR-101/RJ;Norte;Capotamento;2;;;;;;;;;;1;;1;;
05/06/2011;06:47:00;21;sem vítima;320;BR-101/RJ;Norte;Choque - Defensa, barreira ou "submarino";1;;;;;;;;;;3;;;;
05/06/2011;17:14:00;106;sem vítima;320;BR-101/RJ;Norte;Colisão Traseira;2;;;;;;;;;;10;;;;
07/06/2011;10:08:00;72;sem vítima;320;BR-101/RJ;Norte;Colisão Traseira;1;;;;1;;;;;;2;;;;
08/06/2011;09:52:00;61;sem vítima;320;BR-101/RJ;Sul;Engavetamento;3;;;;;1;;;;;7;;;;
08/06/2011;10:02:00;67;sem vítima;320;BR-101/RJ;Norte;Colisão Traseira;1;;;;;;;;;1;3;;;;
08/06/2011;12:04:00;85;sem vítima;320;BR-101/RJ;Norte;Engavetamento;3;;;;;;;;;;4;;;;
08/06/2011;12:21:00;89;com vítima;320;BR-101/RJ;Norte;Colisão Lateral;1;;;1;;;;;;;1;1;;;
08/06/2011;13:13:00;95;sem vítima;320;BR-101/RJ;Norte;Engavetamento;2;;;;;3;;;;;5;;;;
08/06/2011;20:14:00;167;sem vítima;320;BR-101/RJ;Norte;Engavetamento;2;;;;;1;;;;;8;;;;
09/06/2011;19:16:00;159;sem vítima;320;BR-101/RJ;Norte;Engavetamento;3;;;;;;;;;;3;;;;
09/06/2011;22:30:00;191;sem vítima;320;BR-101/RJ;Norte;Colisão Lateral;1;;1;;;;;;;;2;;;;
10/06/2011;17:33:00;157;sem vítima;320;BR-101/RJ;Norte;Engavetamento;3;;;;;;;;;;3;;;;
11/06/2011;06:59:00;45;sem vítima;320;BR-101/RJ;Norte;Engavetamento;2;;;;1;;;;;;8;;;;
12/06/2011;21:58:00;158;com vítima;320;BR-101/RJ;Norte;Colisão Lateral;;;1;1;;;;;;;1;1;;1;
13/06/2011;20:09:00;172;sem vítima;320;BR-101/RJ;Norte;Colisão Lateral;1;;;1;;;;;;;2;;;;
14/06/2011;17:41:00;115;sem vítima;320;BR-101/RJ;Norte;Engavetamento;3;;;;;1;;;;;4;;;;
14/06/2011;19:10:00;126;sem vítima;320;BR-101/RJ;Sul;Engavetamento;3;;;;;;;;;;4;;;;
15/06/2011;12:06:00;110;sem vítima;320;BR-101/RJ;Norte;Colisão Lateral;;;;;1;1;;;;;3;;;;
17/06/2011;15:16:00;124;sem vítima;320;BR-101/RJ;Norte;Colisão Traseira;2;;;;;;;;;;2;;;;
20/06/2011;09:20:00;62;sem vítima;320;BR-101/RJ;Norte;Engavetamento;3;;;;;;;;;;3;;;;
21/06/2011;17:27:00;141;sem vítima;320;BR-101/RJ;Norte;Colisão Lateral;1;;1;;1;;;;;;3;;;;
21/06/2011;20:16:00;156;sem vítima;320;BR-101/RJ;Norte;Colisão Lateral;1;;;;1;;;;;;2;;;;
22/06/2011;20:32:00;187;sem vítima;320;BR-101/RJ;Norte;Colisão Lateral;1;;1;;;;;;;;2;;;;
24/06/2011;12:43:00;71;sem vítima;320;BR-101/RJ;Norte;Colisão Traseira;1;;;;;;;;;1;8;;;;
27/06/2011;04:27:00;9;sem vítima;320;BR-101/RJ;Norte;Colisão Lateral;1;;;;;;;;;;1;;;;
27/06/2011;07:32:00;24;sem vítima;320;BR-101/RJ;Sul;Colisão Lateral;1;;;;1;;;;;;2;;;;
29/06/2011;19:22:00;153;sem vítima;320;BR-101/RJ;Norte;Engavetamento;3;;;;;1;;;;;5;;;;
30/06/2011;20:42:00;125;sem vítima;320;BR-101/RJ;Norte;Colisão Lateral;1;;1;;;;;;;;2;;;;
04/08/2011;17:51:00;132;com vítima;320;BR-101/RJ;Norte;Colisão Lateral;1;;;1;;;;;;;1;1;;;
05/08/2011;22:06:00;191;sem vítima;320;BR-101/RJ;Norte;Colisão Lateral;1;;;;1;;;;;;2;;;;
05/08/2011;22:11:00;192;sem vítima;320;BR-101/RJ;Norte;Queda de Moto;;;;1;;1;;;;;2;;;;
09/08/2011;22:25:00;164;sem vítima;320,01;BR-101/RJ;Norte;Colisão Traseira;1;;1;;;;;;;;2;;;;
09/08/2011;22:37:00;166;sem vítima;320,05;BR-101/RJ;Norte;Colisão Lateral;1;;1;;;;;;;;2;;;;
10/08/2011;00:35:00;5;sem vítima;320;BR-101/RJ;Norte;Choque - Defensa, barreira ou "submarino";1;;;;;;;;;;1;;;;
11/08/2011;16:58:00;133;sem vítima;320;BR-101/RJ;Norte;Colisão Traseira;2;;;;;;;;;;2;;;;
11/08/2011;17:50:00;139;sem vítima;320;BR-101/RJ;Norte;Colisão Lateral;1;;;;1;;;;;;4;;;;
12/08/2011;06:42:00;21;sem vítima;320;BR-101/RJ;Sul;Colisão Lateral;1;;;1;;;;;;;4;;;;
12/08/2011;07:37:00;33;sem vítima;320;BR-101/RJ;Norte;Choque - Outros;1;;;;;;;;;;4;;;;
12/08/2011;09:51:00;69;sem vítima;320;BR-101/RJ;Sul;Colisão Traseira;3;;;;;;;;;;9;;;;
13/08/2011;00:10:00;2;sem vítima;320;BR-101/RJ;Norte;Choque - Defensa, barreira ou "submarino";1;;;;;;;;;;1;;;;
13/08/2011;07:51:00;61;sem vítima;320;BR-101/RJ;Sul;Colisão Traseira;2;;;;;;;;;;3;;;;
15/08/2011;14:37:00;132;com vítima;320;BR-101/RJ;Norte;Capotamento;1;;;;;;;;;;0;1;;;
18/08/2011;22:32:00;181;sem vítima;320;BR-101/RJ;Norte;Colisão Traseira;1;;1;;;;;;;;2;;;;
19/08/2011;11:36:00;96;sem vítima;320;BR-101/RJ;Sul;Colisão Traseira;;;1;;1;;;;;;2;;;;
19/08/2011;18:36:00;166;sem vítima;320;BR-101/RJ;Sul;Colisão Lateral;1;;;;1;;;;;;2;;;;
19/08/2011;22:42:00;211;sem vítima;320;BR-101/RJ;Norte;Colisão Lateral;1;;1;;;;;;;;2;;;;
20/08/2011;10:46:00;68;sem vítima;320;BR-101/RJ;Norte;Colisão Lateral;1;;1;;;;;;;;3;;;;
22/08/2011;07:29:00;35;sem vítima;320;BR-101/RJ;Norte;Colisão Traseira;1;;;;;1;;;;;2;;;;
24/08/2011;08:58:00;44;com vítima;320;BR-101/RJ;Sul;Queda de Moto;;;;1;;;;;;;0;1;;;
25/08/2011;18:16:00;151;sem vítima;320;BR-101/RJ;Norte;Colisão Lateral;;;;;1;;;;;1;2;;;;
27/08/2011;06:47:00;27;sem vítima;320;BR-101/RJ;Norte;Colisão Lateral;1;;;;1;;;;;;3;;;;
27/08/2011;14:29:00;91;com vítima;320;BR-101/RJ;Sul;Colisão Lateral;1;;;;2;;;;;;5;6;5;;
27/08/2011;15:42:00;105;sem vítima;320;BR-101/RJ;Norte;Colisão Lateral;1;;;;;;;;;;1;;;;
31/08/2011;09:18:00;45;com vítima;320;BR-101/RJ;Sul;Colisão Lateral;1;;;1;;;;;;;2;2;;;
31/08/2011;13:08:00;86;com vítima;320;BR-101/RJ;Norte;Choque - Objeto sobre a pista;;;;1;;;;;;;0;;1;;
31/08/2011;22:00:00;169;sem vítima;320;BR-101/RJ;Norte;Engavetamento;4;;;;;;;;;;4;;;;
03/09/2011;16:13:00;104;com vítima;320;BR-101/RJ;Norte;Queda de Moto;;;;1;;;;;;;0;1;;;
03/09/2011;16:23:00;105;sem vítima;320;BR-101/RJ;Norte;Colisão Traseira;1;;;;;1;;;;;2;;;;
06/09/2011;12:36:00;73;com vítima;320;BR-101/RJ;Norte;Queda de Moto;;;;1;;1;;;;;1;1;1;;
08/09/2011;08:46:00;40;sem vítima;320;BR-101/RJ;Sul;Colisão Lateral;1;;1;;;;;;;;3;;;;
08/09/2011;22:29:00;150;sem vítima;320;BR-101/RJ;Norte;Colisão Lateral;1;;;;1;;;;;;2;;;;
10/09/2011;16:19:00;118;sem vítima;320;BR-101/RJ;Norte;Colisão Traseira;2;;;;;;;;;;2;;;;
10/09/2011;16:34:00;121;com vítima;320;BR-101/RJ;Norte;Atropelamento - Ciclista;;1;;;1;;;;;;1;1;;;
11/09/2011;19:55:00;169;sem vítima;320;BR-101/RJ;Norte;Colisão Traseira;2;;;;;;;;;;7;;;;
14/09/2011;19:55:00;143;sem vítima;320;BR-101/RJ;Norte;Colisão Lateral;1;;1;;;;;;;;5;;;;
15/09/2011;14:14:00;101;sem vítima;320;BR-101/RJ;Sul;Engavetamento;4;;;;;;;;;;5;;;;
15/09/2011;19:17:00;145;sem vítima;320;BR-101/RJ;Norte;Colisão Traseira;2;;;;;;;;;;2;;;;
15/09/2011;19:43:00;149;sem vítima;320;BR-101/RJ;Norte;Engavetamento;2;;;;;1;;;;;3;;;;
16/09/2011;23:51:00;190;sem vítima;320;BR-101/RJ;Norte;Colisão Traseira;1;;;;1;;;;;;3;;;;
18/09/2011;08:19:00;35;sem vítima;320;BR-101/RJ;Sul;Colisão Traseira;2;;;;;;;;;;5;;;;
18/09/2011;15:37:00;98;sem vítima;320;BR-101/RJ;Norte;Colisão Lateral;1;;;;1;;;;;;2;;;;
19/09/2011;05:14:00;18;sem vítima;320;BR-101/RJ;Sul;Choque - Defensa, barreira ou "submarino";1;;;;;;;;;;1;;;;
21/09/2011;23:40:00;175;sem vítima;320;BR-101/RJ;Norte;Colisão Lateral;1;;1;;;;;;;;3;;;;
23/09/2011;08:15:00;30;sem vítima;320;BR-101/RJ;Norte;Colisão Lateral;1;;;;1;;;;;;5;;;;
28/09/2011;08:08:00;37;sem vítima;320;BR-101/RJ;Sul;Colisão Lateral;2;;;;;;;;;;2;;;;
29/09/2011;19:53:00;136;sem vítima;320;BR-101/RJ;Norte;Colisão Traseira;1;;1;;;;;;;;4;;;;
30/09/2011;16:34:00;158;sem vítima;320;BR-101/RJ;Norte;Colisão Traseira;2;;;;;;;;;;3;;;;
30/09/2011;22:11:00;209;sem vítima;320;BR-101/RJ;Norte;Colisão Lateral;1;;;;1;;;;;;3;;;;
05/10/2011;16:45:00;121;sem vítima;320;BR-101/RJ;Norte;Colisão Traseira;2;;;;;;;;;;2;;;;
05/10/2011;22:27:00;174;sem vítima;320;BR-101/RJ;Norte;Colisão Lateral;1;;;;1;;;;;;2;;;;
05/10/2011;23:08:00;179;sem vítima;320;BR-101/RJ;Norte;Colisão Lateral;1;;1;;1;;;;;;3;;;;
07/10/2011;12:05:00;102;sem vítima;320;BR-101/RJ;Norte;Colisão Traseira;2;;;;;;;;;;3;;;;
09/10/2011;09:59:00;50;com vítima;320;BR-101/RJ;Sul;Queda de Moto;;;;1;;;;;;;0;1;;;
10/10/2011;14:34:00;115;sem vítima;320;BR-101/RJ;Norte;Colisão Traseira;2;;;;;;;;;;2;;;;
11/10/2011;00:44:00;4;com vítima;320;BR-101/RJ;Sul;Colisão Traseira;2;;;;;;;;;;1;1;;;
11/10/2011;00:55:00;6;sem vítima;320;BR-101/RJ;Sul;Queda de Moto;;;;1;;;;;;;2;;;;
12/10/2011;14:25:00;89;com vítima;320;BR-101/RJ;Norte;Choque - Defensa, barreira ou "submarino";1;;;;;;;;;;0;3;;;
12/10/2011;14:59:00;100;sem vítima;320;BR-101/RJ;Norte;Engavetamento;3;;;;;;;;;;4;;;;
12/10/2011;20:27:00;157;sem vítima;320;BR-101/RJ;Norte;Colisão Traseira;3;;;;;;;;;;7;;;;
14/10/2011;16:51:00;150;sem vítima;320;BR-101/RJ;Norte;Colisão Traseira;2;;;;;;;;;;3;;;;
15/10/2011;15:57:00;133;sem vítima;320;BR-101/RJ;Sul;Colisão Traseira;2;;;;;;;;;;2;;;;
17/10/2011;17:54:00;133;sem vítima;320;BR-101/RJ;Norte;Colisão Traseira;2;;;;;;;;;;4;;;;
18/10/2011;10:37:00;85;sem vítima;320;BR-101/RJ;Sul;Colisão Traseira;2;;;;;;;;;;2;;;;
18/10/2011;11:05:00;87;sem vítima;320;BR-101/RJ;Sul;Colisão Lateral;1;;;;;;;;;1;2;;;;
20/10/2011;12:25:00;93;com vítima;320;BR-101/RJ;Sul;Engavetamento;1;;;2;;;;;;;2;;1;;
20/10/2011;14:09:00;112;sem vítima;320;BR-101/RJ;Sul;Colisão Traseira;1;;;;1;;;;;;2;;;;
24/10/2011;05:54:00;19;sem vítima;320;BR-101/RJ;Sul;Colisão Traseira;2;;;;;;;;;;3;;;;
24/10/2011;14:04:00;92;sem vítima;320;BR-101/RJ;Sul;Colisão Traseira;2;;;;;;;;;;2;;;;
24/10/2011;19:29:00;149;sem vítima;320;BR-101/RJ;Norte;Choque - Defensa, barreira ou "submarino";1;;;;;;;;;;1;;;;
26/10/2011;18:04:00;125;sem vítima;320;BR-101/RJ;Sul;Colisão Lateral;1;;1;;;;;;;;4;;;;
27/10/2011;06:38:00;26;sem vítima;320;BR-101/RJ;Sul;Colisão Traseira;1;;;;1;;;;;;2;;;;
27/10/2011;17:54:00;147;sem vítima;320;BR-101/RJ;Norte;Colisão Lateral;1;;1;;;;;;;;3;;;;
27/10/2011;22:55:00;196;sem vítima;320;BR-101/RJ;Norte;Colisão Lateral;1;;1;;;;;;;;2;;;;
28/10/2011;23:05:00;188;sem vítima;320;BR-101/RJ;Norte;Colisão Traseira;2;;;;;;;;;;4;;;;
30/10/2011;17:04:00;96;sem vítima;320;BR-101/RJ;Sul;Choque - Defensa, barreira ou "submarino";1;;;;;;;;;;3;;;;
31/10/2011;01:23:00;10;sem vítima;320;BR-101/RJ;Norte;Saida de Pista;1;;;;;;;;;;1;;;;
31/10/2011;17:17:00;123;sem vítima;320;BR-101/RJ;Norte;Engavetamento;2;;;;;1;;;;;4;;;;
03/11/2011;09:35:00;80;sem vítima;320;BR-101/RJ;Sul;Engavetamento;2;;;;1;;;;;;5;;;;
05/11/2011;06:24:00;24;com vítima;320;BR-101/RJ;Sul;Colisão Lateral;1;;;1;;;;;;;1;1;;;
09/11/2011;13:38:00;95;sem vítima;320;BR-101/RJ;Sul;Colisão Traseira;;;;1;;;;;;1;3;;;;