data;horario;n_da_ocorrencia;tipo_de_ocorrencia;km;trecho;sentido;tipo_de_acidente;automovel;bicicleta;caminhao;moto;onibus;outros;tracao_animal;transporte_de_cargas_especiais;trator_maquinas;utilitarios;ilesos;levemente_feridos;moderadamente_feridos;gravemente_feridos;mortos
16/08/2012;15:03:00;107;sem vítima;320;BR-101/RJ;Norte;Choque - Defensa, barreira ou "submarino";1;;;;;;;;;;5;;;;
16/08/2012;15:33:00;112;sem vítima;320;BR-101/RJ;Norte;Colisão Frontal;1;;1;;;;;;;;2;;;;
19/08/2012;07:13:00;36;com vítima;320;BR-101/RJ;Norte;Capotamento;1;;;;;;;;;;0;1;;;
20/08/2012;16:04:00;131;sem vítima;320;BR-101/RJ;Norte;Colisão Traseira;2;;;;;;;;;;5;;;;
22/08/2012;17:43:00;175;sem vítima;320;BR-101/RJ;Norte;Colisão Lateral;1;;;;1;;;;;;2;;;;
23/08/2012;14:30:00;123;sem vítima;320;BR-101/RJ;Norte;Colisão Traseira;1;;1;;;;;;;;3;;;;
03/09/2012;15:13:00;114;sem vítima;320;BR-101/RJ;Norte;Colisão Traseira;2;;;;;;;;;;2;;;;
04/09/2012;19:41:00;163;sem vítima;320;BR-101/RJ;Norte;Colisão Traseira;1;;;;1;;;;;;2;;;;
11/09/2012;13:42:00;87;sem vítima;320;BR-101/RJ;Norte;Colisão Traseira;1;;;;;;;;;;1;;;;
13/09/2012;20:48:00;185;sem vítima;320;BR-101/RJ;Norte;Colisão Traseira;2;;;;;;;;;;2;;;;
14/09/2012;17:15:00;124;sem vítima;320;BR-101/RJ;Norte;Colisão Traseira;1;;;1;;;;;;;2;;;;
14/09/2012;23:45:00;188;sem vítima;320;BR-101/RJ;Norte;Colisão Traseira;2;;;;;;;;;;2;;;;
15/09/2012;05:37:00;35;sem vítima;320;BR-101/RJ;Norte;Colisão Traseira;2;;;;;;;;;;5;;;;
15/09/2012;08:04:00;59;sem vítima;320;BR-101/RJ;Sul;Colisão Traseira;1;;;;;1;;;;;2;;;;
17/09/2012;06:20:00;31;sem vítima;320;BR-101/RJ;Sul;Colisão Lateral;1;;;;1;;;;;;2;;;;
18/09/2012;20:04:00;182;sem vítima;320;BR-101/RJ;Norte;Colisão Traseira;2;;;;1;;;;;;5;;;;
20/09/2012;12:36:00;89;com vítima;320;BR-101/RJ;Norte;Choque - Defensa, barreira ou "submarino";1;;;;;;;;;;1;;1;;
21/09/2012;15:38:00;126;sem vítima;320;BR-101/RJ;Norte;Colisão Lateral;;;;;1;1;;;;;2;;;;
22/09/2012;03:00:00;25;sem vítima;320;BR-101/RJ;Norte;Colisão Lateral;;;2;;;;;;;;4;;;;
22/09/2012;04:33:00;34;sem vítima;320;BR-101/RJ;Sul;Saida de Pista;1;;;;;;;;;;1;;;;
22/09/2012;05:58:00;45;sem vítima;320;BR-101/RJ;Sul;Choque - Defensa, barreira ou "submarino";1;;;;;;;;;;3;;;;
22/09/2012;11:24:00;97;sem vítima;320;BR-101/RJ;Norte;Colisão Traseira;2;;;;;;;;;;7;;;;
22/09/2012;19:38:00;155;sem vítima;320;BR-101/RJ;Norte;Colisão Lateral;1;;;;1;;;;;;2;;;;
23/09/2012;20:24:00;142;sem vítima;320;BR-101/RJ;Norte;Colisão Traseira;2;;;;;;;;;;2;;;;
24/09/2012;11:29:00;101;com vítima;320;BR-101/RJ;Sul;Colisão Traseira;;;2;;;;;;;;4;;1;;
24/09/2012;13:40:00;130;sem vítima;320;BR-101/RJ;Norte;Colisão Traseira;3;;;;;;;;;;4;;;;
25/09/2012;22:34:00;191;sem vítima;320;BR-101/RJ;Norte;Colisão Lateral;1;;1;;;;;;;;3;;;;
26/09/2012;04:38:00;25;sem vítima;320;BR-101/RJ;Sul;Colisão Traseira;1;;;;1;;;;;;3;;;;
26/09/2012;05:05:00;26;sem vítima;320;BR-101/RJ;Sul;Colisão Traseira;2;;;;;;;;;;3;;;;
28/09/2012;23:27:00;216;sem vítima;320;BR-101/RJ;Sul;Colisão Traseira;1;;;;;1;;;;;2;;;;
30/09/2012;13:13:00;88;com vítima;320;BR-101/RJ;Sul;Queda de Moto;;;;1;;;;;;;0;;1;;
04/10/2012;15:00:00;127;sem vítima;320;BR-101/RJ;Norte;Colisão Traseira;2;;;;;;;;;;3;;;;
05/10/2012;17:01:00;173;sem vítima;320;BR-101/RJ;Sul;Colisão Lateral;;;;;1;;;;;1;2;;;;
06/10/2012;12:29:00;107;sem vítima;320;BR-101/RJ;Sul;Colisão Traseira;1;;;;1;;;;;;2;;;;
06/10/2012;15:56:00;140;com vítima;320;BR-101/RJ;Norte;Colisão Traseira;3;;;;;;;;;;4;1;;;
08/10/2012;17:18:00;153;sem vítima;320;BR-101/RJ;Norte;Colisão Traseira;1;;;1;;;;;;;4;;;;
08/10/2012;17:33:00;155;sem vítima;320;BR-101/RJ;Norte;Colisão Traseira;2;;;;;;;;;;2;;;;
11/10/2012;17:03:00;180;sem vítima;320;BR-101/RJ;Norte;Colisão Lateral;;;;1;;;;;;1;3;;;;
11/10/2012;22:52:00;236;sem vítima;320;BR-101/RJ;Norte;Colisão Traseira;1;;;;;1;;;;;3;;;;
12/10/2012;02:15:00;18;sem vítima;320;BR-101/RJ;Norte;Colisão Traseira;1;;1;;;;;;;;3;;;;
12/10/2012;22:20:00;227;sem vítima;320;BR-101/RJ;Sul;Colisão Frontal;1;;;;;;;;;;4;;;;
13/10/2012;04:17:00;10;sem vítima;320;BR-101/RJ;Norte;Capotamento;1;;;;;;;;;;2;;;;
15/10/2012;18:08:00;151;sem vítima;320;BR-101/RJ;Norte;Colisão Traseira;3;;;;;;;;;;3;;;;
16/10/2012;09:29:00;80;sem vítima;320;BR-101/RJ;Sul;Engavetamento;3;;;;;;;;;;3;;;;
19/10/2012;16:30:00;134;sem vítima;320;BR-101/RJ;Norte;Colisão Traseira;2;;;;;;;;;;3;;;;
24/10/2012;15:28:00;144;sem vítima;320;BR-101/RJ;Norte;Colisão Traseira;1;;;;1;;;;;;5;;;;
24/10/2012;16:01:00;152;sem vítima;320;BR-101/RJ;Norte;Engavetamento;4;;;;;;;;;;4;;;;
25/10/2012;19:34:00;185;sem vítima;320;BR-101/RJ;Norte;Colisão Lateral;1;;;;1;;;;;;2;;;;
27/10/2012;11:14:00;97;sem vítima;320;BR-101/RJ;Sul;Saida de Pista;1;;;;;;;;;;2;;;;
30/10/2012;18:07:00;178;sem vítima;320;BR-101/RJ;Norte;Colisão Lateral;1;;1;;;;;;;;2;;;;
30/10/2012;22:21:00;213;sem vítima;320;BR-101/RJ;Norte;Colisão Lateral;1;;1;;;;;;;;2;;;;
03/11/2012;11:56:00;65;sem vítima;320;BR-101/RJ;Sul;Colisão Traseira;2;;;;;;;;;;7;;;;
03/11/2012;20:28:00;139;sem vítima;320;BR-101/RJ;Norte;Colisão Lateral;1;;;;1;;;;;;2;;;;
05/11/2012;07:55:00;34;sem vítima;320;BR-101/RJ;Norte;Colisão Traseira;1;;;;1;;;;;;3;;;;
05/11/2012;22:07:00;173;sem vítima;320;BR-101/RJ;Norte;Colisão Traseira;1;;;;1;;;;;;2;;;;
06/11/2012;08:35:00;56;sem vítima;320;BR-101/RJ;Norte;Queda de Moto;;;;1;;;;;;;1;;;;
08/11/2012;21:11:00;157;sem vítima;320;BR-101/RJ;Norte;Colisão Lateral;1;;1;;;;;;;;2;;;;
09/11/2012;17:28:00;152;sem vítima;320;BR-101/RJ;Norte;Colisão Traseira;3;;;;;;;;;;5;;;;
09/11/2012;19:39:00;181;sem vítima;320;BR-101/RJ;Norte;Colisão Lateral;1;;;1;;;;;;;4;;;;
11/11/2012;23:17:00;193;com vítima;320;BR-101/RJ;Norte;Colisão Traseira;;;;1;;1;;;;;1;1;;;
14/11/2012;15:21:00;139;sem vítima;320;BR-101/RJ;Norte;Colisão Lateral;1;;1;;;;;;;;6;;;;
14/11/2012;21:16:00;196;sem vítima;320;BR-101/RJ;Norte;Engavetamento;3;;;;;;;;;;6;;;;
15/11/2012;16:57:00;127;com vítima;320;BR-101/RJ;Sul;Queda de Moto;;;;1;;;;;;;0;1;;;
17/11/2012;00:46:00;6;sem vítima;320;BR-101/RJ;Norte;Saida de Pista;1;;;;;;;;;;1;;;;
17/11/2012;08:25:00;27;sem vítima;320;BR-101/RJ;Norte;Colisão Lateral;1;;;;1;;;;;;2;;;;
19/11/2012;12:03:00;90;com vítima;320;BR-101/RJ;Norte;Colisão Traseira;;;;;2;;;;;;2;1;;;
21/11/2012;10:20:00;67;com vítima;320;BR-101/RJ;Norte;Colisão Traseira;1;;;1;;;;;;;2;;1;;
21/11/2012;21:15:00;193;com vítima;320;BR-101/RJ;Norte;Colisão Traseira;2;;;1;;;;;;;3;;1;;
24/11/2012;14:18:00;100;com vítima;320;BR-101/RJ;Norte;Colisão Traseira;5;;;;;;;;;;6;3;;;
27/11/2012;17:22:00;117;sem vítima;320;BR-101/RJ;Norte;Outros;;;1;;;1;;;;;3;;;;
30/11/2012;12:56:00;119;sem vítima;320;BR-101/RJ;Sul;Colisão Traseira;2;;;;;;;;;;2;;;;
30/11/2012;20:13:00;201;com vítima;320;BR-101/RJ;Norte;Colisão Lateral;;;;1;1;1;;;;;2;;1;;
01/12/2012;05:37:00;26;com vítima;320;BR-101/RJ;Norte;Colisão Traseira;2;;;;;;;;;;2;;1;;
02/12/2012;18:00:00;147;sem vítima;320;BR-101/RJ;Norte;Colisão Lateral;2;;;;;;;;;;6;;;;
02/12/2012;20:22:00;171;com vítima;320;BR-101/RJ;Sul;Queda de Moto;;;;1;;;;;;;0;;1;;
03/12/2012;10:18:00;92;sem vítima;320;BR-101/RJ;Norte;Colisão Lateral;1;;;;1;;;;;;2;;;;
04/12/2012;13:23:00;115;com vítima;320;BR-101/RJ;Norte;Queda de Moto;;;;1;;;;;;;0;;1;;
04/12/2012;17:20:00;154;sem vítima;320;BR-101/RJ;Norte;Engavetamento;6;;;;;;;;;;10;;;;
04/12/2012;21:17:00;200;sem vítima;320;BR-101/RJ;Norte;Queda de Moto;;;;1;;;;;;;1;;;;
06/12/2012;21:22:00;221;com vítima;320;BR-101/RJ;Norte;Queda de Moto;;;;1;;;;;;;0;2;1;;
06/12/2012;22:48:00;232;sem vítima;320;BR-101/RJ;Norte;Colisão Lateral;1;;1;;;;;;;;5;;;;
06/12/2012;23:31:00;236;sem vítima;320;BR-101/RJ;Norte;Colisão Lateral;1;;1;;;;;;;;2;;;;
07/12/2012;22:24:00;272;sem vítima;320;BR-101/RJ;Norte;Colisão Lateral;1;;;;1;;;;;;2;;;;
08/12/2012;18:26:00;212;sem vítima;320;BR-101/RJ;Norte;Colisão Traseira;2;;;;;;;;;;2;;;;
09/12/2012;04:08:00;21;com vítima;320;BR-101/RJ;Sul;Queda de Moto;;;;1;;;;;;;0;;1;;
11/12/2012;20:20:00;204;sem vítima;320;BR-101/RJ;Norte;Colisão Traseira;2;;;;;;;;;;4;;;;
15/12/2012;15:17:00;124;com vítima;320;BR-101/RJ;Sul;Colisão Traseira;1;;;1;;;;;;;1;;1;;1
19/12/2012;07:30:00;32;sem vítima;320;BR-101/RJ;Norte;Choque - Defensa, barreira ou "submarino";1;;;;;;;;;;1;;;;
19/12/2012;18:15:00;150;sem vítima;320;BR-101/RJ;Norte;Engavetamento;2;;;;;;;;;;5;;;;
20/12/2012;12:03:00;91;sem vítima;320;BR-101/RJ;Sul;Engavetamento;2;;;;;2;;;;;6;;;;
26/12/2012;13:41:00;130;sem vítima;320;BR-101/RJ;Norte;Colisão Lateral;1;;1;;;;;;;;2;;;;
26/12/2012;13:57:00;134;sem vítima;320;BR-101/RJ;Sul;Colisão Traseira;2;;;;;;;;;;3;;;;
28/12/2012;10:04:00;95;com vítima;320;BR-101/RJ;Sul;Colisão Traseira;1;;1;;1;;;;;;5;1;;;
31/12/2012;11:10:00;78;sem vítima;320;BR-101/RJ;Norte;Colisão Traseira;2;;;1;;;;;;;3;;;;
05/01/2013;16:50:00;118;sem vítima;320;BR-101/RJ;Norte;Engavetamento;5;;;;;;;;;;5;;;;
05/01/2013;17:00:00;120;sem vítima;320;BR-101/RJ;Norte;Engavetamento;3;;;;;1;;;;;10;;;;
09/01/2013;13:38:00;130;sem vítima;320;BR-101/RJ;Norte;Colisão Traseira;2;;;;;;;;;;6;;;;
11/01/2013;03:28:00;24;com vítima;320,904;BR-101/RJ;Norte;Saida de Pista;;;1;;;;;;;;0;1;;;
13/01/2013;10:21:00;74;sem vítima;320,59;BR-101/RJ;Norte;Saida de Pista;1;;;;;;;;;;2;;;;
15/01/2013;06:20:00;20;com vítima;320;BR-101/RJ;Sul;Colisão Lateral;1;;;1;;;;;;;1;;1;;
21/01/2013;11:38:00;102;sem vítima;320;BR-101/RJ;Norte;Colisão Traseira;2;;;;;1;;;;;6;;;;
23/01/2013;10:09:00;70;sem vítima;320;BR-101/RJ;Sul;Colisão Traseira;1;;1;;;;;;;;2;;;;
23/01/2013;10:57:00;86;sem vítima;320;BR-101/RJ;Norte;Colisão Traseira;1;;1;;;;;;;;5;;;;
26/01/2013;04:09:00;22;sem vítima;320;BR-101/RJ;Sul;Choque - Defensa, barreira ou "submarino";;;;;;;;;;1;1;;;;
27/01/2013;00:55:00;8;sem vítima;320;BR-101/RJ;Sul;Saida de Pista;1;;;;;;;;;;1;;;;
30/01/2013;08:18:00;46;sem vítima;320;BR-101/RJ;Sul;Colisão Traseira;1;;;;1;;;;;;2;;;;
30/01/2013;08:22:00;48;sem vítima;320;BR-101/RJ;Norte;Colisão Traseira;2;;;;;;;;;;2;;;;
31/01/2013;12:27:00;89;sem vítima;320;BR-101/RJ;Norte;Colisão Traseira;2;;;;;;;;;;5;;;;
01/02/2013;18:22:00;182;sem vítima;320;BR-101/RJ;Norte;Colisão Traseira;2;;;;;;;;;;4;;;;
01/02/2013;20:30:00;202;sem vítima;320;BR-101/RJ;Norte;Colisão Traseira;2;;;;;;;;;;4;;;;
03/02/2013;12:40:00;84;com vítima;320;BR-101/RJ;Norte;Capotamento;1;;;;1;;;;;;1;1;;;
03/02/2013;20:53:00;179;sem vítima;320;BR-101/RJ;Sul;Colisão Traseira;1;;;1;;;;;;;3;;;;
07/02/2013;07:38:00;64;sem vítima;320;BR-101/RJ;Sul;Choque - Poste;;;;;1;;;;;;1;;;;
08/02/2013;22:12:00;276;sem vítima;320;BR-101/RJ;Sul;Colisão Traseira;1;;;;1;;;;;;2;;;;
16/02/2013;14:27:00;144;sem vítima;320;BR-101/RJ;Sul;Colisão Lateral;1;;;1;;;;;;;2;;;;
18/02/2013;08:23:00;65;sem vítima;320;BR-101/RJ;Norte;Colisão Lateral;1;;;;1;;;;;;2;;;;
22/02/2013;16:08:00;130;sem vítima;320;BR-101/RJ;Norte;Colisão Lateral;1;;1;;;;;;;;2;;;;
24/02/2013;23:39:00;195;com vítima;320;BR-101/RJ;Norte;Atropelamento - Andarilho;1;;;;;;;;;;1;;1;;
25/02/2013;00:03:00;1;com vítima;320;BR-101/RJ;Sul;Saida de Pista;1;;;;;1;;;;;3;1;1;;
02/03/2013;07:27:00;48;sem vítima;320;BR-101/RJ;Sul;Colisão Traseira;1;;;;2;;;;;;4;;;;
05/03/2013;14:08:00;111;sem vítima;320;BR-101/RJ;Norte;Engavetamento;3;;;;;1;;;;;6;;;;
05/03/2013;18:19:00;163;sem vítima;320;BR-101/RJ;Norte;Engavetamento;3;;;;;;;;;1;5;;;;
07/03/2013;14:10:00;136;sem vítima;320;BR-101/RJ;Sul;Colisão Traseira;1;;;;1;;;;;;2;;;;
11/03/2013;23:10:00;221;sem vítima;320;BR-101/RJ;Sul;Queda de Moto;;;;1;;;;;;;1;;;;
13/03/2013;09:21:00;79;sem vítima;320;BR-101/RJ;Norte;Colisão Lateral;1;;;;1;;;;;;2;;;;
15/03/2013;13:09:00;107;sem vítima;320;BR-101/RJ;Norte;Colisão Lateral;1;;;;1;;;;;;24;;;;
20/03/2013;18:19:00;166;sem vítima;320;BR-101/RJ;Norte;Colisão Traseira;1;;;;;1;;;;;3;;;;
27/03/2013;18:07:00;148;sem vítima;320;BR-101/RJ;Norte;Colisão Traseira;2;;;;;;;;;;3;;;;
27/03/2013;18:07:00;169;sem vítima;320;BR-101/RJ;Norte;Colisão Traseira;2;;;;;;;;;;6;;;;
29/03/2013;01:46:00;23;sem vítima;320;BR-101/RJ;Norte;Colisão Traseira;1;;1;;;;;;;;2;;;;
02/04/2013;21:04:00;168;com vítima;320;BR-101/RJ;Sul;Saida de Pista;1;;;;;;;;;;0;;1;;
03/04/2013;14:56:00;111;sem vítima;320;BR-101/RJ;Norte;Engavetamento;1;;;;;;;;;2;5;;;;
04/04/2013;16:59:00;131;sem vítima;320;BR-101/RJ;Norte;Colisão Traseira;;;1;;1;;;;;;37;;;;
05/04/2013;17:59:00;142;sem vítima;320,15;BR-101/RJ;Norte;Colisão Traseira;1;;;;1;;;;;;4;;;;
08/04/2013;17:51:00;175;sem vítima;320;BR-101/RJ;Norte;Colisão Traseira;2;;;;;;;;;;4;;;;
09/04/2013;08:45:00;67;com vítima;320;BR-101/RJ;Sul;Colisão Lateral;1;;;1;;;;;;;1;1;;;
12/04/2013;22:01:00;223;sem vítima;320;BR-101/RJ;Norte;Colisão Lateral;1;;;;1;;;;;;2;;;;
13/04/2013;22:48:00;230;sem vítima;320;BR-101/RJ;Norte;Colisão Traseira;2;;;;;;;;;;2;;;;
20/04/2013;15:27:00;119;sem vítima;320;BR-101/RJ;Norte;Colisão Lateral;1;;1;;;;;;;;4;;;;
26/04/2013;18:33:00;195;sem vítima;320;BR-101/RJ;Norte;Engavetamento;3;;;;;;;;;;3;;;;
26/04/2013;20:52:00;216;sem vítima;320;BR-101/RJ;Norte;Colisão Traseira;2;;;;;;;;;;3;;;;
27/04/2013;03:37:00;23;sem vítima;320;BR-101/RJ;Sul;Choque - Defensa, barreira ou "submarino";1;;;;;;;;;;2;;;;
28/04/2013;12:55:00;68;sem vítima;320;BR-101/RJ;Norte;Colisão Traseira;2;;;;;;;;;;5;;;;
02/05/2013;19:35:00;133;sem vítima;320;BR-101/RJ;Norte;Engavetamento;2;;;;1;;;;;;5;;;;
02/05/2013;11:09:00;74;sem vítima;320,7;BR-101/RJ;Norte;Colisão Traseira;1;;;;;1;;;;;1;;;;
10/05/2013;22:35:00;193;sem vítima;320;BR-101/RJ;Norte;Colisão Lateral;1;;1;;;;;;;;2;;;;
11/05/2013;11:43:00;86;sem vítima;320;BR-101/RJ;Sul;Engavetamento;3;;;;;;;;;;9;;;;
15/05/2013;11:25:00;69;sem vítima;320;BR-101/RJ;Sul;Engavetamento;3;;;;;;;;;;3;;;;
16/05/2013;09:51:00;49;sem vítima;320;BR-101/RJ;Sul;Queda de Moto;;;;1;;;;;;;1;;;;
17/05/2013;12:16:00;90;com vítima;320;BR-101/RJ;Sul;Colisão Traseira;2;;;;;;;;;1;1;4;;;
17/05/2013;17:07:00;137;sem vítima;320;BR-101/RJ;Norte;Colisão Lateral;1;;1;;;;;;;;2;;;;
28/05/2013;07:32:00;29;sem vítima;320;BR-101/RJ;Sul;Colisão Traseira;1;;;;1;;;;;;2;;;;
30/05/2013;07:16:00;32;sem vítima;320,41;BR-101/RJ;Norte;Colisão Lateral;2;;;;;;;;;;2;;;;
31/05/2013;02:27:00;13;com vítima;320;BR-101/RJ;Sul;Tombamento;1;;;;;;;;;;0;1;;;
04/06/2013;12:44:00;93;sem vítima;320;BR-101/RJ;Sul;Colisão Traseira;2;;;;;;;;;;2;;;;
05/06/2013;18:28:00;147;sem vítima;320;BR-101/RJ;Norte;Colisão Traseira;2;;;;;;;;;;2;;;;
05/06/2013;20:06:00;164;sem vítima;320;BR-101/RJ;Norte;Colisão Lateral;1;;;;;;;;;1;17;;;;
07/06/2013;10:39:00;71;sem vítima;320,144;BR-101/RJ;Sul;Colisão Traseira;2;;;;;;;;;;3;;;;
10/06/2013;13:28:00;104;sem vítima;320;BR-101/RJ;Sul;Colisão Traseira;2;;;;;;;;;;4;;;;
12/06/2013;20:14:00;157;com vítima;320;BR-101/RJ;Sul;Queda de Moto;;;;1;;;;;;;0;1;;;
14/06/2013;05:30:00;15;com vítima;320;BR-101/RJ;Sul;Queda de Moto;1;;;;;;;;;;0;1;;;
15/06/2013;03:00:00;15;sem vítima;320;BR-101/RJ;Sul;Saida de Pista;1;;;;;;;;;;2;;;;
17/06/2013;01:54:00;9;sem vítima;320;BR-101/RJ;Sul;Capotamento;1;;;;;;;;;;1;;;;
18/06/2013;19:45:00;173;sem vítima;320;BR-101/RJ;Norte;Colisão Lateral;;;;;2;;;;;;2;;;;
22/06/2013;18:05:00;144;com vítima;320;BR-101/RJ;Norte;Queda de Moto;;;;1;;;;;;;0;1;;;
09/07/2013;14:59:00;112;sem vítima;320;BR-101/RJ;Norte;Colisão Lateral;1;;;;1;;;;;;2;;;;
10/07/2013;19:55:00;160;sem vítima;320;BR-101/RJ;Norte;Engavetamento;2;;;;;1;;;;;4;;;;
13/07/2013;17:14:00;157;sem vítima;320;BR-101/RJ;Sul;Engavetamento;3;;;;;;;;;;8;;;;
14/07/2013;02:41:00;19;sem vítima;320,3;BR-101/RJ;Sul;Colisão Traseira;2;;;;;;;;;;2;;;;
17/07/2013;13:34:00;94;sem vítima;320;BR-101/RJ;Sul;Colisão Lateral;1;;1;;;;;;;;2;;;;
21/07/2013;12:03:00;89;sem vítima;320;BR-101/RJ;Sul;Colisão Traseira;2;;;;;;;;;;8;;;;
24/07/2013;19:35:00;143;sem vítima;320,888;BR-101/RJ;Norte;Engavetamento;3;;;;;;;;;;3;;;;
26/07/2013;18:54:00;177;sem vítima;320,1;BR-101/RJ;Sul;Colisão Traseira;1;;;;;1;;;;;2;;;;
31/07/2013;10:58:00;80;com vítima;320,9;BR-101/RJ;Sul;Colisão Lateral;1;;;1;;;;;;;2;1;;;
05/08/2013;10:29:00;84;sem vítima;320;BR-101/RJ;Sul;Colisão Traseira;2;;;;;;;;;;6;;;;
07/08/2013;09:21:00;53;com vítima;320,5;BR-101/RJ;Norte;Colisão Traseira;;;;;2;;;;;;2;2;;;
16/08/2013;06:09:00;24;sem vítima;320;BR-101/RJ;Sul;Colisão Traseira;2;;;;;;;;;;2;;;;
19/08/2013;13:20:00;115;sem vítima;320;BR-101/RJ;Sul;Engavetamento;3;;;;;;;;;;4;;;;
19/08/2013;19:18:00;164;sem vítima;320;BR-101/RJ;Norte;Colisão Lateral;;;;;1;;;;;1;2;;;;
20/08/2013;00:40:00;8;sem vítima;320;BR-101/RJ;Norte;Colisão Lateral;2;;;;;;;;;;2;;;;
20/08/2013;11:12:00;74;sem vítima;320;BR-101/RJ;Sul;Colisão Lateral;;;1;;1;;;;;;2;;;;
29/08/2013;08:01:00;47;sem vítima;320;BR-101/RJ;Sul;Colisão Lateral;1;;;;;1;;;;;2;;;;
29/08/2013;17:20:00;145;sem vítima;320;BR-101/RJ;Norte;Colisão Traseira;2;;;;;;;;;;2;;;;
03/09/2013;05:15:00;27;com vítima;320,933;BR-101/RJ;Norte;Saida de Pista;;;;;;;;;;1;2;;1;;
06/09/2013;15:12:00;117;sem vítima;320,8;BR-101/RJ;Sul;Colisão Traseira;2;;;;;1;;;;;3;;;;
06/09/2013;07:52:00;35;com vítima;320,985;BR-101/RJ;Sul;Queda de Moto;;;;1;;1;;;;;1;1;1;;
11/09/2013;10:12:00;57;com vítima;320;BR-101/RJ;Sul;Colisão Traseira;1;;;1;;;;;;;2;1;;;
11/09/2013;12:43:00;70;com vítima;320;BR-101/RJ;Norte;Queda de Moto;;;;1;;;;;;;1;1;;;
11/09/2013;14:42:00;85;sem vítima;320;BR-101/RJ;Sul;Queda de Moto;;;;1;;;;;;;1;;;;
16/09/2013;19:46:00;194;sem vítima;320;BR-101/RJ;Norte;Colisão Lateral;1;;;1;;;;;;;2;;;;
17/09/2013;07:23:00;37;sem vítima;320;BR-101/RJ;Sul;Colisão Lateral;;;;1;1;;;;;;2;;;;
19/09/2013;09:20:00;62;sem vítima;320;BR-101/RJ;Sul;Engavetamento;4;;;;;;;;;;5;;;;
20/09/2013;19:03:00;162;sem vítima;320;BR-101/RJ;Norte;Colisão Lateral;1;;;1;;;;;;;2;;;;
21/09/2013;09:17:00;52;sem vítima;320,341;BR-101/RJ;Sul;Colisão Lateral;;;;1;;;;;;1;16;;;;
22/09/2013;14:09:00;80;sem vítima;320,621;BR-101/RJ;Sul;Colisão Traseira;1;;;;;1;;;;;5;;;;
29/09/2013;10:31:00;47;sem vítima;320,891;BR-101/RJ;Sul;Colisão Lateral;1;;;;;1;;;;;3;;;;
02/10/2013;10:53:00;73;sem vítima;320,729;BR-101/RJ;Norte;Engavetamento;3;;;;;;;;;;6;;;;
09/10/2013;07:53:00;46;sem vítima;320,389;BR-101/RJ;Sul;Colisão Lateral;1;;;;1;;;;;;3;;;;
09/10/2013;09:36:00;82;sem vítima;320,611;BR-101/RJ;Norte;Colisão Lateral;1;;;;1;;;;;;3;;;;
11/10/2013;17:19:00;166;sem vítima;320;BR-101/RJ;Norte;Engavetamento;3;;;;1;;;;;;4;;;;
11/10/2013;16:08:00;148;com vítima;320,537;BR-101/RJ;Sul;Queda de Moto;;;;1;;;;;;;0;;1;;
27/10/2013;12:20:00;78;com vítima;320,203;BR-101/RJ;Sul;Engavetamento;2;;;;1;;;;;;3;;1;;
29/10/2013;07:54:00;38;sem vítima;320;BR-101/RJ;Sul;Colisão Traseira;1;;;1;;;;;;;3;;;;
29/10/2013;17:15:00;132;com vítima;320;BR-101/RJ;Sul;Colisão Lateral;1;;;1;;;;;;;2;1;;;
31/10/2013;09:04:00;39;sem vítima;320,476;BR-101/RJ;Sul;Colisão Lateral;1;;1;;;;;;;;2;;;;
04/11/2013;14:46:00;125;sem vítima;320;BR-101/RJ;Norte;Engavetamento;2;;;;;;;;;;2;;;;
04/11/2013;15:53:00;133;com vítima;320;BR-101/RJ;Norte;Engavetamento;1;;2;;;;;;;;3;2;;;
05/11/2013;14:19:00;108;com vítima;320;BR-101/RJ;Sul;Colisão Lateral;1;;;1;;;;;;;1;1;;;
09/11/2013;22:33:00;186;sem vítima;320;BR-101/RJ;Norte;Colisão Lateral;1;;1;;;;;;;;4;;;;
09/11/2013;22:30:00;187;sem vítima;320,2;BR-101/RJ;Sul;Colisão Lateral;;;1;;1;;;;;;2;;;;
13/11/2013;21:47:00;173;sem vítima;320;BR-101/RJ;Norte;Saida de Pista;1;;;;;;;;;;1;;;;
15/11/2013;08:20:00;61;sem vítima;320,45;BR-101/RJ;Norte;Queda de Moto;;;;1;;;;;;;1;;;;
22/11/2013;15:37:00;132;sem vítima;320;BR-101/RJ;Norte;Colisão Lateral;1;;1;;;;;;;;2;;;;
27/11/2013;12:31:00;108;sem vítima;320,017;BR-101/RJ;Norte;Atropelamento de Animal;1;;;;;;;;;;1;;;;
04/12/2013;09:04:00;67;sem vítima;320;BR-101/RJ;Sul;Colisão Traseira;2;;;;;;;;;;2;;;;
05/12/2013;15:51:00;143;sem vítima;320;BR-101/RJ;Norte;Engavetamento;5;;;;;;;;;;5;;;;
07/12/2013;01:34:00;13;com vítima;320,955;BR-101/RJ;Norte;Capotamento;1;;;;;;;;;;0;1;;;
09/12/2013;18:20:00;162;com vítima;320,4;BR-101/RJ;Norte;Colisão Lateral;1;;;1;;;;;;;1;;1;;
10/12/2013;10:20:00;96;sem vítima;320,5;BR-101/RJ;Sul;Colisão Traseira;2;;;;;;;;;;4;;;;
15/12/2013;22:06:00;167;sem vítima;320,4;BR-101/RJ;Sul;Colisão Traseira;1;;1;;;;;;;;3;;;;
15/12/2013;22:03:00;166;sem vítima;320,5;BR-101/RJ;Norte;Colisão Traseira;1;;1;;;;;;;;2;;;;
05/01/2014;05:47:00;25;com vítima;320,987;BR-101/RJ;Sul;Queda de Moto;;;;1;;;;;;;0;;;;1
11/01/2014;10:23:00;82;com vítima;320,035;BR-101/RJ;Sul;Colisão Lateral;2;;;;;;;;;;2;2;;;
11/01/2014;18:58:00;205;com vítima;320,979;BR-101/RJ;Sul;Queda de Moto;;;;1;;;;;;;0;1;;;
16/01/2014;09:22:00;62;sem vítima;320;BR-101/RJ;Sul;Colisão Traseira;2;;;;;;;;;;5;;;;