data;horario;n_da_ocorrencia;tipo_de_ocorrencia;km;trecho;sentido;tipo_de_acidente;automovel;bicicleta;caminhao;moto;onibus;outros;tracao_animal;transporte_de_cargas_especiais;trator_maquinas;utilitarios;ilesos;levemente_feridos;moderadamente_feridos;gravemente_feridos;mortos
18/01/2014;23:24:00;219;com vítima;320;BR-101/RJ;Sul;Saida de Pista;;;;1;;;;;;;0;1;;;
23/01/2014;13:58:00;111;com vítima;320;BR-101/RJ;Sul;Colisão Transversal;1;;1;;;;;;;;1;1;;;
31/01/2014;20:14:00;229;sem vítima;320;BR-101/RJ;Sul;Colisão Lateral;1;;;;;1;;;;;2;;;;
04/02/2014;22:54:00;205;sem vítima;320,995;BR-101/RJ;Norte;Choque - Defensa, barreira ou "submarino";1;;;;;;;;;;1;;;;
06/02/2014;19:35:00;195;com vítima;320;BR-101/RJ;Norte;Colisão Lateral;1;;;1;;;;;;;8;2;;;
07/02/2014;22:36:00;227;sem vítima;320;BR-101/RJ;Norte;Colisão Lateral;1;;1;;;;;;;;2;;;;
20/02/2014;12:14:00;96;sem vítima;320,79;BR-101/RJ;Sul;Colisão Traseira;2;;;;;;;;;;3;;;;
22/02/2014;09:41:00;61;sem vítima;320;BR-101/RJ;Sul;Colisão Traseira;2;;;;;;;;;;5;;;;
24/02/2014;08:18:00;47;sem vítima;320;BR-101/RJ;Sul;Colisão Lateral;1;;1;;;;;;;;2;;;;
25/02/2014;22:31:00;210;sem vítima;320,2;BR-101/RJ;Sul;Colisão Lateral;1;;1;;;;;;;;5;;;;
25/02/2014;19:31:00;185;sem vítima;320,25;BR-101/RJ;Sul;Colisão Traseira;3;;;;;;;;;;9;;;;
12/03/2014;16:12:00;157;sem vítima;320;BR-101/RJ;Norte;Colisão Lateral;1;;;;1;;;;;;2;;;;
12/03/2014;16:26:00;161;sem vítima;320;BR-101/RJ;Norte;Colisão Lateral;1;;;;1;;;;;;2;;;;
13/03/2014;08:15:00;63;com vítima;320;BR-101/RJ;Sul;Colisão Traseira;;;;1;;;;;;1;1;1;;;
14/03/2014;22:45:00;211;sem vítima;320;BR-101/RJ;Norte;Colisão Traseira;1;;1;;;;;;;;3;;;;
14/03/2014;19:31:00;179;sem vítima;320,356;BR-101/RJ;Norte;Engavetamento;3;;;;;;;;;;6;;;;
17/03/2014;08:47:00;71;sem vítima;320;BR-101/RJ;Sul;Colisão Lateral;1;;1;;;;;;;;3;;;;
17/03/2014;12:04:00;114;sem vítima;320;BR-101/RJ;Sul;Colisão Traseira;2;;;;;;;;;;2;;;;
23/03/2014;05:16:00;15;com vítima;320,526;BR-101/RJ;Sul;Colisão Traseira;2;;;;;;;;;;0;;;2;1
25/03/2014;19:51:00;167;sem vítima;320;BR-101/RJ;Sul;Colisão Lateral;1;;1;;;;;;;;2;;;;
27/03/2014;15:11:00;131;com vítima;320;BR-101/RJ;Norte;Colisão Lateral;1;;;1;;;;;;;1;1;;;
27/03/2014;16:01:00;135;sem vítima;320;BR-101/RJ;Sul;Engavetamento;1;;;;1;;;;;1;3;;;;
31/03/2014;00:45:00;7;sem vítima;320;BR-101/RJ;Norte;Choque - Defensa, barreira ou "submarino";1;;;;;;;;;;1;;;;
31/03/2014;00:45:00;13;sem vítima;320;BR-101/RJ;Norte;Colisão Traseira;1;;;;;1;;;;;2;;;;
31/03/2014;15:56:00;147;com vítima;320,8;BR-101/RJ;Norte;Colisão Traseira;;;;;2;;;;;;2;3;;;
02/04/2014;14:23:00;127;sem vítima;320;BR-101/RJ;Sul;Colisão Traseira;1;;;;1;;;;;;2;;;;
05/04/2014;09:13:00;44;com vítima;320;BR-101/RJ;Norte;Choque - Defensa, barreira ou "submarino";1;;;;;;;;;;0;1;;;
05/04/2014;11:41:00;75;sem vítima;320;BR-101/RJ;Sul;Colisão Traseira;1;;;;;1;;;;;2;;;;
05/04/2014;03:36:00;10;sem vítima;320,985;BR-101/RJ;Norte;Choque - Defensa, barreira ou "submarino";1;;;;;;;;;;2;;;;
17/04/2014;09:33:00;54;sem vítima;320;BR-101/RJ;Sul;Colisão Lateral;1;;;1;;;;;;;2;;;;
18/04/2014;23:04:00;237;sem vítima;320;BR-101/RJ;Norte;Choque - Defensa, barreira ou "submarino";1;;;;;;;;;;1;;;;
23/04/2014;13:55:00;99;sem vítima;320;BR-101/RJ;Norte;Choque - Defensa, barreira ou "submarino";1;;;;;;;;;;5;;;;
13/05/2014;09:39:00;65;sem vítima;320;BR-101/RJ;Sul;Colisão Lateral;1;;1;;;;;;;;2;;;;
23/05/2014;12:00:00;100;com vítima;320;BR-101/RJ;Norte;Engavetamento;3;;;;;1;;;;;4;1;;;
23/05/2014;21:35:00;196;com vítima;320,98;BR-101/RJ;Sul;Outros - Sequência;;;1;1;;;;;;;1;;;;1
24/05/2014;05:11:00;27;sem vítima;320,417;BR-101/RJ;Norte;Colisão Traseira;;;1;;1;;;;;;2;;;;
27/05/2014;16:14:00;129;sem vítima;320;BR-101/RJ;Norte;Colisão Lateral;1;;;1;;;;;;;2;;;;
02/06/2014;16:45:00;128;sem vítima;320;BR-101/RJ;Norte;Colisão Traseira;2;;;;;;;;;;2;;;;
09/06/2014;15:34:00;123;sem vítima;320,343;BR-101/RJ;Sul;Engavetamento;3;;;;;;;;;;3;;;;
09/06/2014;15:46:00;128;com vítima;320,6;BR-101/RJ;Norte;Capotamento;1;;;;;;;;;;0;;1;;
12/06/2014;10:49:00;83;sem vítima;320;BR-101/RJ;Norte;Colisão Traseira;;;;;2;;;;;;2;;;;
16/06/2014;13:27:00;118;sem vítima;320;BR-101/RJ;Norte;Colisão Traseira;2;;;;;;;;;;2;;;;
21/06/2014;12:41:00;59;sem vítima;320;BR-101/RJ;Sul;Engavetamento;3;;;;;;;;;;4;;;;
27/06/2014;09:24:00;62;sem vítima;320;BR-101/RJ;Sul;Colisão Lateral;1;;1;;;;;;;;3;;;;
30/06/2014;06:27:00;26;com vítima;320;BR-101/RJ;Sul;Colisão Lateral;1;;;1;1;;;;;;3;1;;;
01/07/2014;19:04:00;155;sem vítima;320,45;BR-101/RJ;Sul;Colisão Traseira;1;;;;;;;;;1;3;;;;
07/07/2014;08:58:00;68;sem vítima;320;BR-101/RJ;Sul;Colisão Traseira;;;;1;;;;;;;1;;;;
08/07/2014;14:06:00;78;sem vítima;320;BR-101/RJ;Sul;Colisão Lateral;;;;;1;1;;;;;2;;;;
09/07/2014;11:14:00;83;sem vítima;320;BR-101/RJ;Norte;Colisão Lateral;1;;1;;;;;;;;6;;;;
11/07/2014;07:20:00;32;com vítima;320,144;BR-101/RJ;Sul;Queda de Moto;;;;1;;1;;;;;1;;1;;
16/07/2014;14:34:00;106;sem vítima;320,5;BR-101/RJ;Norte;Engavetamento;3;;;;;;;;;;5;;;;
25/07/2014;13:33:00;107;com vítima;320;BR-101/RJ;Sul;Colisão Traseira;2;;;;;1;;;;;1;5;;;
25/07/2014;19:39:00;171;sem vítima;320;BR-101/RJ;Sul;Colisão Traseira;1;;;;;1;;;;;2;;;;
02/08/2014;19:39:00;141;sem vítima;320;BR-101/RJ;Sul;Colisão Traseira;2;;;;;;;;;;5;;;;
03/08/2014;04:48:00;17;sem vítima;320;BR-101/RJ;Sul;Colisão Traseira;1;;;;;;;;;1;2;;;;
04/08/2014;08:59:00;63;com vítima;320,373;BR-101/RJ;Sul;Colisão Lateral;;;;1;;1;;;;;1;1;1;;
05/08/2014;13:15:00;103;com vítima;320,032;BR-101/RJ;Sul;Colisão Lateral;;;1;1;;1;;;;;2;1;;;
12/08/2014;07:03:00;29;com vítima;320;BR-101/RJ;Norte;Colisão Traseira;1;;;;1;;;;;;2;2;;;
18/08/2014;12:47:00;94;sem vítima;320;BR-101/RJ;Norte;Colisão Lateral;1;;;;;;;;;1;2;;;;
20/08/2014;14:21:00;103;sem vítima;320,791;BR-101/RJ;Norte;Colisão Traseira;2;;;;;;;;;;5;;;;
21/08/2014;07:10:00;38;com vítima;320,228;BR-101/RJ;Sul;Atropelamento - Ambulante;;;;1;;;;;;;2;1;;;
26/08/2014;07:43:00;36;com vítima;320;BR-101/RJ;Sul;Colisão Traseira;1;;;1;;;;;;;2;1;1;;
11/09/2014;07:48:00;37;sem vítima;320;BR-101/RJ;Sul;Colisão Traseira;2;;;;;;;;;;5;;;;
12/09/2014;23:10:00;179;sem vítima;320;BR-101/RJ;Sul;Choque - Defensa, barreira ou "submarino";1;;;;;;;;;;3;;;;
18/09/2014;19:32:00;158;com vítima;320;BR-101/RJ;Norte;Colisão Lateral;;;;1;;1;;;;;1;1;;;
26/09/2014;15:23:00;122;sem vítima;320;BR-101/RJ;Norte;Colisão Traseira;2;;;;;;;;;;2;;;;
28/09/2014;13:09:00;61;sem vítima;320,924;BR-101/RJ;Norte;Choque - Defensa, barreira ou "submarino";1;;;;;;;;;;2;;;;
05/10/2014;06:59:00;23;com vítima;320,947;BR-101/RJ;Norte;Colisão Lateral;;;;1;;1;;;;;1;2;;;
06/10/2014;16:21:00;143;sem vítima;320;BR-101/RJ;Norte;Colisão Lateral;1;;1;;;;;;;;4;;;;
06/10/2014;19:09:00;171;com vítima;320;BR-101/RJ;Norte;Engavetamento;3;;;;;;;;;1;1;11;;;
13/10/2014;15:31:00;142;sem vítima;320;BR-101/RJ;Norte;Colisão Lateral;2;;;;;;;;;;5;;;;
13/10/2014;17:40:00;182;sem vítima;320,659;BR-101/RJ;Norte;Colisão Traseira;1;;1;;;;;;;;3;;;;
14/10/2014;17:47:00;140;sem vítima;320,1;BR-101/RJ;Sul;Engavetamento;3;;;;;;;;;;3;;;;
14/10/2014;16:12:00;125;sem vítima;320,653;BR-101/RJ;Sul;Choque - Defensa, barreira ou "submarino";1;;;;;;;;;;1;;;;
15/10/2014;16:29:00;115;sem vítima;320,65;BR-101/RJ;Norte;Outros - Sequência;2;;1;;;;;;;;3;;;;
25/10/2014;08:47:00;49;sem vítima;320;BR-101/RJ;Sul;Colisão Traseira;1;;;;;1;;;;;3;;;;
26/10/2014;09:06:00;45;sem vítima;320;BR-101/RJ;Norte;Colisão Traseira;1;;;;1;;;;;;2;;;;
29/10/2014;16:43:00;119;sem vítima;320,212;BR-101/RJ;Norte;Engavetamento;2;;;;1;1;;;;;7;;;;
09/11/2014;21:55:00;146;com vítima;320,345;BR-101/RJ;Sul;Queda de Moto;;;;1;;;;;;;0;1;;;
18/11/2014;12:00:00;92;sem vítima;320;BR-101/RJ;Sul;Saida de Pista;1;;;;;;;;;;1;;;;
26/11/2014;21:40:00;189;com vítima;320;BR-101/RJ;Norte;Colisão Lateral;1;;;1;;;;;;;2;1;;;
28/11/2014;16:46:00;121;sem vítima;320;BR-101/RJ;Sul;Colisão Traseira;1;;;;;;;;;1;2;;;;
01/12/2014;17:53:00;165;com vítima;320,544;BR-101/RJ;Sul;Colisão Lateral;1;;;1;;;;;;;1;1;;;
03/12/2014;18:35:00;135;sem vítima;320;BR-101/RJ;Norte;Engavetamento;2;;;;1;;;;;;3;;;;
05/12/2014;12:17:00;86;sem vítima;320;BR-101/RJ;Norte;Colisão Lateral;2;;;;;;;;;;2;;;;
05/12/2014;19:28:00;161;sem vítima;320;BR-101/RJ;Sul;Saida de Pista;;;1;;;;;;;;3;;;;
08/12/2014;13:04:00;103;com vítima;320,541;BR-101/RJ;Norte;Atropelamento - Andarilho;1;;;;;;;;;;0;1;1;;
14/12/2014;14:29:00;94;com vítima;320,83;BR-101/RJ;Norte;Queda de Moto;;;;1;;;;;;;0;;1;;
16/12/2014;18:03:00;127;sem vítima;320,3;BR-101/RJ;Norte;Colisão Lateral;1;;;;1;;;;;;2;;;;
18/12/2014;18:06:00;151;com vítima;320,43;BR-101/RJ;Norte;Colisão Lateral;1;;;1;;;;;;;2;1;;;
19/12/2014;05:29:00;19;sem vítima;320;BR-101/RJ;Sul;Colisão Traseira;1;;;;1;;;;;;2;;;;
20/12/2014;16:12:00;131;sem vítima;320;BR-101/RJ;Norte;Choque - Defensa, barreira ou "submarino";1;;;;;;;;;;1;;;;
31/12/2014;14:42:00;140;com vítima;320;BR-101/RJ;Norte;Queda de Moto;;;;1;;;;;;;0;1;;;
01/01/2015;16:58:00;102;sem vítima;320;BR-101/RJ;Norte;Colisão Lateral;1;;;;1;;;;;;2;;;;
12/01/2015;13:55:00;112;com vítima;320;BR-101/RJ;Sul;Colisão Traseira;1;;1;;;;;;;;5;1;;;
19/01/2015;04:15:00;23;sem vítima;320;BR-101/RJ;Sul;Saida de Pista;1;;;;;;;;;;0;;;;
26/01/2015;06:07:00;24;sem vítima;320,3;BR-101/RJ;Sul;Colisão Traseira;1;;;;1;;;;;;38;;;;
29/01/2015;14:39:00;102;sem vítima;320;BR-101/RJ;Norte;Colisão Lateral;1;;1;;;;;;;;2;;;;
29/01/2015;18:07:00;145;sem vítima;320;BR-101/RJ;Norte;Engavetamento;2;;1;;;;;;;;3;;;;
29/01/2015;18:07:00;146;sem vítima;320;BR-101/RJ;Norte;Colisão Traseira;1;;;;1;;;;;;3;;;;
01/02/2015;20:36:00;128;com vítima;320,13;BR-101/RJ;Norte;Choque - Poste;1;;;;;;;;;;0;1;1;0;0
06/02/2015;20:43:00;168;sem vítima;320;BR-101/RJ;Norte;Engavetamento;2;;;;1;;;;;;3;0;0;0;0
10/02/2015;10:10:00;80;sem vítima;320;BR-101/RJ;Sul;Colisão Traseira;1;;;;1;;;;;;2;0;0;0;0
21/02/2015;18:01:00;155;com vítima;320,265;BR-101/RJ;Sul;Outros - Sequência;;;;1;;1;;;;;1;0;0;1;0
21/02/2015;19:59:00;173;sem vítima;320,9;BR-101/RJ;Norte;Colisão Traseira;2;;;;;;;;;;2;0;0;0;0
24/02/2015;16:04:00;118;com vítima;320;BR-101/RJ;Norte;Queda de Moto;;;;1;;;;;;;0;1;;;
01/03/2015;19:59:00;139;sem vítima;320;BR-101/RJ;Norte;Colisão Traseira;2;;;;;;;;;;3;0;0;0;0
02/03/2015;10:09:00;67;sem vítima;320;BR-101/RJ;Norte;Colisão Traseira;2;;;;;;;;;;4;0;0;0;0
14/03/2015;06:17:00;30;sem vítima;320;BR-101/RJ;Norte;Colisão Traseira;2;;;;;;;;;;2;0;0;0;0
20/03/2015;15:19:00;115;com vítima;320,279;BR-101/RJ;Sul;Engavetamento;2;;;;;;;;;1;2;2;0;0;0
10/04/2015;16:35:00;169;sem vítima;320;BR-101/RJ;Norte;Engavetamento;3;;;;;;;;;;3;;;;
11/04/2015;10:30:00;80;sem vítima;320,234;BR-101/RJ;Norte;Engavetamento;2;;;;;2;;;;;7;;;;
13/04/2015;11:20:00;90;sem vítima;320,233;BR-101/RJ;Norte;Engavetamento;2;;;;1;1;;;;;5;;;;
15/04/2015;08:54:00;71;com vítima;320,72;BR-101/RJ;Norte;Colisão Lateral;1;;1;;;;;;;;0;5;;;
20/04/2015;15:23:00;100;com vítima;320;BR-101/RJ;Norte;Queda de Moto;;;;1;;;;;;;0;1;;;
25/04/2015;07:51:00;38;sem vítima;320;BR-101/RJ;Norte;Saida de Pista;1;;;;;;;;;;1;;;;
29/04/2015;12:38:00;110;sem vítima;320;BR-101/RJ;Sul;Colisão Traseira;;;1;;;;;;;1;2;;;;
30/04/2015;10:02:00;80;com vítima;320,13;BR-101/RJ;Sul;Queda de Moto;;;;1;;;;;;;0;1;;;
02/05/2015;09:26:00;44;sem vítima;320,45;BR-101/RJ;Sul;Choque - Defensa, barreira ou "submarino";;;;;;;;;;1;1;;;;
04/05/2015;14:56:00;145;sem vítima;320;BR-101/RJ;Sul;Engavetamento;3;;;;;;;;;;4;;;;
06/05/2015;01:40:00;12;sem vítima;320,282;BR-101/RJ;Sul;Saida de Pista;;;1;;;;;;;;1;;;;
13/05/2015;06:14:00;21;com vítima;320,147;BR-101/RJ;Sul;Colisão Lateral;1;;;1;;;;;;;1;1;;;
20/05/2015;05:53:00;32;sem vítima;320;BR-101/RJ;Sul;Colisão Traseira;2;;;;;;;;;;6;;;;
20/05/2015;12:02:00;111;com vítima;320,478;BR-101/RJ;Norte;Objeto lançado contra veículo;;;;1;;;;;;;0;2;;;
26/05/2015;05:50:00;18;sem vítima;320,189;BR-101/RJ;Sul;Colisão Lateral;2;;;;;;;;;;2;;;;
27/05/2015;13:03:00;91;sem vítima;320;BR-101/RJ;Sul;Colisão Lateral;1;;1;;;;;;;;2;;;;
27/05/2015;13:33:00;94;com vítima;320;BR-101/RJ;Norte;Queda de Moto;;;;1;;;;;;;0;1;;;
28/05/2015;22:27:00;218;com vítima;320,915;BR-101/RJ;Norte;Outros - Sequência;2;;1;;;;;;;;4;;2;;
28/05/2015;22:27:00;224;com vítima;320,915;BR-101/RJ;Norte;Queda de Moto;;;;1;;;;;;;0;;;1;
29/05/2015;11:46:00;68;sem vítima;320,678;BR-101/RJ;Norte;Colisão Traseira;1;;1;;;;;;;;2;;;;
30/05/2015;01:58:00;11;com vítima;320,074;BR-101/RJ;Norte;Choque - Suporte de Sinalização;;;;1;;;;;;;0;;;1;
30/05/2015;07:50:00;56;com vítima;320,491;BR-101/RJ;Sul;Queda de Moto;;;;1;;;;;;;0;1;;;
06/06/2015;21:11:00;166;com vítima;320;BR-101/RJ;Sul;Outros - Sequência;;;1;;;;;;;1;7;7;2;;
08/06/2015;09:11:00;74;com vítima;320,717;BR-101/RJ;Sul;Queda de Moto;;;;1;;;;;;;0;1;;;
08/06/2015;09:17:00;75;com vítima;320,913;BR-101/RJ;Norte;Choque - Defensa, barreira ou "submarino";1;;;;;;;;;;2;1;;;
12/06/2015;23:18:00;219;sem vítima;320;BR-101/RJ;Norte;Colisão Lateral;1;;1;;;;;;;;2;;;;
17/06/2015;14:50:00;127;sem vítima;320;BR-101/RJ;Norte;Colisão Traseira;2;;;;;;;;;;2;;;;
17/06/2015;18:30:00;177;sem vítima;320;BR-101/RJ;Norte;Colisão Traseira;2;;;;;;;;;;2;;;;
21/06/2015;08:04:00;40;sem vítima;320,483;BR-101/RJ;Sul;Colisão Lateral;1;;;;1;;;;;;5;;;;
23/06/2015;11:46:00;90;com vítima;320;BR-101/RJ;Sul;Colisão Lateral;;;;1;;1;;;;;1;2;;;
24/06/2015;22:51:00;195;sem vítima;320;BR-101/RJ;Sul;Colisão Traseira;1;;;1;;;;;;;3;;;;
28/06/2015;13:30:00;74;sem vítima;320,9;BR-101/RJ;Norte;Choque - Defensa, barreira ou "submarino";1;;;;;;;;;;1;;;;
03/07/2015;06:35:00;30;sem vítima;320,989;BR-101/RJ;Sul;Choque - Defensa, barreira ou "submarino";1;;;;;;;;;;1;;;;
08/07/2015;17:15:00;175;sem vítima;320;BR-101/RJ;Norte;Colisão Lateral;;;1;;;1;;;;;2;;;;
08/07/2015;12:57:00;135;sem vítima;320,164;BR-101/RJ;Norte;Colisão Lateral;;;;;1;1;;;;;2;;;;
17/07/2015;18:13:00;191;sem vítima;320;BR-101/RJ;Norte;Colisão Lateral;1;;;;1;;;;;;2;;;;
29/07/2015;00:56:00;6;sem vítima;320,965;BR-101/RJ;Norte;Choque - Defensa, barreira ou "submarino";;;1;;;;;;;;2;;;;
12/08/2015;07:15:00;40;com vítima;320,433;BR-101/RJ;Sul;Colisão Lateral;1;;;1;;1;;;;;4;1;;;
19/08/2015;06:50:00;37;com vítima;320,387;BR-101/RJ;Sul;Colisão Lateral;1;;;1;;;;;;;1;1;;;
26/08/2015;06:45:00;26;com vítima;320,836;BR-101/RJ;Norte;Capotamento;1;;1;;;;;;;;1;2;;;
28/08/2015;21:44:00;200;com vítima;320;BR-101/RJ;Norte;Queda de Moto;;;;1;;;;;;;0;1;;;
28/08/2015;07:03:00;31;com vítima;320,773;BR-101/RJ;Sul;Colisão Traseira;1;;;1;;;;;;;1;1;;;
03/09/2015;04:09:00;20;com vítima;320,915;BR-101/RJ;Norte;Capotamento;1;;;;;;;;;;0;1;;;
04/09/2015;22:46:00;227;sem vítima;320;BR-101/RJ;Norte;Colisão Lateral;1;;;;1;;;;;;3;;;;
05/09/2015;01:05:00;7;sem vítima;320,902;BR-101/RJ;Norte;Colisão Traseira;1;;;;;;;;;1;6;;;;
06/09/2015;15:54:00;96;com vítima;320,821;BR-101/RJ;Norte;Capotamento;1;;;;;;;;;;0;1;;;
11/09/2015;08:21:00;63;sem vítima;320;BR-101/RJ;Norte;Choque - Defensa, barreira ou "submarino";1;;;;;;;;;;1;;;;
20/09/2015;08:02:00;65;com vítima;320,948;BR-101/RJ;Norte;Choque - Defensa, barreira ou "submarino";1;;;;;;;;;;0;1;;;
21/09/2015;17:12:00;150;com vítima;320,903;BR-101/RJ;Norte;Colisão Traseira;2;;;1;;;;;;;3;2;2;;
26/09/2015;16:17:00;175;sem vítima;320;BR-101/RJ;Norte;Colisão Traseira;2;;;;;;;;;;2;;;;
28/09/2015;13:17:00;117;com vítima;320;BR-101/RJ;Sul;Queda de Moto;;;;1;;1;;;;;1;1;;;
02/10/2015;08:16:00;50;com vítima;320,958;BR-101/RJ;Sul;Colisão Lateral;1;;;1;;;;;;;1;2;;;
03/10/2015;15:37:00;136;com vítima;320,883;BR-101/RJ;Norte;Capotamento;1;;;;;;;;;;0;3;;;
08/10/2015;19:39:00;206;com vítima;320;BR-101/RJ;Sul;Colisão Lateral;1;;;1;;;;;;;2;1;;;
13/10/2015;12:34:00;124;sem vítima;320,569;BR-101/RJ;Sul;Colisão Lateral;1;;1;;;;;;;;3;;;;
22/10/2015;22:42:00;204;sem vítima;320,9;BR-101/RJ;Norte;Choque - Defensa, barreira ou "submarino";1;;;;;;;;;;1;;;;
23/10/2015;11:48:00;89;com vítima;320;BR-101/RJ;Norte;Queda de Moto;;;;1;;1;;;;;1;1;;;
03/11/2015;09:17:00;84;sem vítima;320;BR-101/RJ;Sul;Colisão Traseira;1;;;;1;;;;;;2;;;;
03/11/2015;10:20:00;99;sem vítima;320;BR-101/RJ;Sul;Colisão Traseira;;;;;1;1;;;;;2;;;;
03/11/2015;06:37:00;43;com vítima;320,491;BR-101/RJ;Sul;Colisão Lateral;2;;;1;;;;;;;2;1;;;
04/11/2015;20:11:00;214;com vítima;320;BR-101/RJ;Norte;Queda de Moto;;;;1;;;;;;;0;1;;;
08/11/2015;00:40:00;6;sem vítima;320;BR-101/RJ;Norte;Saida de Pista;1;;;;;;;;;;1;;;;
11/11/2015;09:37:00;103;com vítima;320,951;BR-101/RJ;Norte;Choque - Defensa, barreira ou "submarino";1;;;;;;;;;;0;1;;;
13/11/2015;16:52:00;169;com vítima;320,953;BR-101/RJ;Norte;Choque - Defensa, barreira ou "submarino";;;;1;;;;;;;0;;;;1
18/11/2015;03:35:00;21;sem vítima;320,2;BR-101/RJ;Norte;Capotamento;1;;;;;;;;;;1;;;;
28/11/2015;23:24:00;216;sem vítima;320;BR-101/RJ;Norte;Choque - Defensa, barreira ou "submarino";1;;;;;;;;;;1;;;;
06/12/2015;05:50:00;29;sem vítima;320;BR-101/RJ;Norte;Choque - Defensa, barreira ou "submarino";1;;;;;;;;;;2;;;;
11/12/2015;20:34:00;222;com vítima;320;BR-101/RJ;Norte;Colisão Lateral;2;;;;;1;;;;;2;;1;;
12/12/2015;22:51:00;235;sem vítima;320,4;BR-101/RJ;Norte;Choque - Defensa, barreira ou "submarino";2;;;;;;;;;;2;;;;
12/12/2015;23:00:00;242;sem vítima;320,4;BR-101/RJ;Norte;Choque - Defensa, barreira ou "submarino";1;;;;;;;;;;1;;;;
14/12/2015;04:28:00;31;sem vítima;320;BR-101/RJ;Norte;Choque - Outros;1;;;;;;;;;;1;;;;
17/12/2015;08:11:00;76;sem vítima;320,91;BR-101/RJ;Sul;Colisão Traseira;2;;;;;;;;;;4;;;;
26/12/2015;23:56:00;235;sem vítima;320,9;BR-101/RJ;Norte;Colisão Lateral;2;;;;;;;;;;5;;;;
30/12/2015;19:50:00;236;sem vítima;320;BR-101/RJ;Norte;Choque - Defensa, barreira ou "submarino";1;;;;;;;;;;1;;;;
23/01/2013;17:54:00;160;sem vítima;321;BR-101/RJ;Norte;Engavetamento;3;;;;;1;;;;;4;;;;
28/01/2013;20:11:00;166;sem vítima;321;BR-101/RJ;Norte;Colisão Lateral;1;;1;;;;;;;;2;;;;
29/01/2013;17:29:00;136;sem vítima;321;BR-101/RJ;Norte;Engavetamento;3;;;;;;;;;;9;;;;
02/02/2013;16:23:00;155;sem vítima;321;BR-101/RJ;Sul;Engavetamento;2;;;;1;;;;;;5;;;;
05/02/2013;22:22:00;166;sem vítima;321;BR-101/RJ;Norte;Colisão Lateral;1;;1;;;;;;;;2;;;;
07/02/2013;11:40:00;123;sem vítima;321;BR-101/RJ;Norte;Colisão Traseira;1;;;;;1;;;;;5;;;;
11/02/2013;11:25:00;68;sem vítima;321;BR-101/RJ;Norte;Colisão Traseira;2;;;;;;;;;;2;;;;
01/03/2013;20:10:00;169;sem vítima;321;BR-101/RJ;Norte;Engavetamento;3;;;;;;;;;;4;;;;
12/03/2013;15:50:00;135;sem vítima;321;BR-101/RJ;Norte;Colisão Traseira;2;;;;;;;;;;4;;;;
22/03/2013;15:58:00;144;sem vítima;321;BR-101/RJ;Norte;Colisão Lateral;1;;;;;;;;;1;2;;;;
22/03/2013;23:17:00;232;sem vítima;321,8;BR-101/RJ;Norte;Colisão Lateral;1;;1;;;;;;;;2;;;;
26/03/2013;06:52:00;39;sem vítima;321;BR-101/RJ;Norte;Colisão Lateral;1;;;;1;;;;;;2;;;;
09/04/2013;11:46:00;97;sem vítima;321;BR-101/RJ;Norte;Colisão Traseira;3;;;;;;;;;;3;;;;
12/04/2013;14:31:00;130;sem vítima;321;BR-101/RJ;Norte;Colisão Traseira;1;;;1;;;;;;;3;;;;
12/04/2013;20:52:00;212;sem vítima;321;BR-101/RJ;Norte;Colisão Lateral;1;;1;;;;;;;;2;;;;
16/04/2013;20:29:00;170;sem vítima;321;BR-101/RJ;Norte;Colisão Traseira;2;;;;;;;;;;3;;;;
18/04/2013;19:20:00;158;sem vítima;321;BR-101/RJ;Norte;Colisão Lateral;1;;;;1;;;;;;46;;;;
19/04/2013;09:25:00;73;sem vítima;321;BR-101/RJ;Norte;Colisão Lateral;1;;;;1;;;;;;2;;;;
19/04/2013;16:24:00;150;sem vítima;321;BR-101/RJ;Norte;Engavetamento;3;;;;;;;;;;5;;;;
20/04/2013;06:48:00;36;sem vítima;321;BR-101/RJ;Norte;Choque - Defensa, barreira ou "submarino";1;;;;;1;;;;;2;;;;
26/04/2013;23:01:00;235;sem vítima;321;BR-101/RJ;Norte;Colisão Lateral;1;;;1;;;;;;;3;;;;
05/05/2013;02:02:00;6;sem vítima;321;BR-101/RJ;Norte;Colisão Lateral;2;;;;;;;;;;4;;;;
05/05/2013;00:36:00;4;com vítima;321,8;BR-101/RJ;Norte;Atropelamento - Morador;1;;;;;;;;;;1;;;1;
06/05/2013;19:39:00;154;sem vítima;321;BR-101/RJ;Norte;Colisão Lateral;1;;1;;;;;;;;4;;;;
10/05/2013;15:02:00;99;sem vítima;321;BR-101/RJ;Norte;Colisão Lateral;1;;1;;;;;;;;3;;;;
10/05/2013;17:56:00;136;sem vítima;321;BR-101/RJ;Norte;Engavetamento;3;;;;;;;;;;7;;;;
13/05/2013;16:51:00;133;com vítima;321,15;BR-101/RJ;Norte;Colisão Traseira;2;;;1;;1;;;;;3;;1;;
14/05/2013;16:17:00;112;sem vítima;321,2;BR-101/RJ;Norte;Colisão Traseira;1;;;;;;;;;;1;;;;
21/05/2013;03:10:00;16;sem vítima;321,8;BR-101/RJ;Sul;Engavetamento;;;4;;;;;;;;4;;;;
22/05/2013;16:22:00;118;sem vítima;321;BR-101/RJ;Norte;Colisão Traseira;1;;;1;;;;;;;3;;;;
22/05/2013;16:51:00;124;sem vítima;321;BR-101/RJ;Norte;Colisão Lateral;1;;;1;;;;;;;2;;;;
24/05/2013;14:53:00;98;sem vítima;321;BR-101/RJ;Sul;Colisão Traseira;2;;;;;;;;;;3;;;;