data;horario;n_da_ocorrencia;tipo_de_ocorrencia;km;trecho;sentido;tipo_de_acidente;automovel;bicicleta;caminhao;moto;onibus;outros;tracao_animal;transporte_de_cargas_especiais;trator_maquinas;utilitarios;ilesos;levemente_feridos;moderadamente_feridos;gravemente_feridos;mortos
27/05/2013;20:06:00;180;sem vítima;321;BR-101/RJ;Norte;Colisão Lateral;1;;;;1;;;;;;46;;;;
29/05/2013;09:42:00;59;sem vítima;321,333;BR-101/RJ;Norte;Colisão Traseira;2;;;;;;;;;;2;;;;
30/05/2013;08:36:00;45;com vítima;321,05;BR-101/RJ;Norte;Colisão Lateral;1;;;;1;;;;;;4;;1;;
05/06/2013;22:02:00;174;sem vítima;321;BR-101/RJ;Norte;Colisão Lateral;2;;;;;;;;;;3;;;;
08/06/2013;01:54:00;13;sem vítima;321;BR-101/RJ;Norte;Colisão Lateral;1;;1;;;;;;;;2;;;;
11/06/2013;12:10:00;79;sem vítima;321;BR-101/RJ;Norte;Engavetamento;3;;;;;1;;;;;5;;;;
11/06/2013;18:27:00;151;sem vítima;321,6;BR-101/RJ;Sul;Colisão Traseira;2;;;;;;;;;;4;;;;
11/06/2013;23:00:00;193;sem vítima;321,82;BR-101/RJ;Norte;Colisão Lateral;;;3;;;;;;;;3;;;;
17/06/2013;19:49:00;144;sem vítima;321;BR-101/RJ;Norte;Engavetamento;2;;;1;;;;;;;4;;;;
17/06/2013;20:38:00;151;sem vítima;321,666;BR-101/RJ;Norte;Colisão Lateral;1;;1;;;;;;;;6;;;;
21/06/2013;17:57:00;144;sem vítima;321;BR-101/RJ;Norte;Colisão Lateral;;;1;;1;;;;;;2;;;;
25/06/2013;16:47:00;107;sem vítima;321;BR-101/RJ;Norte;Queda de Moto;;;;1;;;;;;;1;;;;
25/06/2013;20:00:00;139;sem vítima;321;BR-101/RJ;Norte;Colisão Lateral;1;;;;1;;;;;;2;;;;
25/06/2013;14:46:00;96;sem vítima;321,291;BR-101/RJ;Norte;Engavetamento;4;;;;;;;;;;4;;;;
26/06/2013;13:15:00;90;com vítima;321;BR-101/RJ;Sul;Queda de Moto;;;;1;;;;;;;0;1;;;
28/06/2013;11:33:00;85;sem vítima;321;BR-101/RJ;Norte;Colisão Traseira;2;;;;;;;;;;3;;;;
05/07/2013;14:57:00;123;sem vítima;321;BR-101/RJ;Norte;Engavetamento;2;;;;;1;;;;;3;;;;
05/07/2013;23:07:00;211;sem vítima;321;BR-101/RJ;Norte;Engavetamento;3;;;;;;;;;;3;;;;
13/07/2013;11:41:00;92;sem vítima;321;BR-101/RJ;Norte;Colisão Traseira;1;;;;1;;;;;;2;;;;
14/07/2013;12:30:00;90;com vítima;321;BR-101/RJ;Norte;Colisão Lateral;1;;;1;;;;;;;1;1;1;;
14/07/2013;22:39:00;194;sem vítima;321,75;BR-101/RJ;Norte;Colisão Lateral;1;;1;;;;;;;;2;;;;
17/07/2013;11:48:00;83;sem vítima;321;BR-101/RJ;Norte;Queda de Moto;;;;1;;;;;;;1;;;;
23/07/2013;09:37:00;65;sem vítima;321;BR-101/RJ;Norte;Colisão Traseira;1;;;;1;;;;;;3;;;;
29/07/2013;06:02:00;24;sem vítima;321;BR-101/RJ;Sul;Colisão Traseira;2;;;;;;;;;;5;;;;
29/07/2013;14:16:00;100;com vítima;321;BR-101/RJ;Norte;Engavetamento;3;;;;;;;;;;4;1;;;
03/08/2013;15:02:00;126;sem vítima;321;BR-101/RJ;Norte;Colisão Lateral;1;;;;1;;;;;;2;;;;
05/08/2013;04:37:00;22;com vítima;321;BR-101/RJ;Norte;Capotamento;1;;;;;;;;;;3;2;;;
05/08/2013;05:04:00;25;sem vítima;321;BR-101/RJ;Sul;Colisão Lateral;;;1;;1;;;;;;2;;;;
06/08/2013;14:00:00;85;sem vítima;321;BR-101/RJ;Norte;Colisão Traseira;1;;;;1;;;;;;3;;;;
09/08/2013;08:02:00;31;sem vítima;321;BR-101/RJ;Sul;Colisão Lateral;1;;1;;;;;;;;2;;;;
14/08/2013;03:25:00;19;com vítima;321;BR-101/RJ;Norte;Choque - Defensa, barreira ou "submarino";1;;;;;;;;;;0;1;;;
16/08/2013;18:25:00;158;sem vítima;321;BR-101/RJ;Norte;Colisão Lateral;1;;;;1;;;;;;2;;;;
23/08/2013;10:11:00;58;com vítima;321;BR-101/RJ;Norte;Colisão Traseira;1;;;1;;;;;;;1;;1;;
29/08/2013;11:07:00;84;sem vítima;321;BR-101/RJ;Norte;Engavetamento;6;;;;;1;;;;;11;;;;
29/08/2013;20:06:00;166;sem vítima;321;BR-101/RJ;Norte;Colisão Traseira;2;;;;;;;;;;2;;;;
03/09/2013;15:37:00;133;sem vítima;321;BR-101/RJ;Norte;Colisão Traseira;2;;;;;;;;;;3;;;;
03/09/2013;17:55:00;161;sem vítima;321;BR-101/RJ;Norte;Colisão Traseira;2;;;;;;;;;;2;;;;
04/09/2013;01:52:00;6;sem vítima;321,065;BR-101/RJ;Sul;Saida de Pista;1;;;;;;;;;;1;;;;
07/09/2013;10:04:00;86;sem vítima;321;BR-101/RJ;Sul;Colisão Traseira;2;;;;;;;;;;5;;;;
08/09/2013;21:38:00;202;sem vítima;321;BR-101/RJ;Norte;Saida de Pista;1;;;;;;;;;;1;;;;
10/09/2013;19:18:00;161;sem vítima;321;BR-101/RJ;Norte;Colisão Traseira;1;;1;;;;;;;;2;;;;
13/09/2013;06:37:00;25;sem vítima;321;BR-101/RJ;Sul;Queda de Moto;;;;1;1;;;;;;2;;;;
14/09/2013;12:07:00;98;sem vítima;321;BR-101/RJ;Norte;Colisão Traseira;1;;;;;1;;;;;5;;;;
19/09/2013;12:20:00;100;com vítima;321;BR-101/RJ;Sul;Queda de Moto;;;;1;;;;;;;0;;1;;
21/09/2013;23:12:00;177;sem vítima;321;BR-101/RJ;Norte;Colisão Lateral;;;;;2;;;;;;2;;;;
23/09/2013;13:36:00;106;sem vítima;321,713;BR-101/RJ;Sul;Colisão Traseira;1;;1;;;;;;;;2;;;;
24/09/2013;18:32:00;139;sem vítima;321,905;BR-101/RJ;Sul;Colisão Traseira;2;;;;;;;;;;5;;;;
28/09/2013;09:54:00;70;com vítima;321,069;BR-101/RJ;Sul;Queda de Moto;;;;1;;;;;;;0;2;;;
03/10/2013;19:43:00;152;com vítima;321;BR-101/RJ;Norte;Colisão Traseira;1;;;1;;;;;;;5;1;;;
03/10/2013;10:06:00;55;com vítima;321,974;BR-101/RJ;Norte;Colisão Lateral;1;;;1;;;;;;;1;1;;;
06/10/2013;11:30:00;49;com vítima;321,084;BR-101/RJ;Norte;Queda de Moto;;;;1;;;;;;;0;2;;;
06/10/2013;15:40:00;81;sem vítima;321,343;BR-101/RJ;Norte;Engavetamento;4;;;;;2;;;;;10;;;;
10/10/2013;16:21:00;123;sem vítima;321;BR-101/RJ;Norte;Colisão Traseira;2;;;;;;;;;;2;;;;
11/10/2013;03:13:00;13;sem vítima;321;BR-101/RJ;Sul;Colisão Traseira;1;;;;;1;;;;;4;;;;
11/10/2013;20:11:00;204;com vítima;321,5;BR-101/RJ;Sul;Engavetamento;2;;;;;;;;;;1;1;;;
11/10/2013;11:34:00;96;sem vítima;321,85;BR-101/RJ;Norte;Colisão Lateral;1;;;;1;;;;;;2;;;;
14/10/2013;07:37:00;39;sem vítima;321,822;BR-101/RJ;Norte;Colisão Lateral;2;;;;1;;;;;;3;;;;
15/10/2013;09:19:00;62;sem vítima;321;BR-101/RJ;Norte;Engavetamento;2;;;;;;;;;1;6;;;;
17/10/2013;15:19:00;114;sem vítima;321,157;BR-101/RJ;Norte;Colisão Traseira;2;;;;;;;;;;5;;;;
20/10/2013;20:09:00;150;sem vítima;321;BR-101/RJ;Norte;Colisão Lateral;;;;;1;;;;;1;2;;;;
20/10/2013;20:47:00;156;sem vítima;321;BR-101/RJ;Sul;Queda de Moto;;;;1;;;;;;;1;;;;
20/10/2013;20:22:00;159;sem vítima;321;BR-101/RJ;Sul;Queda de Moto;;;;1;;;;;;;1;;;;
26/10/2013;11:48:00;82;com vítima;321,957;BR-101/RJ;Norte;Engavetamento;3;;;;;;;;;;6;1;;;
28/10/2013;00:30:00;2;sem vítima;321;BR-101/RJ;Sul;Colisão Traseira;1;;1;;;;;;;;4;;;;
29/10/2013;08:42:00;51;com vítima;321;BR-101/RJ;Sul;Colisão Lateral;1;;;1;;;;;;;2;1;;;
01/11/2013;22:46:00;183;com vítima;321;BR-101/RJ;Sul;Colisão Traseira;3;;;;;;;;;;13;;1;;
02/11/2013;14:12:00;124;sem vítima;321,8;BR-101/RJ;Norte;Colisão Traseira;1;;;;;;;;;1;3;;;;
04/11/2013;07:08:00;30;com vítima;321,458;BR-101/RJ;Sul;Colisão Traseira;2;;;;;;;;;;4;1;;;
05/11/2013;23:49:00;172;sem vítima;321,785;BR-101/RJ;Norte;Colisão Lateral;;;;;1;1;;;;;2;;;;
08/11/2013;22:48:00;214;sem vítima;321,888;BR-101/RJ;Norte;Colisão Traseira;1;;1;;;;;;;;2;;;;
09/11/2013;23:13:00;189;sem vítima;321,5;BR-101/RJ;Norte;Colisão Traseira;1;;1;;;;;;;;3;;;;
09/11/2013;05:52:00;28;com vítima;321,802;BR-101/RJ;Sul;Queda de Moto;;;;1;;;;;;;0;;1;;
11/11/2013;03:51:00;19;com vítima;321,735;BR-101/RJ;Sul;Saida de Pista;1;;;;;;;;;;0;1;1;;
21/11/2013;22:47:00;213;sem vítima;321,9;BR-101/RJ;Norte;Colisão Lateral;1;;1;;;;;;;;3;;;;
24/11/2013;23:32:00;178;com vítima;321;BR-101/RJ;Norte;Choque - Defensa, barreira ou "submarino";1;;;;;;;;;;0;1;;;
25/11/2013;18:35:00;141;com vítima;321;BR-101/RJ;Norte;Colisão Traseira;;;;1;;;;;;;1;1;;;
27/11/2013;17:28:00;177;com vítima;321,8;BR-101/RJ;Norte;Colisão Lateral;1;;;1;;;;;;;1;1;;;
27/11/2013;12:41:00;109;sem vítima;321,876;BR-101/RJ;Norte;Colisão Traseira;2;;;;;;;;;;2;;;;
30/11/2013;03:02:00;18;sem vítima;321,02;BR-101/RJ;Sul;Saida de Pista;1;;;;;;;;;;1;;;;
09/12/2013;21:26:00;196;com vítima;321,1;BR-101/RJ;Sul;Queda de Moto;;;;1;;;;;;;0;1;;;
09/12/2013;18:42:00;168;sem vítima;321,83;BR-101/RJ;Norte;Colisão Lateral;1;;;1;;;;;;;2;;;;
11/12/2013;19:15:00;170;sem vítima;321,788;BR-101/RJ;Norte;Colisão Lateral;1;;;;1;;;;;;2;;;;
13/12/2013;21:53:00;193;sem vítima;321;BR-101/RJ;Norte;Colisão Lateral;1;;1;;;;;;;;4;;;;
13/12/2013;22:19:00;197;sem vítima;321;BR-101/RJ;Norte;Colisão Lateral;1;;1;;;;;;;;4;;;;
14/12/2013;01:08:00;12;sem vítima;321;BR-101/RJ;Norte;Colisão Traseira;1;;;1;;;;;;;3;;;;
16/12/2013;20:57:00;215;sem vítima;321;BR-101/RJ;Norte;Engavetamento;1;;;;;3;;;;;5;;;;
17/12/2013;13:48:00;113;sem vítima;321;BR-101/RJ;Sul;Colisão Lateral;1;;1;;;;;;;;2;;;;
23/12/2013;15:38:00;164;sem vítima;321;BR-101/RJ;Norte;Colisão Lateral;1;;1;;;;;;;;2;;;;
28/12/2013;07:26:00;51;sem vítima;321;BR-101/RJ;Norte;Choque - Outros;1;;;;;;;;;;2;;;;
29/12/2013;14:24:00;121;sem vítima;321;BR-101/RJ;Sul;Saida de Pista;1;;;;;;;;;;5;;;;
03/01/2014;18:48:00;209;sem vítima;321;BR-101/RJ;Norte;Engavetamento;4;;;;;;;;;;8;;;;
10/01/2014;20:02:00;214;sem vítima;321;BR-101/RJ;Norte;Colisão Traseira;1;;;;1;;;;;;41;;;;
16/01/2014;22:00:00;189;sem vítima;321;BR-101/RJ;Sul;Colisão Traseira;1;;;;;1;;;;;2;;;;
17/01/2014;16:45:00;127;sem vítima;321,888;BR-101/RJ;Norte;Colisão Lateral;1;;1;;;;;;;;2;;;;
18/01/2014;00:50:00;12;sem vítima;321,1;BR-101/RJ;Sul;Colisão Traseira;;;;;;1;;;;1;3;;;;
20/01/2014;03:31:00;18;com vítima;321,025;BR-101/RJ;Sul;Capotamento;1;;;;;;;;;;0;;1;;2
22/01/2014;23:14:00;196;com vítima;321;BR-101/RJ;Norte;Choque - Outros;1;;;;;;;;;;0;;1;;
24/01/2014;18:23:00;138;com vítima;321,5;BR-101/RJ;Sul;Capotamento;1;;;;;;;;;;0;1;;;
26/01/2014;10:09:00;57;sem vítima;321;BR-101/RJ;Norte;Choque - Defensa, barreira ou "submarino";1;;;;;;;;;;1;;;;
27/01/2014;20:26:00;195;sem vítima;321,85;BR-101/RJ;Norte;Colisão Lateral;1;;1;;;;;;;;2;;;;
02/02/2014;06:00:00;27;sem vítima;321,14;BR-101/RJ;Sul;Choque - Defensa, barreira ou "submarino";1;;;;;;;;;;3;;;;
07/02/2014;23:40:00;238;sem vítima;321;BR-101/RJ;Norte;Colisão Traseira;1;;1;;;;;;;;2;;;;
16/02/2014;21:34:00;174;com vítima;321,834;BR-101/RJ;Norte;Choque - Defensa, barreira ou "submarino";1;;;;;;;;;;1;;1;;
21/02/2014;22:48:00;239;sem vítima;321,85;BR-101/RJ;Norte;Colisão Lateral;1;;1;;;;;;;;2;;;;
04/03/2014;07:02:00;29;sem vítima;321;BR-101/RJ;Norte;Colisão Lateral;;;;;1;1;;;;;2;;;;
13/03/2014;00:37:00;6;com vítima;321;BR-101/RJ;Sul;Queda de Moto;;;;1;;;;;;;0;1;;;
22/03/2014;23:56:00;198;sem vítima;321;BR-101/RJ;Norte;Saida de Pista;1;;;;;;;;;;1;;;;
30/03/2014;20:00:00;177;sem vítima;321,89;BR-101/RJ;Norte;Colisão Traseira;1;;1;;;;;;;;3;;;;
04/04/2014;23:12:00;193;sem vítima;321,88;BR-101/RJ;Norte;Colisão Lateral;1;;1;;;;;;;;2;;;;
07/04/2014;15:56:00;152;sem vítima;321;BR-101/RJ;Sul;Colisão Traseira;;;;1;1;;;;;;2;;;;
07/04/2014;12:03:00;113;sem vítima;321,1;BR-101/RJ;Norte;Colisão Traseira;;;;;;1;;;;1;2;;;;
13/04/2014;02:08:00;7;sem vítima;321,133;BR-101/RJ;Sul;Choque - Defensa, barreira ou "submarino";1;;;;;;;;;;2;;;;
16/04/2014;18:55:00;155;sem vítima;321,9;BR-101/RJ;Sul;Colisão Traseira;2;;;;;;;;;;2;;;;
18/04/2014;12:24:00;135;sem vítima;321,83;BR-101/RJ;Sul;Engavetamento;1;;;;1;1;;;;;6;;;;
20/04/2014;07:29:00;27;sem vítima;321;BR-101/RJ;Sul;Colisão Traseira;2;;;;;;;;;;2;;;;
26/04/2014;05:44:00;30;sem vítima;321;BR-101/RJ;Norte;Colisão Traseira;1;;;;;1;;;;;2;;;;
30/04/2014;09:33:00;63;com vítima;321;BR-101/RJ;Norte;Queda de Moto;;;;1;;;;;;;0;1;;;
30/04/2014;21:12:00;182;sem vítima;321;BR-101/RJ;Norte;Colisão Traseira;1;;;;1;;;;;;2;;;;
03/05/2014;12:20:00;63;sem vítima;321,83;BR-101/RJ;Norte;Colisão Lateral;2;;;;;;;;;;3;;;;
04/05/2014;21:01:00;150;sem vítima;321;BR-101/RJ;Sul;Colisão Traseira;1;;;;1;;;;;;2;;;;
08/05/2014;08:01:00;59;sem vítima;321,222;BR-101/RJ;Sul;Colisão Traseira;1;;;1;;;;;;;2;;;;
09/05/2014;23:31:00;196;com vítima;321,187;BR-101/RJ;Norte;Engavetamento;3;;;;;1;;;;;3;1;6;;
10/05/2014;19:19:00;159;sem vítima;321,792;BR-101/RJ;Norte;Engavetamento;2;;;;1;;;;;1;4;;;;
17/05/2014;15:36:00;106;sem vítima;321;BR-101/RJ;Sul;Engavetamento;3;;;;;;;;;;3;;;;
23/05/2014;22:23:00;199;sem vítima;321,87;BR-101/RJ;Norte;Colisão Lateral;1;;1;;;;;;;;3;;;;
24/05/2014;04:10:00;23;com vítima;321;BR-101/RJ;Sul;Queda de Moto;;;;1;;;;;;;0;1;;;
28/05/2014;19:49:00;151;sem vítima;321,85;BR-101/RJ;Norte;Engavetamento;3;;;;;;;;;;3;;;;
29/05/2014;15:03:00;122;sem vítima;321;BR-101/RJ;Norte;Colisão Lateral;1;;;1;;;;;;;2;;;;
29/05/2014;18:27:00;174;sem vítima;321,9;BR-101/RJ;Norte;Colisão Traseira;2;;;;;;;;;;2;;;;
31/05/2014;15:39:00;102;sem vítima;321;BR-101/RJ;Sul;Engavetamento;6;;;;;1;;;;;15;;;;
02/06/2014;15:18:00;118;com vítima;321;BR-101/RJ;Norte;Colisão Lateral;;;;1;;1;;;;;1;;1;;
08/06/2014;11:16:00;75;com vítima;321,5;BR-101/RJ;Sul;Colisão Lateral;;;;1;;1;;;;;1;2;;;
08/06/2014;12:12:00;80;sem vítima;321,9;BR-101/RJ;Sul;Colisão Traseira;2;;;;;;;;;;2;;;;
12/06/2014;23:37:00;188;sem vítima;321;BR-101/RJ;Sul;Colisão Traseira;1;;;;;;;;;;1;;;;
13/06/2014;17:34:00;159;sem vítima;321;BR-101/RJ;Norte;Engavetamento;2;;;;;1;;;;;3;;;;
17/06/2014;19:28:00;160;com vítima;321,85;BR-101/RJ;Norte;Colisão Traseira;2;;;;;;;;;;1;2;;;
30/06/2014;18:00:00;144;sem vítima;321,85;BR-101/RJ;Norte;Colisão Lateral;1;;1;;;;;;;;2;;;;
04/07/2014;12:54:00;82;sem vítima;321;BR-101/RJ;Norte;Colisão Traseira;2;;;;;;;;;;2;;;;
05/07/2014;18:44:00;117;com vítima;321;BR-101/RJ;Norte;Queda de Moto;;;;1;;;;;;;0;;2;;
07/07/2014;18:35:00;150;sem vítima;321;BR-101/RJ;Sul;Colisão Traseira;2;;;;;;;;;;2;;;;
09/07/2014;01:39:00;7;sem vítima;321,1;BR-101/RJ;Sul;Saida de Pista;1;;;;;;;;;;1;;;;
10/07/2014;18:13:00;130;sem vítima;321;BR-101/RJ;Norte;Engavetamento;3;;;;;;;;;;3;;;;
11/07/2014;20:17:00;174;sem vítima;321;BR-101/RJ;Sul;Colisão Traseira;2;;;;;;;;;;5;;;;
12/07/2014;06:32:00;39;com vítima;321;BR-101/RJ;Norte;Choque - Defensa, barreira ou "submarino";1;;;;;;;;;;0;1;;;
12/07/2014;09:07:00;60;sem vítima;321,337;BR-101/RJ;Sul;Engavetamento;2;;;;;1;;;;;5;;;;
16/07/2014;12:32:00;93;sem vítima;321;BR-101/RJ;Norte;Colisão Lateral;1;;1;;;;;;;;2;;;;
18/07/2014;18:10:00;163;com vítima;321,8;BR-101/RJ;Sul;Colisão Traseira;1;;;1;;;;;;;1;1;;;
20/07/2014;04:54:00;28;com vítima;321,02;BR-101/RJ;Sul;Colisão Traseira;1;;;1;;;;;;;2;;;1;
20/07/2014;03:21:00;23;com vítima;321,05;BR-101/RJ;Sul;Capotamento;1;;;;;;;;;;2;2;;;
20/07/2014;19:53:00;161;sem vítima;321,111;BR-101/RJ;Norte;Engavetamento;4;;;;;;;;;;10;;;;
20/07/2014;18:55:00;147;sem vítima;321,8;BR-101/RJ;Norte;Engavetamento;2;;1;;;;;;;;10;;;;
31/07/2014;19:15:00;166;sem vítima;321,9;BR-101/RJ;Sul;Colisão Traseira;2;;;;;;;;;;4;;;;
02/08/2014;15:06:00;91;sem vítima;321,9;BR-101/RJ;Norte;Colisão Lateral;1;;1;;;;;;;;2;;;;
08/08/2014;14:33:00;115;sem vítima;321;BR-101/RJ;Norte;Colisão Lateral;1;;;;1;;;;;;2;;;;
13/08/2014;01:47:00;7;sem vítima;321,965;BR-101/RJ;Norte;Colisão Lateral;1;;2;;;;;;;;7;;;;
14/08/2014;16:39:00;113;sem vítima;321;BR-101/RJ;Norte;Engavetamento;5;;;;;;;;;;8;;;;
16/08/2014;08:01:00;32;com vítima;321;BR-101/RJ;Norte;Queda de Moto;;;;1;;1;;;;;1;;1;;
17/08/2014;15:10:00;94;sem vítima;321,7;BR-101/RJ;Norte;Colisão Lateral;1;;;;1;;;;;;5;;;;
18/08/2014;13:04:00;99;com vítima;321,294;BR-101/RJ;Norte;Engavetamento;7;;;;;;;;;1;0;9;;;
18/08/2014;19:29:00;164;sem vítima;321,7;BR-101/RJ;Norte;Colisão Traseira;1;;1;;;;;;;;2;;;;
20/08/2014;17:37:00;137;sem vítima;321,084;BR-101/RJ;Norte;Engavetamento;4;;;;;1;;;;;7;;;;
23/08/2014;07:56:00;55;sem vítima;321;BR-101/RJ;Norte;Colisão Traseira;2;;;;;;;;;;2;;;;
29/08/2014;11:57:00;76;sem vítima;321;BR-101/RJ;Norte;Colisão Lateral;1;;1;;;;;;;;2;;;;
04/09/2014;19:53:00;122;sem vítima;321,1;BR-101/RJ;Norte;Colisão Traseira;1;;;;;1;;;;;2;;;;
05/09/2014;19:44:00;175;sem vítima;321,9;BR-101/RJ;Norte;Colisão Lateral;1;;1;;;;;;;;3;;;;
09/09/2014;17:00:00;125;sem vítima;321,9;BR-101/RJ;Norte;Colisão Lateral;;;2;;;;;;;;2;;;;
10/09/2014;12:02:00;79;sem vítima;321,9;BR-101/RJ;Norte;Colisão Traseira;1;;1;;;;;;;;6;;;;
13/09/2014;12:15:00;90;sem vítima;321,85;BR-101/RJ;Sul;Colisão Lateral;1;;;1;;;;;;;3;;;;
16/09/2014;19:06:00;165;sem vítima;321;BR-101/RJ;Norte;Colisão Traseira;2;;;;;;;;;;2;;;;
16/09/2014;19:40:00;174;sem vítima;321,81;BR-101/RJ;Sul;Colisão Traseira;1;;;1;;;;;;;3;;;;
18/09/2014;22:34:00;171;sem vítima;321,9;BR-101/RJ;Norte;Colisão Lateral;1;;1;;;;;;;;3;;;;
21/09/2014;01:06:00;4;sem vítima;321;BR-101/RJ;Sul;Engavetamento;2;;;;1;;;;;;8;;;;
22/09/2014;15:44:00;110;sem vítima;321,26;BR-101/RJ;Norte;Engavetamento;4;;;;;;;;;;7;;;;
22/09/2014;22:17:00;149;sem vítima;321,9;BR-101/RJ;Norte;Colisão Traseira;1;;1;;;;;;;;3;;;;
23/09/2014;17:58:00;140;com vítima;321;BR-101/RJ;Norte;Colisão Lateral;1;;;1;;;;;;;1;2;;;
23/09/2014;19:59:00;157;sem vítima;321;BR-101/RJ;Norte;Colisão Traseira;2;;;;;;;;;;2;;;;
25/09/2014;15:48:00;121;sem vítima;321;BR-101/RJ;Norte;Colisão Lateral;1;;1;;;;;;;;2;;;;
25/09/2014;22:10:00;172;com vítima;321,9;BR-101/RJ;Norte;Colisão Lateral;1;;1;;;;;;;;2;;1;;
27/09/2014;05:37:00;23;sem vítima;321;BR-101/RJ;Norte;Choque - Defensa, barreira ou "submarino";1;;;;;;;;;;3;;;;
27/09/2014;17:05:00;128;sem vítima;321,945;BR-101/RJ;Norte;Colisão Traseira;1;;;;1;;;;;;3;;;;
28/09/2014;13:57:00;68;sem vítima;321,391;BR-101/RJ;Norte;Engavetamento;2;;;;;;;;;2;11;;;;
29/09/2014;18:16:00;158;sem vítima;321,13;BR-101/RJ;Norte;Colisão Traseira;2;;;;;;;;;;2;;;;
01/10/2014;14:37:00;98;sem vítima;321;BR-101/RJ;Norte;Engavetamento;2;;1;;;;;;;1;8;;;;
01/10/2014;16:40:00;121;com vítima;321;BR-101/RJ;Norte;Capotamento;1;;;;;;;;;;0;1;1;;
02/10/2014;16:16:00;106;sem vítima;321;BR-101/RJ;Norte;Colisão Lateral;1;;1;;;;;;;;3;;;;
09/10/2014;08:10:00;62;com vítima;321,901;BR-101/RJ;Sul;Queda de Moto;;;;1;;;;;;;0;;1;;
10/10/2014;23:32:00;225;sem vítima;321;BR-101/RJ;Sul;Engavetamento;3;;;;;2;;;;;7;;;;
11/10/2014;19:35:00;186;sem vítima;321;BR-101/RJ;Norte;Colisão Traseira;2;;;;;;;;;;5;;;;
12/10/2014;15:54:00;108;sem vítima;321;BR-101/RJ;Norte;Colisão Lateral;1;;;;1;;;;;;5;;;;
13/10/2014;18:31:00;195;com vítima;321,38;BR-101/RJ;Norte;Colisão Traseira;1;;;1;;;;;;;2;1;;;
14/10/2014;15:31:00;114;sem vítima;321,143;BR-101/RJ;Norte;Engavetamento;4;;;;;;;;;;4;;;;
15/10/2014;16:10:00;112;sem vítima;321;BR-101/RJ;Norte;Colisão Lateral;1;;;;1;;;;;;2;;;;
15/10/2014;19:22:00;146;com vítima;321,973;BR-101/RJ;Norte;Colisão Traseira;;;;1;;1;;;;;1;;1;;
16/10/2014;14:39:00;124;sem vítima;321;BR-101/RJ;Norte;Engavetamento;3;;;;;;;;;;3;;;;
18/10/2014;14:07:00;114;com vítima;321;BR-101/RJ;Norte;Engavetamento;2;;;;;1;;;;;3;;1;;
21/10/2014;11:38:00;79;sem vítima;321,903;BR-101/RJ;Norte;Colisão Traseira;1;;1;;;;;;;;2;;;;
23/10/2014;14:06:00;103;sem vítima;321;BR-101/RJ;Sul;Colisão Traseira;2;;;;;;;;;;2;;;;
23/10/2014;17:29:00;133;com vítima;321,88;BR-101/RJ;Norte;Colisão Traseira;1;;;1;;;;;;;1;1;;;
25/10/2014;09:06:00;52;sem vítima;321;BR-101/RJ;Sul;Colisão Lateral;1;;;1;;;;;;;2;;;;
28/10/2014;17:03:00;108;com vítima;321,691;BR-101/RJ;Norte;Engavetamento;7;;;;;;;;;;5;4;;;
29/10/2014;11:37:00;77;sem vítima;321;BR-101/RJ;Norte;Colisão Traseira;1;;;;;;;;;1;4;;;;
29/10/2014;17:19:00;124;sem vítima;321,537;BR-101/RJ;Norte;Colisão Traseira;1;;;;;1;;;;;2;;;;
30/10/2014;15:45:00;122;sem vítima;321;BR-101/RJ;Norte;Colisão Lateral;1;;1;;;;;;;;2;;;;
07/11/2014;21:16:00;177;com vítima;321,831;BR-101/RJ;Norte;Queda de Moto;;;;1;;;;;;;0;1;;;
10/11/2014;15:45:00;120;sem vítima;321;BR-101/RJ;Norte;Engavetamento;6;;;;;;;;;;6;;;;
10/11/2014;16:16:00;135;sem vítima;321;BR-101/RJ;Norte;Engavetamento;1;;;1;;;;;;1;3;;;;
13/11/2014;08:52:00;52;sem vítima;321;BR-101/RJ;Norte;Colisão Lateral;1;;1;;1;;;;;;4;;;;
13/11/2014;15:46:00;136;sem vítima;321;BR-101/RJ;Norte;Engavetamento;3;;;;;;;;;;3;;;;
15/11/2014;20:01:00;156;com vítima;321;BR-101/RJ;Norte;Colisão Traseira;1;;;;;1;;;;;2;1;;;
16/11/2014;06:18:00;29;sem vítima;321;BR-101/RJ;Sul;Saida de Pista;1;;;;;;;;;;1;;;;
22/11/2014;18:16:00;124;sem vítima;321;BR-101/RJ;Norte;Colisão Lateral;1;;;;1;;;;;;3;;;;
24/11/2014;17:41:00;150;sem vítima;321,2;BR-101/RJ;Norte;Engavetamento;2;;;;;1;;;;;3;;;;
25/11/2014;02:10:00;12;sem vítima;321,128;BR-101/RJ;Sul;Engavetamento;1;;1;;;1;;;;;4;;;;
27/11/2014;03:21:00;10;sem vítima;321;BR-101/RJ;Norte;Colisão Lateral;;;1;;;1;;;;;2;;;;
27/11/2014;10:18:00;60;sem vítima;321;BR-101/RJ;Sul;Colisão Traseira;2;;;;;;;;;;2;;;;
29/11/2014;14:11:00;98;sem vítima;321;BR-101/RJ;Sul;Objeto lançado contra veículo;2;;;;;1;;;;;3;;;;
30/11/2014;21:39:00;164;sem vítima;321;BR-101/RJ;Norte;Engavetamento;3;;;;;;;;;;5;;;;
04/12/2014;15:37:00;129;sem vítima;321;BR-101/RJ;Norte;Colisão Traseira;1;;;1;;;;;;;2;;;;
04/12/2014;19:51:00;170;sem vítima;321;BR-101/RJ;Norte;Engavetamento;3;;;;;;;;;;4;;;;
10/12/2014;06:27:00;27;com vítima;321;BR-101/RJ;Norte;Choque - Suporte de Sinalização;1;;;;;;;;;;0;1;;;
10/12/2014;07:56:00;47;sem vítima;321;BR-101/RJ;Norte;Colisão Lateral;1;;;;;1;;;;;2;;;;
14/12/2014;01:17:00;13;sem vítima;321;BR-101/RJ;Sul;Saida de Pista;1;;;;;;;;;;1;;;;