data;horario;n_da_ocorrencia;tipo_de_ocorrencia;km;trecho;sentido;tipo_de_acidente;automovel;bicicleta;caminhao;moto;onibus;outros;tracao_animal;transporte_de_cargas_especiais;trator_maquinas;utilitarios;ilesos;levemente_feridos;moderadamente_feridos;gravemente_feridos;mortos
18/12/2014;21:28:00;190;sem vítima;321;BR-101/RJ;Norte;Choque - Defensa, barreira ou "submarino";1;;;;;;;;;;1;;;;
19/12/2014;19:15:00;166;sem vítima;321;BR-101/RJ;Norte;Colisão Traseira;2;;;;;;;;;;2;;;;
22/12/2014;16:52:00;149;sem vítima;321,06;BR-101/RJ;Norte;Colisão Traseira;2;;;;;;;;;;3;;;;
29/12/2014;17:05:00;145;com vítima;321;BR-101/RJ;Norte;Colisão Traseira;1;;;1;;;;;;;1;;1;;
14/01/2015;18:41:00;129;com vítima;321,533;BR-101/RJ;Norte;Colisão Traseira;;;;1;;1;;;;;1;1;;;
22/01/2015;12:22:00;71;sem vítima;321;BR-101/RJ;Norte;Choque - Defensa, barreira ou "submarino";1;;;;;;;;;;2;;;;
27/01/2015;07:55:00;37;com vítima;321;BR-101/RJ;Sul;Colisão Lateral;1;;;;1;;;;;;3;1;;;
31/01/2015;06:29:00;26;sem vítima;321;BR-101/RJ;Sul;Choque - Defensa, barreira ou "submarino";1;;;;;;;;;;1;;;;
10/02/2015;19:11:00;190;sem vítima;321,5;BR-101/RJ;Sul;Engavetamento;1;;1;;;;;;;1;3;0;0;0;0
11/02/2015;18:20:00;174;sem vítima;321;BR-101/RJ;Norte;Colisão Traseira;1;;;;1;;;;;;2;0;0;0;0
12/02/2015;17:20:00;180;sem vítima;321;BR-101/RJ;Sul;Colisão Lateral;2;;;;;;;;;;3;0;0;0;0
12/02/2015;20:37:00;215;com vítima;321;BR-101/RJ;Norte;Capotamento;2;;;;;;;;;;3;3;0;0;0
14/02/2015;18:00:00;241;com vítima;321;BR-101/RJ;Norte;Queda de Moto;;;;1;;;;;;;0;0;1;0;0
28/02/2015;06:14:00;30;com vítima;321;BR-101/RJ;Sul;Queda de Moto;;;;1;;;;;;;0;1;;;
04/03/2015;07:05:00;32;com vítima;321;BR-101/RJ;Sul;Queda de Moto;;;;1;;1;;;;;1;1;0;0;0
06/03/2015;22:37:00;205;sem vítima;321;BR-101/RJ;Norte;Colisão Lateral;1;;1;;;;;;;;3;0;0;0;0
06/03/2015;10:32:00;73;sem vítima;321;BR-101/RJ;Norte;Colisão Traseira;1;;;;;;;;;1;2;0;0;0;0
22/03/2015;16:20:00;93;com vítima;321,16;BR-101/RJ;Norte;Colisão Frontal;2;;;;;;;;;;0;3;2;0;0
23/03/2015;23:14:00;234;sem vítima;321;BR-101/RJ;Norte;Colisão Lateral;1;;1;;;;;;;;3;0;0;0;0
25/03/2015;16:15:00;124;sem vítima;321;BR-101/RJ;Norte;Colisão Lateral;1;;;;1;;;;;;2;0;0;0;0
26/03/2015;07:18:00;46;com vítima;321,433;BR-101/RJ;Norte;Choque - Defensa, barreira ou "submarino";1;;;;;;;;;;0;1;0;0;0
28/03/2015;03:32:00;22;sem vítima;321;BR-101/RJ;Sul;Saida de Pista;1;;;;;;;;;;1;0;0;0;0
03/04/2015;14:45:00;106;sem vítima;321;BR-101/RJ;Norte;Colisão Traseira;2;;;;;;;;;;5;;;;
06/04/2015;22:43:00;197;sem vítima;321,8;BR-101/RJ;Norte;Colisão Traseira;1;;1;;;;;;;;2;;;;
07/04/2015;07:19:00;28;sem vítima;321,562;BR-101/RJ;Sul;Colisão Lateral;1;;1;;;;;;;;3;;;;
11/04/2015;14:19:00;115;sem vítima;321;BR-101/RJ;Sul;Colisão Traseira;2;;;;;;;;;;4;;;;
11/04/2015;06:24:00;32;com vítima;321,407;BR-101/RJ;Sul;Outros - Sequência;2;;;;;;;;;;0;2;1;;
18/04/2015;06:16:00;17;sem vítima;321;BR-101/RJ;Sul;Saida de Pista;1;;;;;;;;;;2;;;;
25/04/2015;14:25:00;91;com vítima;321;BR-101/RJ;Norte;Capotamento;1;;;;;;;;;;0;1;;;
19/05/2015;13:55:00;118;com vítima;321;BR-101/RJ;Norte;Colisão Traseira;1;;;1;;;;;;;1;1;;1;
20/05/2015;21:51:00;204;sem vítima;321;BR-101/RJ;Norte;Colisão Lateral;2;;;;;;;;;;5;;;;
24/05/2015;07:18:00;33;sem vítima;321,224;BR-101/RJ;Norte;Choque - Defensa, barreira ou "submarino";1;;;;;;;;;;1;;;;
25/05/2015;18:37:00;193;sem vítima;321;BR-101/RJ;Norte;Colisão Traseira;2;;;;;;;;;;2;;;;
25/05/2015;16:10:00;161;sem vítima;321,6;BR-101/RJ;Norte;Colisão Traseira;1;;1;;;;;;;;5;;;;
29/05/2015;06:29:00;14;com vítima;321;BR-101/RJ;Sul;Colisão Traseira;;;;1;;1;;;;;1;;1;;
31/05/2015;14:48:00;106;sem vítima;321;BR-101/RJ;Norte;Colisão Traseira;2;;;;;;;;;;4;;;;
02/06/2015;13:52:00;119;sem vítima;321;BR-101/RJ;Norte;Colisão Traseira;2;;;;;;;;;;3;;;;
02/06/2015;17:46:00;166;com vítima;321;BR-101/RJ;Sul;Queda de Moto;;;;1;;;;;;;0;1;;;
02/06/2015;18:46:00;174;sem vítima;321;BR-101/RJ;Norte;Colisão Lateral;1;;;;1;;;;;;4;;;;
06/06/2015;11:27:00;68;com vítima;321,916;BR-101/RJ;Norte;Atropelamento - Sem Informação;1;;;;;;;;;;1;;;;1
07/06/2015;17:00:00;137;sem vítima;321;BR-101/RJ;Sul;Colisão Lateral;1;;;;1;;;;;;31;;;;
09/06/2015;22:51:00;180;com vítima;321;BR-101/RJ;Norte;Queda de Moto;;;;1;;;;;;;0;2;;;
15/06/2015;21:20:00;191;sem vítima;321,8;BR-101/RJ;Norte;Choque - Defensa, barreira ou "submarino";1;;;;;;;;;;3;;;;
21/06/2015;16:46:00;121;sem vítima;321;BR-101/RJ;Norte;Choque - Defensa, barreira ou "submarino";1;;;;;;;;;;1;;;;
28/06/2015;20:10:00;136;com vítima;321,97;BR-101/RJ;Sul;Objeto lançado contra veículo;1;;;;;;;;;;1;1;;;
17/07/2015;17:06:00;178;sem vítima;321;BR-101/RJ;Norte;Colisão Traseira;2;;;;;;;;;;2;;;;
17/07/2015;18:13:00;196;com vítima;321;BR-101/RJ;Norte;Atropelamento - Andarilho;;;;;;1;;;;;1;;;1;
30/07/2015;06:39:00;21;sem vítima;321;BR-101/RJ;Sul;Colisão Lateral;;;;1;2;;;;;;3;;;;
12/08/2015;07:03:00;35;sem vítima;321,733;BR-101/RJ;Sul;Colisão Traseira;1;;;;1;;;;;;2;;;;
12/08/2015;07:09:00;36;com vítima;321,864;BR-101/RJ;Norte;Colisão Transversal;2;;;;;;;;;;1;1;;;
13/08/2015;07:17:00;31;sem vítima;321,358;BR-101/RJ;Norte;Engavetamento;2;;;;;1;;;;;3;;;;
22/08/2015;15:10:00;124;com vítima;321;BR-101/RJ;Norte;Queda de Moto;;;;1;;;;;;;0;;1;;
29/08/2015;07:34:00;40;sem vítima;321,673;BR-101/RJ;Sul;Choque - Defensa, barreira ou "submarino";1;;;;;;;;;;1;;;;
31/08/2015;06:44:00;29;com vítima;321;BR-101/RJ;Sul;Colisão Lateral;;;;1;1;;;;;;1;1;;;
01/09/2015;16:49:00;189;com vítima;321;BR-101/RJ;Norte;Queda de Moto;;;;1;;;;;;;0;;1;;
05/09/2015;08:45:00;61;sem vítima;321;BR-101/RJ;Sul;Colisão Lateral;2;;;;;1;;;;;4;;;;
05/09/2015;03:38:00;24;sem vítima;321,978;BR-101/RJ;Sul;Choque - Suporte de Sinalização;1;;;;;;;;;;2;;;;
14/09/2015;16:07:00;178;com vítima;321;BR-101/RJ;Norte;Colisão Traseira;1;;;1;;;;;;;1;;1;;
16/09/2015;07:53:00;50;sem vítima;321;BR-101/RJ;Sul;Colisão Lateral;1;;;1;;;;;;;2;;;;
25/09/2015;17:11:00;194;sem vítima;321;BR-101/RJ;Norte;Engavetamento;2;;;;;1;;;;;3;;;;
02/10/2015;21:09:00;228;com vítima;321;BR-101/RJ;Norte;Queda de Moto;;;;1;;;;;;;0;1;;;
25/10/2015;12:38:00;62;sem vítima;321;BR-101/RJ;Norte;Choque - Defensa, barreira ou "submarino";1;;;;;;;;;;1;;;;
02/11/2015;23:51:00;203;com vítima;321;BR-101/RJ;Sul;Capotamento;1;;;;;;;;;;0;3;;;
10/11/2015;07:57:00;57;com vítima;321;BR-101/RJ;Norte;Colisão Lateral;;;;1;;1;;;;;1;2;;;
14/11/2015;00:43:00;8;com vítima;321,075;BR-101/RJ;Sul;Tombamento;;;1;;;;;;;;0;1;1;;
18/11/2015;19:00:00;217;com vítima;321;BR-101/RJ;Norte;Colisão Traseira;2;;;2;;;;;;;3;2;;;
21/11/2015;09:51:00;50;sem vítima;321,887;BR-101/RJ;Norte;Engavetamento;;;;;;2;;;;1;3;;;;
29/11/2015;20:55:00;195;com vítima;321;BR-101/RJ;Norte;Choque - Defensa, barreira ou "submarino";1;;;;;;;;;;0;1;;;
01/12/2015;05:31:00;30;com vítima;321,133;BR-101/RJ;Norte;Tombamento;;;1;;;;;;;;0;;1;;
15/12/2015;14:26:00;160;sem vítima;321;BR-101/RJ;Sul;Colisão Traseira;2;;;;;;;;;;4;;;;
16/12/2015;18:51:00;213;com vítima;321;BR-101/RJ;Norte;Colisão Traseira;1;;;1;;;;;;;2;;1;;
23/12/2015;22:21:00;267;sem vítima;321;BR-101/RJ;Sul;Choque - Outros;1;;;;;;;;;;2;;;;
30/04/2013;18:03:00;144;sem vítima;322;BR-101/RJ;Norte;Colisão Lateral;1;;1;;;;;;;;3;;;;
11/05/2013;17:31:00;149;sem vítima;322;BR-101/RJ;Norte;Colisão Lateral;1;;;;1;;;;;;2;;;;
17/05/2013;20:37:00;182;sem vítima;322;BR-101/RJ;Norte;Colisão Traseira;2;;;;;;;;;;2;;;;
24/05/2013;10:19:00;70;sem vítima;322;BR-101/RJ;Norte;Colisão Lateral;1;;1;;;;;;;;4;;;;
24/05/2013;19:29:00;150;com vítima;322;BR-101/RJ;Norte;Colisão Traseira;1;;;;1;;;;;;2;;1;;
09/06/2013;09:05:00;40;sem vítima;322;BR-101/RJ;Norte;Colisão Traseira;3;;;;;;;;;;4;;;;
19/07/2013;15:44:00;141;sem vítima;322;BR-101/RJ;Norte;Colisão Lateral;;;;1;1;;;;;;3;;;;
22/07/2013;10:12:00;63;sem vítima;322;BR-101/RJ;Norte;Colisão Lateral;1;;1;;;;;;;;3;;;;
26/07/2013;16:52:00;150;sem vítima;322;BR-101/RJ;Norte;Colisão Lateral;1;;;;1;;;;;;2;;;;
04/08/2013;12:30:00;91;com vítima;322;BR-101/RJ;Norte;Colisão Lateral;1;;;1;;;;;;;3;1;;;
06/09/2013;13:17:00;93;com vítima;322;BR-101/RJ;Norte;Colisão Traseira;1;;;1;;;;;;;2;;1;;
20/09/2013;23:14:00;205;sem vítima;322;BR-101/RJ;Norte;Colisão Lateral;1;;1;;;;;;;;6;;;;
15/10/2013;09:32:00;68;sem vítima;322;BR-101/RJ;Norte;Colisão Traseira;2;;;;;;;;;;3;;;;
23/11/2013;01:12:00;6;sem vítima;322;BR-101/RJ;Norte;Choque - Outros;1;;;;;;;;;;3;;;;
27/11/2013;01:16:00;9;sem vítima;322;BR-101/RJ;Sul;Colisão Lateral;1;;1;;;;;;;;5;;;;
03/12/2013;22:38:00;209;sem vítima;322;BR-101/RJ;Norte;Colisão Lateral;1;;;1;;;;;;;6;;;;
26/12/2013;20:55:00;255;sem vítima;322;BR-101/RJ;Norte;Colisão Traseira;2;;;;;;;;;;2;;;;
06/01/2014;07:47:00;32;com vítima;322;BR-101/RJ;Sul;Colisão Traseira;;;;1;;1;;;;;2;1;;;
06/01/2014;18:17:00;147;com vítima;322;BR-101/RJ;Norte;Colisão Traseira;;;;1;;1;;;;;1;;1;;
28/01/2014;23:56:00;212;sem vítima;322;BR-101/RJ;Norte;Colisão Lateral;1;;;;1;;;;;;2;;;;
05/02/2014;16:30:00;149;sem vítima;322;BR-101/RJ;Norte;Colisão Lateral;1;;;;;1;;;;;4;;;;
15/02/2014;11:24:00;101;sem vítima;322;BR-101/RJ;Norte;Choque - Elemento de Drenagem;1;;;;;;;;;;1;;;;
20/02/2014;22:48:00;214;sem vítima;322;BR-101/RJ;Norte;Colisão Lateral;1;;1;;;;;;;;4;;;;
25/02/2014;18:20:00;171;sem vítima;322;BR-101/RJ;Norte;Colisão Traseira;1;;;;1;;;;;;2;;;;
11/03/2014;19:17:00;149;sem vítima;322;BR-101/RJ;Norte;Colisão Lateral;;;;;1;1;;;;;2;;;;
19/03/2014;18:46:00;179;sem vítima;322;BR-101/RJ;Norte;Colisão Lateral;1;;;;1;;;;;;2;;;;
22/03/2014;08:26:00;39;com vítima;322;BR-101/RJ;Sul;Colisão Lateral;;;;2;;;;;;;0;3;;;
21/04/2014;13:04:00;86;sem vítima;322;BR-101/RJ;Norte;Saida de Pista;1;;;;;;;;;;2;;;;
28/04/2014;17:49:00;125;sem vítima;322;BR-101/RJ;Sul;Colisão Traseira;1;;;;;;;;;1;3;;;;
21/05/2014;19:03:00;139;sem vítima;322;BR-101/RJ;Sul;Colisão Lateral;1;;;1;;;;;;;2;;;;
06/06/2014;21:08:00;191;com vítima;322;BR-101/RJ;Norte;Engavetamento;3;;;;;;;;;;5;;1;;
09/06/2014;17:57:00;147;com vítima;322;BR-101/RJ;Sul;Atropelamento - Usuário;;;;;;1;;;;;1;1;;;
31/07/2014;12:39:00;90;sem vítima;322;BR-101/RJ;Sul;Colisão Traseira;1;;;;1;;;;;;2;;;;
09/09/2014;08:15:00;43;sem vítima;322;BR-101/RJ;Norte;Engavetamento;3;;1;;;;;;;;6;;;;
27/09/2014;15:48:00;115;com vítima;322;BR-101/RJ;Norte;Colisão Traseira;1;;;;1;;;;;;2;;1;;
17/10/2014;15:32:00;133;sem vítima;322;BR-101/RJ;Norte;Colisão Traseira;1;;1;;;;;;;;2;;;;
19/10/2014;22:13:00;182;com vítima;322;BR-101/RJ;Norte;Colisão Lateral;1;;1;;;;;;;;1;2;;;
24/10/2014;07:01:00;19;sem vítima;322;BR-101/RJ;Sul;Colisão Traseira;;;1;;;1;;;;;2;;;;
08/11/2014;09:25:00;58;sem vítima;322;BR-101/RJ;Norte;Colisão Traseira;1;;;;1;;;;;;2;;;;
11/11/2014;17:21:00;125;com vítima;322;BR-101/RJ;Norte;Colisão Traseira;;;;1;;1;;;;;1;1;;;
13/11/2014;18:33:00;161;sem vítima;322;BR-101/RJ;Norte;Colisão Lateral;2;;;;;;;;;;2;;;;
11/12/2014;15:29:00;127;com vítima;322;BR-101/RJ;Norte;Queda de Moto;;;;1;;;;;;;0;;1;;
24/12/2014;05:13:00;26;com vítima;322;BR-101/RJ;Sul;Queda de Moto;;;;1;;;;;;;1;;1;;
28/12/2014;08:51:00;32;com vítima;322;BR-101/RJ;Norte;Colisão Lateral;1;;;1;;;;;;;1;1;;;
13/02/2015;08:34:00;64;com vítima;322;BR-101/RJ;Sul;Colisão Traseira;1;;;1;;;;;;;1;0;1;0;0
28/02/2015;07:54:00;40;sem vítima;322;BR-101/RJ;Norte;Colisão Traseira;2;;;;;;;;;;2;;;;
09/03/2015;17:25:00;146;sem vítima;322;BR-101/RJ;Norte;Colisão Lateral;2;;;;;1;;;;;4;0;0;0;0
22/04/2015;10:05:00;72;com vítima;322;BR-101/RJ;Norte;Colisão Traseira;2;;;;;;;;;;0;2;;;
30/04/2015;06:08:00;23;sem vítima;322;BR-101/RJ;Norte;Colisão Traseira;1;;;;1;;;;;;4;;;;
29/05/2015;13:35:00;86;sem vítima;322;BR-101/RJ;Norte;Colisão Lateral;1;;1;;;;;;;;4;;;;
18/09/2015;00:05:00;1;sem vítima;322;BR-101/RJ;Norte;Choque - Defensa, barreira ou "submarino";1;;;;;;;;;;2;;;;
06/11/2015;16:28:00;157;sem vítima;322;BR-101/RJ;Norte;Colisão Traseira;2;;;;;;;;;;3;;;;
06/11/2015;20:22:00;194;sem vítima;322;BR-101/RJ;Norte;Colisão Lateral;1;;1;;;;;;;;2;;;;
01/04/2011;01:05:00;6;com vítima;306;BR-101/RJ;Norte;Saida de Pista;1;;;;;;;;;;1;;1;;
01/04/2011;06:23:00;27;sem vítima;317;BR-101/RJ;Sul;Colisão Lateral;1;;;1;;;;;;;2;;;;
01/04/2011;06:33:00;28;sem vítima;40;BR-101/RJ;Norte;Choque - Cancela de Pedagio;;;1;;;;;;;;1;;;;
01/04/2011;06:47:00;30;sem vítima;317;BR-101/RJ;Sul;Colisão Traseira;1;;;1;;;;;;;3;;;;
01/04/2011;07:17:00;37;sem vítima;319;BR-101/RJ;Sul;Colisão Traseira;1;;;;;;;;;1;5;;;;
01/04/2011;08:57:00;54;sem vítima;314;BR-101/RJ;Sul;Colisão Traseira;2;;;;;;;;;;4;;;;
01/04/2011;11:04:00;80;sem vítima;319;BR-101/RJ;Norte;Colisão Lateral;;;2;;;;;;;;2;;;;
01/04/2011;16:18:00;154;sem vítima;320;BR-101/RJ;Sul;Colisão Traseira;2;;1;;;;;;;;3;;;;
01/04/2011;16:53:00;158;sem vítima;296;BR-101/RJ;Sul;Colisão Traseira;2;;;;;;;;;;3;;;;
01/04/2011;19:24:00;187;sem vítima;320;BR-101/RJ;Norte;Colisão Traseira;2;;;;;;;;;;2;;;;
01/04/2011;20:58:00;204;com vítima;275;BR-101/RJ;Sul;Colisão Lateral;2;;;;;;;;;;3;;1;;
01/04/2011;22:06:00;214;sem vítima;312;BR-101/RJ;Norte;Colisão Traseira;1;;;;;1;;;;;2;;;;
01/04/2011;23:26:00;221;sem vítima;319;BR-101/RJ;Norte;Choque - Outros;1;;;;;;;;;;1;;;;
02/04/2011;05:39:00;23;sem vítima;316;BR-101/RJ;Sul;Saida de Pista;1;;;;;;;;;;1;;;;
02/04/2011;08:46:00;47;sem vítima;269;BR-101/RJ;Norte;Tombamento;;;1;;;;;;;;1;;;;
02/04/2011;09:13:00;57;sem vítima;320;BR-101/RJ;Sul;Colisão Traseira;2;;;;;;;;;;6;;;;
02/04/2011;09:38:00;64;sem vítima;320;BR-101/RJ;Norte;Engavetamento;4;;;;;;;;;;7;;;;
02/04/2011;09:50:00;66;sem vítima;316;BR-101/RJ;Norte;Colisão Lateral;2;;;;;;;;;;2;;;;
02/04/2011;10:14:00;70;sem vítima;62;BR-101/RJ;Sul;Colisão Transversal;2;;;;;;;;;;2;;;;
02/04/2011;11:00:00;77;sem vítima;319;BR-101/RJ;Sul;Colisão Traseira;4;;;;;;;;;;7;;;;
02/04/2011;11:23:00;80;com vítima;65;BR-101/RJ;Norte;Colisão Transversal;1;;;1;;;;;;;2;1;;;
02/04/2011;16:36:00;139;sem vítima;316;BR-101/RJ;Sul;Colisão Lateral;1;;;;1;;;;;;2;;;;
02/04/2011;19:27:00;170;sem vítima;314;BR-101/RJ;Norte;Saida de Pista;1;;;;;;;;;;2;;;;
02/04/2011;19:51:00;175;com vítima;62;BR-101/RJ;Norte;Colisão Transversal;1;;;1;;;;;;;1;;1;;
03/04/2011;05:33:00;25;sem vítima;295;BR-101/RJ;Sul;Choque - Defensa, barreira ou "submarino";1;;;;;;;;;;3;;;;
03/04/2011;11:56:00;55;sem vítima;177;BR-101/RJ;Norte;Saida de Pista;1;;;;;;;;;;1;;;;
03/04/2011;14:17:00;82;sem vítima;304;BR-101/RJ;Norte;Saida de Pista;1;;;;;;;;;;2;;;;
03/04/2011;16:22:00;102;com vítima;55;BR-101/RJ;Norte;Colisão Frontal;1;;;1;;;;;;;1;;;;1
03/04/2011;18:19:00;122;com vítima;317;BR-101/RJ;Norte;Queda de Moto;;;;1;;;;;;;0;1;;;
03/04/2011;18:59:00;129;sem vítima;276;BR-101/RJ;Norte;Saida de Pista;1;;;;;;;;;;1;;;;
03/04/2011;19:31:00;136;sem vítima;125;BR-101/RJ;Norte;Saida de Pista;1;;;;;;;;;;1;;;;
03/04/2011;22:16:00;162;com vítima;307;BR-101/RJ;Sul;Colisão Lateral;1;;;1;;;;;;;5;1;;;
03/04/2011;22:48:00;163;com vítima;281;BR-101/RJ;Norte;Colisão Transversal;2;;;;;;;;;;1;1;2;;
04/04/2011;11:44:00;77;sem vítima;320;BR-101/RJ;Norte;Engavetamento;6;;;;;1;;;;;12;;;;
04/04/2011;11:44:00;78;com vítima;297;BR-101/RJ;Sul;Colisão Traseira;1;;;1;;;;;;;1;;1;;
04/04/2011;14:08:00;96;sem vítima;311;BR-101/RJ;Norte;Colisão Traseira;2;;;;;;;;;;2;;;;
04/04/2011;15:36:00;110;sem vítima;320;BR-101/RJ;Sul;Colisão Lateral;1;;;;1;;;;;;2;;;;
04/04/2011;18:34:00;143;sem vítima;313;BR-101/RJ;Norte;Queda de Moto;;;;1;;;;;;;1;;;;
05/04/2011;02:36:00;9;sem vítima;5;BR-101/RJ;Norte;Tombamento;;;1;;;;;;;;1;;;;
05/04/2011;03:43:00;13;sem vítima;299;BR-101/RJ;Norte;Saida de Pista;1;;;;;;;;;;1;;;;
05/04/2011;04:33:00;17;com vítima;316;BR-101/RJ;Norte;Queda de Moto;;;;1;;;;;;;0;;1;;
05/04/2011;07:26:00;33;sem vítima;314;BR-101/RJ;Sul;Colisão Traseira;1;;;1;;;;;;;4;;;;
05/04/2011;07:40:00;37;com vítima;312;BR-101/RJ;Sul;Engavetamento;;;1;;1;;;;;1;3;4;;;
05/04/2011;09:20:00;59;sem vítima;101;BR-101/RJ;Norte;Colisão Traseira;;;2;;;;;;;;2;;;;
05/04/2011;10:14:00;67;sem vítima;67;BR-101/RJ;Sul;Colisão Lateral;;;;;1;;;;;1;2;;;;
05/04/2011;12:31:00;89;com vítima;299;BR-101/RJ;Norte;Capotamento;;;;;;;;;;1;0;2;;;
05/04/2011;13:25:00;95;sem vítima;68;BR-101/RJ;Sul;Colisão Transversal;;;1;;;;;;;1;3;;;;
05/04/2011;13:41:00;98;sem vítima;230;BR-101/RJ;Sul;Saida de Pista;;;;;1;;;;;;35;;;;
05/04/2011;14:35:00;103;sem vítima;185;BR-101/RJ;Norte;Saida de Pista;1;;;;;;;;;;1;;;;
05/04/2011;15:45:00;111;sem vítima;314;BR-101/RJ;Norte;Colisão Traseira;2;;;;;;;;;;5;;;;
05/04/2011;16:42:00;123;com vítima;300;BR-101/RJ;Sul;Saida de Pista;2;;;;;;;;;;0;1;2;;
05/04/2011;16:55:00;124;sem vítima;300;BR-101/RJ;Norte;Colisão Traseira;1;;;;;1;;;;;4;;;;
05/04/2011;18:51:00;139;com vítima;319;BR-101/RJ;Sul;Colisão Traseira;1;;;;1;;;;;;2;3;;;
05/04/2011;19:12:00;143;sem vítima;320;BR-101/RJ;Norte;Engavetamento;4;;;;;;;;;;9;;;;
05/04/2011;19:47:00;147;sem vítima;319;BR-101/RJ;Norte;Saida de Pista;1;;;;;;;;;;1;;;;
05/04/2011;20:43:00;158;sem vítima;65;BR-101/RJ;Sul;Engavetamento;2;;;;;;;;;1;3;;;;
05/04/2011;21:10:00;162;sem vítima;101;BR-101/RJ;Sul;Colisão Traseira;;;2;;;;;;;;3;;;;
06/04/2011;05:50:00;29;com vítima;141;BR-101/RJ;Sul;Colisão Frontal;1;;1;;;;;;;;1;;;;1
06/04/2011;06:43:00;40;sem vítima;315;BR-101/RJ;Sul;Colisão Traseira;1;;;;1;;;;;;29;;;;
06/04/2011;06:45:00;41;sem vítima;315;BR-101/RJ;Sul;Colisão Lateral;1;;;1;;;;;;;2;;;;
06/04/2011;07:34:00;52;sem vítima;314;BR-101/RJ;Sul;Colisão Traseira;2;;;;;;;;;;5;;;;
06/04/2011;16:34:00;128;sem vítima;312;BR-101/RJ;Norte;Engavetamento;3;;;;;;;;;;12;;;;
06/04/2011;17:07:00;137;sem vítima;310;BR-101/RJ;Norte;Colisão Traseira;1;;;;1;;;;;;4;;;;
06/04/2011;17:53:00;142;com vítima;313;BR-101/RJ;Norte;Colisão Traseira;2;;;;;;;;;;1;1;;;
06/04/2011;22:35:00;177;sem vítima;316;BR-101/RJ;Norte;Colisão Traseira;2;;;;;;;;;;7;;;;
07/04/2011;03:58:00;24;sem vítima;12;BR-101/RJ;Sul;Tombamento;;;1;;;;;;;;3;;;;
07/04/2011;04:52:00;26;sem vítima;93;BR-101/RJ;Sul;Colisão Traseira;;;1;;;1;;;;;2;;;;
07/04/2011;05:12:00;27;sem vítima;59;BR-101/RJ;Norte;Colisão Traseira;1;;;;;1;;;;;2;;;;
07/04/2011;09:07:00;62;sem vítima;312;BR-101/RJ;Norte;Colisão Traseira;2;;;;;;;;;;2;;;;
07/04/2011;09:38:00;65;com vítima;318;BR-101/RJ;Sul;Queda de Moto;;;;1;;;;;;;0;1;;;
07/04/2011;14:19:00;101;sem vítima;298;BR-101/RJ;Norte;Saida de Pista;1;;1;;;;;;;;2;;;;
07/04/2011;16:47:00;138;com vítima;204;BR-101/RJ;Norte;Colisão Lateral;1;;2;;;;;;;;4;1;2;;
07/04/2011;19:59:00;160;sem vítima;295;BR-101/RJ;Sul;Colisão Traseira;1;;1;;;;;;;;3;;;;
07/04/2011;20:57:00;166;sem vítima;319;BR-101/RJ;Sul;Saida de Pista;1;;;;;;;;;;2;;;;
07/04/2011;21:07:00;169;com vítima;303;BR-101/RJ;Sul;Colisão Lateral;;;;1;;1;;;;;1;1;;;
08/04/2011;04:39:00;23;com vítima;300;BR-101/RJ;Norte;Saida de Pista;1;;;;;;;;;;1;1;;;
08/04/2011;07:06:00;34;sem vítima;47;BR-101/RJ;Norte;Saida de Pista;1;;;;;;;;;;1;;;;
08/04/2011;10:32:00;76;sem vítima;298;BR-101/RJ;Sul;Saida de Pista;1;;;;;;;;;;2;;;;
08/04/2011;12:15:00;99;sem vítima;265;BR-101/RJ;Sul;Colisão Lateral;2;;;;;;;;;;3;;;;
08/04/2011;13:02:00;107;sem vítima;312;BR-101/RJ;Norte;Choque - Defensa, barreira ou "submarino";1;;;;;;;;;;1;;;;
08/04/2011;17:13:00;153;sem vítima;320;BR-101/RJ;Sul;Colisão Lateral;1;;1;;;;;;;;2;;;;
08/04/2011;17:55:00;157;com vítima;297;BR-101/RJ;Norte;Colisão Lateral;;;;1;1;;;;;;1;;1;;
08/04/2011;18:02:00;162;sem vítima;119;BR-101/RJ;Norte;Saida de Pista;1;;;;;;;;;;1;;;;
08/04/2011;18:44:00;166;sem vítima;297;BR-101/RJ;Sul;Colisão Traseira;2;;;;;;;;;;3;;;;
08/04/2011;19:45:00;180;sem vítima;320;BR-101/RJ;Norte;Engavetamento;3;;;;;;;;;;3;;;;
08/04/2011;20:35:00;190;sem vítima;306;BR-101/RJ;Norte;Choque - Defensa, barreira ou "submarino";1;;;;;;;;;;1;;;;
09/04/2011;02:30:00;18;com vítima;257;BR-101/RJ;Norte;Saida de Pista;;;1;;;;;;;;0;1;;;
09/04/2011;05:00:00;29;com vítima;272;BR-101/RJ;Norte;Saida de Pista;1;;;;;;;;;;0;2;;;
09/04/2011;05:01:00;30;sem vítima;298;BR-101/RJ;Norte;Saida de Pista;1;;;;;;;;;;1;;;;
09/04/2011;05:12:00;34;com vítima;55;BR-101/RJ;Sul;Colisão Lateral;1;;;1;;;;;;;1;;1;;
09/04/2011;05:16:00;35;com vítima;296;BR-101/RJ;Norte;Saida de Pista;1;;;;;;;;;;0;;;1;
09/04/2011;05:33:00;37;sem vítima;298;BR-101/RJ;Norte;Saida de Pista;1;;;;;;;;;;1;;;;
09/04/2011;06:01:00;41;sem vítima;296;BR-101/RJ;Norte;Colisão Traseira;2;;;;;;;;;;2;;;;
09/04/2011;06:40:00;47;com vítima;60;BR-101/RJ;Norte;Colisão Traseira;;;;1;;1;;;;;1;;;;1
09/04/2011;06:42:00;49;sem vítima;297;BR-101/RJ;Sul;Outros;1;;;;;;;;;;1;;;;
09/04/2011;07:45:00;58;com vítima;319;BR-101/RJ;Sul;Saida de Pista;1;;;;;;;;;;0;1;;;