data;horario;n_da_ocorrencia;tipo_de_ocorrencia;km;trecho;sentido;tipo_de_acidente;automovel;bicicleta;caminhao;moto;onibus;outros;tracao_animal;transporte_de_cargas_especiais;trator_maquinas;utilitarios;ilesos;levemente_feridos;moderadamente_feridos;gravemente_feridos;mortos
09/04/2011;14:28:00;125;com vítima;290;BR-101/RJ;Norte;Capotamento;1;;;;;;;;;;0;;;1;1
09/04/2011;16:36:00;138;sem vítima;310;BR-101/RJ;Norte;Engavetamento;3;;;;;;;;;;5;;;;
09/04/2011;17:40:00;148;sem vítima;277;BR-101/RJ;Sul;Saida de Pista;1;;;;;;;;;;1;;;;
09/04/2011;17:50:00;150;sem vítima;260;BR-101/RJ;Norte;Saida de Pista;1;;;;;;;;;;6;;;;
09/04/2011;18:01:00;151;sem vítima;252;BR-101/RJ;Norte;Saida de Pista;1;;;;;;;;;;1;;;;
09/04/2011;18:29:00;155;sem vítima;262;BR-101/RJ;Norte;Capotamento;1;;;;;;;;;;2;;;;
09/04/2011;18:34:00;158;com vítima;80;BR-101/RJ;Norte;Atropelamento - Ciclista;;;;;;;;;;;0;1;;;
09/04/2011;19:09:00;165;sem vítima;146;BR-101/RJ;Sul;Saida de Pista;1;;;;;;;;;;6;;;;
09/04/2011;19:42:00;170;sem vítima;320;BR-101/RJ;Sul;Choque - Defensa, barreira ou "submarino";1;;;;;;;;;;1;;;;
09/04/2011;20:02:00;172;sem vítima;315;BR-101/RJ;Norte;Saida de Pista;;;1;;;;;;;;1;;;;
09/04/2011;21:27:00;182;sem vítima;306;BR-101/RJ;Norte;Saida de Pista;1;;;;;;;;;;4;;;;
09/04/2011;22:00:00;188;sem vítima;299;BR-101/RJ;Sul;Choque - Objeto sobre a pista;2;;2;;;;;;;;4;;;;
10/04/2011;02:36:00;13;sem vítima;245;BR-101/RJ;Norte;Saida de Pista;1;;;;;;;;;;1;;;;
10/04/2011;03:13:00;16;com vítima;296;BR-101/RJ;Sul;Atropelamento de Animal;;;;1;;;;;;;0;1;;;
10/04/2011;05:17:00;20;com vítima;136;BR-101/RJ;Norte;Atropelamento - Andarilho;;;;;;1;;;;;1;;;;1
10/04/2011;18:44:00;130;com vítima;83;BR-101/RJ;Sul;Atropelamento - Sem Informação;;;;;;;;;;1;1;;1;;
10/04/2011;21:59:00;152;com vítima;61;BR-101/RJ;Sul;Colisão Frontal;1;;;1;;;;;;;1;1;;;
10/04/2011;22:09:00;154;com vítima;85;BR-101/RJ;Sul;Atropelamento de Animal;1;;;;;1;;;;;1;5;;;
11/04/2011;00:23:00;4;com vítima;83;BR-101/RJ;Sul;Atropelamento - Outros;;;;;;;;;;;0;1;;;
11/04/2011;05:49:00;19;com vítima;226;BR-101/RJ;Norte;Colisão Lateral;1;;;;;;;;;1;0;1;1;;
11/04/2011;07:10:00;36;com vítima;239;BR-101/RJ;Norte;Saida de Pista;1;;;;;;;;;;0;2;2;;
11/04/2011;07:31:00;40;sem vítima;239;BR-101/RJ;Sul;Colisão Traseira;1;;;1;;;;;;;2;;;;
11/04/2011;07:47:00;47;com vítima;318;BR-101/RJ;Sul;Queda de Moto;;;;1;;;;;;;1;2;;;
11/04/2011;14:22:00;98;sem vítima;213;BR-101/RJ;Norte;Tombamento;;;1;;;;;;;;1;;;;
11/04/2011;17:32:00;133;sem vítima;293;BR-101/RJ;Norte;Engavetamento;2;;;;;;;;;1;5;;;;
11/04/2011;17:36:00;134;sem vítima;313;BR-101/RJ;Norte;Colisão Traseira;2;;;;;;;;;;4;;;;
11/04/2011;19:59:00;149;sem vítima;320;BR-101/RJ;Norte;Engavetamento;3;;;;;;;;;;4;;;;
11/04/2011;23:03:00;166;com vítima;178;BR-101/RJ;Norte;Saida de Pista;;;;;;;;;;1;0;3;;;
12/04/2011;07:26:00;25;com vítima;64;BR-101/RJ;Sul;Colisão Lateral;2;;;;;;;;;;0;2;;;
12/04/2011;07:30:00;26;sem vítima;313;BR-101/RJ;Sul;Engavetamento;1;;;;;2;;;;;4;;;;
12/04/2011;08:06:00;30;sem vítima;316;BR-101/RJ;Sul;Colisão Traseira;2;;;;;;;;;;2;;;;
12/04/2011;08:41:00;37;com vítima;313;BR-101/RJ;Sul;Colisão Lateral;;;;2;1;;;;;;2;;1;;
12/04/2011;10:54:00;63;sem vítima;163;BR-101/RJ;Norte;Colisão Traseira;1;;;;;1;;;;;2;;;;
12/04/2011;12:53:00;80;sem vítima;317;BR-101/RJ;Sul;Saida de Pista;1;;;;;;;;;;1;;;;
12/04/2011;16:36:00;101;com vítima;75;BR-101/RJ;Sul;Colisão Lateral;;1;;1;;;;;;;0;2;;;
12/04/2011;19:41:00;138;com vítima;316;BR-101/RJ;Norte;Queda de Moto;;;;1;;;;;;;0;;1;;
12/04/2011;20:31:00;149;sem vítima;285;BR-101/RJ;Norte;Saida de Pista;1;;;;;;;;;;2;;;;
12/04/2011;21:37:00;159;sem vítima;299;BR-101/RJ;Sul;Colisão Traseira;1;;1;;;;;;;;2;;;;
12/04/2011;22:08:00;164;com vítima;48;BR-101/RJ;Sul;Colisão Lateral;1;;;1;;;;;;;1;;2;;
12/04/2011;23:15:00;174;com vítima;101;BR-101/RJ;Sul;Saida de Pista;1;;;;;;;;;;2;2;;;
13/04/2011;06:21:00;30;sem vítima;306;BR-101/RJ;Sul;Colisão Traseira;1;;;;;1;;;;;2;;;;
13/04/2011;08:35:00;52;com vítima;319;BR-101/RJ;Norte;Colisão Traseira;1;;1;1;;;;;;;3;;;2;
13/04/2011;12:52:00;101;com vítima;260,614990234375;BR-101/RJ;Norte;Colisão Transversal;2;;;;;;;;;;0;1;;1;
13/04/2011;20:22:00;161;sem vítima;31;BR-101/RJ;Norte;Colisão Traseira;1;;;;;1;;;;;4;;;;
13/04/2011;20:23:00;162;com vítima;301;BR-101/RJ;Norte;Atropelamento - Morador;;;;;;1;;;;;1;;1;;
14/04/2011;08:03:00;42;sem vítima;320;BR-101/RJ;Sul;Colisão Traseira;1;;;;1;;;;;;2;;;;
14/04/2011;08:24:00;47;com vítima;315;BR-101/RJ;Sul;Colisão Traseira;;;;2;;;;;;;0;1;1;;
14/04/2011;09:00:00;51;com vítima;317,20001220703125;BR-101/RJ;Sul;Colisão Traseira;;;1;1;;;;;;;1;;1;;
14/04/2011;10:09:00;66;sem vítima;320;BR-101/RJ;Norte;Engavetamento;4;;;;;;;;;;8;;;;
14/04/2011;12:32:00;91;sem vítima;303;BR-101/RJ;Sul;Choque - Defensa, barreira ou "submarino";1;;;;;;;;;;1;;;;
14/04/2011;15:53:00;128;sem vítima;298;BR-101/RJ;Norte;Colisão Lateral;1;;1;;;;;;;;2;;;;
14/04/2011;20:18:00;165;sem vítima;320;BR-101/RJ;Norte;Engavetamento;;;;;1;2;;;;;62;;;;
15/04/2011;03:23:00;18;sem vítima;184;BR-101/RJ;Sul;Colisão Lateral;1;;1;;;;;;;;2;;;;
15/04/2011;05:57:00;26;sem vítima;279;BR-101/RJ;Sul;Saida de Pista;;;1;;;;;;;;1;;;;
15/04/2011;06:47:00;32;com vítima;318;BR-101/RJ;Sul;Colisão Lateral;1;;;2;;;;;;;2;2;;;
15/04/2011;07:54:00;40;sem vítima;313;BR-101/RJ;Sul;Colisão Traseira;1;;;;1;;;;;;2;;;;
15/04/2011;08:42:00;48;com vítima;2;BR-101/RJ;Norte;Colisão Lateral;1;;1;;;;;;;;1;1;;;
15/04/2011;09:46:00;63;sem vítima;60;BR-101/RJ;Sul;Colisão Traseira;3;;1;;;;;;;;4;;;;
15/04/2011;09:58:00;65;sem vítima;297;BR-101/RJ;Norte;Colisão Lateral;1;;1;;;;;;;;2;;;;
15/04/2011;11:55:00;81;com vítima;90;BR-101/RJ;Sul;Tombamento;;;3;;;;;;;;2;1;;;
15/04/2011;13:25:00;96;com vítima;181;BR-101/RJ;Norte;Colisão Frontal;2;;1;;;;;;;;1;1;2;;1
15/04/2011;13:45:00;98;com vítima;284;BR-101/RJ;Sul;Capotamento;1;;;;;;;;;;0;1;;;
15/04/2011;17:53:00;133;com vítima;147;BR-101/RJ;Sul;Saida de Pista;1;;;;;;;;;;0;;1;;
15/04/2011;18:26:00;145;com vítima;66;BR-101/RJ;Sul;Colisão Traseira;;;;1;;;;;;1;1;;1;;
15/04/2011;20:07:00;153;sem vítima;60;BR-101/RJ;Norte;Colisão Traseira;1;;;1;;;;;;;2;;;;
15/04/2011;22:24:00;170;sem vítima;319;BR-101/RJ;Norte;Choque - Defensa, barreira ou "submarino";1;;;;;;;;;;2;;;;
15/04/2011;23:16:00;177;sem vítima;256;BR-101/RJ;Sul;Choque - Defensa, barreira ou "submarino";;;1;;;;;;;;1;;;;
16/04/2011;00:07:00;2;com vítima;288;BR-101/RJ;Norte;Tombamento;1;;;;;;;;;;0;2;;;
16/04/2011;00:25:00;5;sem vítima;305;BR-101/RJ;Norte;Saida de Pista;1;;;;;;;;;;1;;;;
16/04/2011;00:34:00;6;sem vítima;277;BR-101/RJ;Sul;Saida de Pista;1;;;;;;;;;;1;;;;
16/04/2011;03:33:00;15;com vítima;299;BR-101/RJ;Sul;Choque - Defensa, barreira ou "submarino";1;;;;;;;;;;0;;1;;
16/04/2011;05:54:00;18;sem vítima;59;BR-101/RJ;Sul;Colisão Traseira;1;;;;;1;;;;;2;;;;
16/04/2011;05:06:00;20;sem vítima;299;BR-101/RJ;Sul;Choque - Defensa, barreira ou "submarino";1;;;;;;;;;;2;;;;
16/04/2011;08:27:00;40;com vítima;60;BR-101/RJ;Sul;Colisão Lateral;;;;1;;1;;;;;1;1;;;
16/04/2011;09:52:00;52;sem vítima;281;BR-101/RJ;Norte;Colisão Traseira;1;;;;;1;;;;;3;;;;
16/04/2011;16:17:00;107;com vítima;229;BR-101/RJ;Norte;Colisão Lateral;;;2;;;;;;;;3;2;;;
16/04/2011;20:59:00;150;com vítima;281;BR-101/RJ;Sul;Atropelamento - Ciclista;1;1;;;;;;;;;4;;;1;
16/04/2011;22:15:00;154;sem vítima;56;BR-101/RJ;Sul;Colisão Traseira;1;;1;;;;;;;;2;;;;
16/04/2011;23:24:00;158;com vítima;295;BR-101/RJ;Sul;Atropelamento - Andarilho;2;;;;;;;;;;2;1;;;1
17/04/2011;01:05:00;5;sem vítima;281;BR-101/RJ;Sul;Saida de Pista;1;;;;;;;;;;1;;;;
17/04/2011;05:01:00;18;com vítima;195;BR-101/RJ;Sul;Capotamento;1;;;;;;;;;;0;;1;;
17/04/2011;07:07:00;25;com vítima;242;BR-101/RJ;Sul;Capotamento;1;;;;;;;;;;1;3;1;;
17/04/2011;10:48:00;53;com vítima;199,5;BR-101/RJ;Sul;Colisão Frontal;2;;;;;;;;;;1;1;2;;
17/04/2011;15:26:00;77;com vítima;83;BR-101/RJ;Sul;Colisão Frontal;;;;1;1;;;;;;1;;;1;
17/04/2011;16:15:00;83;com vítima;242;BR-101/RJ;Sul;Queda de Moto;;;;1;;;;;;;0;;;1;
17/04/2011;18:11:00;103;com vítima;256;BR-101/RJ;Norte;Colisão Frontal;1;;1;;;;;;;;1;;;;1
17/04/2011;19:23:00;117;com vítima;254;BR-101/RJ;Sul;Colisão Traseira;2;;;;;;;;;;4;;2;;
17/04/2011;21:48:00;126;com vítima;313;BR-101/RJ;Sul;Colisão Traseira;2;;;;;;;;;;0;2;;;
18/04/2011;00:27:00;4;com vítima;55;BR-101/RJ;Sul;Queda de Moto;;;;1;;;;;;;0;;1;;
18/04/2011;01:20:00;7;sem vítima;307;BR-101/RJ;Norte;Choque - Defensa, barreira ou "submarino";1;;;;;;;;;;1;;;;
18/04/2011;05:12:00;22;sem vítima;279;BR-101/RJ;Norte;Saida de Pista;1;;;;;;;;;;1;;;;
18/04/2011;06:32:00;33;sem vítima;309;BR-101/RJ;Sul;Saida de Pista;1;;;;;;;;;;5;;;;
18/04/2011;06:35:00;34;com vítima;310;BR-101/RJ;Sul;Colisão Traseira;1;;;1;;;;;;;2;;2;;
18/04/2011;06:40:00;35;sem vítima;309;BR-101/RJ;Sul;Colisão Traseira;2;;;;;;;;;;4;;;;
18/04/2011;07:13:00;39;com vítima;177;BR-101/RJ;Norte;Saida de Pista;1;;;;;;;;;;0;1;;;
18/04/2011;10:15:00;71;com vítima;261;BR-101/RJ;Norte;Engavetamento;1;;2;;;;;;;;0;3;;;
18/04/2011;13:53:00;90;com vítima;70;BR-101/RJ;Norte;Colisão Traseira;;;1;;1;;;;;;2;2;2;;
18/04/2011;16:19:00;104;sem vítima;310;BR-101/RJ;Norte;Engavetamento;1;;;;;1;;;;1;4;;;;
18/04/2011;18:15:00;122;sem vítima;303;BR-101/RJ;Sul;Colisão Lateral;;;1;;;1;;;;;3;;;;
18/04/2011;18:15:00;123;sem vítima;314;BR-101/RJ;Norte;Colisão Traseira;2;;;;;;;;;;2;;;;
18/04/2011;18:24:00;126;sem vítima;319;BR-101/RJ;Norte;Colisão Traseira;2;;;;;;;;;;5;;;;
18/04/2011;18:55:00;131;sem vítima;67;BR-101/RJ;Norte;Colisão Lateral;1;;1;;;;;;;;2;;;;
18/04/2011;19:54:00;148;sem vítima;318;BR-101/RJ;Norte;Colisão Traseira;2;;;;;;;;;;2;;;;
19/04/2011;06:01:00;18;sem vítima;260;BR-101/RJ;Norte;Colisão Lateral;1;;1;;;;;;;;5;;;;
19/04/2011;06:01:00;19;sem vítima;320;BR-101/RJ;Sul;Colisão Traseira;1;;;1;;;;;;;3;;;;
19/04/2011;06:31:00;21;sem vítima;252;BR-101/RJ;Sul;Colisão Traseira;1;;1;;;;;;;;3;;;;
19/04/2011;07:19:00;28;com vítima;271;BR-101/RJ;Norte;Choque - Defensa, barreira ou "submarino";1;;;;;;;;;;0;1;;;
19/04/2011;08:34:00;43;sem vítima;320;BR-101/RJ;Sul;Colisão Traseira;1;;;;;;;;;1;3;;;;
19/04/2011;09:58:00;55;sem vítima;192;BR-101/RJ;Sul;Colisão Lateral;1;;;;;;;;;1;2;;;;
19/04/2011;10:47:00;65;com vítima;225;BR-101/RJ;Sul;Colisão Frontal;4;;;;;;;;;;4;2;1;;1
19/04/2011;16:09:00;105;sem vítima;297;BR-101/RJ;Norte;Colisão Traseira;1;;;;1;;;;;;4;;;;
19/04/2011;17:59:00;120;sem vítima;317;BR-101/RJ;Norte;Colisão Traseira;1;;;;1;;;;;1;3;;;;
19/04/2011;19:10:00;136;sem vítima;320;BR-101/RJ;Norte;Engavetamento;4;;;;;;;;;;9;;;;
19/04/2011;19:20:00;139;com vítima;304;BR-101/RJ;Sul;Engavetamento;2;;;;;;;;;1;4;2;;;
19/04/2011;23:27:00;168;sem vítima;248;BR-101/RJ;Norte;Colisão Lateral;;;2;;1;;;;;;45;;;;
19/04/2011;23:54:00;172;com vítima;308;BR-101/RJ;Sul;Colisão Traseira;1;;;1;;;;;;;2;;1;;
20/04/2011;00:07:00;1;com vítima;78;BR-101/RJ;Norte;Queda de Moto;;;;1;;;;;;;0;;1;;
20/04/2011;06:26:00;18;sem vítima;92;BR-101/RJ;Sul;Tombamento;;;1;;;;;;;;1;;;;
20/04/2011;06:42:00;20;sem vítima;296;BR-101/RJ;Norte;Colisão Traseira;3;;;;;;;;;;3;;;;
20/04/2011;08:59:00;41;com vítima;320;BR-101/RJ;Sul;Queda de Moto;;;;1;;;;;;;0;;1;;
20/04/2011;09:50:00;51;sem vítima;297;BR-101/RJ;Sul;Colisão Lateral;1;;1;;;;;;;;2;;;;
20/04/2011;10:08:00;54;sem vítima;298;BR-101/RJ;Norte;Colisão Traseira;1;;1;;;;;;;;2;;;;
20/04/2011;11:35:00;79;sem vítima;297;BR-101/RJ;Norte;Colisão Lateral;1;;1;;;;;;;;2;;;;
20/04/2011;12:15:00;86;sem vítima;297;BR-101/RJ;Norte;Colisão Traseira;2;;;;;;;;;;2;;;;
20/04/2011;12:37:00;90;com vítima;184;BR-101/RJ;Norte;Saida de Pista;;;1;;;;;;;;0;1;1;1;
20/04/2011;13:08:00;97;sem vítima;297;BR-101/RJ;Sul;Colisão Traseira;1;;;;;;;;;1;2;;;;
20/04/2011;14:00:00;106;sem vítima;297;BR-101/RJ;Sul;Colisão Lateral;2;;;;;;;;;;2;;;;
20/04/2011;15:40:00;128;sem vítima;296;BR-101/RJ;Norte;Engavetamento;4;;;;;1;;;;;5;;;;
20/04/2011;16:29:00;140;com vítima;308;BR-101/RJ;Norte;Capotamento;1;;;;;;;;;;0;2;3;;
20/04/2011;16:50:00;143;sem vítima;304;BR-101/RJ;Norte;Colisão Traseira;2;;;;;;;;;;9;;;;
20/04/2011;18:02:00;159;sem vítima;6;BR-101/RJ;Sul;Colisão Lateral;2;;;;;;;;;;5;;;;
20/04/2011;20:36:00;187;com vítima;51;BR-101/RJ;Norte;Queda de Moto;;;;1;;;;;;;0;1;;;
20/04/2011;21:02:00;190;com vítima;305;BR-101/RJ;Norte;Atropelamento - Morador;;;;1;1;;;;;;1;;2;1;
20/04/2011;21:23:00;196;com vítima;320;BR-101/RJ;Norte;Queda de Moto;;;;1;;;;;;;0;;1;;
20/04/2011;22:08:00;206;sem vítima;297;BR-101/RJ;Norte;Colisão Lateral;;;2;;;;;;;;2;;;;
20/04/2011;23:27:00;217;sem vítima;297;BR-101/RJ;Norte;Colisão Lateral;1;;1;;;;;;;;6;;;;
21/04/2011;01:22:00;6;com vítima;228;BR-101/RJ;Norte;Saida de Pista;1;;;;;;;;;;0;;;1;
21/04/2011;04:21:00;21;sem vítima;298;BR-101/RJ;Sul;Saida de Pista;1;;;;;;;;;;1;;;;
21/04/2011;04:58:00;27;com vítima;20;BR-101/RJ;Sul;Colisão Transversal;1;;1;;;;;;;;2;1;3;;
21/04/2011;06:43:00;46;com vítima;48;BR-101/RJ;Norte;Engavetamento;3;;;1;;;;;;;5;1;1;;
21/04/2011;06:45:00;47;sem vítima;254;BR-101/RJ;Norte;Colisão Traseira;1;;1;;;;;;;;4;;;;
21/04/2011;07:35:00;54;sem vítima;281;BR-101/RJ;Norte;Colisão Traseira;2;;;;;;;;;;8;;;;
21/04/2011;08:04:00;62;sem vítima;68;BR-101/RJ;Norte;Colisão Traseira;1;;;;;1;;;;;6;;;;
21/04/2011;08:12:00;64;sem vítima;309;BR-101/RJ;Norte;Engavetamento;3;;;;;;;;;;3;;;;
21/04/2011;08:16:00;68;sem vítima;313;BR-101/RJ;Norte;Colisão Traseira;2;;;;;;;;;;9;;;;
21/04/2011;08:41:00;74;sem vítima;294;BR-101/RJ;Norte;Colisão Traseira;1;;;;;;;;;1;2;;;;
21/04/2011;08:59:00;79;com vítima;266;BR-101/RJ;Norte;Colisão Lateral;1;;;1;;;;;;;4;;2;;
21/04/2011;09:25:00;83;sem vítima;318;BR-101/RJ;Norte;Engavetamento;2;;;;;1;;;;;9;;;;
21/04/2011;10:00:00;89;sem vítima;58;BR-101/RJ;Sul;Engavetamento;3;;;;;;;;;;3;;;;
21/04/2011;10:09:00;91;com vítima;294;BR-101/RJ;Norte;Colisão Traseira;2;;;;;;;;;;6;;1;;
21/04/2011;10:43:00;104;sem vítima;133;BR-101/RJ;Sul;Saida de Pista;1;;;;;;;;;;2;;;;
21/04/2011;11:07:00;109;sem vítima;297;BR-101/RJ;Norte;Colisão Lateral;;;1;;;;;;;1;2;;;;
21/04/2011;12:14:00;132;sem vítima;94;BR-101/RJ;Norte;Colisão Traseira;2;;;;;;;;;;6;;;;
21/04/2011;12:22:00;135;sem vítima;226;BR-101/RJ;Norte;Colisão Traseira;1;;;;;;;;;1;20;;;;
21/04/2011;15:02:00;167;sem vítima;298;BR-101/RJ;Norte;Colisão Lateral;1;;;;;1;;;;;2;;;;
21/04/2011;16:21:00;194;sem vítima;142;BR-101/RJ;Norte;Engavetamento;2;;;;;;;;;;6;;;;
21/04/2011;20:47:00;248;com vítima;304;BR-101/RJ;Norte;Colisão Lateral;;;;1;;1;;;;;1;;2;;
22/04/2011;03:07:00;18;com vítima;50;BR-101/RJ;Norte;Queda de Moto;;;;1;;;;;;;0;1;1;;
22/04/2011;03:44:00;20;com vítima;56,5;BR-101/RJ;Norte;Choque - Arvore;1;;;;;;;;;;0;1;;;
22/04/2011;10:55:00;54;com vítima;299;BR-101/RJ;Norte;Atropelamento - Andarilho;;;;;;1;;;;;1;;;1;
22/04/2011;15:26:00;95;com vítima;74;BR-101/RJ;Sul;Atropelamento - Ciclista;1;1;;;;;;;;;1;1;;;
22/04/2011;17:47:00;114;com vítima;48;BR-101/RJ;Sul;Atropelamento - Outros;1;;;;;;;;;;1;;;1;
22/04/2011;22:51:00;159;com vítima;293;BR-101/RJ;Norte;Capotamento;1;;;;;;;;;;0;1;;;
22/04/2011;23:29:00;163;com vítima;308;BR-101/RJ;Sul;Atropelamento - Morador;;;;;;1;;;;;1;;1;;
23/04/2011;09:14:00;38;sem vítima;119;BR-101/RJ;Norte;Colisão Traseira;1;;;;;;;;;1;2;;;;
23/04/2011;10:35:00;47;com vítima;283;BR-101/RJ;Norte;Queda de Moto;;;;1;;;;;;;1;1;;;
23/04/2011;13:15:00;77;sem vítima;203;BR-101/RJ;Norte;Colisão Traseira;2;;;;;;;;;;4;;;;
23/04/2011;13:27:00;79;com vítima;59;BR-101/RJ;Sul;Colisão Lateral;1;;;1;;;;;;;2;;1;;
23/04/2011;16:17:00;104;sem vítima;262;BR-101/RJ;Sul;Engavetamento;1;;;;;3;;;;;7;;;;
23/04/2011;18:00:00;126;sem vítima;295;BR-101/RJ;Sul;Engavetamento;3;;;;;;;;;;6;;;;
23/04/2011;18:45:00;136;com vítima;142;BR-101/RJ;Norte;Atropelamento - Morador;;;;;;1;;;;;1;;;;1
23/04/2011;21:32:00;159;com vítima;259;BR-101/RJ;Norte;Colisão Transversal;2;;;;;;;;;;5;;1;;
23/04/2011;21:45:00;160;sem vítima;119;BR-101/RJ;Norte;Colisão Traseira;2;;;;;;;;;;2;;;;
24/04/2011;04:16:00;20;com vítima;248;BR-101/RJ;Norte;Saida de Pista;1;;;;;;;;;;3;1;;;
24/04/2011;06:23:00;27;sem vítima;244;BR-101/RJ;Sul;Colisão Lateral;2;;;;;;;;;;7;;;;
24/04/2011;11:00:00;79;com vítima;204;BR-101/RJ;Sul;Colisão Traseira;2;;;;;;;;;;5;1;;;
24/04/2011;12:18:00;98;sem vítima;297;BR-101/RJ;Norte;Choque - Defensa, barreira ou "submarino";1;;;;;;;;;;1;;;;
24/04/2011;14:34:00;132;com vítima;291;BR-101/RJ;Sul;Outros;;;1;;;;;;;;1;1;;;
24/04/2011;14:44:00;136;sem vítima;125;BR-101/RJ;Norte;Colisão Traseira;2;;;;;;;;;;8;;;;
24/04/2011;15:01:00;141;sem vítima;125;BR-101/RJ;Norte;Engavetamento;3;;;;;1;;;;;10;;;;
24/04/2011;16:32:00;169;com vítima;57;BR-101/RJ;Sul;Engavetamento;3;;;;;;;;;;0;12;;;
24/04/2011;17:30:00;197;com vítima;189,60000610351562;BR-101/RJ;Norte;Colisão Traseira;2;;;;;;;;;;0;7;;;
24/04/2011;17:39:00;200;com vítima;296,5;BR-101/RJ;Sul;Atropelamento - Outros;1;;;;;;;;;;1;1;;;
24/04/2011;17:58:00;209;sem vítima;292;BR-101/RJ;Sul;Colisão Lateral;1;;1;;;;;;;;4;;;;
24/04/2011;18:10:00;213;com vítima;100;BR-101/RJ;Norte;Colisão Traseira;1;;;1;;;;;;;0;6;1;;
24/04/2011;18:16:00;215;com vítima;210;BR-101/RJ;Sul;Saida de Pista;;;;1;;;;;;;0;;1;;
24/04/2011;23:41:00;290;com vítima;303;BR-101/RJ;Sul;Choque - Defensa, barreira ou "submarino";1;;;;;;;;;;0;;5;;
24/04/2011;23:56:00;293;com vítima;236;BR-101/RJ;Sul;Capotamento;1;;;;;;;;;;1;;3;;
25/04/2011;01:38:00;4;sem vítima;316;BR-101/RJ;Sul;Capotamento;1;;;;;;;;;;6;;;;
25/04/2011;05:47:00;35;sem vítima;319;BR-101/RJ;Sul;Colisão Traseira;2;;;;;;;;;;2;;;;
25/04/2011;07:02:00;47;sem vítima;309;BR-101/RJ;Sul;Engavetamento;3;;;;;;;;;;3;;;;
25/04/2011;07:27:00;48;com vítima;314;BR-101/RJ;Sul;Colisão Traseira;1;;;1;;;;;;;4;;2;;
25/04/2011;07:46:00;50;com vítima;93;BR-101/RJ;Sul;Engavetamento;2;;1;;;;;;;;5;2;;;
25/04/2011;08:48:00;61;com vítima;318;BR-101/RJ;Sul;Colisão Lateral;2;;;1;;;;;;;2;;;1;
25/04/2011;09:13:00;65;sem vítima;263;BR-101/RJ;Norte;Colisão Traseira;1;;;;;1;;;;;2;;;;
25/04/2011;10:42:00;82;sem vítima;170;BR-101/RJ;Norte;Saida de Pista;1;;;;;;;;;;1;;;;
25/04/2011;10:48:00;84;sem vítima;190;BR-101/RJ;Norte;Colisão Traseira;2;;;;;;;;;;2;;;;
25/04/2011;12:36:00;106;sem vítima;319;BR-101/RJ;Sul;Colisão Traseira;2;;;;;;;;;;5;;;;
25/04/2011;12:41:00;108;sem vítima;319;BR-101/RJ;Sul;Colisão Traseira;2;;;;;;;;;;3;;;;
25/04/2011;14:07:00;119;com vítima;52;BR-101/RJ;Sul;Colisão Traseira;;;;;1;;;;;1;2;;2;;
25/04/2011;14:27:00;128;com vítima;295,70001220703125;BR-101/RJ;Norte;Outros;;1;1;;;;;;;;1;;1;;
25/04/2011;16:45:00;148;com vítima;268;BR-101/RJ;Sul;Saida de Pista;1;;;;;;;;;;0;2;;;
25/04/2011;20:27:00;186;sem vítima;186;BR-101/RJ;Sul;Saida de Pista;;;;;;;;;;1;2;;;;
25/04/2011;21:59:00;197;sem vítima;143;BR-101/RJ;Norte;Colisão Traseira;2;;;;;;;;;;3;;;;
25/04/2011;22:15:00;200;com vítima;293;BR-101/RJ;Norte;Capotamento;1;;;;;;;;;;1;1;2;;
25/04/2011;23:16:00;209;sem vítima;313;BR-101/RJ;Sul;Saida de Pista;1;;;;;;;;;;1;;;;
26/04/2011;03:46:00;14;sem vítima;297;BR-101/RJ;Sul;Capotamento;1;;;;;;;;;;2;;;;
26/04/2011;04:57:00;20;sem vítima;320;BR-101/RJ;Sul;Colisão Lateral;1;;;;;1;;;;;2;;;;
26/04/2011;05:33:00;22;sem vítima;312;BR-101/RJ;Norte;Saida de Pista;1;;;;;;;;;;1;;;;
26/04/2011;06:09:00;23;sem vítima;319;BR-101/RJ;Sul;Engavetamento;3;;;;;;;;;;7;;;;
26/04/2011;12:15:00;92;sem vítima;66;BR-101/RJ;Sul;Colisão Lateral;1;;;;1;;;;;;2;;;;
26/04/2011;12:19:00;94;sem vítima;299;BR-101/RJ;Norte;Saida de Pista;1;;;;;;;;;;2;;;;
26/04/2011;12:20:00;95;sem vítima;299;BR-101/RJ;Norte;Saida de Pista;1;;;;;;;;;;4;;;;
26/04/2011;13:25:00;107;sem vítima;265;BR-101/RJ;Norte;Colisão Traseira;2;;;;;;;;;;4;;;;
26/04/2011;15:37:00;122;sem vítima;298;BR-101/RJ;Norte;Saida de Pista;1;;;;;;;;;;1;;;;
26/04/2011;18:21:00;141;com vítima;298;BR-101/RJ;Norte;Colisão Traseira;1;;;1;;;;;;;1;;1;;
26/04/2011;18:53:00;150;com vítima;49;BR-101/RJ;Norte;Colisão Transversal;;;;1;;1;;;;;1;;2;;
26/04/2011;19:01:00;154;sem vítima;298;BR-101/RJ;Norte;Colisão Traseira;1;;;;;1;;;;;3;;;;
26/04/2011;20:52:00;172;com vítima;302;BR-101/RJ;Norte;Atropelamento - Outros;1;;;;;;;;;;1;;;;1
26/04/2011;21:17:00;175;com vítima;55;BR-101/RJ;Norte;Colisão Transversal;1;;;1;;;;;;;2;;;1;
26/04/2011;21:58:00;178;sem vítima;320;BR-101/RJ;Sul;Colisão Lateral;1;;1;;;;;;;;2;;;;
27/04/2011;03:04:00;8;sem vítima;298;BR-101/RJ;Sul;Saida de Pista;;;1;;;;;;;;1;;;;
27/04/2011;07:10:00;28;sem vítima;299;BR-101/RJ;Sul;Colisão Traseira;;;;;2;;;;;;2;;;;
27/04/2011;10:29:00;58;sem vítima;306;BR-101/RJ;Sul;Colisão Traseira;3;;;;;;;;;;3;;;;