data;horario;n_da_ocorrencia;tipo_de_ocorrencia;km;trecho;sentido;tipo_de_acidente;automovel;bicicleta;caminhao;moto;onibus;outros;tracao_animal;transporte_de_cargas_especiais;trator_maquinas;utilitarios;ilesos;levemente_feridos;moderadamente_feridos;gravemente_feridos;mortos
27/04/2011;11:31:00;65;sem vítima;5;BR-101/RJ;Norte;Saida de Pista;1;;;;;;;;;;2;;;;
27/04/2011;11:33:00;66;sem vítima;309;BR-101/RJ;Sul;Colisão Traseira;3;;;;;;;;;;8;;;;
27/04/2011;12:58:00;78;com vítima;188;BR-101/RJ;Sul;Saida de Pista;;;;1;;;;;;;0;;1;;
27/04/2011;13:06:00;82;sem vítima;283;BR-101/RJ;Sul;Choque - Defensa, barreira ou "submarino";1;;;;;;;;;;1;;;;
27/04/2011;20:09:00;153;sem vítima;186;BR-101/RJ;Norte;Saida de Pista;;;1;;;;;;;;1;;;;
28/04/2011;04:16:00;7;sem vítima;269;BR-101/RJ;Norte;Atropelamento de Animal;;;1;;;;;;;;1;;;;
28/04/2011;05:33:00;10;com vítima;296;BR-101/RJ;Norte;Capotamento;1;;;;;;;;;;0;;1;;
28/04/2011;05:58:00;12;sem vítima;252;BR-101/RJ;Norte;Colisão Traseira;;;1;;;;;;;1;3;;;;
28/04/2011;06:56:00;17;sem vítima;230;BR-101/RJ;Norte;Saida de Pista;1;;;;;;;;;;1;;;;
28/04/2011;10:18:00;63;sem vítima;161;BR-101/RJ;Norte;Saida de Pista;1;;;;;;;;;;1;;;;
28/04/2011;13:25:00;86;sem vítima;135;BR-101/RJ;Norte;Saida de Pista;1;;;;;;;;;;1;;;;
28/04/2011;14:01:00;92;sem vítima;218;BR-101/RJ;Sul;Saida de Pista;;;;;;;;;;1;1;;;;
28/04/2011;14:17:00;94;com vítima;58;BR-101/RJ;Sul;Colisão Lateral;1;;;1;;;;;;;0;1;1;;
28/04/2011;17:51:00;125;com vítima;66;BR-101/RJ;Norte;Colisão Transversal;1;;;1;;;;;;;2;;1;;
28/04/2011;18:57:00;131;sem vítima;313;BR-101/RJ;Norte;Saida de Pista;1;;;;;;;;;;3;;;;
28/04/2011;19:28:00;135;sem vítima;316;BR-101/RJ;Sul;Saida de Pista;1;;;;;;;;;;5;;;;
28/04/2011;21:37:00;152;sem vítima;218;BR-101/RJ;Sul;Colisão Lateral;1;;1;;;1;;;;;3;;;;
29/04/2011;05:43:00;16;sem vítima;162;BR-101/RJ;Norte;Colisão Lateral;;;1;;;1;;;;;2;;;;
29/04/2011;07:26:00;30;sem vítima;82;BR-101/RJ;Norte;Saida de Pista;1;;;;;;;;;;1;;;;
29/04/2011;10:45:00;70;com vítima;66;BR-101/RJ;Sul;Queda de Moto;;;;1;;;;;;;0;1;;;
29/04/2011;12:45:00;93;sem vítima;278;BR-101/RJ;Sul;Saida de Pista;1;;;;;;;;;;1;;;;
29/04/2011;16:19:00;133;sem vítima;309;BR-101/RJ;Norte;Colisão Traseira;2;;;;;;;;;;2;;;;
29/04/2011;16:48:00;139;sem vítima;320;BR-101/RJ;Norte;Colisão Traseira;;;1;;1;;;;;;2;;;;
29/04/2011;19:17:00;164;sem vítima;320;BR-101/RJ;Norte;Colisão Lateral;2;;;;;;;;;;2;;;;
29/04/2011;19:46:00;168;sem vítima;298;BR-101/RJ;Norte;Colisão Lateral;1;;1;;;;;;;;2;;;;
29/04/2011;20:49:00;179;com vítima;34;BR-101/RJ;Sul;Atropelamento - Andarilho;;;1;;;;;;;;1;;;;1
30/04/2011;03:37:00;8;sem vítima;288;BR-101/RJ;Norte;Saida de Pista;1;;;;;;;;;;2;;;;
30/04/2011;05:25:00;15;sem vítima;295;BR-101/RJ;Norte;Queda de Moto;;;;1;;;;;;;1;;;;
30/04/2011;06:28:00;21;com vítima;283;BR-101/RJ;Norte;Saida de Pista;;;;1;;;;;;;0;;2;;
30/04/2011;09:23:00;45;com vítima;66;BR-101/RJ;Sul;Colisão Traseira;2;;;;;;;;;;1;1;;;
30/04/2011;12:09:00;71;com vítima;319;BR-101/RJ;Sul;Colisão Traseira;3;;;;;;;;;;0;5;1;;
30/04/2011;14:33:00;93;com vítima;59;BR-101/RJ;Sul;Colisão Lateral;1;;;1;;;;;;;1;;1;;
30/04/2011;17:47:00;137;com vítima;73;BR-101/RJ;Norte;Queda de Moto;;;;1;;;;;;;0;1;;;
30/04/2011;18:22:00;144;com vítima;64;BR-101/RJ;Sul;Colisão Lateral;1;;;1;;;;;;;1;2;;;
30/04/2011;18:56:00;147;com vítima;59;BR-101/RJ;Sul;Colisão Lateral;2;;;;;;;;;;2;3;;;
30/04/2011;21:45:00;178;com vítima;296;BR-101/RJ;Sul;Colisão Traseira;1;;;;1;;;;;;1;2;;;
01/07/2011;05:09:00;22;com vítima;316;BR-101/RJ;Sul;Capotamento;1;;;;;;;;;;1;;1;;
01/07/2011;10:06:00;69;sem vítima;252;BR-101/RJ;Norte;Choque - Outros;;;1;;;;;;;;1;;;;
01/07/2011;11:26:00;90;sem vítima;252;BR-101/RJ;Sul;Choque - Defensa, barreira ou "submarino";;;1;;;;;;;;1;;;;
01/07/2011;13:45:00;111;sem vítima;46;BR-101/RJ;Sul;Saida de Pista;1;;;;;;;;;;1;;;;
01/07/2011;14:13:00;114;sem vítima;98,5;BR-101/RJ;Norte;Saida de Pista;;;;;;;;;;1;1;;;;
01/07/2011;15:37:00;135;sem vítima;319,3800048828125;BR-101/RJ;Sul;Engavetamento;3;;;;;;;;;;6;;;;
01/07/2011;17:02:00;148;sem vítima;292,6000061035156;BR-101/RJ;Sul;Colisão Traseira;2;;;;;;;;;;5;;;;
01/07/2011;17:44:00;155;sem vítima;317;BR-101/RJ;Norte;Engavetamento;4;;;;;;;;;;6;;;;
01/07/2011;18:40:00;168;com vítima;265,70001220703125;BR-101/RJ;Norte;Queda de Moto;;;;;;1;;;;;0;;1;;
01/07/2011;18:48:00;170;sem vítima;276,2349853515625;BR-101/RJ;Sul;Colisão Traseira;2;;;;;;;;;;4;;;;
01/07/2011;18:58:00;172;sem vítima;78,31500244140625;BR-101/RJ;Norte;Colisão Traseira;1;;1;;;;;;;;2;;;;
01/07/2011;19:51:00;182;sem vítima;277,1000061035156;BR-101/RJ;Sul;Saida de Pista;1;;;;;;;;;;1;;;;
01/07/2011;20:08:00;186;com vítima;320;BR-101/RJ;Norte;Queda de Moto;;;;1;;;;;;;0;1;;;
01/07/2011;20:45:00;191;com vítima;244;BR-101/RJ;Sul;Atropelamento - Outros;;;;1;;;;;;;2;;1;;
01/07/2011;23:10:00;206;sem vítima;320;BR-101/RJ;Norte;Colisão Lateral;1;;1;;;;;;;;4;;;;
01/07/2011;23:18:00;207;com vítima;55;BR-101/RJ;Norte;Colisão Frontal;1;;;1;;;;;;;1;1;;;
01/07/2011;23:36:00;210;sem vítima;309;BR-101/RJ;Norte;Colisão Lateral;2;;;;1;;;;;;5;;;;
02/07/2011;05:25:00;23;sem vítima;61,29999923706055;BR-101/RJ;Sul;Colisão Lateral;2;;;;;1;;;;;3;;;;
02/07/2011;05:44:00;24;com vítima;276,20001220703125;BR-101/RJ;Norte;Saida de Pista;1;;;;;;;;;;0;;2;;
02/07/2011;06:04:00;25;com vítima;52,400001525878906;BR-101/RJ;Sul;Colisão Frontal;1;;1;;;;;;;;3;;;;1
02/07/2011;10:23:00;67;sem vítima;81,05000305175781;BR-101/RJ;Norte;Colisão Traseira;1;;;;;1;;;;;3;;;;
02/07/2011;11:24:00;78;com vítima;254;BR-101/RJ;Sul;Queda de Moto;;;;1;;;;;;;0;2;;;
02/07/2011;12:57:00;90;com vítima;192,39999389648438;BR-101/RJ;Sul;Atropelamento - Ciclista;;1;;1;;;;;;;0;;2;;
02/07/2011;19:51:00;149;com vítima;58,900001525878906;BR-101/RJ;Sul;Colisão Traseira;1;;;1;;;;;;;3;;1;;
02/07/2011;22:45:00;157;com vítima;317,79998779296875;BR-101/RJ;Norte;Saida de Pista;1;;;;;;;;;;0;;1;;
03/07/2011;05:38:00;9;sem vítima;184;BR-101/RJ;Sul;Saida de Pista;1;;;;;;;;;;1;;;;
03/07/2011;06:46:00;16;sem vítima;285;BR-101/RJ;Norte;Choque - Defensa, barreira ou "submarino";;;1;;;;;;;;1;;;;
03/07/2011;06:50:00;17;sem vítima;123;BR-101/RJ;Norte;Colisão Traseira;;;1;;1;;;;;;25;;;;
03/07/2011;07:06:00;19;sem vítima;283;BR-101/RJ;Norte;Saida de Pista;1;;;;;;;;;;2;;;;
03/07/2011;11:41:00;55;sem vítima;320;BR-101/RJ;Norte;Colisão Lateral;1;;;;1;;;;;;2;;;;
03/07/2011;11:59:00;58;sem vítima;262,8999938964844;BR-101/RJ;Norte;Colisão Traseira;1;;1;;;;;;;;7;;;;
03/07/2011;12:12:00;61;sem vítima;270,8999938964844;BR-101/RJ;Norte;Saida de Pista;1;;;;;;;;;;2;;;;
03/07/2011;17:16:00;103;com vítima;282,32000732421875;BR-101/RJ;Sul;Atropelamento - Ciclista;;1;;1;;;;;;;0;;2;1;
03/07/2011;19:19:00;118;sem vítima;280;BR-101/RJ;Sul;Engavetamento;3;;;;;;;;;;10;;;;
04/07/2011;01:40:00;4;com vítima;53,150001525878906;BR-101/RJ;Norte;Colisão Frontal;2;;;;;;;;;;0;;2;1;
04/07/2011;02:34:00;8;com vítima;63;BR-101/RJ;Norte;Queda de Moto;;;;1;;;;;;;0;;1;;
04/07/2011;06:55:00;18;sem vítima;180,1999969482422;BR-101/RJ;Sul;Saida de Pista;;;1;;;;;;;;1;;;;
04/07/2011;07:17:00;23;sem vítima;136,1300048828125;BR-101/RJ;Sul;Colisão Frontal;2;;;;;;;;;;3;;;;
04/07/2011;07:29:00;26;com vítima;66,6500015258789;BR-101/RJ;Sul;Colisão Lateral;;;;1;;1;;;;;1;1;;;
04/07/2011;09:21:00;48;com vítima;225,2100067138672;BR-101/RJ;Sul;Colisão Frontal;1;;2;;;;;;;;2;2;;;
04/07/2011;11:23:00;71;sem vítima;180;BR-101/RJ;Sul;Colisão Traseira;1;;1;;;;;;;;5;;;;
04/07/2011;14:29:00;94;sem vítima;289;BR-101/RJ;Sul;Colisão Lateral;1;;1;;;;;;;;3;;;;
04/07/2011;14:35:00;95;com vítima;298;BR-101/RJ;Sul;Atropelamento - Ciclista;1;1;;;;;;;;;1;1;;;
04/07/2011;16:34:00;112;com vítima;315,79998779296875;BR-101/RJ;Norte;Saida de Pista;1;;;;;;;;;;1;;1;;
04/07/2011;17:23:00;120;sem vítima;316;BR-101/RJ;Norte;Colisão Traseira;2;;;;;;;;;;3;;;;
04/07/2011;17:28:00;121;sem vítima;320;BR-101/RJ;Norte;Colisão Traseira;1;;1;;;;;;;;3;;;;
04/07/2011;17:31:00;122;sem vítima;316,0899963378906;BR-101/RJ;Norte;Colisão Traseira;2;;;;;;;;;;3;;;;
04/07/2011;21:14:00;152;sem vítima;319,17999267578125;BR-101/RJ;Sul;Colisão Traseira;3;;;;;;;;;;4;;;;
05/07/2011;05:23:00;12;sem vítima;313;BR-101/RJ;Norte;Saida de Pista;1;;;;;;;;;;5;;;;
05/07/2011;06:22:00;17;com vítima;319;BR-101/RJ;Sul;Colisão Traseira;2;;;;;1;;;;;2;;1;;
05/07/2011;06:32:00;18;sem vítima;318;BR-101/RJ;Sul;Colisão Lateral;;;;1;;1;;;;;2;;;;
05/07/2011;07:21:00;24;sem vítima;313;BR-101/RJ;Sul;Colisão Traseira;1;;1;;;;;;;;2;;;;
05/07/2011;07:45:00;26;sem vítima;296;BR-101/RJ;Norte;Saida de Pista;1;;;;;;;;;;1;;;;
05/07/2011;08:56:00;41;com vítima;82,69999694824219;BR-101/RJ;Sul;Saida de Pista;;;1;;;;;;;;0;2;2;;
05/07/2011;10:43:00;59;com vítima;71;BR-101/RJ;Sul;Queda de Moto;;;;1;;;;;;;0;1;;;
05/07/2011;14:20:00;81;sem vítima;123;BR-101/RJ;Norte;Colisão Traseira;1;;1;;;;;;;;3;;;;
05/07/2011;16:31:00;104;com vítima;296;BR-101/RJ;Norte;Colisão Lateral;1;;;1;;;;;;;4;1;;;
05/07/2011;18:07:00;119;sem vítima;297;BR-101/RJ;Sul;Colisão Traseira;1;;1;;;;;;;;2;;;;
05/07/2011;18:30:00;122;sem vítima;297;BR-101/RJ;Norte;Colisão Lateral;1;;1;;;;;;;;3;;;;
05/07/2011;18:42:00;124;sem vítima;318,3800048828125;BR-101/RJ;Norte;Colisão Lateral;1;;;;;;;;;1;3;;;;
05/07/2011;18:53:00;126;sem vítima;297;BR-101/RJ;Sul;Colisão Traseira;2;;;;;;;;;;6;;;;
05/07/2011;19:47:00;131;sem vítima;320;BR-101/RJ;Norte;Engavetamento;4;;;;;;;;;;5;;;;
05/07/2011;19:59:00;134;sem vítima;59;BR-101/RJ;Sul;Colisão Traseira;1;;1;;;;;;;;2;;;;
05/07/2011;20:07:00;135;sem vítima;311;BR-101/RJ;Sul;Colisão Lateral;1;;;;;;;;;1;2;;;;
05/07/2011;21:19:00;141;sem vítima;319,29998779296875;BR-101/RJ;Norte;Colisão Lateral;2;;;;;;;;;;3;;;;
05/07/2011;21:19:00;142;sem vítima;63,02899932861328;BR-101/RJ;Norte;Tombamento;;;1;;;;;;;;2;;;;
06/07/2011;10:32:00;72;sem vítima;287;BR-101/RJ;Norte;Colisão Traseira;1;;1;;;;;;;;3;;;;
06/07/2011;10:49:00;73;sem vítima;39,5;BR-101/RJ;Sul;Colisão Traseira;2;;;;;;;;;;4;;;;
06/07/2011;12:23:00;88;com vítima;51;BR-101/RJ;Sul;Capotamento;1;;;;;;;;;;0;3;;;
06/07/2011;15:00:00;118;sem vítima;320;BR-101/RJ;Norte;Colisão Lateral;2;;;;;;;;;;6;;;;
06/07/2011;16:36:00;142;com vítima;58,5;BR-101/RJ;Sul;Queda de Moto;;;;1;;;;;;;0;;1;;
06/07/2011;17:17:00;152;com vítima;46;BR-101/RJ;Sul;Colisão Transversal;1;;;1;;;;;;;1;;1;;
06/07/2011;17:28:00;155;sem vítima;299;BR-101/RJ;Norte;Choque - Outros;1;;;;;;;;;;1;;;;
06/07/2011;18:21:00;166;sem vítima;310;BR-101/RJ;Norte;Colisão Traseira;1;;1;;;;;;;;3;;;;
06/07/2011;18:32:00;168;com vítima;313;BR-101/RJ;Norte;Colisão Traseira;1;;;1;;;;;;;4;;;1;
06/07/2011;18:59:00;172;com vítima;297;BR-101/RJ;Norte;Atropelamento - Morador;;;;;1;;;;;;2;;1;;
06/07/2011;22:49:00;203;sem vítima;297;BR-101/RJ;Norte;Colisão Lateral;1;;1;;;;;;;;2;;;;
07/07/2011;01:17:00;2;sem vítima;229,89999389648438;BR-101/RJ;Sul;Saida de Pista;;;1;;;;;;;;1;;;;
07/07/2011;01:46:00;3;sem vítima;301;BR-101/RJ;Sul;Colisão Traseira;1;;1;;;;;;;;2;;;;
07/07/2011;06:25:00;12;sem vítima;300;BR-101/RJ;Sul;Colisão Traseira;1;;1;;;1;;;;;4;;;;
07/07/2011;12:50:00;67;sem vítima;227,80999755859375;BR-101/RJ;Sul;Colisão Traseira;2;;;;;;;;;;3;;;;
07/07/2011;13:47:00;72;sem vítima;311;BR-101/RJ;Sul;Atropelamento de Animal;1;;;;;;;;;;1;;;;
07/07/2011;14:18:00;74;sem vítima;63;BR-101/RJ;Norte;Colisão Lateral;;;1;;1;;;;;;3;;;;
07/07/2011;15:07:00;81;sem vítima;197;BR-101/RJ;Norte;Saida de Pista;1;;;;;;;;;;3;;;;
07/07/2011;17:16:00;96;com vítima;97,45999908447266;BR-101/RJ;Sul;Colisão Frontal;1;;1;;;;;;;;1;;1;;1
07/07/2011;20:00:00;107;sem vítima;68;BR-101/RJ;Sul;Tombamento;;;;;;;;;;2;2;;;;
07/07/2011;21:19:00;116;com vítima;124,33499908447266;BR-101/RJ;Sul;Colisão Traseira;1;;1;;;;;;;;2;3;;;
07/07/2011;21:46:00;118;com vítima;150;BR-101/RJ;Sul;Colisão Lateral;1;;1;;;;;;;;1;3;;;
08/07/2011;00:11:00;3;sem vítima;67;BR-101/RJ;Norte;Colisão Traseira;1;;;;1;;;;;;2;;;;
08/07/2011;01:00:00;8;sem vítima;252;BR-101/RJ;Sul;Colisão Traseira;;;2;;;;;;;;2;;;;
08/07/2011;02:32:00;15;sem vítima;48;BR-101/RJ;Sul;Saida de Pista;1;;;;;;;;;;1;;;;
08/07/2011;07:48:00;47;com vítima;319;BR-101/RJ;Sul;Queda de Moto;1;;;1;;;;;;;1;;1;;
08/07/2011;10:23:00;75;sem vítima;319;BR-101/RJ;Sul;Engavetamento;3;;;;;;;;;;5;;;;
08/07/2011;12:40:00;93;sem vítima;123;BR-101/RJ;Sul;Objeto lançado contra veículo;;;;;;;;;;2;2;;;;
08/07/2011;17:23:00;137;sem vítima;280;BR-101/RJ;Sul;Saida de Pista;1;;;;;;;;;;2;;;;
08/07/2011;17:53:00;140;sem vítima;312;BR-101/RJ;Norte;Colisão Traseira;1;;;;;1;;;;;2;;;;
08/07/2011;17:54:00;142;com vítima;298,21600341796875;BR-101/RJ;Norte;Colisão Lateral;1;;;1;;;;;;;3;1;;;
08/07/2011;18:04:00;144;sem vítima;297;BR-101/RJ;Norte;Colisão Lateral;1;;1;;;;;;;;6;;;;
08/07/2011;18:11:00;146;sem vítima;297,5;BR-101/RJ;Sul;Engavetamento;4;;;;;;;;;;12;;;;
08/07/2011;18:41:00;156;sem vítima;315;BR-101/RJ;Norte;Colisão Traseira;1;;;;;1;;;;;2;;;;
08/07/2011;19:06:00;164;sem vítima;297,5;BR-101/RJ;Norte;Colisão Lateral;1;;1;;;;;;;;4;;;;
08/07/2011;20:08:00;175;sem vítima;295,5;BR-101/RJ;Sul;Colisão Lateral;1;;;1;;;;;;;2;;;;
08/07/2011;21:20:00;192;sem vítima;298;BR-101/RJ;Norte;Engavetamento;2;;;;;2;;;;;4;;;;
09/07/2011;03:28:00;21;com vítima;297;BR-101/RJ;Sul;Choque - Arvore;;;;1;;;;;;;0;1;1;;
09/07/2011;04:51:00;25;sem vítima;275,1889953613281;BR-101/RJ;Sul;Saida de Pista;1;;;;;;;;;;3;;;;
09/07/2011;05:47:00;27;com vítima;294,79998779296875;BR-101/RJ;Sul;Colisão Frontal;4;;1;;;;;;;;6;;1;1;1
09/07/2011;06:10:00;31;com vítima;123;BR-101/RJ;Sul;Queda de Moto;;;;1;;;;;;;0;1;;;
09/07/2011;08:43:00;43;com vítima;297;BR-101/RJ;Norte;Colisão Lateral;1;;;1;;;;;;;2;1;;;
09/07/2011;08:53:00;47;sem vítima;292;BR-101/RJ;Sul;Engavetamento;3;;;;;;;;;;5;;;;
09/07/2011;09:14:00;52;com vítima;292;BR-101/RJ;Sul;Colisão Traseira;2;;;;;;;;;;1;2;;;
09/07/2011;09:22:00;53;sem vítima;67;BR-101/RJ;Norte;Engavetamento;3;;;;;;;;;;6;;;;
09/07/2011;09:48:00;55;com vítima;64,4000015258789;BR-101/RJ;Sul;Colisão Transversal;2;;;;;;;;;;2;1;;;
09/07/2011;11:13:00;71;com vítima;228,16299438476562;BR-101/RJ;Norte;Colisão Transversal;1;;;1;;;;;;;1;;;1;
09/07/2011;11:43:00;73;sem vítima;76;BR-101/RJ;Norte;Colisão Traseira;2;;;;;;;;;;2;;;;
09/07/2011;11:52:00;77;sem vítima;96,5;BR-101/RJ;Norte;Colisão Traseira;1;;;;;1;;;;;2;;;;
09/07/2011;15:02:00;104;sem vítima;61;BR-101/RJ;Sul;Colisão Transversal;1;;;;1;;;;;;2;;;;
09/07/2011;16:34:00;120;com vítima;268;BR-101/RJ;Sul;Capotamento;1;;;;;;;;;;0;;1;;
09/07/2011;18:07:00;134;com vítima;56,849998474121094;BR-101/RJ;Norte;Colisão Lateral;;;;1;;1;;;;;1;;2;;
09/07/2011;18:08:00;135;com vítima;294,29998779296875;BR-101/RJ;Sul;Atropelamento - Morador;1;;;;;;;;;;4;;1;;
09/07/2011;23:13:00;168;com vítima;61;BR-101/RJ;Sul;Queda de Moto;;;;1;;;;;;;0;1;1;;
09/07/2011;23:22:00;169;com vítima;92;BR-101/RJ;Sul;Colisão Traseira;;;1;1;;;;;;;1;;2;;
10/07/2011;00:32:00;5;sem vítima;273,3999938964844;BR-101/RJ;Norte;Saida de Pista;1;;;;;;;;;;1;;;;
10/07/2011;03:12:00;15;com vítima;53,5;BR-101/RJ;Sul;Queda de Moto;;;;1;;;;;;;0;;2;;
10/07/2011;10:14:00;37;com vítima;272,70001220703125;BR-101/RJ;Sul;Saida de Pista;1;;1;;;;;;;;1;;1;;
10/07/2011;13:01:00;67;sem vítima;170;BR-101/RJ;Norte;Colisão Traseira;2;;;;;;;;;;5;;;;
10/07/2011;16:02:00;86;sem vítima;248,10000610351562;BR-101/RJ;Norte;Colisão Lateral;1;;;;;1;;;;;3;;;;
10/07/2011;17:57:00;106;com vítima;72;BR-101/RJ;Sul;Queda de Moto;;;;1;;;;;;;0;1;;;
10/07/2011;18:03:00;107;com vítima;224,89999389648438;BR-101/RJ;Norte;Choque - Defensa, barreira ou "submarino";1;;;;;;;;;;0;1;1;;
10/07/2011;18:28:00;111;sem vítima;66;BR-101/RJ;Norte;Choque - Defensa, barreira ou "submarino";1;;;;;;;;;;1;;;;
10/07/2011;18:54:00;115;sem vítima;207;BR-101/RJ;Norte;Colisão Traseira;2;;;;;;;;;;3;;;;
10/07/2011;18:59:00;120;sem vítima;64,69999694824219;BR-101/RJ;Sul;Colisão Traseira;2;;;;;;;;;;4;;;;
10/07/2011;19:10:00;123;com vítima;297,45001220703125;BR-101/RJ;Sul;Queda de Moto;;;;1;;;;;;;0;;;2;
10/07/2011;19:44:00;129;sem vítima;65,69999694824219;BR-101/RJ;Norte;Colisão Traseira;2;;;;;;;;;;3;;;;
10/07/2011;20:25:00;139;sem vítima;320;BR-101/RJ;Norte;Colisão Traseira;2;;;;;;;;;;8;;;;
10/07/2011;22:36:00;151;com vítima;54;BR-101/RJ;Norte;Atropelamento - Ciclista;;1;;;;1;;;;;1;;1;;
11/07/2011;06:34:00;24;sem vítima;243,1300048828125;BR-101/RJ;Norte;Saida de Pista;1;;;;;;;;;;2;;;;
11/07/2011;11:27:00;103;sem vítima;303;BR-101/RJ;Sul;Colisão Frontal;1;;;;;;;;;1;5;;;;
11/07/2011;12:02:00;116;com vítima;62;BR-101/RJ;Norte;Atropelamento - Outros;1;;;;;;;;;;1;;;;1
11/07/2011;16:01:00;151;sem vítima;262,29998779296875;BR-101/RJ;Norte;Outros - Sequência;1;;;;;1;;;;;2;;;;
11/07/2011;16:08:00;153;sem vítima;306,1000061035156;BR-101/RJ;Sul;Outros - Sequência;2;;;;;;;;;;2;;;;
11/07/2011;17:42:00;160;com vítima;314,5;BR-101/RJ;Norte;Choque - Outros;;;;1;;;;;;;0;;1;;
12/07/2011;06:37:00;23;sem vítima;318;BR-101/RJ;Sul;Colisão Lateral;1;;;1;;;;;;;2;;;;
12/07/2011;06:57:00;28;com vítima;65,61199951171875;BR-101/RJ;Sul;Colisão Lateral;1;;;1;;;;;;;1;;1;;
12/07/2011;08:07:00;45;sem vítima;181,1999969482422;BR-101/RJ;Norte;Colisão Lateral;2;;;;;;;;;;5;;;;
12/07/2011;08:59:00;58;sem vítima;210;BR-101/RJ;Sul;Colisão Lateral;;;1;;;;;;;1;2;;;;
12/07/2011;10:24:00;86;sem vítima;84,9000015258789;BR-101/RJ;Norte;Tombamento;;;1;;;;;;;;2;;;;
12/07/2011;11:18:00;100;com vítima;302,364013671875;BR-101/RJ;Norte;Capotamento;1;;;;;;;;;;0;1;;;
12/07/2011;15:18:00;152;sem vítima;214;BR-101/RJ;Sul;Colisão Lateral;;;1;;;;;;;1;2;;;;
12/07/2011;16:19:00;159;sem vítima;174,5;BR-101/RJ;Norte;Colisão Traseira;;;2;;;;;;;;4;;;;
12/07/2011;17:20:00;166;sem vítima;206;BR-101/RJ;Sul;Colisão Traseira;2;;;;;;;;;;5;;;;
12/07/2011;18:30:00;180;sem vítima;316;BR-101/RJ;Norte;Colisão Traseira;1;;;;;1;;;;;3;;;;
12/07/2011;20:08:00;201;com vítima;276,6000061035156;BR-101/RJ;Sul;Colisão Traseira;2;;;;;;;;;;1;;1;;
12/07/2011;20:54:00;205;com vítima;312,04998779296875;BR-101/RJ;Norte;Atropelamento - Morador;1;;;;;;;;;;2;;;1;
12/07/2011;22:09:00;210;sem vítima;63;BR-101/RJ;Norte;Colisão Traseira;1;;;;;;;;;1;3;;;;
12/07/2011;23:55:00;226;sem vítima;292;BR-101/RJ;Sul;Capotamento;1;;;;;;;;;;1;;;;
13/07/2011;00:04:00;2;sem vítima;75;BR-101/RJ;Sul;Colisão Traseira;1;;1;;;;;;;;2;;;;
13/07/2011;01:08:00;5;sem vítima;320;BR-101/RJ;Norte;Capotamento;1;;;;;;;;;;1;;;;
13/07/2011;07:29:00;28;com vítima;105,69999694824219;BR-101/RJ;Sul;Colisão Lateral;1;;;;;;;;;1;1;1;;;
13/07/2011;07:50:00;30;sem vítima;318;BR-101/RJ;Sul;Colisão Lateral;1;;;1;;;;;;;4;;;;
13/07/2011;08:03:00;31;sem vítima;316;BR-101/RJ;Norte;Capotamento;1;;;;;;;;;;1;;;;
13/07/2011;09:32:00;49;sem vítima;320;BR-101/RJ;Sul;Colisão Lateral;1;;1;;;;;;;;5;;;;
13/07/2011;11:22:00;71;sem vítima;320;BR-101/RJ;Sul;Colisão Lateral;2;;;;;;;;;;4;;;;
13/07/2011;11:35:00;78;sem vítima;314;BR-101/RJ;Sul;Colisão Traseira;2;;;;;;;;;;3;;;;
13/07/2011;12:33:00;95;sem vítima;313;BR-101/RJ;Sul;Colisão Traseira;2;;;;;;;;;;2;;;;
13/07/2011;11:50:00;112;sem vítima;319;BR-101/RJ;Sul;Colisão Lateral;;;1;;;1;;;;;2;;;;
13/07/2011;15:52:00;130;sem vítima;320;BR-101/RJ;Norte;Colisão Lateral;1;;;;;;;;;;1;;;;
13/07/2011;16:57:00;146;sem vítima;195,5;BR-101/RJ;Sul;Colisão Transversal;1;;;;;;;;;1;4;;;;
13/07/2011;18:28:00;161;sem vítima;318;BR-101/RJ;Norte;Colisão Traseira;1;;;1;;;;;;;3;;;;
13/07/2011;23:33:00;194;sem vítima;40;BR-101/RJ;Sul;Colisão Traseira;;;2;;;;;;;;2;;;;
14/07/2011;04:27:00;12;sem vítima;293;BR-101/RJ;Norte;Tombamento;;;1;;;;;;;;1;;;;
14/07/2011;05:20:00;15;sem vítima;90,94999694824219;BR-101/RJ;Sul;Capotamento;1;;;;;;;;;;1;;;;
14/07/2011;07:33:00;30;sem vítima;126;BR-101/RJ;Sul;Saida de Pista;1;;;;;;;;;;1;;;;
14/07/2011;09:20:00;49;com vítima;188;BR-101/RJ;Sul;Colisão Traseira;;;2;;;;;;;;6;1;;;
14/07/2011;13:11:00;92;sem vítima;173;BR-101/RJ;Norte;Colisão Lateral;2;;;;;;;;;;4;;;;
14/07/2011;13:24:00;94;com vítima;311;BR-101/RJ;Sul;Capotamento;1;;;;;;;;;;0;;;1;
14/07/2011;13:35:00;96;sem vítima;256,1910095214844;BR-101/RJ;Sul;Saida de Pista;1;;;;;;;;;;1;;;;
14/07/2011;14:47:00;107;sem vítima;195;BR-101/RJ;Norte;Colisão Traseira;2;;;;;1;;;;;5;;;;
14/07/2011;14:48:00;108;com vítima;311,552001953125;BR-101/RJ;Norte;Queda de Moto;;;;1;;;;;;;1;;1;;
14/07/2011;14:58:00;113;com vítima;274,64300537109375;BR-101/RJ;Sul;Atropelamento - Ciclista;;1;;;;1;;;;;1;;;1;
14/07/2011;15:31:00;118;com vítima;284,5;BR-101/RJ;Norte;Capotamento;2;;;;;;;;;;1;1;;;
14/07/2011;16:02:00;124;sem vítima;291;BR-101/RJ;Sul;Saida de Pista;1;;;;;;;;;;2;;;;