data;horario;n_da_ocorrencia;tipo_de_ocorrencia;km;trecho;sentido;tipo_de_acidente;automovel;bicicleta;caminhao;moto;onibus;outros;tracao_animal;transporte_de_cargas_especiais;trator_maquinas;utilitarios;ilesos;levemente_feridos;moderadamente_feridos;gravemente_feridos;mortos
23/06/2016;20:16:00;211;com vítima;184,03;BR-101/RJ;Norte;Capotamento;1;;;;;;;;;;0;2;;;
01/04/2016;13:00:00;141;sem vítima;184,5;BR-101/RJ;Norte;Tombamento;;;2;;;;;;;;2;;;;
16/07/2016;08:14:00;59;sem vítima;184,7;BR-101/RJ;Norte;Colisão Lateral;1;;;;;1;;;;;2;;;;
20/05/2016;00:08:00;1;sem vítima;184,72;BR-101/RJ;Norte;Capotamento;1;;;;;;;;;;1;;;;
21/04/2016;06:09:00;38;sem vítima;185;BR-101/RJ;Norte;Colisão Frontal;2;;;;;;;;;;11;;;;
02/02/2016;17:06:00;185;sem vítima;185,5;BR-101/RJ;Norte;Colisão Lateral;;;2;;;;;;;;2;;;;
13/08/2016;16:48:00;141;com vítima;185,9;BR-101/RJ;Norte;Choque - Outros;1;;;;;;;;;;4;1;;;
29/02/2016;09:48:00;91;com vítima;187;BR-101/RJ;Norte;Colisão Lateral;1;;1;;;;;;;;2;1;;;
18/08/2016;11:34:00;152;com vítima;187,489;BR-101/RJ;Sul;Colisão Lateral;1;;;1;;;;;;;3;1;;;
29/07/2016;04:57:00;26;sem vítima;188;BR-101/RJ;Sul;Choque - Objeto sobre a pista;1;;;;;;;;;;1;;;;
22/08/2016;21:34:00;252;sem vítima;188;BR-101/RJ;Norte;Choque - Defensa, barreira ou "submarino";1;;;;;1;;;;;4;;;;
10/07/2016;14:19:00;93;com vítima;188,876;BR-101/RJ;Norte;Choque - Suporte de Sinalização;1;;;;;;;;;;0;1;;;
03/01/2016;13:53:00;115;sem vítima;189;BR-101/RJ;Norte;Saida de Pista;;;1;;;;;;;;1;;;;
12/01/2016;10:33:00;69;sem vítima;189;BR-101/RJ;Sul;Colisão Traseira;2;;;;;;;;;;4;;;;
15/01/2016;07:52:00;50;sem vítima;189;BR-101/RJ;Norte;Saida de Pista;;;;;;;;;;1;2;;;;
16/01/2016;08:09:00;57;sem vítima;189;BR-101/RJ;Sul;Colisão Traseira;1;;;;;1;;;;;3;;;;
15/01/2016;07:47:00;48;sem vítima;189,096;BR-101/RJ;Sul;Colisão Traseira;2;;;;;;;;;;6;;;;
24/06/2016;20:13:00;194;com vítima;189,65;BR-101/RJ;Sul;Colisão Transversal;1;;;1;;;;;;;0;3;;;
09/07/2016;07:21:00;30;com vítima;189,8;BR-101/RJ;Norte;Colisão Lateral;1;;1;;;;;;;;1;1;;;
23/01/2016;05:24:00;39;com vítima;189,9;BR-101/RJ;Sul;Saida de Pista;;;1;;;;;;;;2;1;;;
03/08/2016;17:17:00;174;com vítima;189,96;BR-101/RJ;Norte;Colisão Frontal;;;1;;;;;;;1;0;6;3;8;1
29/01/2016;12:27:00;118;com vítima;189,975;BR-101/RJ;Norte;Colisão Traseira;;;2;;;;;;;;1;;1;;
02/01/2016;15:24:00;129;sem vítima;189,99;BR-101/RJ;Norte;Colisão Traseira;1;;;;;1;;;;;2;;;;
01/08/2016;07:28:00;42;sem vítima;189,99;BR-101/RJ;Sul;Colisão Frontal;1;;1;;;;;;;;2;;;;
16/01/2016;08:49:00;66;sem vítima;190;BR-101/RJ;Norte;Saida de Pista;1;;;;;;;;;;4;;;;
16/01/2016;17:16:00;159;sem vítima;190;BR-101/RJ;Norte;Colisão Traseira;2;;;;;;;;;;9;;;;
10/02/2016;05:51:00;36;sem vítima;190;BR-101/RJ;Sul;Saida de Pista;1;;;;;;;;;;4;;;;
13/02/2016;05:54:00;23;sem vítima;190;BR-101/RJ;Norte;Choque - Outros;1;;;;;;;;;;1;;;;
13/03/2016;16:57:00;108;sem vítima;190;BR-101/RJ;Sul;Choque - Suporte de Sinalização;1;;;;;;;;;;1;;;;
18/04/2016;08:17:00;72;com vítima;190;BR-101/RJ;Norte;Choque - Defensa, barreira ou "submarino";1;;;;;;;;;;0;1;;;
17/05/2016;15:10:00;134;sem vítima;190;BR-101/RJ;Sul;Choque - Defensa, barreira ou "submarino";1;;;;;;;;;;2;;;;
31/07/2016;07:11:00;30;com vítima;190;BR-101/RJ;Sul;Choque - Elemento de Drenagem;1;;;;;;;;;;1;2;;;
06/08/2016;06:16:00;29;sem vítima;190;BR-101/RJ;Norte;Saida de Pista;1;;;;;;;;;;1;;;;
25/05/2016;11:10:00;122;com vítima;190,2;BR-101/RJ;Norte;Choque - Outros;;;;;;;;;;1;1;2;;;
21/07/2016;13:50:00;114;sem vítima;190,4;BR-101/RJ;Sul;Choque - Defensa, barreira ou "submarino";1;;;;;;;;;;2;;;;
30/05/2016;22:57:00;210;com vítima;190,482;BR-101/RJ;Sul;Choque - Elemento de Drenagem;;;1;;;;;;;;1;1;;;
01/06/2016;08:59:00;81;com vítima;192;BR-101/RJ;Norte;Colisão Lateral;1;;;1;;;;;;;2;1;;;
11/08/2016;11:26:00;124;sem vítima;192;BR-101/RJ;Sul;Colisão Transversal;2;;;;;;;;;;2;;;;
08/03/2016;13:28:00;147;com vítima;192,3;BR-101/RJ;Sul;Colisão Transversal;2;;;;;;;;;;1;2;;;
17/08/2016;08:15:00;89;sem vítima;192,443;BR-101/RJ;Norte;Colisão Transversal;2;;;;;;;;;;2;;;;
28/06/2016;23:27:00;236;sem vítima;192,582;BR-101/RJ;Sul;Choque - Objeto sobre a pista;1;;;;;;;;;;1;;;;
25/08/2016;16:07:00;194;sem vítima;192,87;BR-101/RJ;Sul;Colisão Lateral;2;;;;;;;;;;6;;;;
06/01/2016;22:08:00;231;com vítima;192,94;BR-101/RJ;Sul;Atropelamento - Usuário;1;;1;;;;;;;;3;1;;;
11/01/2016;07:02:00;35;com vítima;193;BR-101/RJ;Sul;Colisão Traseira;;;1;;;;;;;1;4;1;;;
14/01/2016;09:49:00;96;sem vítima;193;BR-101/RJ;Sul;Colisão Traseira;2;;;;;;;;;;2;;;;
10/03/2016;00:09:00;1;sem vítima;193;BR-101/RJ;Sul;Choque - Defensa, barreira ou "submarino";;;1;;;;;;;;1;;;;
18/03/2016;10:45:00;111;sem vítima;193;BR-101/RJ;Sul;Engavetamento;2;;1;;;;;;;;4;;;;
27/05/2016;12:30:00;87;com vítima;193;BR-101/RJ;Sul;Colisão Traseira;2;;;;;;;;;;2;2;;;
17/06/2016;09:01:00;80;sem vítima;193;BR-101/RJ;Sul;Colisão Traseira;;;;;;1;;;;1;2;;;;
12/03/2016;14:31:00;140;com vítima;194;BR-101/RJ;Sul;Capotamento;1;;;;;;;;;;0;1;;;
09/08/2016;21:33:00;229;sem vítima;194;BR-101/RJ;Norte;Choque - Talude;1;;;;;;;;;;4;;;;
06/01/2016;18:57:00;202;sem vítima;195;BR-101/RJ;Norte;Choque - Outros;1;;;;;;;;;;1;;;;
16/01/2016;12:48:00;110;com vítima;195;BR-101/RJ;Sul;Choque - Defensa, barreira ou "submarino";1;;;;;;;;;;0;1;;;
24/01/2016;22:18:00;186;com vítima;195;BR-101/RJ;Norte;Choque - Outros;1;;;;;;;;;;1;1;;;
24/03/2016;03:33:00;17;com vítima;195;BR-101/RJ;Sul;Capotamento;1;;;;;;;;;;0;3;1;1;
06/01/2016;16:40:00;181;sem vítima;195,05;BR-101/RJ;Sul;Choque - Defensa, barreira ou "submarino";1;;;;;;;;;;1;;;;
03/06/2016;08:02:00;42;com vítima;195,345;BR-101/RJ;Sul;Choque - Defensa, barreira ou "submarino";1;;;;;;;;;;0;1;;;
18/03/2016;13:58:00;136;sem vítima;196;BR-101/RJ;Sul;Colisão Lateral;1;;1;;;;;;;;2;;;;
18/03/2016;14:11:00;144;com vítima;196;BR-101/RJ;Sul;Colisão Traseira;1;;;;1;;;;;;2;1;;;
25/04/2016;09:51:00;92;sem vítima;196;BR-101/RJ;Norte;Choque - Defensa, barreira ou "submarino";1;;;;;;;;;;1;;;;
19/08/2016;14:12:00;162;com vítima;196;BR-101/RJ;Sul;Queda de Moto;;;;1;;;;;;;0;;1;;
04/07/2016;16:02:00;172;sem vítima;196,885;BR-101/RJ;Norte;Colisão Traseira;1;;1;;;1;;;;;3;;;;
08/05/2016;12:10:00;77;com vítima;197;BR-101/RJ;Sul;Colisão Traseira;2;;;;;;;;;;7;1;;;
14/05/2016;19:28:00;162;sem vítima;197;BR-101/RJ;Norte;Choque - Outros;1;;;;;;;;;;0;;;;
23/05/2016;13:15:00;113;sem vítima;197;BR-101/RJ;Norte;Choque - Defensa, barreira ou "submarino";;;;;;;;;;;1;;;;
23/07/2016;17:10:00;157;sem vítima;197;BR-101/RJ;Norte;Colisão Traseira;1;;1;;;;;;;;5;;;;
21/07/2016;08:00:00;46;sem vítima;197,445;BR-101/RJ;Norte;Colisão Traseira;2;;;;;;;;;;2;;;;
19/02/2016;08:58:00;66;com vítima;198;BR-101/RJ;Norte;Colisão Traseira;1;;1;;;;;;;;1;2;;;
24/04/2016;10:45:00;72;sem vítima;198;BR-101/RJ;Norte;Colisão Lateral;1;;1;;;;;;;;3;;;;
27/05/2016;07:54:00;41;sem vítima;198;BR-101/RJ;Sul;Colisão Traseira;2;;;;;;;;;;2;;;;
01/06/2016;05:56:00;14;sem vítima;198;BR-101/RJ;Norte;Colisão Lateral;1;;1;;;1;;;;;2;;;;
16/05/2016;08:32:00;61;sem vítima;198,3;BR-101/RJ;Sul;Queda de Moto;;;;1;;1;;;;;2;;;;
01/05/2016;22:02:00;191;sem vítima;198,755;BR-101/RJ;Sul;Colisão Transversal;1;1;;;;;;;;;5;;;;
03/06/2016;08:02:00;43;sem vítima;199,987;BR-101/RJ;Sul;Choque - Suporte de Sinalização;;;1;;;;;;;;1;;;;
13/02/2016;05:45:00;21;sem vítima;200;BR-101/RJ;Norte;Choque - Outros;1;;;;;;;;;;1;;;;
14/05/2016;08:54:00;69;sem vítima;200;BR-101/RJ;Norte;Colisão Traseira;1;;1;;;;;;;;2;;;;
28/05/2016;18:13:00;144;sem vítima;200;BR-101/RJ;Norte;Saida de Pista;1;;;;;;;;;;1;;;;
26/06/2016;08:55:00;63;com vítima;200;BR-101/RJ;Sul;Queda de Moto;;;;1;;;;;;;0;1;;;
08/08/2016;07:22:00;50;sem vítima;200;BR-101/RJ;Norte;Colisão Traseira;2;;;;;;;;;;5;;;;
26/08/2016;23:21:00;249;com vítima;200,1;BR-101/RJ;Norte;Choque - Defensa, barreira ou "submarino";;;;;1;;;;;;5;7;;;
15/08/2016;07:29:00;38;sem vítima;200,95;BR-101/RJ;Norte;Colisão Traseira;1;;1;;;;;;;;4;;;;
16/01/2016;10:03:00;81;com vítima;201;BR-101/RJ;Norte;Choque - Defensa, barreira ou "submarino";1;;;;;;;;;;1;1;;;
01/04/2016;18:18:00;199;sem vítima;201;BR-101/RJ;Sul;Atropelamento - Animal;;;;;;2;;;;;2;;;;
30/05/2016;21:14:00;201;com vítima;201;BR-101/RJ;Norte;Colisão Traseira;1;;;;;1;;;;;1;2;;;
24/07/2016;11:58:00;85;com vítima;201,018;BR-101/RJ;Norte;Colisão Transversal;1;1;;;;;;;;;1;;1;;
01/01/2016;07:59:00;47;sem vítima;201,6;BR-101/RJ;Norte;Choque - Defensa, barreira ou "submarino";1;;;;;;;;;;5;;;;
05/08/2016;18:36:00;208;sem vítima;201,686;BR-101/RJ;Sul;Choque - Defensa, barreira ou "submarino";1;;;;;;;;;;2;;;;
03/01/2016;19:12:00;201;sem vítima;202;BR-101/RJ;Norte;Engavetamento;1;;;;;2;;;;;4;;;;
15/06/2016;22:42:00;225;sem vítima;202,8;BR-101/RJ;Norte;Choque - Objeto sobre a pista;1;;;;;;;;;;1;;;;
28/07/2016;18:26:00;182;com vítima;202,8;BR-101/RJ;Sul;Queda de Moto;;;;1;;;;;;;0;1;;;
22/05/2016;22:50:00;165;sem vítima;202,93;BR-101/RJ;Norte;Choque - Defensa, barreira ou "submarino";1;;;;;;;;;;1;;;;
04/03/2016;18:15:00;211;sem vítima;203;BR-101/RJ;Sul;Saida de Pista;;;1;;;;;;;;2;;;;
05/03/2016;02:50:00;24;sem vítima;203;BR-101/RJ;Sul;Saida de Pista;;;1;;;;;;;;1;;;;
24/04/2016;14:59:00;114;sem vítima;203;BR-101/RJ;Sul;Engavetamento;2;;;;;1;;;;;3;;;;
02/01/2016;18:20:00;165;sem vítima;204;BR-101/RJ;Sul;Colisão Traseira;2;;;;;;;;;;7;;;;
19/08/2016;19:22:00;220;sem vítima;204,968;BR-101/RJ;Sul;Choque - Objeto sobre a pista;1;;;;;;;;;;5;;;;
19/01/2016;13:11:00;82;com vítima;205;BR-101/RJ;Sul;Colisão Lateral;;1;1;;;;;;;;1;1;;;
29/01/2016;10:46:00;99;sem vítima;205;BR-101/RJ;Sul;Colisão Traseira;1;;1;;;;;;;;2;;;;
05/04/2016;00:20:00;1;sem vítima;205;BR-101/RJ;Sul;Atropelamento - Animal;;;1;;;;;;;;1;;;;
17/07/2016;15:56:00;114;sem vítima;205;BR-101/RJ;Sul;Engavetamento;2;;;;1;;;;;;3;;;;
03/02/2016;07:28:00;43;com vítima;205,119;BR-101/RJ;Norte;Colisão Traseira;;;;1;;1;;;;;1;;1;;
29/05/2016;10:45:00;53;com vítima;205,65;BR-101/RJ;Norte;Colisão Transversal;;1;;;;1;;;;;1;;;1;
01/01/2016;17:36:00;157;com vítima;206;BR-101/RJ;Norte;Colisão Transversal;1;;;;;1;;;;;2;3;;;
19/01/2016;08:56:00;39;com vítima;206;BR-101/RJ;Norte;Engavetamento;1;;2;;;;;;;;5;4;;;
29/01/2016;15:47:00;158;sem vítima;206;BR-101/RJ;Norte;Colisão Lateral;1;;1;;;;;;;;2;;;;
01/02/2016;10:48:00;106;sem vítima;206;BR-101/RJ;Sul;Colisão Traseira;1;;;;;1;;;;;2;;;;
12/02/2016;13:30:00;125;sem vítima;206;BR-101/RJ;Norte;Colisão Transversal;1;;1;;;;;;;;3;;;;
05/03/2016;11:00:00;101;sem vítima;206;BR-101/RJ;Sul;Colisão Traseira;2;;;;;;;;;;3;;;;
23/03/2016;17:25:00;164;com vítima;206;BR-101/RJ;Sul;Colisão Transversal;1;;;1;;;;;;;2;1;;;
15/07/2016;17:17:00;183;sem vítima;206;BR-101/RJ;Sul;Engavetamento;2;;1;;;;;;;;8;;;;
31/07/2016;13:27:00;93;com vítima;206;BR-101/RJ;Norte;Colisão Lateral;;1;;1;;;;;;;0;2;;;
10/08/2016;19:27:00;175;com vítima;206;BR-101/RJ;Sul;Colisão Transversal;2;;;;;;;;;;1;1;;;
28/08/2016;23:25:00;184;com vítima;206;BR-101/RJ;Norte;Colisão Traseira;2;;;;;;;;;;2;1;;;
05/08/2016;14:03:00;145;sem vítima;206,042;BR-101/RJ;Sul;Colisão Lateral;1;;1;;;;;;;;3;;;;
19/08/2016;19:09:00;217;sem vítima;206,073;BR-101/RJ;Sul;Choque - Objeto sobre a pista;1;;;;;;;;;;4;;;;
27/07/2016;09:46:00;85;sem vítima;206,466;BR-101/RJ;Norte;Colisão Lateral;1;;;;1;;;;;;2;;;;
17/06/2016;07:48:00;65;sem vítima;206,594;BR-101/RJ;Norte;Colisão Traseira;;;2;;;;;;;;2;;;;
29/01/2016;16:45:00;161;com vítima;207;BR-101/RJ;Norte;Colisão Traseira;2;;;;;;;;;;5;2;;;
29/02/2016;11:49:00;119;sem vítima;207;BR-101/RJ;Norte;Colisão Traseira;2;;;;;;;;;;3;;;;
19/03/2016;08:50:00;56;sem vítima;207;BR-101/RJ;Norte;Colisão Traseira;2;;;;;;;;;;4;;;;
20/04/2016;09:23:00;93;com vítima;207;BR-101/RJ;Norte;Atropelamento - Morador;1;;;;;;;;;;1;;1;;
26/05/2016;11:05:00;76;com vítima;207;BR-101/RJ;Norte;Engavetamento;3;;;;;;;;;;13;2;;;
12/07/2016;11:05:00;113;sem vítima;207;BR-101/RJ;Norte;Engavetamento;2;;;;;;;;;1;4;;;;
12/08/2016;13:59:00;151;sem vítima;207,69;BR-101/RJ;Sul;Colisão Transversal;2;;;;;;;;;;2;;;;
15/02/2016;00:06:00;1;com vítima;208;BR-101/RJ;Norte;Saida de Pista;;;1;;;;;;;;0;1;;;
27/03/2016;18:09:00;168;sem vítima;208;BR-101/RJ;Sul;Engavetamento;3;;;;;;;;;;9;;;;
07/04/2016;19:34:00;203;com vítima;208,15;BR-101/RJ;Norte;Atropelamento - Morador;;;;;1;;;;;;1;;;;1
22/05/2016;03:12:00;10;sem vítima;208,168;BR-101/RJ;Sul;Atropelamento - Animal;1;;;;;;;;;;0;;;;
30/05/2016;21:29:00;203;sem vítima;209;BR-101/RJ;Sul;Choque - Talude;1;;;;;;;;;;3;;;;
15/02/2016;18:29:00;224;com vítima;209,6;BR-101/RJ;Sul;Colisão Frontal;2;;;;;;;;;;0;;;1;2
31/07/2016;18:03:00;148;com vítima;209,6;BR-101/RJ;Norte;Colisão Frontal;1;;1;;;;;;;;1;1;2;1;1
09/06/2016;01:28:00;9;sem vítima;209,75;BR-101/RJ;Norte;Choque - Defensa, barreira ou "submarino";1;;;;;;;;;;2;;;;
15/01/2016;18:08:00;207;com vítima;210;BR-101/RJ;Norte;Engavetamento;1;;3;;;;;;;;5;;;1;
18/01/2016;08:14:00;55;sem vítima;210;BR-101/RJ;Norte;Choque - Defensa, barreira ou "submarino";1;;;;;;;;;;1;;;;
31/08/2016;20:12:00;200;com vítima;210,117;BR-101/RJ;Sul;Tombamento;;;1;;;;;;;;3;1;;;
18/06/2016;22:19:00;189;sem vítima;211;BR-101/RJ;Norte;Choque - Defensa, barreira ou "submarino";1;;;;;;;;;;4;;;;
01/04/2016;12:24:00;140;sem vítima;211,3;BR-101/RJ;Norte;Colisão Traseira;1;;1;;;;;;;;2;;;;
26/02/2016;11:24:00;106;sem vítima;212,8;BR-101/RJ;Norte;Tombamento;;;;;;;;;;1;2;;;;
14/01/2016;18:20:00;217;sem vítima;213;BR-101/RJ;Norte;Tombamento;1;;;;;;;;;;4;;;;
19/07/2016;04:56:00;23;sem vítima;213;BR-101/RJ;Norte;Tombamento;1;;;;;;;;;;2;;;;
16/01/2016;13:49:00;119;sem vítima;214;BR-101/RJ;Sul;Capotamento;1;;;;;;;;;;5;;;;
21/02/2016;14:12:00;83;sem vítima;214;BR-101/RJ;Sul;Queda de Moto;;;;1;;;;;;;1;;;;
12/03/2016;16:30:00;169;sem vítima;214;BR-101/RJ;Sul;Choque - Talude;1;;;;;;;;;;2;;;;
10/04/2016;19:17:00;159;sem vítima;214;BR-101/RJ;Sul;Engavetamento;3;;;;;;;;;;10;;;;
13/05/2016;09:58:00;111;sem vítima;214;BR-101/RJ;Sul;Colisão Traseira;2;;;;;;;;;;2;;;;
14/08/2016;10:19:00;55;sem vítima;214;BR-101/RJ;Norte;Colisão Transversal;1;;;1;;;;;;;2;;;;
13/05/2016;17:04:00;198;sem vítima;214,5;BR-101/RJ;Norte;Colisão Transversal;3;;;;;;;;;;6;;;;
07/02/2016;16:54:00;147;com vítima;215;BR-101/RJ;Sul;Colisão Traseira;1;;1;;;;;;;;1;1;;;
18/02/2016;00:32:00;2;sem vítima;215;BR-101/RJ;Sul;Saida de Pista;1;;;;;;;;;;2;;;;
29/02/2016;13:24:00;130;sem vítima;215;BR-101/RJ;Norte;Saida de Pista;1;;;;;;;;;;1;;;;
05/06/2016;07:42:00;31;com vítima;215;BR-101/RJ;Sul;Choque - Talude;1;;;;;;;;;;0;1;;;
11/07/2016;17:18:00;215;sem vítima;215;BR-101/RJ;Norte;Colisão Traseira;2;;;;;;;;;;2;;;;
27/06/2016;11:30:00;105;sem vítima;215,633;BR-101/RJ;Sul;Colisão Traseira;1;;;;;;;;;1;5;;;;
07/02/2016;17:05:00;149;com vítima;215,8;BR-101/RJ;Sul;Saida de Pista;1;;;;;;;;;;3;1;;;
12/07/2016;18:21:00;203;sem vítima;215,8;BR-101/RJ;Norte;Colisão Traseira;1;;;;;1;;;;;3;;;;
05/01/2016;11:50:00;102;sem vítima;216;BR-101/RJ;Norte;Engavetamento;3;;;;;;;;;;11;;;;
05/01/2016;12:26:00;114;sem vítima;216;BR-101/RJ;Norte;Colisão Traseira;1;;;;;1;;;;;3;;;;
09/03/2016;14:33:00;148;com vítima;216;BR-101/RJ;Sul;Engavetamento;3;;;;;;;;;;3;2;;;
24/03/2016;01:55:00;15;sem vítima;216;BR-101/RJ;Sul;Tombamento;;;1;;;;;;;;1;;;;
20/05/2016;14:27:00;153;com vítima;216;BR-101/RJ;Norte;Colisão Traseira;;;1;;;1;;;;;2;1;;;
30/05/2016;11:59:00;108;com vítima;217;BR-101/RJ;Sul;Colisão Lateral;2;;;;;;;;;;2;1;;;
23/07/2016;18:27:00;170;sem vítima;217,519;BR-101/RJ;Norte;Choque - Defensa, barreira ou "submarino";1;;;;;;;;;;1;;;;
22/08/2016;12:52:00;135;com vítima;217,542;BR-101/RJ;Norte;Colisão Frontal;3;;;;;;;;;;0;10;;;
09/03/2016;14:12:00;143;sem vítima;218;BR-101/RJ;Sul;Choque - Outros;1;;;;;;;;;;2;;;;
28/04/2016;12:18:00;117;sem vítima;218;BR-101/RJ;Sul;Objeto lançado contra veículo;1;;1;;;;;;;;3;;;;
04/07/2016;03:17:00;17;sem vítima;218;BR-101/RJ;Sul;Atropelamento - Animal;1;;;;;;;;;;1;;;;
04/07/2016;03:17:00;16;sem vítima;218,156;BR-101/RJ;Norte;Atropelamento - Animal;;;1;;;;;;;;1;;;;
19/08/2016;00:22:00;3;com vítima;218,3;BR-101/RJ;Sul;Colisão Frontal;2;;1;;;;;;;;1;4;;;
06/02/2016;04:17:00;52;com vítima;219;BR-101/RJ;Norte;Atropelamento - Usuário;;;;;1;;;;;;1;;1;;
30/07/2016;15:06:00;95;sem vítima;219;BR-101/RJ;Norte;Choque - Outros;1;;;;;;;;;;3;;;;
08/02/2016;05:22:00;24;com vítima;220;BR-101/RJ;Sul;Colisão Lateral;;;;1;;;;;;;0;1;1;;
19/04/2016;20:34:00;237;com vítima;220;BR-101/RJ;Norte;Choque - Outros;1;;;;;;;;;;0;3;;;
07/08/2016;21:56:00;206;com vítima;220;BR-101/RJ;Norte;Colisão Frontal;;;;1;;1;;;;;1;;;1;
20/04/2016;00:42:00;5;sem vítima;220,604;BR-101/RJ;Norte;Colisão Frontal;;;1;;1;;;;;;2;;;;
07/06/2016;01:03:00;2;sem vítima;221;BR-101/RJ;Sul;Tombamento;;;1;;;;;;;;1;;;;
19/06/2016;16:24:00;131;sem vítima;221;BR-101/RJ;Sul;Colisão Lateral;1;;;;;;;;;1;3;;;;
09/01/2016;11:50:00;114;com vítima;221,703;BR-101/RJ;Sul;Colisão Frontal;2;;1;;;;;;;;3;2;;;
18/03/2016;00:05:00;1;sem vítima;221,9;BR-101/RJ;Sul;Saida de Pista;;;1;;;;;;;;2;;;;
25/07/2016;05:51:00;34;com vítima;222,17;BR-101/RJ;Norte;Atropelamento - Animal;;;;1;;;;;;;0;2;;;
25/07/2016;06:07:00;36;sem vítima;222,17;BR-101/RJ;Norte;Atropelamento - Animal;;;1;;;;;;;;1;;;;
27/03/2016;01:37:00;12;sem vítima;222,8;BR-101/RJ;Sul;Saida de Pista;1;;;;;;;;;;4;;;;
08/04/2016;14:35:00;166;sem vítima;222,8;BR-101/RJ;Sul;Colisão Lateral;1;;1;;;;;;;;2;;;;
01/01/2016;17:11:00;152;sem vítima;223;BR-101/RJ;Norte;Saida de Pista;1;;;;;;;;;;2;;;;
21/06/2016;03:28:00;17;sem vítima;223,257;BR-101/RJ;Sul;Choque - Elemento de Drenagem;1;;;;;;;;;;3;;;;
08/04/2016;13:25:00;150;com vítima;223,522;BR-101/RJ;Norte;Colisão Transversal;2;;;;;;;;;;2;1;1;;
15/01/2016;16:14:00;178;sem vítima;224;BR-101/RJ;Sul;Saida de Pista;1;;;;;;;;;;1;;;;
16/01/2016;08:28:00;60;sem vítima;224,2;BR-101/RJ;Sul;Saida de Pista;1;;;;;;;;;;1;;;;
12/05/2016;07:29:00;44;com vítima;225;BR-101/RJ;Norte;Choque - Outros;1;;;;;;;;;;2;2;;;
26/08/2016;08:46:00;80;sem vítima;225,207;BR-101/RJ;Sul;Colisão Traseira;2;;;;;;;;;;6;;;;
22/01/2016;16:09:00;182;sem vítima;225,436;BR-101/RJ;Norte;Tombamento;1;;;;;;;;;;1;;;;
02/02/2016;18:22:00;196;com vítima;225,606;BR-101/RJ;Norte;Capotamento;1;;;;;;;;;;1;1;;;
07/06/2016;15:40:00;136;sem vítima;226;BR-101/RJ;Sul;Choque - Outros;1;;;;;;;;;;1;;;;
16/08/2016;12:49:00;169;sem vítima;226,512;BR-101/RJ;Norte;Colisão Traseira;;;2;;;;;;;;2;;;;
19/01/2016;10:39:00;55;com vítima;227;BR-101/RJ;Sul;Saida de Pista;;;1;;;;;;;;2;1;;;
08/06/2016;00:22:00;1;sem vítima;227,188;BR-101/RJ;Norte;Colisão Transversal;1;;1;;;;;;;;4;;;;
21/03/2016;02:03:00;11;com vítima;227,85;BR-101/RJ;Norte;Choque - Outros;;;1;;;;;;;;0;;1;;
20/06/2016;13:24:00;132;sem vítima;227,95;BR-101/RJ;Sul;Choque - Elemento de Drenagem;1;;;;;;;;;;1;;;;
02/06/2016;10:16:00;82;sem vítima;228;BR-101/RJ;Sul;Colisão Traseira;2;;;;;;;;;;2;;;;
03/07/2016;05:00:00;18;sem vítima;228;BR-101/RJ;Norte;Choque - Talude;1;;;;;;;;;;1;;;;
04/05/2016;16:55:00;157;com vítima;228,165;BR-101/RJ;Sul;Colisão Transversal;;;1;1;;;;;;;1;;;;1
06/01/2016;10:27:00;100;sem vítima;229;BR-101/RJ;Sul;Atropelamento - Animal;1;;;;;;;;;;5;;;;
02/02/2016;07:51:00;58;sem vítima;229;BR-101/RJ;Sul;Choque - Suporte de Sinalização;1;;;;;;;;;;1;;;;
05/03/2016;02:50:00;23;com vítima;229;BR-101/RJ;Sul;Queda de Moto;;;;1;;;;;;;0;2;;;
24/03/2016;21:37:00;248;sem vítima;229;BR-101/RJ;Sul;Saida de Pista;1;;;;;;;;;;1;;;;
01/04/2016;17:53:00;195;sem vítima;229;BR-101/RJ;Sul;Capotamento;1;;;;;;;;;;1;;;;
03/04/2016;04:47:00;21;sem vítima;229;BR-101/RJ;Sul;Saida de Pista;1;;;;;;;;;;1;;;;
03/04/2016;22:38:00;199;sem vítima;229;BR-101/RJ;Sul;Saida de Pista;1;;;;;;;;;;2;;;;
15/04/2016;20:13:00;192;sem vítima;229;BR-101/RJ;Norte;Colisão Traseira;1;;;;;1;;;;;4;;;;
25/04/2016;22:57:00;226;sem vítima;229;BR-101/RJ;Norte;Choque - Outros;1;;;;;;;;;;1;;;;
13/05/2016;05:32:00;21;sem vítima;229;BR-101/RJ;Sul;Capotamento;1;;;;;;;;;;2;;;;
13/05/2016;17:47:00;207;sem vítima;229;BR-101/RJ;Sul;Saida de Pista;1;;;;;;;;;;1;;;;
13/05/2016;18:00:00;213;sem vítima;229;BR-101/RJ;Sul;Saida de Pista;1;;;;;;;;;;1;;;;
24/03/2016;00:47:00;4;sem vítima;229,5;BR-101/RJ;Sul;Saida de Pista;;;1;;;;;;;;1;;;;
28/04/2016;23:14:00;203;com vítima;229,6;BR-101/RJ;Sul;Tombamento;;;1;;;;;;;;0;1;;;
23/02/2016;21:13:00;227;sem vítima;230;BR-101/RJ;Norte;Saida de Pista;1;;;;;;;;;;2;;;;
29/02/2016;20:45:00;236;sem vítima;230;BR-101/RJ;Norte;Colisão Lateral;1;;1;;;;;;;;2;;;;
01/03/2016;01:14:00;10;sem vítima;230;BR-101/RJ;Norte;Saida de Pista;;;;;;;;;;1;1;;;;