data;horario;n_da_ocorrencia;tipo_de_ocorrencia;km;trecho;sentido;tipo_de_acidente;automovel;bicicleta;caminhao;moto;onibus;outros;tracao_animal;transporte_de_cargas_especiais;trator_maquinas;utilitarios;ilesos;levemente_feridos;moderadamente_feridos;gravemente_feridos;mortos
25/04/2016;18:34:00;199;com vítima;282,9;BR-101/RJ;Sul;Choque - Defensa, barreira ou "submarino";;;;1;;;;;;;0;2;;;
01/01/2016;09:46:00;68;sem vítima;283;BR-101/RJ;Norte;Colisão Traseira;2;;;;;;;;;;7;;;;
05/01/2016;12:17:00;111;sem vítima;283;BR-101/RJ;Sul;Colisão Traseira;2;;;;;;;;;;5;;;;
05/02/2016;06:39:00;40;sem vítima;283;BR-101/RJ;Sul;Colisão Lateral;1;;;1;;;;;;;4;;;;
06/02/2016;08:23:00;111;sem vítima;283;BR-101/RJ;Norte;Colisão Traseira;2;;;;;;;;;;8;;;;
18/02/2016;18:19:00;205;com vítima;283;BR-101/RJ;Sul;Choque - Defensa, barreira ou "submarino";1;;;;;;;;;;0;1;;;
20/02/2016;22:11:00;205;sem vítima;283;BR-101/RJ;Sul;Tombamento;1;;;;;;;;;;1;;;;
30/03/2016;01:15:00;7;sem vítima;283;BR-101/RJ;Norte;Colisão Traseira;2;;;;;;;;;;3;;;;
02/04/2016;09:53:00;55;com vítima;283;BR-101/RJ;Norte;Queda de Moto;;;;1;;;;;;;0;1;;;
02/04/2016;16:10:00;125;com vítima;283;BR-101/RJ;Norte;Choque - Outros;;;;1;;;;;;;0;;1;;
13/04/2016;21:30:00;207;sem vítima;283;BR-101/RJ;Sul;Choque - Defensa, barreira ou "submarino";1;;;;;;;;;;1;;;;
21/04/2016;11:49:00;110;com vítima;283;BR-101/RJ;Norte;Queda de Moto;;;;1;;;;;;;0;1;;;
23/04/2016;05:32:00;23;sem vítima;283;BR-101/RJ;Sul;Choque - Defensa, barreira ou "submarino";1;;;;;;;;;;2;;;;
15/05/2016;08:24:00;43;sem vítima;283;BR-101/RJ;Sul;Choque - Defensa, barreira ou "submarino";1;;;;;;;;;;1;;;;
25/05/2016;06:59:00;28;com vítima;283;BR-101/RJ;Sul;Choque - Defensa, barreira ou "submarino";1;;;;;;;;;;4;1;;;
27/05/2016;21:14:00;157;com vítima;283;BR-101/RJ;Norte;Colisão Frontal;;;;1;;;;;;1;1;;;1;1
12/08/2016;12:29:00;133;sem vítima;283;BR-101/RJ;Sul;Choque - Defensa, barreira ou "submarino";1;;;;;;;;;;2;;;;
02/06/2016;14:17:00;124;com vítima;283,04;BR-101/RJ;Sul;Capotamento;1;;;;;;;;;;0;2;;;
28/07/2016;02:33:00;13;com vítima;283,133;BR-101/RJ;Sul;Colisão Traseira;1;;1;;;;;;;;3;;;;1
18/01/2016;06:19:00;28;sem vítima;284;BR-101/RJ;Norte;Choque - Defensa, barreira ou "submarino";1;;;;;;;;;;1;;;;
21/02/2016;18:53:00;145;sem vítima;284;BR-101/RJ;Sul;Engavetamento;2;;;;;;;;;1;7;;;;
05/03/2016;13:07:00;120;com vítima;284;BR-101/RJ;Sul;Queda de Moto;;;;1;;;;;;;0;1;;;
11/03/2016;00:10:00;1;com vítima;284;BR-101/RJ;Norte;Colisão Traseira;;;2;;;;;;;;1;1;;;
22/03/2016;04:44:00;21;com vítima;284;BR-101/RJ;Norte;Colisão Traseira;1;;1;;;;;;;;1;1;;1;
22/03/2016;12:09:00;103;sem vítima;284;BR-101/RJ;Norte;Choque - Defensa, barreira ou "submarino";1;;;;;;;;;;1;;;;
02/07/2016;03:15:00;13;com vítima;284,867;BR-101/RJ;Sul;Colisão Traseira;1;;;;;1;;;;;1;4;1;;
22/04/2016;19:06:00;150;sem vítima;284,987;BR-101/RJ;Sul;Tombamento;1;;;;;;;;;;6;;;;
18/01/2016;12:52:00;125;sem vítima;285;BR-101/RJ;Norte;Choque - Suporte de Sinalização;;;1;;;;;;;;2;;;;
02/04/2016;20:06:00;165;com vítima;285;BR-101/RJ;Sul;Capotamento;1;;;;;;;;;;0;2;2;;
16/06/2016;16:42:00;182;sem vítima;285;BR-101/RJ;Norte;Colisão Traseira;1;;1;;;;;;;;2;;;;
31/07/2016;20:30:00;174;sem vítima;285;BR-101/RJ;Norte;Choque - Objeto sobre a pista;1;;;;;;;;;;1;;;;
19/07/2016;18:51:00;188;com vítima;285,41;BR-101/RJ;Sul;Queda de Moto;;;;1;;;;;;;0;1;;;
14/01/2016;11:20:00;119;com vítima;285,668;BR-101/RJ;Norte;Colisão Traseira;1;;1;;;;;;;;1;1;;;
03/01/2016;17:35:00;177;com vítima;286;BR-101/RJ;Norte;Capotamento;1;;;;;;;;;;0;1;;;
08/01/2016;12:25:00;121;com vítima;286;BR-101/RJ;Sul;Engavetamento;2;;1;;;;;;;;2;1;;;
26/01/2016;12:50:00;157;sem vítima;286;BR-101/RJ;Sul;Engavetamento;2;;;;;1;;;;;4;;;;
01/02/2016;14:26:00;159;sem vítima;286;BR-101/RJ;Norte;Colisão Traseira;2;;;;;;;;;;4;;;;
05/02/2016;20:35:00;264;com vítima;286;BR-101/RJ;Norte;Queda de Moto;;;;1;;;;;;;0;2;;;
21/02/2016;21:45:00;172;sem vítima;286;BR-101/RJ;Sul;Choque - Elemento de Drenagem;1;;;;;;;;;;3;;;;
24/02/2016;14:25:00;132;com vítima;286;BR-101/RJ;Norte;Colisão Traseira;2;;;;;;;;;;1;1;;;
24/02/2016;17:41:00;179;com vítima;286;BR-101/RJ;Norte;Atropelamento - Ambulante;1;;;;;;;;;;2;1;;;
02/04/2016;16:16:00;129;com vítima;286;BR-101/RJ;Norte;Choque - Outros;1;;;;;;;;;;1;1;;;
17/04/2016;01:25:00;12;sem vítima;286;BR-101/RJ;Sul;Capotamento;1;;;;;;;;;;3;;;;
21/04/2016;06:56:00;47;sem vítima;286;BR-101/RJ;Norte;Colisão Traseira;2;;;;;;;;;;3;;;;
22/04/2016;15:08:00;97;sem vítima;286;BR-101/RJ;Sul;Colisão Traseira;2;;;;;;;;;;6;;;;
22/06/2016;12:19:00;125;sem vítima;286;BR-101/RJ;Sul;Choque - Elemento de Drenagem;1;;;;;;;;;;1;;;;
06/07/2016;07:16:00;31;sem vítima;286;BR-101/RJ;Sul;Capotamento;1;;;;;;;;;;1;;;;
21/08/2016;06:01:00;38;sem vítima;286;BR-101/RJ;Norte;Colisão Traseira;2;;;;;;;;;;4;;;;
19/02/2016;14:36:00;132;sem vítima;287;BR-101/RJ;Norte;Colisão Traseira;2;;;;;;;;;;2;;;;
03/03/2016;23:17:00;215;com vítima;287;BR-101/RJ;Norte;Colisão Traseira;1;;1;;;;;;;;1;;1;;
29/07/2016;22:28:00;231;com vítima;287;BR-101/RJ;Sul;Colisão Traseira;1;;1;;;;;;;;3;;;1;2
03/08/2016;21:29:00;192;com vítima;287;BR-101/RJ;Sul;Choque - Defensa, barreira ou "submarino";1;;;;;;;;;;0;1;;;
15/06/2016;23:46:00;238;sem vítima;287,339;BR-101/RJ;Sul;Atropelamento - Animal;1;;;;;;;;;;1;;;;
01/05/2016;06:45:00;30;sem vítima;287,5;BR-101/RJ;Norte;Choque - Defensa, barreira ou "submarino";1;;;;;;;;;;1;;;;
16/01/2016;07:49:00;55;sem vítima;288;BR-101/RJ;Norte;Choque - Defensa, barreira ou "submarino";1;;;;;;;;;;2;;;;
16/01/2016;14:52:00;133;sem vítima;288;BR-101/RJ;Norte;Capotamento;1;;;;;;;;;;2;;;;
05/02/2016;17:25:00;243;sem vítima;288;BR-101/RJ;Sul;Colisão Traseira;1;;;;1;;;;;;2;;;;
12/07/2016;23:31:00;243;com vítima;288,17;BR-101/RJ;Norte;Colisão Traseira;;;1;;1;;;;;;16;23;;;
24/07/2016;06:16:00;39;sem vítima;288,637;BR-101/RJ;Norte;Choque - Defensa, barreira ou "submarino";1;;;;;;;;;;1;;;;
03/01/2016;01:11:00;10;sem vítima;289;BR-101/RJ;Sul;Colisão Traseira;2;;;;;;;;;;6;;;;
02/03/2016;10:27:00;93;com vítima;289;BR-101/RJ;Sul;Choque - Defensa, barreira ou "submarino";1;;;;;;;;;;0;1;;;
28/03/2016;13:16:00;128;sem vítima;289;BR-101/RJ;Norte;Colisão Lateral;1;;1;;;;;;;;2;;;;
07/04/2016;11:41:00;106;com vítima;289;BR-101/RJ;Sul;Colisão Traseira;1;;;1;;;;;;;2;;1;;
09/06/2016;14:48:00;172;com vítima;289;BR-101/RJ;Sul;Colisão Traseira;;;1;;1;;;;;;14;2;;;
11/08/2016;22:24:00;243;com vítima;289;BR-101/RJ;Sul;Choque - Defensa, barreira ou "submarino";1;;;;;;;;;;0;1;;;
26/06/2016;04:50:00;26;sem vítima;289,031;BR-101/RJ;Norte;Choque - Talude;1;;;;;;;;;;5;;;;
15/08/2016;16:38:00;194;com vítima;289,139;BR-101/RJ;Norte;Choque - Defensa, barreira ou "submarino";1;;;;;;;;;;1;1;1;;
23/04/2016;18:12:00;140;sem vítima;289,3;BR-101/RJ;Norte;Colisão Traseira;1;;;;1;;;;;;5;;;;
16/01/2016;04:35:00;25;com vítima;289,354;BR-101/RJ;Sul;Colisão Traseira;1;;1;1;;;;;;;1;1;1;1;
08/02/2016;16:32:00;125;com vítima;290;BR-101/RJ;Sul;Capotamento;3;;;;;;;;;;1;3;;;
16/02/2016;08:10:00;62;com vítima;290;BR-101/RJ;Norte;Choque - Defensa, barreira ou "submarino";1;;;;;;;;;;0;;1;;
11/03/2016;23:32:00;254;com vítima;290;BR-101/RJ;Norte;Queda de Moto;;;;1;;;;;;;0;2;;;
18/03/2016;15:19:00;157;sem vítima;290;BR-101/RJ;Sul;Colisão Traseira;1;;;;;1;;;;;2;;;;
31/05/2016;13:43:00;134;sem vítima;290;BR-101/RJ;Sul;Choque - Defensa, barreira ou "submarino";1;;;;;;;;;;1;;;;
26/04/2016;05:03:00;16;sem vítima;290,113;BR-101/RJ;Sul;Choque - Outros;;;;;;1;;;;;1;;;;
14/08/2016;03:01:00;15;com vítima;290,297;BR-101/RJ;Norte;Choque - Defensa, barreira ou "submarino";2;;;;;;;;;;3;1;1;;
04/08/2016;05:20:00;28;com vítima;290,5;BR-101/RJ;Sul;Atropelamento de Animal;2;;1;;;;;;;;5;1;;;
21/08/2016;18:38:00;147;com vítima;290,7;BR-101/RJ;Sul;Colisão Traseira;1;;;;;1;;;;;5;1;;;
21/08/2016;22:37:00;187;sem vítima;290,733;BR-101/RJ;Sul;Colisão Lateral;1;;1;;;;;;;;6;;;;
21/06/2016;07:48:00;60;sem vítima;290,83;BR-101/RJ;Sul;Choque - Talude;1;;;;;;;;;;3;;;;
31/01/2016;18:12:00;185;sem vítima;291;BR-101/RJ;Sul;Colisão Traseira;2;;;;;;;;;;4;;;;
06/02/2016;12:33:00;193;com vítima;291;BR-101/RJ;Norte;Engavetamento;3;;;;;;;;;;9;1;;;
09/02/2016;18:30:00;180;sem vítima;291;BR-101/RJ;Sul;Colisão Traseira;3;;;;;;;;;;7;;;;
22/02/2016;11:01:00;115;sem vítima;291;BR-101/RJ;Sul;Colisão Traseira;2;;;;;;;;;;6;;;;
03/04/2016;18:38:00;169;com vítima;291;BR-101/RJ;Sul;Engavetamento;3;;;;;1;;;;;4;1;;;
29/04/2016;04:48:00;14;sem vítima;291;BR-101/RJ;Norte;Choque - Defensa, barreira ou "submarino";1;;;;;;;;;;1;;;;
18/06/2016;21:07:00;175;sem vítima;291;BR-101/RJ;Norte;Atropelamento - Animal;1;;;;;;;;;;2;;;;
14/07/2016;09:58:00;95;com vítima;291;BR-101/RJ;Sul;Capotamento;;;;;;;;;;1;0;2;;;
22/07/2016;22:20:00;208;sem vítima;291;BR-101/RJ;Sul;Colisão Traseira;2;;;;;;;;;;3;;;;
07/08/2016;16:21:00;136;sem vítima;291;BR-101/RJ;Sul;Colisão Traseira;2;;;;;;;;;;2;;;;
22/07/2016;22:13:00;201;sem vítima;291,5;BR-101/RJ;Sul;Choque - Defensa, barreira ou "submarino";2;;;;;;;;;;4;;;;
15/07/2016;04:36:00;11;com vítima;291,512;BR-101/RJ;Sul;Colisão Traseira;2;;;;;;;;;;3;1;;;
22/08/2016;07:20:00;38;sem vítima;291,6;BR-101/RJ;Sul;Engavetamento;2;;;;;;;;;1;15;;;;
10/08/2016;21:41:00;189;sem vítima;291,9;BR-101/RJ;Norte;Choque - Defensa, barreira ou "submarino";1;;;;;1;;;;;3;;;;
03/01/2016;07:07:00;36;sem vítima;292;BR-101/RJ;Sul;Colisão Traseira;2;;;;;;;;;;8;;;;
03/01/2016;20:00:00;210;sem vítima;292;BR-101/RJ;Sul;Colisão Traseira;2;;;;;;;;;;9;;;;
06/02/2016;09:34:00;131;sem vítima;292;BR-101/RJ;Norte;Colisão Traseira;2;;;;;;;;;;2;;;;
09/02/2016;18:15:00;172;sem vítima;292;BR-101/RJ;Sul;Engavetamento;4;;;;;;;;;;10;;;;
10/02/2016;13:52:00;163;com vítima;292;BR-101/RJ;Sul;Colisão Traseira;;;;1;;1;;;;;1;;;1;
05/03/2016;00:53:00;9;sem vítima;292;BR-101/RJ;Norte;Atropelamento - Animal;1;;;;;;;;;;1;;;;
12/03/2016;00:52:00;9;sem vítima;292;BR-101/RJ;Sul;Colisão Traseira;2;;;;;;;;;;2;;;;
16/04/2016;06:59:00;29;com vítima;292;BR-101/RJ;Sul;Colisão Traseira;2;;;;;;;;;;2;2;;;
08/06/2016;12:40:00;99;sem vítima;292;BR-101/RJ;Norte;Colisão Traseira;2;;;;;;;;;;2;;;;
16/04/2016;07:20:00;37;sem vítima;292,5;BR-101/RJ;Sul;Colisão Traseira;2;;;;;;;;;;3;;;;
18/03/2016;12:27:00;127;com vítima;292,6;BR-101/RJ;Sul;Colisão Lateral;1;;;1;;;;;;;2;1;;;
31/05/2016;07:08:00;27;sem vítima;292,8;BR-101/RJ;Sul;Choque - Defensa, barreira ou "submarino";1;;;;;;;;;;0;;;;
22/08/2016;08:19:00;57;com vítima;292,838;BR-101/RJ;Sul;Colisão Traseira;1;;;1;;;;;;;3;;1;;
28/08/2016;16:25:00;104;sem vítima;292,851;BR-101/RJ;Sul;Colisão Traseira;2;;;;;;;;;;3;;;;
19/01/2016;16:26:00;122;sem vítima;293;BR-101/RJ;Sul;Choque - Defensa, barreira ou "submarino";1;;;;;;;;;;5;;;;
22/01/2016;09:39:00;77;sem vítima;293;BR-101/RJ;Norte;Colisão Lateral;1;;1;;;;;;;;2;;;;
31/01/2016;04:17:00;20;sem vítima;293;BR-101/RJ;Sul;Colisão Traseira;1;;1;;;;;;;;3;;;;
10/02/2016;18:32:00;243;sem vítima;293;BR-101/RJ;Sul;Choque - Defensa, barreira ou "submarino";1;;;;;;;;;;2;;;;
12/02/2016;17:48:00;170;sem vítima;293;BR-101/RJ;Sul;Engavetamento;3;;;;;1;;;;;11;;;;
15/02/2016;22:22:00;244;sem vítima;293;BR-101/RJ;Norte;Atropelamento - Animal;1;;;;;;;;;;1;;;;
16/02/2016;12:21:00;123;com vítima;293;BR-101/RJ;Norte;Choque - Defensa, barreira ou "submarino";1;;;;;;;;;;0;;1;;
25/02/2016;08:20:00;67;com vítima;293;BR-101/RJ;Sul;Colisão Lateral;;;2;;;;;;;;9;2;1;;
08/03/2016;07:40:00;54;com vítima;293;BR-101/RJ;Sul;Colisão Traseira;2;;;;;;;;;;6;1;;;
08/03/2016;19:38:00;210;sem vítima;293;BR-101/RJ;Sul;Saida de Pista;1;;;;;;;;;;1;;;;
09/03/2016;11:34:00;108;sem vítima;293;BR-101/RJ;Sul;Colisão Traseira;1;;;;;;;;;1;2;;;;
15/04/2016;04:16:00;13;sem vítima;293;BR-101/RJ;Sul;Choque - Elemento de Drenagem;1;;;;;;;;;;1;;;;
16/04/2016;09:00:00;62;sem vítima;293;BR-101/RJ;Norte;Colisão Traseira;2;;;;;;;;;;2;;;;
16/04/2016;09:40:00;68;com vítima;293;BR-101/RJ;Sul;Queda de Moto;;;;1;;;;;;;0;1;;;
20/04/2016;02:28:00;19;com vítima;293;BR-101/RJ;Sul;Queda de Moto;;;;1;;;;;;;0;1;;;
20/04/2016;19:16:00;221;sem vítima;293;BR-101/RJ;Norte;Choque - Objeto sobre a pista;2;;;;;;;;;;2;;;;
25/04/2016;13:32:00;133;sem vítima;293;BR-101/RJ;Sul;Engavetamento;4;;1;;;;;;;;12;;;;
16/05/2016;15:18:00;152;com vítima;293;BR-101/RJ;Sul;Colisão Traseira;2;;;;;;;;;;2;1;;;
26/05/2016;03:09:00;15;com vítima;293;BR-101/RJ;Norte;Queda de Moto;;;;1;;;;;;;0;;2;;
27/05/2016;11:57:00;86;sem vítima;293;BR-101/RJ;Norte;Colisão Lateral;2;;;;;;;;;;3;;;;
18/06/2016;15:52:00;130;com vítima;293;BR-101/RJ;Norte;Colisão Lateral;1;;;1;;;;;;;5;2;;;
04/07/2016;07:41:00;52;sem vítima;293;BR-101/RJ;Norte;Colisão Traseira;2;;1;;;;;;;;3;;;;
18/07/2016;10:27:00;102;sem vítima;293;BR-101/RJ;Norte;Colisão Lateral;;;1;1;;;;;;;2;;;;
10/01/2016;17:13:00;131;sem vítima;293,24;BR-101/RJ;Sul;Colisão Traseira;2;;;;;;;;;;9;;;;
04/02/2016;08:08:00;81;sem vítima;293,3;BR-101/RJ;Norte;Colisão Traseira;1;;1;;;;;;;;2;;;;
07/05/2016;13:11:00;101;com vítima;293,338;BR-101/RJ;Sul;Colisão Lateral;1;;;1;;;;;;;2;1;;;
27/05/2016;13:53:00;105;sem vítima;293,37;BR-101/RJ;Norte;Tombamento;;;1;;;;;;;;0;;;;
22/08/2016;00:31:00;4;com vítima;293,482;BR-101/RJ;Sul;Tombamento;;;1;;;;;;;;2;1;;;
08/07/2016;04:38:00;22;com vítima;293,483;BR-101/RJ;Sul;Tombamento;;;1;;;;;;;;0;1;2;;
07/08/2016;09:09:00;55;sem vítima;293,615;BR-101/RJ;Sul;Choque - Defensa, barreira ou "submarino";1;;;;;;;;;;3;;;;
22/07/2016;09:09:00;64;com vítima;293,671;BR-101/RJ;Norte;Colisão Traseira;2;;;;;;;;;;1;2;;;
12/01/2016;15:18:00;125;sem vítima;293,847;BR-101/RJ;Norte;Engavetamento;3;;;;;;;;;;9;;;;
07/05/2016;09:07:00;57;sem vítima;293,983;BR-101/RJ;Norte;Colisão Lateral;1;;;;2;;;;;;4;;;;
04/01/2016;05:22:00;35;com vítima;294;BR-101/RJ;Norte;Choque - Poste;1;;;;;;;;;;0;;1;2;
23/01/2016;08:20:00;67;sem vítima;294;BR-101/RJ;Sul;Colisão Lateral;1;;;;;;;;;1;11;;;;
05/02/2016;19:19:00;251;sem vítima;294;BR-101/RJ;Norte;Colisão Traseira;2;;;;;;;;;;2;;;;
07/02/2016;15:57:00;137;sem vítima;294;BR-101/RJ;Sul;Colisão Traseira;1;;;;1;;;;;;16;;;;
25/02/2016;17:29:00;159;sem vítima;294;BR-101/RJ;Norte;Engavetamento;3;;;;;;;;;;5;;;;
29/02/2016;18:50:00;204;sem vítima;294;BR-101/RJ;Norte;Colisão Traseira;;;2;;;;;;;;2;;;;
04/03/2016;08:12:00;59;com vítima;294;BR-101/RJ;Sul;Queda de Moto;;;;1;;1;;;;;1;1;;;
17/03/2016;13:53:00;144;sem vítima;294;BR-101/RJ;Sul;Colisão Lateral;;;1;;1;;;;;;2;;;;
01/04/2016;18:32:00;201;sem vítima;294;BR-101/RJ;Norte;Colisão Traseira;1;;;;;;;;;1;2;;;;
09/05/2016;18:27:00;214;com vítima;294;BR-101/RJ;Sul;Queda de Moto;;;;1;;;;;;;0;1;;;
23/05/2016;07:01:00;22;com vítima;294;BR-101/RJ;Sul;Colisão Lateral;1;;;;1;;;;;;1;1;1;;
23/05/2016;17:49:00;165;com vítima;294;BR-101/RJ;Norte;Engavetamento;5;;;;;;;;;;8;1;;;
06/08/2016;16:29:00;115;sem vítima;294;BR-101/RJ;Sul;Choque - Defensa, barreira ou "submarino";1;;;;;;;;;;1;;;;
21/08/2016;03:21:00;23;sem vítima;294;BR-101/RJ;Norte;Colisão Lateral;;;;1;;1;;;;;3;;;;
24/08/2016;16:33:00;174;sem vítima;294;BR-101/RJ;Norte;Colisão Traseira;1;;;;1;;;;;;2;;;;
22/08/2016;05:22:00;17;sem vítima;294,131;BR-101/RJ;Sul;Atropelamento de Animal;1;;;;;;;;;;1;;;;
16/07/2016;08:32:00;62;sem vítima;294,28;BR-101/RJ;Norte;Engavetamento;4;;;;;;;;;;11;;;;
20/08/2016;09:27:00;62;sem vítima;294,445;BR-101/RJ;Norte;Engavetamento;2;;;;;;;;;1;4;;;;
06/08/2016;05:09:00;26;sem vítima;294,493;BR-101/RJ;Norte;Colisão Traseira;1;;;;;1;;;;;2;;;;
28/07/2016;17:43:00;174;com vítima;294,567;BR-101/RJ;Sul;Atropelamento - Morador;;;;1;;;;;;;0;1;1;;
16/07/2016;12:24:00;112;com vítima;294,705;BR-101/RJ;Norte;Colisão Lateral;1;;;1;;;;;;;4;2;;;
03/07/2016;05:14:00;19;com vítima;294,893;BR-101/RJ;Sul;Atropelamento - Usuário;1;;;;;1;;;;;1;1;;;
04/01/2016;06:09:00;38;com vítima;294,9;BR-101/RJ;Sul;Colisão Traseira;2;;;;;;;;;;2;1;;;
07/01/2016;11:33:00;97;com vítima;295;BR-101/RJ;Sul;Colisão Traseira;1;;1;;;;;;;;2;1;;;
11/01/2016;13:17:00;122;com vítima;295;BR-101/RJ;Sul;Colisão Traseira;2;;;;;;;;;;0;4;;;
16/01/2016;14:19:00;123;sem vítima;295;BR-101/RJ;Norte;Engavetamento;3;;1;;;;;;;;5;;;;
26/01/2016;12:26:00;149;com vítima;295;BR-101/RJ;Norte;Engavetamento;3;;;;;;;;;;7;1;;;
05/02/2016;14:35:00;174;com vítima;295;BR-101/RJ;Norte;Colisão Traseira;2;;;;;;;;;;7;1;1;;
05/02/2016;22:42:00;287;com vítima;295;BR-101/RJ;Norte;Colisão Lateral;2;;;1;;;;;;;2;2;;;
21/02/2016;18:45:00;141;sem vítima;295;BR-101/RJ;Sul;Capotamento;1;;;;;;;;;;4;;;;
06/03/2016;16:51:00;123;com vítima;295;BR-101/RJ;Sul;Queda de Moto;;;;1;;;;;;;0;1;1;;
07/03/2016;05:57:00;25;sem vítima;295;BR-101/RJ;Sul;Colisão Traseira;2;;;;;;;;;;2;;;;
20/03/2016;17:20:00;127;sem vítima;295;BR-101/RJ;Norte;Capotamento;1;;;;;;;;;;1;;;;
30/03/2016;18:49:00;159;com vítima;295;BR-101/RJ;Sul;Colisão Traseira;2;;;;;;;;;;2;1;;;
01/05/2016;18:10:00;152;sem vítima;295;BR-101/RJ;Sul;Colisão Traseira;2;;;;;;;;;;2;;;;
06/05/2016;18:28:00;192;com vítima;295;BR-101/RJ;Sul;Engavetamento;3;;;;;;;;;;0;1;;;
28/05/2016;13:36:00;88;sem vítima;295;BR-101/RJ;Norte;Colisão Traseira;1;;1;;;;;;;1;3;;;;
17/06/2016;13:48:00;134;sem vítima;295;BR-101/RJ;Sul;Colisão Traseira;2;;;;;;;;;;2;;;;
17/07/2016;17:24:00;133;sem vítima;295;BR-101/RJ;Sul;Capotamento;1;;;;;;;;;;4;;;;
04/08/2016;11:22:00;106;sem vítima;295;BR-101/RJ;Norte;Colisão Lateral;2;;;;;;;;;;3;;;;
05/08/2016;13:47:00;140;sem vítima;295;BR-101/RJ;Norte;Colisão Traseira;1;;;;;1;;;;;4;;;;
07/08/2016;08:06:00;42;sem vítima;295;BR-101/RJ;Norte;Choque - Elemento de Drenagem;1;;;;;;;;;;2;;;;
11/08/2016;19:20:00;216;com vítima;295;BR-101/RJ;Sul;Choque - Defensa, barreira ou "submarino";1;;;;;;;;;;0;2;;;
21/08/2016;07:43:00;53;com vítima;295;BR-101/RJ;Norte;Choque - Defensa, barreira ou "submarino";1;;;;;;;;;;0;1;;;
02/06/2016;01:37:00;8;sem vítima;295,105;BR-101/RJ;Norte;Choque - Defensa, barreira ou "submarino";1;;;;;;;;;;4;;;;
07/04/2016;06:48:00;23;com vítima;295,115;BR-101/RJ;Sul;Colisão Lateral;;1;;;1;;;;;;1;;1;;
30/06/2016;14:43:00;155;com vítima;295,139;BR-101/RJ;Sul;Colisão Traseira;;;1;1;;;;;;;2;1;;;
08/02/2016;19:53:00;169;sem vítima;295,225;BR-101/RJ;Norte;Colisão Traseira;2;;;;;;;;;;7;;;;
02/02/2016;13:10:00;136;sem vítima;295,3;BR-101/RJ;Norte;Colisão Traseira;2;;;;;;;;;;3;;;;
07/04/2016;09:25:00;71;com vítima;295,504;BR-101/RJ;Norte;Colisão Traseira;2;;;;;;;;;;2;1;;;
23/06/2016;01:53:00;11;sem vítima;295,511;BR-101/RJ;Sul;Choque - Defensa, barreira ou "submarino";1;;;;;;;;;;1;;;;
27/08/2016;19:47:00;188;sem vítima;295,512;BR-101/RJ;Sul;Choque - Elemento de Drenagem;1;;;;;;;;;;4;;;;
13/07/2016;23:42:00;227;com vítima;295,624;BR-101/RJ;Sul;Choque - Elemento de Drenagem;1;;;;;;;;;;0;2;;;
24/06/2016;16:11:00;151;sem vítima;295,911;BR-101/RJ;Sul;Choque - Defensa, barreira ou "submarino";1;;;;;;;;;;3;;;;
12/05/2016;16:21:00;167;sem vítima;295,914;BR-101/RJ;Sul;Colisão Traseira;1;;;;1;;;;;;3;;;;
05/01/2016;16:16:00;153;com vítima;296;BR-101/RJ;Sul;Queda de Moto;;;;1;;;;;;;0;;1;;
09/01/2016;15:31:00;159;sem vítima;296;BR-101/RJ;Norte;Colisão Traseira;2;;;;;;;;;;6;;;;
09/01/2016;15:57:00;163;sem vítima;296;BR-101/RJ;Norte;Colisão Traseira;2;;;;;;;;;;4;;;;
11/01/2016;12:16:00;109;sem vítima;296;BR-101/RJ;Norte;Colisão Traseira;1;;;;;1;;;;;5;;;;
25/01/2016;16:00:00;171;sem vítima;296;BR-101/RJ;Norte;Engavetamento;3;;;;;;;;;;7;;;;
29/01/2016;16:31:00;173;sem vítima;296;BR-101/RJ;Norte;Engavetamento;3;;;;;;;;;;7;;;;
05/02/2016;08:08:00;65;sem vítima;296;BR-101/RJ;Norte;Colisão Traseira;2;;;;;;;;;;6;;;;
06/02/2016;08:29:00;113;sem vítima;296;BR-101/RJ;Norte;Colisão Traseira;2;;;;;;;;;;9;;;;
06/02/2016;17:05:00;252;sem vítima;296;BR-101/RJ;Norte;Colisão Traseira;1;;;;;1;;;;;2;;;;
06/02/2016;20:17:00;303;sem vítima;296;BR-101/RJ;Norte;Colisão Traseira;2;;;;;;;;;;6;;;;
19/02/2016;00:19:00;3;com vítima;296;BR-101/RJ;Sul;Queda de Moto;;;;1;;;;;;;0;;1;;
24/03/2016;17:17:00;194;com vítima;296;BR-101/RJ;Norte;Queda de Moto;;;;1;;;;;;;0;1;;;
02/04/2016;17:52:00;146;sem vítima;296;BR-101/RJ;Sul;Objeto lançado contra veículo;2;;;;;;;;;;2;;;;
10/04/2016;11:41:00;71;sem vítima;296;BR-101/RJ;Norte;Engavetamento;2;;;;;1;;;;;9;;;;
08/05/2016;23:48:00;200;com vítima;296;BR-101/RJ;Norte;Choque - Defensa, barreira ou "submarino";1;;;;;;;;;;2;1;;;
17/05/2016;11:27:00;88;com vítima;296;BR-101/RJ;Sul;Colisão Lateral;;;1;;;;;;;1;2;1;;;
06/06/2016;06:27:00;37;sem vítima;296;BR-101/RJ;Sul;Colisão Lateral;1;;;;;;;;;1;3;;;;
10/06/2016;21:18:00;216;com vítima;296;BR-101/RJ;Norte;Queda de Moto;;;;1;;;;;;;0;1;;;