data;horario;n_da_ocorrencia;tipo_de_ocorrencia;km;trecho;sentido;tipo_de_acidente;automovel;bicicleta;caminhao;moto;onibus;outros;tracao_animal;transporte_de_cargas_especiais;trator_maquinas;utilitarios;ilesos;levemente_feridos;moderadamente_feridos;gravemente_feridos;mortos
16/05/2016;07:09:00;31;com vítima;304,474;BR-101/RJ;Norte;Atropelamento - Animal;1;;;;;;;;;;1;1;;;
20/08/2016;06:04:00;29;sem vítima;304,518;BR-101/RJ;Norte;Saida de Pista;1;;;;;;;;;;1;;;;
23/05/2016;22:26:00;188;com vítima;304,7;BR-101/RJ;Norte;Colisão Transversal;;;;2;;;;;;;0;;1;;
22/06/2016;23:45:00;229;sem vítima;304,74;BR-101/RJ;Norte;Atropelamento - Animal;1;;;;;;;;;;3;;;;
06/08/2016;17:41:00;125;com vítima;304,75;BR-101/RJ;Norte;Atropelamento - Morador;;;;;;;;;;1;1;;;;1
08/04/2016;05:16:00;25;com vítima;304,96;BR-101/RJ;Sul;Atropelamento - Morador;1;;;;;;;;;;1;;;;1
06/02/2016;08:01:00;102;com vítima;305;BR-101/RJ;Norte;Colisão Traseira;2;;;;;;;;;;9;1;;;
17/02/2016;09:49:00;78;com vítima;305;BR-101/RJ;Norte;Queda de Moto;;;;1;;;;;;;0;2;;;
11/03/2016;19:53:00;225;com vítima;305;BR-101/RJ;Norte;Colisão Traseira;;;;1;;1;;;;;1;1;;;
24/03/2016;16:30:00;183;sem vítima;305;BR-101/RJ;Norte;Colisão Lateral;1;;;1;;;;;;;2;;;;
24/03/2016;21:05:00;244;com vítima;305;BR-101/RJ;Norte;Colisão Lateral;1;;;1;;;;;;;1;;1;;
16/04/2016;21:22:00;201;com vítima;305;BR-101/RJ;Sul;Choque - Outros;1;;;;;;;;;;0;;2;;
11/05/2016;08:05:00;49;sem vítima;305;BR-101/RJ;Sul;Choque - Defensa, barreira ou "submarino";1;;;;;;;;;;1;;;;
04/06/2016;19:15:00;156;sem vítima;305;BR-101/RJ;Sul;Engavetamento;4;;;;;;;;;1;7;;;;
19/07/2016;20:02:00;199;sem vítima;305;BR-101/RJ;Sul;Colisão Lateral;;;;1;;1;;;;;2;;;;
27/06/2016;08:48:00;74;com vítima;305,21;BR-101/RJ;Sul;Atropelamento - Morador;;;;1;;;;;;;0;2;;;
12/04/2016;02:43:00;8;sem vítima;305,478;BR-101/RJ;Sul;Atropelamento - Animal;1;;;;;;;;;;1;;;;
19/05/2016;22:41:00;200;sem vítima;305,5;BR-101/RJ;Norte;Choque - Defensa, barreira ou "submarino";1;;;;;;;;;;1;;;;
23/01/2016;17:54:00;200;com vítima;305,7;BR-101/RJ;Norte;Colisão Traseira;1;;;1;;;;;;;1;1;;;
16/08/2016;07:56:00;72;com vítima;305,905;BR-101/RJ;Sul;Colisão Traseira;1;;;1;;;;;;;4;;1;;
01/05/2016;12:09:00;80;sem vítima;305,977;BR-101/RJ;Sul;Colisão Traseira;2;;;;;;;;;;2;;;;
04/02/2016;15:56:00;190;sem vítima;306;BR-101/RJ;Norte;Colisão Traseira;2;;;;;;;;;;2;;;;
05/02/2016;20:01:00;258;com vítima;306;BR-101/RJ;Norte;Atropelamento - Ambulante;;;;1;;;;;;;1;1;;;
28/02/2016;19:02:00;152;sem vítima;306;BR-101/RJ;Sul;Engavetamento;3;;;;;;;;;;3;;;;
29/02/2016;10:20:00;96;com vítima;306;BR-101/RJ;Norte;Choque - Defensa, barreira ou "submarino";;;;;;;;;;1;1;1;;;
29/02/2016;10:39:00;101;com vítima;306;BR-101/RJ;Norte;Colisão Traseira;;;1;1;;;;;;;1;2;;;
29/02/2016;11:05:00;112;sem vítima;306;BR-101/RJ;Norte;Colisão Traseira;2;;;;;;;;;;5;;;;
14/03/2016;06:48:00;37;com vítima;306;BR-101/RJ;Norte;Colisão Traseira;2;;;;;;;;;;1;1;;;
22/06/2016;14:35:00;143;sem vítima;306;BR-101/RJ;Sul;Engavetamento;3;;;;;;;;;;4;;;;
08/07/2016;18:03:00;194;com vítima;306;BR-101/RJ;Norte;Colisão Lateral;;;;1;;;;;;1;1;;1;;
23/07/2016;17:41:00;164;sem vítima;306;BR-101/RJ;Sul;Engavetamento;3;;;;;;;;;;9;;;;
10/08/2016;08:35:00;61;com vítima;306;BR-101/RJ;Sul;Colisão Traseira;1;;;1;;;;;;;2;1;;;
13/08/2016;03:40:00;17;sem vítima;306;BR-101/RJ;Sul;Atropelamento de Animal;1;;;;;;;;;;1;;;;
14/08/2016;08:50:00;35;sem vítima;306;BR-101/RJ;Norte;Atropelamento de Animal;1;;;;;;;;;;1;;;;
17/06/2016;21:56:00;236;sem vítima;306,2;BR-101/RJ;Sul;Engavetamento;3;;;;;;;;;;8;;;;
27/08/2016;13:42:00;114;sem vítima;306,291;BR-101/RJ;Sul;Choque - Defensa, barreira ou "submarino";1;;;;;;;;;;2;;;;
21/06/2016;03:37:00;20;sem vítima;306,331;BR-101/RJ;Sul;Colisão Traseira;;;2;;;;;;;;2;;;;
25/08/2016;09:19:00;102;sem vítima;306,36;BR-101/RJ;Norte;Colisão Lateral;;;;;1;1;;;;;2;;;;
15/05/2016;10:06:00;61;sem vítima;306,378;BR-101/RJ;Norte;Choque - Defensa, barreira ou "submarino";1;;;;;;;;;;1;;;;
04/01/2016;18:33:00;226;com vítima;306,5;BR-101/RJ;Sul;Colisão Lateral;2;;;1;;;;;;;5;1;;;
03/07/2016;17:43:00;132;sem vítima;306,646;BR-101/RJ;Sul;Colisão Traseira;2;;;;;;;;;;7;;;;
10/08/2016;15:24:00;132;com vítima;306,69;BR-101/RJ;Norte;Colisão Traseira;;;1;;1;;;;;;10;1;;;
22/07/2016;23:24:00;212;sem vítima;306,7;BR-101/RJ;Norte;Colisão Transversal;2;;;;;;;;;;4;;;;
01/04/2016;21:32:00;230;com vítima;306,75;BR-101/RJ;Norte;Colisão Frontal;;;;2;;;;;;;0;3;;;
29/01/2016;07:52:00;45;com vítima;306,759;BR-101/RJ;Sul;Colisão Traseira;;;;1;;;;;;1;3;;1;;
09/08/2016;19:01:00;205;sem vítima;306,864;BR-101/RJ;Sul;Queda de Moto;;;;1;;;;;;;2;;;;
04/02/2016;16:32:00;203;sem vítima;307;BR-101/RJ;Norte;Engavetamento;3;;;;;;;;;;4;;;;
06/02/2016;05:25:00;64;sem vítima;307;BR-101/RJ;Sul;Colisão Traseira;2;;;;;;;;;;2;;;;
14/02/2016;06:52:00;26;com vítima;307;BR-101/RJ;Norte;Choque - Defensa, barreira ou "submarino";1;;;;;;;;;;0;1;;;
20/02/2016;19:37:00;176;sem vítima;307;BR-101/RJ;Norte;Choque - Defensa, barreira ou "submarino";1;;;;;;;;;;4;;;;
11/03/2016;21:22:00;240;sem vítima;307;BR-101/RJ;Norte;Engavetamento;3;;;;;;;;;;6;;;;
31/03/2016;09:03:00;79;sem vítima;307;BR-101/RJ;Sul;Colisão Traseira;2;;;;;;;;;;2;;;;
20/04/2016;09:15:00;88;sem vítima;307;BR-101/RJ;Sul;Colisão Traseira;2;;;;;;;;;;2;;;;
11/05/2016;08:17:00;53;sem vítima;307;BR-101/RJ;Sul;Colisão Traseira;2;;;;;;;;;;2;;;;
16/07/2016;12:57:00;120;sem vítima;307;BR-101/RJ;Norte;Objeto lançado contra veículo;1;;;;;;;;;;1;;;;
19/08/2016;08:09:00;79;sem vítima;307;BR-101/RJ;Norte;Colisão Traseira;2;;;;;;;;;;2;;;;
19/05/2016;17:48:00;175;sem vítima;307,165;BR-101/RJ;Sul;Engavetamento;3;;;;;;;;;;5;;;;
16/07/2016;15:42:00;160;com vítima;307,205;BR-101/RJ;Norte;Colisão Traseira;2;;;;;;;;;;5;2;;;
18/04/2016;18:13:00;184;com vítima;307,4;BR-101/RJ;Norte;Colisão Lateral;1;;;;1;;;;;;1;1;;;
27/06/2016;06:26:00;32;com vítima;307,549;BR-101/RJ;Sul;Colisão Traseira;1;;;;1;;;;;;68;2;;;4
16/04/2016;15:00:00;114;com vítima;307,55;BR-101/RJ;Sul;Colisão Lateral;;;1;;1;;;;;;2;1;;;
20/04/2016;23:52:00;273;com vítima;307,562;BR-101/RJ;Norte;Capotamento;1;;;;;;;;;;0;1;;;
02/02/2016;16:51:00;182;com vítima;307,639;BR-101/RJ;Norte;Engavetamento;3;;;;;;;;;;7;1;;;
09/05/2016;00:15:00;2;com vítima;307,688;BR-101/RJ;Norte;Queda de Moto;;;;1;;;;;;;0;1;;;
28/04/2016;18:28:00;162;sem vítima;307,8;BR-101/RJ;Sul;Choque - Defensa, barreira ou "submarino";2;;;;;;;;;;2;;;;
19/05/2016;17:12:00;166;sem vítima;307,9;BR-101/RJ;Sul;Colisão Traseira;2;;;;;;;;;;3;;;;
10/01/2016;01:25:00;9;sem vítima;308;BR-101/RJ;Sul;Queda de Moto;;;;1;;;;;;;2;;;;
11/01/2016;17:17:00;169;sem vítima;308;BR-101/RJ;Sul;Colisão Traseira;2;;;;;;;;;;6;;;;
28/02/2016;17:48:00;132;sem vítima;308;BR-101/RJ;Sul;Colisão Traseira;2;;;;;;;;;;6;;;;
04/03/2016;13:25:00;133;com vítima;308;BR-101/RJ;Norte;Colisão Traseira;1;;1;;;;;;;;2;1;;;
16/03/2016;11:23:00;123;com vítima;308;BR-101/RJ;Sul;Colisão Traseira;1;;;;;1;;;;1;4;1;;;
20/03/2016;10:18:00;58;sem vítima;308;BR-101/RJ;Norte;Choque - Elemento de Drenagem;1;;;;;;;;;;1;;;;
25/03/2016;07:00:00;46;com vítima;308;BR-101/RJ;Norte;Engavetamento;4;;;;;;;;;;15;1;;;
11/04/2016;10:47:00;106;com vítima;308;BR-101/RJ;Norte;Colisão Lateral;1;;1;;;;;;;;1;1;;;
21/04/2016;12:01:00;115;sem vítima;308;BR-101/RJ;Norte;Colisão Traseira;1;;;;;1;;;;;2;;;;
21/04/2016;13:10:00;133;com vítima;308;BR-101/RJ;Norte;Colisão Traseira;;;;1;;1;;;;;1;1;;;
12/05/2016;20:24:00;196;com vítima;308;BR-101/RJ;Sul;Atropelamento - Animal;1;;;;;;;;;;1;1;;;
20/06/2016;08:08:00;57;com vítima;308;BR-101/RJ;Sul;Atropelamento - Animal;;;;1;;;;;;;0;1;;;
22/07/2016;07:05:00;17;com vítima;308,549;BR-101/RJ;Sul;Colisão Lateral;1;1;;;;;;;;;1;1;;;
01/08/2016;09:26:00;88;sem vítima;308,614;BR-101/RJ;Norte;Colisão Traseira;2;;;;;;;;;;6;;;;
22/07/2016;07:43:00;35;sem vítima;308,689;BR-101/RJ;Sul;Colisão Lateral;2;;;;;;;;;;2;;;;
06/08/2016;19:04:00;141;sem vítima;308,69;BR-101/RJ;Norte;Engavetamento;3;;;;;;;;;;6;;;;
09/08/2016;10:51:00;125;sem vítima;308,775;BR-101/RJ;Sul;Colisão Traseira;2;;;;;;;;;;2;;;;
04/03/2016;00:13:00;2;sem vítima;308,85;BR-101/RJ;Norte;Choque - Defensa, barreira ou "submarino";1;;;;;;;;;;1;;;;
22/08/2016;13:45:00;143;com vítima;308,96;BR-101/RJ;Sul;Engavetamento;3;;;;;;;;;;4;2;;;
22/08/2016;14:22:00;149;sem vítima;308,96;BR-101/RJ;Sul;Colisão Traseira;2;;;;;;;;;;3;;;;
18/06/2016;03:33:00;22;sem vítima;308,973;BR-101/RJ;Sul;Choque - Defensa, barreira ou "submarino";1;;;;;;;;;;1;;;;
07/02/2016;16:07:00;138;com vítima;309;BR-101/RJ;Norte;Colisão Frontal;2;;;;;;;;;;4;1;;;
23/02/2016;13:15:00;144;sem vítima;309;BR-101/RJ;Norte;Engavetamento;2;;;;;1;;;;;3;;;;
12/03/2016;02:13:00;18;sem vítima;309;BR-101/RJ;Sul;Colisão Lateral;2;;;;;;;;;;3;;;;
24/03/2016;12:43:00;124;com vítima;309;BR-101/RJ;Norte;Engavetamento;3;;;;;;;;;;8;2;;;
05/04/2016;17:17:00;166;com vítima;309;BR-101/RJ;Norte;Colisão Lateral;2;;1;;;;;;;;3;;1;;
08/04/2016;07:04:00;42;sem vítima;309;BR-101/RJ;Sul;Colisão Traseira;2;;;;;;;;;;2;;;;
08/05/2016;18:41:00;154;sem vítima;309;BR-101/RJ;Sul;Engavetamento;3;;;;;1;;;;;4;;;;
23/05/2016;08:18:00;49;sem vítima;309;BR-101/RJ;Sul;Queda de Moto;;;;1;;;;;;;0;;;;
08/06/2016;07:04:00;15;sem vítima;309;BR-101/RJ;Sul;Engavetamento;5;;;;;;;;;;15;;;;
08/06/2016;07:33:00;20;sem vítima;309;BR-101/RJ;Sul;Colisão Traseira;;;;;;1;;;;1;4;;;;
18/06/2016;07:36:00;42;sem vítima;309;BR-101/RJ;Norte;Colisão Lateral;1;;;;;1;;;;;3;;;;
23/07/2016;06:01:00;38;sem vítima;309;BR-101/RJ;Norte;Atropelamento - Animal;1;;;;;;;;;;1;;;;
28/07/2016;17:46:00;176;sem vítima;309;BR-101/RJ;Norte;Capotamento;1;;;;;;;;;;1;;;;
14/08/2016;17:55:00;127;sem vítima;309;BR-101/RJ;Sul;Engavetamento;3;;;;;;;;;;13;;;;
26/05/2016;19:16:00;161;com vítima;309,1;BR-101/RJ;Norte;Colisão Traseira;2;;;;;;;;;;5;1;2;;
21/05/2016;01:01:00;4;com vítima;309,325;BR-101/RJ;Norte;Choque - Defensa, barreira ou "submarino";1;;1;;;;;;;;2;1;;;
15/05/2016;18:33:00;133;com vítima;309,688;BR-101/RJ;Sul;Engavetamento;4;;;;;;;;;;11;1;;;
24/07/2016;06:34:00;42;sem vítima;309,723;BR-101/RJ;Sul;Choque - Elemento de Drenagem;1;;;;;;;;;;1;;;;
11/07/2016;18:18:00;225;sem vítima;309,838;BR-101/RJ;Norte;Colisão Traseira;1;;;;1;;;;;;2;;;;
04/06/2016;17:51:00;134;sem vítima;309,955;BR-101/RJ;Sul;Engavetamento;3;;;;;1;;;;;7;;;;
09/01/2016;13:02:00;132;sem vítima;310;BR-101/RJ;Norte;Choque - Defensa, barreira ou "submarino";1;;;;;;;;;;1;;;;
13/01/2016;06:37:00;21;com vítima;310;BR-101/RJ;Sul;Colisão Traseira;1;;;;1;;;;;;1;1;;;
16/01/2016;06:46:00;43;sem vítima;310;BR-101/RJ;Norte;Choque - Defensa, barreira ou "submarino";2;;;;;1;;;;;3;;;;
25/01/2016;11:43:00;120;sem vítima;310;BR-101/RJ;Sul;Colisão Traseira;1;;;;;;;;;1;2;;;;
29/01/2016;17:35:00;187;sem vítima;310;BR-101/RJ;Norte;Colisão Traseira;1;;1;;;;;;;;3;;;;
06/02/2016;12:15:00;183;com vítima;310;BR-101/RJ;Norte;Queda de Moto;;;;1;;;;;;;0;1;;;
14/04/2016;12:12:00;125;sem vítima;310;BR-101/RJ;Sul;Colisão Traseira;2;;;;;;;;;;2;;;;
06/05/2016;13:49:00;141;com vítima;310;BR-101/RJ;Sul;Colisão Traseira;1;;1;;;;;;;;4;4;;;
16/06/2016;06:24:00;25;sem vítima;310;BR-101/RJ;Sul;Engavetamento;2;;;;;2;;;;;6;;;;
16/06/2016;18:34:00;197;sem vítima;310;BR-101/RJ;Norte;Engavetamento;4;;;;;;;;;;4;;;;
21/05/2016;04:27:00;10;com vítima;310,011;BR-101/RJ;Sul;Atropelamento - Andarilho;;;;;;1;;;;;1;1;;;
16/07/2016;20:01:00;202;com vítima;310,079;BR-101/RJ;Norte;Choque - Suporte de Sinalização;1;;;;;;;;;;0;1;;;
17/07/2016;02:09:00;11;sem vítima;310,4;BR-101/RJ;Norte;Choque - Defensa, barreira ou "submarino";1;;;;;;;;;;3;;;;
16/05/2016;07:28:00;37;com vítima;310,436;BR-101/RJ;Sul;Engavetamento;4;;;;;;;;;;5;1;;;
31/01/2016;23:34:00;251;sem vítima;310,452;BR-101/RJ;Sul;Atropelamento - Animal;1;;;;;;;;;;1;;;;
04/08/2016;08:28:00;66;sem vítima;310,565;BR-101/RJ;Sul;Choque - Defensa, barreira ou "submarino";1;;;;;;;;;;2;;;;
17/08/2016;22:38:00;269;sem vítima;310,595;BR-101/RJ;Norte;Colisão Traseira;;;2;;;;;;;;2;;;;
17/08/2016;16:24:00;206;sem vítima;310,762;BR-101/RJ;Norte;Choque - Defensa, barreira ou "submarino";1;;;;;;;;;;1;;;;
19/05/2016;03:06:00;12;com vítima;310,836;BR-101/RJ;Sul;Tombamento;;;1;;;;;;;;1;4;;;
16/01/2016;09:31:00;74;sem vítima;311;BR-101/RJ;Sul;Saida de Pista;;;;;;;;;;1;1;;;;
19/01/2016;07:13:00;19;com vítima;311;BR-101/RJ;Norte;Choque - Defensa, barreira ou "submarino";1;;;;;;;;;;0;1;;;
21/01/2016;07:44:00;65;com vítima;311;BR-101/RJ;Sul;Colisão Lateral;;;;1;;1;;;;;1;1;;;
17/02/2016;16:37:00;140;sem vítima;311;BR-101/RJ;Sul;Colisão Traseira;1;;;;;;;;;1;2;;;;
08/03/2016;23:12:00;236;sem vítima;311;BR-101/RJ;Norte;Colisão Lateral;1;;1;;;;;;;;3;;;;
15/03/2016;23:16:00;231;sem vítima;311;BR-101/RJ;Norte;Colisão Traseira;1;;1;;;;;;;;2;;;;
21/03/2016;06:29:00;34;sem vítima;311;BR-101/RJ;Sul;Colisão Traseira;2;;;;;;;;;;2;;;;
23/03/2016;07:44:00;34;sem vítima;311;BR-101/RJ;Norte;Colisão Traseira;3;;;;;;;;;;4;;;;
23/03/2016;18:41:00;177;com vítima;311;BR-101/RJ;Sul;Colisão Traseira;;;;1;1;;;;;;1;1;;;
02/04/2016;14:18:00;101;sem vítima;311;BR-101/RJ;Norte;Engavetamento;3;;;;;;;;;;6;;;;
23/05/2016;18:00:00;168;com vítima;311;BR-101/RJ;Norte;Colisão Traseira;1;;;;;1;;;;;2;1;;;
26/06/2016;11:03:00;87;com vítima;311;BR-101/RJ;Sul;Colisão Traseira;2;;;;;;;;;;3;1;;;
16/07/2016;03:22:00;20;sem vítima;311;BR-101/RJ;Sul;Colisão Lateral;1;;;;;1;;;;;2;;;;
25/07/2016;10:24:00;122;com vítima;311;BR-101/RJ;Sul;Choque - Suporte de Sinalização;;;;1;;;;;;;0;1;;;
31/07/2016;19:08:00;157;sem vítima;311;BR-101/RJ;Sul;Colisão Traseira;1;;;;;;;;;1;6;;;;
04/08/2016;18:22:00;200;sem vítima;311;BR-101/RJ;Norte;Colisão Traseira;2;;;;;;;;;;3;;;;
10/08/2016;18:51:00;170;com vítima;311;BR-101/RJ;Norte;Engavetamento;3;;;;;;;;;;7;1;;;
11/06/2016;12:09:00;90;sem vítima;311,244;BR-101/RJ;Sul;Choque - Defensa, barreira ou "submarino";1;;;;;;;;;;1;;;;
09/07/2016;12:00:00;91;sem vítima;311,318;BR-101/RJ;Norte;Colisão Traseira;2;;;;;;;;;;6;;;;
18/07/2016;06:43:00;34;sem vítima;311,511;BR-101/RJ;Sul;Colisão Traseira;1;;;;1;;;;;;2;;;;
01/05/2016;08:59:00;59;com vítima;311,825;BR-101/RJ;Norte;Choque - Defensa, barreira ou "submarino";;;;1;;;;;;;0;;1;;
05/08/2016;17:50:00;199;com vítima;311,886;BR-101/RJ;Sul;Queda de Moto;;;;1;;;;;;;0;1;;;
30/01/2016;11:16:00;125;sem vítima;312;BR-101/RJ;Sul;Colisão Lateral;2;;;;;;;;;;6;;;;
30/01/2016;11:16:00;128;com vítima;312;BR-101/RJ;Sul;Colisão Traseira;;;;2;;;;;;;1;1;;;
30/01/2016;11:16:00;129;sem vítima;312;BR-101/RJ;Sul;Colisão Traseira;1;;;;;1;;;;;2;;;;
06/02/2016;06:08:00;71;sem vítima;312;BR-101/RJ;Norte;Colisão Traseira;1;;;1;;;;;;;3;;;;
04/03/2016;01:20:00;12;sem vítima;312;BR-101/RJ;Norte;Colisão Lateral;1;;;;;;;;;;1;;;;
04/03/2016;19:58:00;228;com vítima;312;BR-101/RJ;Norte;Engavetamento;3;;;1;;;;;;;4;2;;;
15/03/2016;11:09:00;109;com vítima;312;BR-101/RJ;Sul;Colisão Frontal;1;;;1;;;;;;;1;2;;;
27/03/2016;01:49:00;14;sem vítima;312;BR-101/RJ;Norte;Objeto lançado contra veículo;1;;;;;;;;;;1;;;;
27/03/2016;21:13:00;215;com vítima;312;BR-101/RJ;Sul;Engavetamento;4;;;;;;;;;;6;2;;;
16/04/2016;12:11:00;93;com vítima;312;BR-101/RJ;Sul;Colisão Traseira;1;;;1;;;;;;;1;1;;;
17/04/2016;16:52:00;121;com vítima;312;BR-101/RJ;Norte;Queda de Moto;;;;1;;;;;;;0;2;;;
19/04/2016;07:57:00;66;com vítima;312;BR-101/RJ;Sul;Colisão Traseira;1;;;1;;;;;;;2;1;;;
24/04/2016;05:32:00;29;com vítima;312;BR-101/RJ;Sul;Colisão Traseira;;;;1;1;;;;;;1;1;;;
07/05/2016;19:52:00;154;com vítima;312;BR-101/RJ;Norte;Colisão Lateral;3;;;;;;;;;;3;1;;;
08/05/2016;06:00:00;28;com vítima;312;BR-101/RJ;Sul;Colisão Traseira;1;;;;1;;;;;;1;;1;;
19/06/2016;13:47:00;98;com vítima;312;BR-101/RJ;Sul;Colisão Traseira;;;;1;;1;;;;;1;1;;;
25/06/2016;14:19:00;118;sem vítima;312;BR-101/RJ;Norte;Colisão Traseira;2;;;;;;;;;;4;;;;
25/06/2016;14:36:00;122;sem vítima;312;BR-101/RJ;Norte;Colisão Traseira;1;;;;;1;;;;;2;;;;
17/07/2016;13:16:00;79;com vítima;312;BR-101/RJ;Sul;Colisão Traseira;1;;;1;;;;;;;3;1;;;
02/08/2016;19:50:00;207;com vítima;312;BR-101/RJ;Norte;Capotamento;1;;;;;;;;;;0;1;;;
25/08/2016;18:29:00;215;com vítima;312;BR-101/RJ;Sul;Atropelamento - Morador;1;;;;;;;;;;1;;;1;
27/04/2016;04:03:00;27;sem vítima;312,05;BR-101/RJ;Norte;Colisão Traseira;1;;1;;;;;;;;3;;;;
10/01/2016;05:37:00;22;sem vítima;312,168;BR-101/RJ;Sul;Colisão Traseira;2;;;;;;;;;;6;;;;
03/05/2016;07:46:00;52;com vítima;312,417;BR-101/RJ;Sul;Colisão Traseira;;;;1;;1;;;;;1;1;;;
24/05/2016;16:48:00;168;com vítima;312,43;BR-101/RJ;Norte;Colisão Traseira;2;;;;;;;;;;2;1;;;
04/02/2016;19:56:00;260;sem vítima;312,5;BR-101/RJ;Norte;Engavetamento;3;;;;;;;;;;8;;;;
27/07/2016;07:09:00;41;com vítima;312,568;BR-101/RJ;Sul;Colisão Lateral;1;;;1;;;;;;;2;2;;;
22/05/2016;08:05:00;33;sem vítima;312,666;BR-101/RJ;Sul;Choque - Defensa, barreira ou "submarino";1;;;;;;;;;;1;;;;
25/04/2016;08:36:00;71;com vítima;312,7;BR-101/RJ;Sul;Engavetamento;2;;1;;;;;;;;5;1;;;
24/05/2016;11:02:00;114;sem vítima;312,753;BR-101/RJ;Sul;Colisão Traseira;2;;;;;;;;;;2;;;;
19/08/2016;05:03:00;28;sem vítima;312,81;BR-101/RJ;Norte;Choque - Suporte de Sinalização;1;;;;;;;;;;1;;;;
10/08/2016;10:02:00;82;com vítima;312,825;BR-101/RJ;Sul;Colisão Traseira;1;;;1;;;;;;;1;1;;;
10/01/2016;00:35:00;4;com vítima;312,9;BR-101/RJ;Norte;Queda de Moto;;;;1;;;;;;;0;1;;;
21/05/2016;13:11:00;77;com vítima;312,9;BR-101/RJ;Sul;Queda de Moto;;;;1;;;;;;;0;1;;;
10/01/2016;22:45:00;188;sem vítima;312,91;BR-101/RJ;Norte;Capotamento;1;;;;;;;;;;2;;;;
24/05/2016;18:37:00;183;sem vítima;312,949;BR-101/RJ;Norte;Colisão Traseira;2;;;;;;;;;;3;;;;
04/01/2016;16:13:00;192;sem vítima;313;BR-101/RJ;Sul;Colisão Lateral;1;;;1;;;;;;;5;;;;
12/01/2016;23:25:00;209;com vítima;313;BR-101/RJ;Norte;Atropelamento - Sem Informação;;;;;1;;;;;;1;;;;1
19/01/2016;21:46:00;178;sem vítima;313;BR-101/RJ;Sul;Choque - Defensa, barreira ou "submarino";1;;;;;1;;;;;2;;;;
21/01/2016;13:11:00;140;sem vítima;313;BR-101/RJ;Sul;Engavetamento;2;;;;;1;;;;;3;;;;
28/01/2016;15:25:00;197;sem vítima;313;BR-101/RJ;Sul;Colisão Lateral;2;;;;;;;;;;2;;;;
28/01/2016;21:15:00;271;com vítima;313;BR-101/RJ;Norte;Colisão Lateral;;;1;1;;;;;;;1;;1;;
15/02/2016;06:05:00;31;sem vítima;313;BR-101/RJ;Sul;Colisão Traseira;1;;;;;1;;;;;2;;;;
18/02/2016;07:49:00;45;com vítima;313;BR-101/RJ;Sul;Queda de Moto;1;;;;;;;;;;0;2;;;
05/03/2016;07:37:00;51;sem vítima;313;BR-101/RJ;Sul;Choque - Defensa, barreira ou "submarino";1;;;;;;;;;;1;;;;
11/03/2016;13:39:00;144;com vítima;313;BR-101/RJ;Sul;Colisão Frontal;1;;;;;;;;;1;2;1;;;
14/03/2016;07:12:00;50;com vítima;313;BR-101/RJ;Sul;Colisão Lateral;1;;;1;;;;;;;1;1;;;
22/03/2016;11:39:00;100;com vítima;313;BR-101/RJ;Norte;Colisão Lateral;1;;;1;;;;;;;1;1;;;
25/03/2016;00:22:00;2;sem vítima;313;BR-101/RJ;Sul;Colisão Frontal;1;;;;;1;;;;;2;;;;
01/04/2016;14:44:00;157;sem vítima;313;BR-101/RJ;Norte;Colisão Traseira;2;;;;;;;;;;6;;;;
04/04/2016;17:40:00;198;com vítima;313;BR-101/RJ;Norte;Colisão Lateral;1;;;1;;;;;;;1;1;;;
10/04/2016;22:58:00;188;sem vítima;313;BR-101/RJ;Norte;Colisão Transversal;1;;;;1;;;;;;4;;;;
13/05/2016;11:13:00;139;sem vítima;313;BR-101/RJ;Norte;Colisão Traseira;1;;;;1;;;;;;2;;;;
20/05/2016;17:42:00;201;sem vítima;313;BR-101/RJ;Norte;Colisão Lateral;1;;;1;;;;;;;1;;;;
02/06/2016;22:53:00;209;com vítima;313;BR-101/RJ;Norte;Engavetamento;3;;;;;;;;;;2;1;;;
06/06/2016;15:25:00;174;sem vítima;313;BR-101/RJ;Norte;Colisão Traseira;;;1;;1;;;;;;2;;;;
20/06/2016;06:11:00;17;sem vítima;313;BR-101/RJ;Sul;Engavetamento;3;;;;;;;;;;3;;;;
21/06/2016;15:56:00;172;sem vítima;313;BR-101/RJ;Norte;Colisão Traseira;2;;;;;;;;;;4;;;;
05/07/2016;14:41:00;143;sem vítima;313;BR-101/RJ;Sul;Colisão Lateral;3;;;;;;;;;;6;;;;
15/07/2016;18:21:00;193;sem vítima;313;BR-101/RJ;Sul;Colisão Traseira;2;;;;;;;;;;4;;;;
20/07/2016;18:34:00;161;sem vítima;313;BR-101/RJ;Norte;Colisão Traseira;2;;;;;;;;;;2;;;;
31/07/2016;09:42:00;52;sem vítima;313;BR-101/RJ;Norte;Atropelamento - Animal;1;;;;;;;;;;1;;;;
01/08/2016;22:48:00;239;sem vítima;313;BR-101/RJ;Sul;Choque - Defensa, barreira ou "submarino";1;;;;;;;;;;1;;;;
08/08/2016;20:10:00;211;sem vítima;313;BR-101/RJ;Sul;Colisão Lateral;2;;;;;;;;;;4;;;;
10/08/2016;19:13:00;172;sem vítima;313;BR-101/RJ;Norte;Choque - Elemento de Drenagem;1;;;;;;;;;;1;;;;
21/08/2016;06:32:00;43;sem vítima;313;BR-101/RJ;Norte;Choque - Elemento de Drenagem;1;;;;;;;;;;1;;;;
24/07/2016;22:29:00;219;com vítima;313,07;BR-101/RJ;Norte;Queda de Moto;;;;1;;;;;;;0;1;;;