data;horario;n_da_ocorrencia;tipo_de_ocorrencia;km;trecho;sentido;tipo_de_acidente;automovel;bicicleta;caminhao;moto;onibus;outros;tracao_animal;transporte_de_cargas_especiais;trator_maquinas;utilitarios;ilesos;levemente_feridos;moderadamente_feridos;gravemente_feridos;mortos
19/08/2016;20:08:00;222;com vítima;313,093;BR-101/RJ;Norte;Colisão Lateral;1;;;1;;;;;;;3;2;;;
22/08/2016;08:53:00;72;sem vítima;313,221;BR-101/RJ;Sul;Choque - Defensa, barreira ou "submarino";1;;;;;;;;;;1;;;;
07/06/2016;05:02:00;15;sem vítima;313,267;BR-101/RJ;Sul;Choque - Defensa, barreira ou "submarino";1;;;;;;;;;;1;;;;
22/06/2016;17:55:00;180;com vítima;313,37;BR-101/RJ;Sul;Choque - Defensa, barreira ou "submarino";;;1;;;;;;;;0;;1;;
29/05/2016;14:22:00;87;com vítima;313,44;BR-101/RJ;Norte;Colisão Traseira;1;;1;;;;;;;;5;2;;;
21/08/2016;20:39:00;170;sem vítima;313,489;BR-101/RJ;Norte;Choque - Defensa, barreira ou "submarino";1;;;;;;;;;;1;;;;
09/05/2016;16:17:00;182;sem vítima;313,535;BR-101/RJ;Norte;Choque - Poste;1;;;;;;;;;;1;;;;
27/08/2016;06:04:00;30;sem vítima;313,714;BR-101/RJ;Norte;Colisão Lateral;2;;1;;;;;;;;4;;;;
01/07/2016;20:34:00;231;com vítima;313,788;BR-101/RJ;Norte;Engavetamento;3;;;;;;;;;;4;1;;;
09/06/2016;21:04:00;244;sem vítima;313,8;BR-101/RJ;Norte;Colisão Traseira;3;;;;;;;;;;11;;;;
25/01/2016;03:05:00;13;sem vítima;314;BR-101/RJ;Sul;Choque - Defensa, barreira ou "submarino";1;;;;;;;;;;1;;;;
30/01/2016;01:01:00;9;com vítima;314;BR-101/RJ;Norte;Colisão Traseira;;1;;1;;;;;;;0;;1;1;
20/03/2016;19:18:00;150;sem vítima;314;BR-101/RJ;Norte;Colisão Traseira;2;;;;;;;;;;3;;;;
04/04/2016;17:08:00;195;com vítima;314;BR-101/RJ;Norte;Colisão Traseira;;;;1;;;;;;1;1;1;;;
07/04/2016;15:54:00;162;com vítima;314;BR-101/RJ;Norte;Queda de Moto;;;;1;;;;;;;0;1;;;
26/04/2016;15:23:00;136;sem vítima;314;BR-101/RJ;Norte;Choque - Defensa, barreira ou "submarino";1;;;;;;;;;;1;;;;
08/05/2016;12:09:00;75;sem vítima;314;BR-101/RJ;Norte;Colisão Traseira;1;;1;;;1;;;;;3;;;;
20/05/2016;11:56:00;117;com vítima;314;BR-101/RJ;Sul;Engavetamento;6;;;;;;;;;;8;1;;;
06/06/2016;17:47:00;199;sem vítima;314;BR-101/RJ;Norte;Colisão Traseira;2;;;;;;;;;;4;;;;
08/06/2016;06:27:00;10;sem vítima;314;BR-101/RJ;Sul;Engavetamento;3;;;;;;;;;1;7;;;;
09/06/2016;22:15:00;251;sem vítima;314;BR-101/RJ;Norte;Colisão Traseira;2;;;;;;;;;;4;;;;
17/06/2016;18:21:00;192;sem vítima;314;BR-101/RJ;Norte;Colisão Traseira;2;;;;;;;;;;5;;;;
17/07/2016;12:49:00;76;sem vítima;314;BR-101/RJ;Sul;Engavetamento;2;;;;;1;;;;;4;;;;
02/08/2016;17:15:00;191;sem vítima;314;BR-101/RJ;Norte;Colisão Traseira;2;;;;;;;;;;2;;;;
15/08/2016;18:57:00;221;com vítima;314;BR-101/RJ;Norte;Queda de Moto;;;;1;;;;;;;0;2;;;
24/08/2016;19:44:00;201;sem vítima;314;BR-101/RJ;Sul;Engavetamento;2;;;;;;;;;2;8;;;;
26/08/2016;17:48:00;208;sem vítima;314;BR-101/RJ;Norte;Engavetamento;3;;;;;;;;;;5;;;;
17/07/2016;13:51:00;88;sem vítima;314,1;BR-101/RJ;Sul;Colisão Lateral;1;;;1;;;;;;;3;;;;
18/05/2016;08:26:00;66;com vítima;314,26;BR-101/RJ;Sul;Colisão Lateral;1;;;1;;;;;;;3;1;;;
27/08/2016;07:16:00;40;sem vítima;314,309;BR-101/RJ;Sul;Choque - Outros;1;;;;;;;;;;2;;;;
02/06/2016;09:01:00;73;com vítima;314,4;BR-101/RJ;Sul;Colisão Lateral;1;;;1;;;;;;;1;1;;;
13/06/2016;00:50:00;4;sem vítima;314,405;BR-101/RJ;Norte;Choque - Defensa, barreira ou "submarino";1;;;;;;;;;;1;;;;
27/07/2016;15:31:00;159;sem vítima;314,48;BR-101/RJ;Norte;Colisão Lateral;1;;;;;;;;;;1;;;;
30/07/2016;04:04:00;13;com vítima;314,601;BR-101/RJ;Norte;Atropelamento - Morador;1;;;;;;;;;;0;2;;;1
07/05/2016;14:35:00;112;com vítima;314,656;BR-101/RJ;Norte;Atropelamento - Outros;;;;;1;;;;;;1;1;;;
21/04/2016;17:56:00;188;com vítima;314,758;BR-101/RJ;Norte;Colisão Traseira;1;;;1;;;;;;;5;;;1;
05/02/2016;10:47:00;123;com vítima;315;BR-101/RJ;Norte;Colisão Traseira;;;;1;;1;;;;;1;2;;;
20/02/2016;15:26:00;138;sem vítima;315;BR-101/RJ;Norte;Choque - Poste;1;;;;;;;;;;2;;;;
13/03/2016;00:08:00;2;sem vítima;315;BR-101/RJ;Sul;Choque - Defensa, barreira ou "submarino";1;;;;;;;;;;1;;;;
15/03/2016;19:27:00;208;sem vítima;315;BR-101/RJ;Norte;Colisão Traseira;1;;;;;1;;;;;2;;;;
23/03/2016;21:12:00;205;sem vítima;315;BR-101/RJ;Norte;Colisão Traseira;2;;;;;;;;;;5;;;;
27/03/2016;19:11:00;181;sem vítima;315;BR-101/RJ;Sul;Colisão Lateral;1;;;;;1;;;;;2;;;;
05/04/2016;01:32:00;8;com vítima;315;BR-101/RJ;Norte;Choque - Outros;1;;;;;;;;;;0;1;;;
23/05/2016;06:53:00;20;sem vítima;315;BR-101/RJ;Norte;Choque - Defensa, barreira ou "submarino";1;;;;;;;;;;1;;;;
17/07/2016;17:45:00;136;com vítima;315;BR-101/RJ;Norte;Atropelamento - Morador;1;;;;;;;;;1;2;;;2;2
29/08/2016;03:58:00;26;sem vítima;315;BR-101/RJ;Norte;Colisão Traseira;1;;;;;1;;;;;5;;;;
27/07/2016;06:44:00;34;com vítima;315,229;BR-101/RJ;Sul;Colisão Lateral;1;;;1;;;;;;;1;1;;;
09/07/2016;19:11:00;166;sem vítima;315,36;BR-101/RJ;Norte;Engavetamento;3;;;;;;;;;;6;;;;
14/08/2016;18:40:00;138;com vítima;315,438;BR-101/RJ;Norte;Engavetamento;2;;;;;1;;;;;2;1;;;
18/05/2016;06:51:00;29;sem vítima;315,587;BR-101/RJ;Sul;Colisão Traseira;1;;;1;;;;;;;2;;;;
20/02/2016;00:34:00;5;com vítima;315,7;BR-101/RJ;Sul;Choque - Defensa, barreira ou "submarino";1;;;;;;;;;;1;1;;;
18/04/2016;18:10:00;183;sem vítima;315,8;BR-101/RJ;Norte;Colisão Traseira;2;;;;;;;;;;2;;;;
21/06/2016;10:08:00;108;com vítima;315,88;BR-101/RJ;Norte;Colisão Lateral;;;;2;;;;;;;1;1;;;
21/02/2016;18:23:00;135;com vítima;315,9;BR-101/RJ;Norte;Atropelamento - Morador;1;;;;;;;;;;1;;;1;
12/04/2016;20:35:00;205;com vítima;315,9;BR-101/RJ;Sul;Atropelamento - Morador;1;;;;;;;;;;2;;1;;
11/01/2016;08:10:00;53;com vítima;316;BR-101/RJ;Sul;Colisão Lateral;1;;;1;;;;;;;1;1;;;
16/01/2016;03:39:00;20;sem vítima;316;BR-101/RJ;Sul;Choque - Defensa, barreira ou "submarino";;;1;;;;;;;;1;;;;
19/01/2016;20:30:00;170;sem vítima;316;BR-101/RJ;Norte;Saida de Pista;1;;;;;;;;;;1;;;;
29/01/2016;19:25:00;210;sem vítima;316;BR-101/RJ;Norte;Colisão Traseira;2;;;;;;;;;;3;;;;
13/02/2016;15:27:00;122;sem vítima;316;BR-101/RJ;Norte;Colisão Lateral;1;;;;1;;;;;;2;;;;
25/02/2016;07:21:00;43;com vítima;316;BR-101/RJ;Sul;Colisão Traseira;1;;;1;;;;;;;1;1;;;
05/03/2016;02:02:00;20;sem vítima;316;BR-101/RJ;Norte;Saida de Pista;1;;;;;;;;;;5;;;;
22/03/2016;07:29:00;51;sem vítima;316;BR-101/RJ;Sul;Colisão Traseira;1;;;;;1;;;;;2;;;;
23/03/2016;22:25:00;214;sem vítima;316;BR-101/RJ;Sul;Outros;1;;;;;;;;;;3;;;;
24/04/2016;18:32:00;185;sem vítima;316;BR-101/RJ;Sul;Colisão Lateral;1;;;1;;;;;;;4;;;;
28/04/2016;18:52:00;170;sem vítima;316;BR-101/RJ;Norte;Engavetamento;6;;;;;;;;;;7;;;;
02/05/2016;13:34:00;116;sem vítima;316;BR-101/RJ;Norte;Colisão Traseira;1;;;;;;;;;1;3;;;;
10/05/2016;19:01:00;210;sem vítima;316;BR-101/RJ;Sul;Engavetamento;1;;;2;;;;;;;2;;;;
28/06/2016;19:39:00;211;sem vítima;316;BR-101/RJ;Norte;Colisão Traseira;2;;;;;;;;;;3;;;;
04/07/2016;07:56:00;56;com vítima;316;BR-101/RJ;Norte;Colisão Transversal;2;;;;;;;;;;3;1;;;
14/08/2016;17:50:00;125;sem vítima;316;BR-101/RJ;Norte;Choque - Defensa, barreira ou "submarino";1;;;;;;;;;;3;;;;
18/08/2016;20:15:00;228;sem vítima;316;BR-101/RJ;Sul;Colisão Frontal;2;;;;;;;;;;2;;;;
19/08/2016;03:41:00;16;sem vítima;316,222;BR-101/RJ;Norte;Choque - Defensa, barreira ou "submarino";1;;;;;;;;;;1;;;;
14/06/2016;23:38:00;210;com vítima;316,268;BR-101/RJ;Norte;Queda de Moto;;;;1;;;;;;;0;1;;;
23/07/2016;16:36:00;150;com vítima;316,367;BR-101/RJ;Sul;Choque - Outros;;;;1;;;;;;;0;1;;;
20/02/2016;20:05:00;189;sem vítima;316,95;BR-101/RJ;Sul;Choque - Defensa, barreira ou "submarino";1;;;;;;;;;;1;;;;
16/05/2016;23:51:00;210;sem vítima;316,958;BR-101/RJ;Norte;Choque - Defensa, barreira ou "submarino";1;;;;;;;;;;1;;;;
21/01/2016;20:13:00;230;sem vítima;317;BR-101/RJ;Norte;Engavetamento;2;;;;;1;;;;;3;;;;
22/01/2016;13:48:00;148;com vítima;317;BR-101/RJ;Norte;Engavetamento;3;;;;;;;;;;2;2;;;
22/01/2016;14:08:00;152;sem vítima;317;BR-101/RJ;Sul;Colisão Traseira;1;;;;;1;;;;;2;;;;
01/02/2016;08:32:00;65;com vítima;317;BR-101/RJ;Sul;Colisão Traseira;;;;1;;1;;;;;1;2;;;
16/03/2016;07:24:00;50;sem vítima;317;BR-101/RJ;Sul;Engavetamento;2;;;;;2;;;;;4;;;;
19/04/2016;11:32:00;135;com vítima;317;BR-101/RJ;Sul;Engavetamento;4;;;;;;;;;1;8;1;;;
24/04/2016;08:40:00;50;sem vítima;317;BR-101/RJ;Sul;Choque - Outros;1;;;;;;;;;;1;;;;
26/04/2016;07:51:00;42;sem vítima;317;BR-101/RJ;Sul;Engavetamento;4;;;;;;;;;;6;;;;
15/05/2016;11:54:00;74;sem vítima;317;BR-101/RJ;Sul;Colisão Traseira;1;;;;;1;;;;;6;;;;
09/07/2016;21:00:00;179;sem vítima;317;BR-101/RJ;Sul;Colisão Traseira;2;;;;;;;;;;3;;;;
12/08/2016;07:41:00;60;sem vítima;317;BR-101/RJ;Sul;Colisão Traseira;2;;;;;;;;;;5;;;;
15/08/2016;16:21:00;187;sem vítima;317;BR-101/RJ;Norte;Colisão Traseira;2;;;;;;;;;;3;;;;
16/08/2016;18:20:00;231;sem vítima;317;BR-101/RJ;Norte;Colisão Traseira;2;;;;;;;;;;2;;;;
16/08/2016;18:32:00;232;sem vítima;317;BR-101/RJ;Norte;Engavetamento;4;;;;;;;;;;4;;;;
18/07/2016;06:15:00;33;sem vítima;317,104;BR-101/RJ;Sul;Engavetamento;3;;;;;;;;;;7;;;;
16/05/2016;10:05:00;99;sem vítima;317,165;BR-101/RJ;Sul;Engavetamento;3;;;;;;;;;;3;;;;
08/05/2016;03:21:00;16;sem vítima;317,194;BR-101/RJ;Sul;Choque - Defensa, barreira ou "submarino";1;;;;;;;;;;0;;;;
24/06/2016;18:27:00;181;sem vítima;317,194;BR-101/RJ;Norte;Engavetamento;3;;;;;;;;;;6;;;;
05/08/2016;18:41:00;209;com vítima;317,245;BR-101/RJ;Norte;Colisão Traseira;1;;;1;;;;;;;1;1;;;
15/05/2016;09:18:00;54;sem vítima;317,27;BR-101/RJ;Sul;Choque - Suporte de Sinalização;1;;;;;1;;;;;3;;;;
05/08/2016;15:39:00;170;sem vítima;317,45;BR-101/RJ;Norte;Engavetamento;3;;;;;2;;;;;10;;;;
29/06/2016;14:09:00;150;com vítima;317,47;BR-101/RJ;Sul;Colisão Lateral;1;;;1;;;;;;;1;2;;;
29/06/2016;14:16:00;153;com vítima;317,58;BR-101/RJ;Sul;Colisão Lateral;1;;;1;;;;;;;4;;2;;
12/06/2016;22:26:00;151;com vítima;317,787;BR-101/RJ;Norte;Colisão Frontal;;;1;1;;;;;;;1;;2;;
13/06/2016;00:44:00;2;com vítima;317,813;BR-101/RJ;Norte;Choque - Defensa, barreira ou "submarino";1;;;;;;;;;;2;1;;;
14/06/2016;06:08:00;16;sem vítima;317,815;BR-101/RJ;Sul;Engavetamento;2;;;;;1;;;;;3;;;;
15/05/2016;20:20:00;152;sem vítima;317,865;BR-101/RJ;Norte;Queda de Moto;;;;1;;;;;;;0;;;;
15/05/2016;18:46:00;137;com vítima;317,871;BR-101/RJ;Norte;Colisão Frontal;2;;;;;;;;;;6;2;;;
22/06/2016;09:12:00;72;sem vítima;317,914;BR-101/RJ;Sul;Engavetamento;3;;;;;;;;;;4;;;;
08/01/2016;20:05:00;231;sem vítima;318;BR-101/RJ;Norte;Colisão Lateral;1;;1;;;;;;;;3;;;;
27/01/2016;17:50:00;217;sem vítima;318;BR-101/RJ;Norte;Colisão Traseira;2;;;;;;;;;;2;;;;
28/01/2016;16:57:00;225;sem vítima;318;BR-101/RJ;Norte;Colisão Frontal;2;;;;;;;;;;3;;;;
06/02/2016;13:58:00;214;com vítima;318;BR-101/RJ;Norte;Queda de Moto;;;;1;;;;;;;0;1;;;
17/02/2016;16:50:00;143;sem vítima;318;BR-101/RJ;Norte;Colisão Traseira;2;;;;;;;;;;3;;;;
07/03/2016;12:58:00;137;com vítima;318;BR-101/RJ;Norte;Colisão Lateral;1;;;1;;;;;;;1;1;;;
22/03/2016;07:06:00;41;com vítima;318;BR-101/RJ;Sul;Colisão Traseira;;;1;;1;;;;;;2;2;;;
23/03/2016;06:05:00;8;com vítima;318;BR-101/RJ;Sul;Colisão Lateral;1;;;1;;;;;;;1;1;;;
23/03/2016;06:35:00;10;com vítima;318;BR-101/RJ;Sul;Queda de Moto;;;;;;1;;;;;0;1;;;
02/04/2016;08:12:00;33;sem vítima;318;BR-101/RJ;Norte;Colisão Lateral;1;;;;;1;;;;;3;;;;
04/04/2016;16:16:00;187;sem vítima;318;BR-101/RJ;Norte;Colisão Lateral;1;;;;1;;;;;;2;;;;
06/04/2016;07:22:00;39;com vítima;318;BR-101/RJ;Sul;Colisão Traseira;1;;;1;;;;;;;2;1;;;
09/04/2016;06:40:00;30;sem vítima;318;BR-101/RJ;Sul;Colisão Transversal;2;;;;;;;;;;4;;;;
29/04/2016;20:46:00;182;sem vítima;318;BR-101/RJ;Norte;Engavetamento;2;;;;;;;;;1;4;;;;
02/05/2016;08:08:00;53;sem vítima;318;BR-101/RJ;Sul;Colisão Lateral;;;;1;;1;;;;;1;;;;
18/05/2016;19:10:00;195;sem vítima;318;BR-101/RJ;Norte;Queda de Moto;;;;1;;1;;;;;2;;;;
01/06/2016;09:01:00;82;sem vítima;318;BR-101/RJ;Sul;Colisão Traseira;2;;;;;;;;;;4;;;;
16/07/2016;11:10:00;93;com vítima;318;BR-101/RJ;Norte;Colisão Traseira;1;;;1;;;;;;;1;1;;;
18/07/2016;17:24:00;187;sem vítima;318;BR-101/RJ;Norte;Colisão Traseira;2;;;;;;;;;;3;;;;
01/08/2016;17:10:00;194;com vítima;318;BR-101/RJ;Norte;Colisão Traseira;1;;1;1;;;;;;;2;2;;;
21/08/2016;04:54:00;30;sem vítima;318;BR-101/RJ;Norte;Colisão Lateral;1;;;;;1;;;;;2;;;;
22/08/2016;18:12:00;211;sem vítima;318;BR-101/RJ;Norte;Colisão Lateral;1;;;;;1;;;;;3;;;;
26/08/2016;16:46:00;191;com vítima;318;BR-101/RJ;Norte;Colisão Traseira;1;;;1;;;;;;;1;1;;;
19/06/2016;01:47:00;11;sem vítima;318,213;BR-101/RJ;Norte;Choque - Elemento de Drenagem;1;;;;;;;;;;5;;;;
07/05/2016;06:30:00;27;sem vítima;318,283;BR-101/RJ;Sul;Colisão Traseira;3;;;1;;;;;;;3;;;;
22/08/2016;13:28:00;142;com vítima;318,319;BR-101/RJ;Norte;Colisão Traseira;2;;;;;;;;;;1;3;;;
18/05/2016;13:19:00;136;com vítima;318,336;BR-101/RJ;Norte;Queda de Moto;2;;;1;;;;;;;2;1;;;
11/08/2016;16:28:00;185;sem vítima;318,339;BR-101/RJ;Norte;Choque - Suporte de Sinalização;1;;;;;;;;;;1;;;;
12/01/2016;10:14:00;61;sem vítima;318,35;BR-101/RJ;Sul;Colisão Lateral;1;;;;1;;;;;;3;;;;
10/05/2016;18:34:00;205;sem vítima;318,4;BR-101/RJ;Norte;Colisão Traseira;2;;;;;;;;;;2;;;;
13/05/2016;16:20:00;191;sem vítima;318,6;BR-101/RJ;Norte;Colisão Traseira;;;;1;;1;;;;;1;;;;
31/05/2016;16:08:00;160;sem vítima;318,666;BR-101/RJ;Norte;Colisão Lateral;1;;1;;;;;;;;2;;;;
23/01/2016;15:23:00;173;sem vítima;318,7;BR-101/RJ;Norte;Colisão Lateral;3;;;;;;;;;;4;;;;
11/02/2016;18:41:00;205;com vítima;318,9;BR-101/RJ;Sul;Colisão Lateral;1;;;1;;;;;;;1;1;;;
31/05/2016;19:15:00;190;sem vítima;318,924;BR-101/RJ;Norte;Colisão Lateral;2;;;1;;;;;;;6;;;;
04/08/2016;17:51:00;190;sem vítima;318,96;BR-101/RJ;Sul;Colisão Lateral;2;;;;;;;;;;6;;;;
11/01/2016;12:40:00;114;sem vítima;319;BR-101/RJ;Norte;Colisão Transversal;2;;;;;;;;;;9;;;;
16/01/2016;12:17:00;104;sem vítima;319;BR-101/RJ;Sul;Choque - Defensa, barreira ou "submarino";1;;1;;;;;;;;2;;;;
18/01/2016;07:02:00;37;com vítima;319;BR-101/RJ;Norte;Queda de Moto;;;;1;;;;;;;0;1;;;
18/01/2016;07:02:00;68;com vítima;319;BR-101/RJ;Norte;Engavetamento;2;;;;;1;;;;;3;1;;;
18/01/2016;11:56:00;115;com vítima;319;BR-101/RJ;Norte;Colisão Lateral;;;;1;;1;;;;;1;1;;;
18/01/2016;18:43:00;184;sem vítima;319;BR-101/RJ;Norte;Colisão Traseira;2;;;;;;;;;;6;;;;
20/01/2016;18:00:00;150;sem vítima;319;BR-101/RJ;Norte;Colisão Traseira;1;;;;;1;;;;;2;;;;
21/01/2016;17:16:00;192;com vítima;319;BR-101/RJ;Norte;Colisão Lateral;1;;;1;;;;;;;1;1;;;
23/01/2016;14:23:00;162;com vítima;319;BR-101/RJ;Norte;Colisão Lateral;;;;1;;1;;;;;1;1;;;
23/01/2016;18:11:00;205;sem vítima;319;BR-101/RJ;Norte;Colisão Lateral;2;;;;;;;;;;3;;;;
28/01/2016;20:06:00;261;sem vítima;319;BR-101/RJ;Norte;Queda de Moto;;;;1;;;;;;;1;;;;
31/01/2016;16:34:00;156;com vítima;319;BR-101/RJ;Norte;Colisão Transversal;1;;;;1;;;;;;2;1;;;
04/02/2016;17:37:00;226;sem vítima;319;BR-101/RJ;Sul;Saida de Pista;1;;;;;;;;;;1;;;;
07/02/2016;01:24:00;8;com vítima;319;BR-101/RJ;Norte;Queda de Moto;;;;1;;;;;;;0;1;;;
25/02/2016;19:25:00;182;com vítima;319;BR-101/RJ;Norte;Colisão Lateral;1;;;1;;;;;;;1;1;;;
26/02/2016;15:52:00;161;sem vítima;319;BR-101/RJ;Norte;Colisão Lateral;1;;1;;;;;;;;3;;;;
26/02/2016;18:14:00;200;sem vítima;319;BR-101/RJ;Norte;Colisão Lateral;1;;;;1;;;;;;2;;;;
04/03/2016;15:17:00;158;com vítima;319;BR-101/RJ;Norte;Colisão Lateral;1;;;1;;;;;;;2;;1;;
09/03/2016;13:14:00;128;com vítima;319;BR-101/RJ;Norte;Colisão Lateral;;;;1;1;;;;;;1;2;;;
22/03/2016;07:38:00;53;sem vítima;319;BR-101/RJ;Sul;Colisão Traseira;2;;;;;;;;;;2;;;;
23/03/2016;15:03:00;124;com vítima;319;BR-101/RJ;Sul;Queda de Moto;;;;1;;;;;;;1;1;;;
27/03/2016;15:09:00;110;com vítima;319;BR-101/RJ;Sul;Queda de Moto;;;;1;;;;;;;0;2;;;
28/03/2016;08:48:00;71;sem vítima;319;BR-101/RJ;Sul;Colisão Traseira;1;;;;;1;;;;;2;;;;
07/04/2016;17:16:00;178;com vítima;319;BR-101/RJ;Sul;Capotamento;1;;;;;;;;;;0;1;;;
15/04/2016;07:26:00;37;com vítima;319;BR-101/RJ;Norte;Choque - Defensa, barreira ou "submarino";1;;;;;;;;;;0;1;;;
20/04/2016;21:06:00;244;sem vítima;319;BR-101/RJ;Norte;Colisão Traseira;1;;;;;;;;;1;2;;;;
25/04/2016;18:57:00;201;sem vítima;319;BR-101/RJ;Sul;Colisão Traseira;2;;;;;;;;;;3;;;;
27/04/2016;19:08:00;206;sem vítima;319;BR-101/RJ;Norte;Engavetamento;3;;;;;;;;;;3;;;;
04/05/2016;12:37:00;100;com vítima;319;BR-101/RJ;Norte;Colisão Lateral;;;;1;;1;;;;;1;1;;;
11/05/2016;09:01:00;70;com vítima;319;BR-101/RJ;Sul;Colisão Lateral;1;;;;1;;;;;;3;2;;;
14/05/2016;12:36:00;103;sem vítima;319;BR-101/RJ;Sul;Engavetamento;5;;;;;1;;;;;8;;;;
25/05/2016;21:06:00;216;sem vítima;319;BR-101/RJ;Norte;Colisão Lateral;1;;;;1;;;;;;4;;;;
01/06/2016;08:22:00;53;sem vítima;319;BR-101/RJ;Sul;Colisão Traseira;2;;;;;;;;;;2;;;;
08/06/2016;06:01:00;8;sem vítima;319;BR-101/RJ;Sul;Colisão Traseira;2;;;;;;;;;;4;;;;
08/06/2016;19:51:00;157;com vítima;319;BR-101/RJ;Norte;Colisão Lateral;1;;;1;;;;;;;1;1;;;
19/06/2016;23:20:00;178;sem vítima;319;BR-101/RJ;Sul;Colisão Lateral;1;;1;;;;;;;;2;;;;
22/06/2016;07:29:00;33;com vítima;319;BR-101/RJ;Sul;Engavetamento;4;;;;;;;;;;8;1;;;
28/06/2016;13:08:00;141;sem vítima;319;BR-101/RJ;Norte;Colisão Traseira;;;;1;;1;;;;;2;;;;
02/07/2016;11:15:00;70;com vítima;319;BR-101/RJ;Sul;Colisão Traseira;;;;1;;;;;;1;1;1;;;
07/07/2016;10:00:00;94;sem vítima;319;BR-101/RJ;Sul;Engavetamento;3;;;;;;;;;;4;;;;
08/07/2016;15:56:00;167;sem vítima;319;BR-101/RJ;Norte;Colisão Lateral;2;;;;;;;;;;4;;;;
21/07/2016;17:58:00;151;sem vítima;319;BR-101/RJ;Norte;Colisão Traseira;1;;;;;1;;;;;2;;;;
25/07/2016;08:37:00;84;sem vítima;319;BR-101/RJ;Norte;Colisão Lateral;;;;;1;1;;;;;2;;;;
31/07/2016;21:41:00;185;com vítima;319;BR-101/RJ;Sul;Choque - Defensa, barreira ou "submarino";1;;;;;;;;;;3;1;;;
01/08/2016;17:55:00;208;com vítima;319;BR-101/RJ;Norte;Atropelamento - Ambulante;;;;;;;;;;1;1;;1;;
02/08/2016;18:04:00;196;com vítima;319;BR-101/RJ;Norte;Colisão Traseira;1;;;1;;;;;;;1;1;1;;
28/08/2016;03:01:00;11;sem vítima;319;BR-101/RJ;Norte;Choque - Defensa, barreira ou "submarino";1;;;;;;;;;;1;;;;
29/05/2016;06:34:00;23;sem vítima;319,157;BR-101/RJ;Sul;Colisão Lateral;1;;;;1;;;;;;2;;;;
03/06/2016;04:31:00;15;com vítima;319,169;BR-101/RJ;Sul;Colisão Traseira;1;;;;;;;;;1;1;;;;1
17/07/2016;10:27:00;57;com vítima;319,176;BR-101/RJ;Sul;Colisão Traseira;2;;;;;;;;;;5;;1;;
05/05/2016;19:45:00;208;com vítima;319,2;BR-101/RJ;Norte;Colisão Lateral;1;;;;2;;;;;;4;1;3;;
19/04/2016;09:07:00;89;com vítima;319,218;BR-101/RJ;Sul;Engavetamento;2;;;1;1;;;;;;3;;1;;
06/05/2016;21:21:00;224;sem vítima;319,27;BR-101/RJ;Norte;Engavetamento;3;;;;;;;;;;7;;;;
13/06/2016;07:01:00;35;com vítima;319,44;BR-101/RJ;Sul;Colisão Lateral;;;;1;;1;;;;;1;2;;;
02/02/2016;18:14:00;194;com vítima;319,45;BR-101/RJ;Norte;Colisão Traseira;1;;;1;;;;;;;1;;1;;
19/04/2016;07:35:00;63;com vítima;319,45;BR-101/RJ;Sul;Colisão Lateral;1;;;1;;;;;;;1;2;;;
08/02/2016;13:15:00;88;sem vítima;319,8;BR-101/RJ;Sul;Choque - Defensa, barreira ou "submarino";1;;;;;;;;;;1;;;;
10/06/2016;18:17:00;191;com vítima;319,8;BR-101/RJ;Norte;Colisão Lateral;1;;;1;;;;;;;2;1;;;
22/08/2016;22:44:00;262;com vítima;319,8;BR-101/RJ;Sul;Atropelamento - Andarilho;1;;;;;;;;;;1;;;1;
18/07/2016;08:55:00;72;com vítima;319,814;BR-101/RJ;Sul;Choque - Elemento de Drenagem;1;;;;;;;;;;0;4;1;;
11/07/2016;06:48:00;40;com vítima;319,846;BR-101/RJ;Sul;Colisão Traseira;1;;;1;;;;;;;1;1;;;
13/08/2016;19:04:00;170;com vítima;319,849;BR-101/RJ;Sul;Colisão Transversal;1;1;;;;;;;;;2;;1;;
23/05/2016;17:50:00;166;sem vítima;319,888;BR-101/RJ;Norte;Colisão Traseira;1;;;;;1;;;;;2;;;;
16/06/2016;18:36:00;198;com vítima;319,893;BR-101/RJ;Norte;Colisão Lateral;;;;1;;;;;;1;1;1;1;;
14/03/2016;18:55:00;206;com vítima;319,9;BR-101/RJ;Norte;Engavetamento;3;;;;;;;;;;4;2;1;;
15/07/2016;04:41:00;13;sem vítima;319,93;BR-101/RJ;Sul;Choque - Defensa, barreira ou "submarino";1;;;;;;;;;;1;;;;
10/01/2016;07:16:00;33;com vítima;320;BR-101/RJ;Norte;Choque - Defensa, barreira ou "submarino";;;;2;;;;;;;0;1;2;;
16/01/2016;06:57:00;46;com vítima;320;BR-101/RJ;Norte;Colisão Transversal;2;;;;;;;;;;1;1;;;
25/01/2016;23:23:00;250;com vítima;320;BR-101/RJ;Norte;Choque - Defensa, barreira ou "submarino";1;;;;;;;;;;0;1;;;
28/01/2016;22:18:00;276;com vítima;320;BR-101/RJ;Norte;Choque - Defensa, barreira ou "submarino";1;;;;;;;;;;2;2;;;
15/02/2016;17:44:00;212;com vítima;320;BR-101/RJ;Sul;Atropelamento - Ciclista;;1;;;;1;;;;;1;1;;;
21/02/2016;08:07:00;36;sem vítima;320;BR-101/RJ;Norte;Choque - Defensa, barreira ou "submarino";1;;;;;;;;;;5;;;;
02/05/2016;09:51:00;78;sem vítima;320;BR-101/RJ;Sul;Queda de Moto;;;;1;;;;;;;0;;;;