data;horario;n_da_ocorrencia;tipo_de_ocorrencia;km;trecho;sentido;tipo_de_acidente;automovel;bicicleta;caminhao;moto;onibus;outros;tracao_animal;transporte_de_cargas_especiais;trator_maquinas;utilitarios;ilesos;levemente_feridos;moderadamente_feridos;gravemente_feridos;mortos
06/12/2016;05:29:00;20;sem vítima;318,17;BR-101/RJ;Sul;Engavetamento;3;;;;;1;;;;;5;;;;
06/12/2016;06:59:00;35;com vítima;319;BR-101/RJ;Sul;Colisão Traseira;1;;;1;;;;;;;1;1;;;
06/12/2016;07:21:00;46;com vítima;312;BR-101/RJ;Sul;Colisão Traseira;1;;;1;;;;;;;1;;1;;
06/12/2016;11:39:00;122;com vítima;262,612;BR-101/RJ;Norte;Capotamento;1;;;;;;;;;;0;1;;;
06/12/2016;17:13:00;188;com vítima;313,605;BR-101/RJ;Norte;Colisão Lateral;1;;;1;;;;;;;1;;1;;
06/12/2016;17:39:00;195;sem vítima;319;BR-101/RJ;Norte;Engavetamento;3;;;;;;;;;;5;;;;
06/12/2016;18:14:00;201;sem vítima;244;BR-101/RJ;Norte;Colisão Lateral;1;;;;;1;;;;;3;;;;
06/12/2016;18:30:00;203;sem vítima;310;BR-101/RJ;Norte;Colisão Traseira;2;;;;;;;;;;6;;;;
06/12/2016;18:58:00;205;sem vítima;320;BR-101/RJ;Sul;Colisão Traseira;;;;;;;;;;2;2;;;;
06/12/2016;22:40:00;238;com vítima;313,74;BR-101/RJ;Norte;Engavetamento;2;;;;;;;;;1;2;1;;;
06/12/2016;23:36:00;246;com vítima;308,83;BR-101/RJ;Sul;Atropelamento - Morador;1;;;;;;;;;;1;;;;1
07/12/2016;01:46:00;14;com vítima;297,92;BR-101/RJ;Sul;Choque - Elemento de Drenagem;1;;;;;;;;;;0;2;;;
07/12/2016;07:30:00;54;sem vítima;318,288;BR-101/RJ;Sul;Colisão Lateral;1;;;1;;;;;;;2;;;;
07/12/2016;09:17:00;100;sem vítima;321,163;BR-101/RJ;Norte;Colisão Traseira;1;;;;;;;;;1;2;;;;
07/12/2016;11:57:00;143;sem vítima;170,278;BR-101/RJ;Sul;Choque - Elemento de Drenagem;1;;;;;;;;;;1;;;;
07/12/2016;16:47:00;200;sem vítima;252;BR-101/RJ;Sul;Choque - Defensa, barreira ou "submarino";;;1;;;;;;;;1;;;;
07/12/2016;17:25:00;211;sem vítima;313;BR-101/RJ;Norte;Colisão Traseira;2;;;;;;;;;;2;;;;
07/12/2016;21:57:00;269;com vítima;309,9;BR-101/RJ;Norte;Colisão Frontal;;;;2;;;;;;;0;1;2;;
07/12/2016;22:04:00;272;sem vítima;313,435;BR-101/RJ;Norte;Colisão Traseira;2;;;;;;;;;;2;;;;
07/12/2016;23:12:00;285;com vítima;93;BR-101/RJ;Norte;Engavetamento;1;;1;;;;;;;1;3;2;;;
08/12/2016;01:05:00;5;sem vítima;101;BR-101/RJ;Norte;Colisão Traseira;2;;;;;;;;;;2;;;;
08/12/2016;02:28:00;13;sem vítima;309,67;BR-101/RJ;Norte;Choque - Suporte de Sinalização;1;;;;;;;;;;1;;;;
08/12/2016;04:45:00;21;sem vítima;128,115;BR-101/RJ;Norte;Tombamento;;;1;;;;;;;;1;;;;
08/12/2016;08:25:00;74;com vítima;303,963;BR-101/RJ;Norte;Colisão Traseira;2;;;;;;;;;;0;;2;;
08/12/2016;09:08:00;95;com vítima;32,451;BR-101/RJ;Sul;Choque - Elemento de Drenagem;1;;;;;;;;;;0;2;;;
08/12/2016;09:55:00;102;sem vítima;67,288;BR-101/RJ;Norte;Colisão Traseira;;;1;;;;;;;1;4;;;;
08/12/2016;11:12:00;126;sem vítima;314,233;BR-101/RJ;Norte;Colisão Traseira;1;;;;;;;;;1;2;;;;
08/12/2016;12:08:00;142;com vítima;295;BR-101/RJ;Sul;Colisão Traseira;1;;1;;;;;;;;1;1;;;
08/12/2016;17:02:00;211;sem vítima;9;BR-101/RJ;Norte;Colisão Traseira;;;1;;;1;;;;;2;;;;
08/12/2016;17:42:00;228;com vítima;310;BR-101/RJ;Norte;Colisão Lateral;;;;1;;1;;;;;1;1;;;
08/12/2016;17:50:00;238;sem vítima;313;BR-101/RJ;Norte;Colisão Traseira;1;;;;;1;;;;;3;;;;
08/12/2016;18:20:00;240;com vítima;65;BR-101/RJ;Sul;Colisão Transversal;1;;;1;;;;;;;1;;1;;
08/12/2016;20:38:00;270;sem vítima;317;BR-101/RJ;Norte;Engavetamento;2;;1;;;;;;;;6;;;;
08/12/2016;21:10:00;273;sem vítima;271,276;BR-101/RJ;Norte;Choque - Defensa, barreira ou "submarino";1;;;;;;;;;;1;;;;
08/12/2016;22:02:00;278;sem vítima;81,1;BR-101/RJ;Sul;Atropelamento de Animal;1;;;;;;;;;;2;;;;
08/12/2016;23:36:00;283;sem vítima;241,782;BR-101/RJ;Norte;Choque - Suporte de Sinalização;;;1;;;;;;;;1;;;;
08/12/2016;23:50:00;285;com vítima;242,5;BR-101/RJ;Sul;Choque - Defensa, barreira ou "submarino";1;;;;;;;;;;1;5;;;
09/12/2016;02:58:00;22;com vítima;304,739;BR-101/RJ;Sul;Atropelamento de Animal;;;;1;;;;;;;0;1;;;
09/12/2016;04:04:00;27;sem vítima;12,585;BR-101/RJ;Norte;Colisão Traseira;1;;1;;;;;;;;3;;;;
09/12/2016;05:37:00;35;sem vítima;277,603;BR-101/RJ;Sul;Colisão Traseira;2;;;;;;;;;;4;;;;
09/12/2016;08:11:00;87;sem vítima;186;BR-101/RJ;Norte;Choque - Defensa, barreira ou "submarino";1;;;;;;;;;;1;;;;
09/12/2016;10:39:00;137;sem vítima;297;BR-101/RJ;Sul;Colisão Traseira;;;2;;;;;;;;2;;;;
09/12/2016;11:59:00;148;com vítima;318;BR-101/RJ;Sul;Saida de Pista;1;;;;;;;;;;0;1;;;
09/12/2016;14:45:00;189;com vítima;184,718;BR-101/RJ;Sul;Saida de Pista;;;1;;;;;;;;0;1;;;
09/12/2016;18:38:00;253;com vítima;312;BR-101/RJ;Norte;Colisão Frontal;1;;;1;;;;;;;2;;1;;
10/12/2016;02:22:00;14;sem vítima;190;BR-101/RJ;Norte;Queda de Moto;;;;1;;;;;;;1;;;;
10/12/2016;07:13:00;43;com vítima;320;BR-101/RJ;Norte;Colisão Lateral;1;;;1;;;;;;;3;1;;;
10/12/2016;11:17:00;106;com vítima;135,507;BR-101/RJ;Norte;Choque - Talude;1;;;;;;;;;;2;2;1;;
10/12/2016;12:21:00;119;sem vítima;299,7;BR-101/RJ;Sul;Colisão Lateral;2;;;;;;;;;;2;;;;
10/12/2016;16:36:00;180;sem vítima;280,869;BR-101/RJ;Sul;Choque - Defensa, barreira ou "submarino";2;;;;;;;;;;5;;;;
10/12/2016;16:39:00;181;sem vítima;310,91;BR-101/RJ;Norte;Engavetamento;4;;;;;;;;;;10;;;;
10/12/2016;17:35:00;193;sem vítima;320;BR-101/RJ;Norte;Colisão Traseira;2;;;;;;;;;;2;;;;
10/12/2016;17:44:00;196;sem vítima;296;BR-101/RJ;Norte;Colisão Traseira;2;;;;;;;;;;2;;;;
10/12/2016;18:05:00;203;sem vítima;204,576;BR-101/RJ;Sul;Colisão Lateral;1;;;;;;;;;1;2;;;;
10/12/2016;19:00:00;215;com vítima;56,6;BR-101/RJ;Norte;Atropelamento de Animal;1;;1;1;;;;;;;1;4;1;;
10/12/2016;19:39:00;229;sem vítima;276,606;BR-101/RJ;Sul;Colisão Traseira;2;;;;;;;;;;7;;;;
10/12/2016;20:11:00;241;sem vítima;277;BR-101/RJ;Norte;Colisão Lateral;;;1;;;1;;;;;2;;;;
10/12/2016;21:32:00;251;com vítima;296;BR-101/RJ;Sul;Queda de Moto;;;;1;;;;;;;0;1;1;;
11/12/2016;00:57:00;4;com vítima;47,8;BR-101/RJ;Sul;Colisão Lateral;1;;;;;1;;;;;2;3;;;
11/12/2016;01:33:00;5;com vítima;251,296;BR-101/RJ;Sul;Queda de Moto;;;;1;;;;;;;0;1;;;1
11/12/2016;03:03:00;15;sem vítima;297;BR-101/RJ;Sul;Choque - Defensa, barreira ou "submarino";1;;;;;;;;;;1;;;;
11/12/2016;03:20:00;16;sem vítima;134,85;BR-101/RJ;Sul;Choque - Suporte de Sinalização;1;;;;;;;;;;1;;;;
11/12/2016;07:24:00;27;sem vítima;316;BR-101/RJ;Norte;Choque - Elemento de Drenagem;1;;;;;;;;;;1;;;;
11/12/2016;11:25:00;53;com vítima;56,7;BR-101/RJ;Norte;Atropelamento - Morador;1;;;;;;;;;;1;;;;1
11/12/2016;11:25:00;55;sem vítima;64;BR-101/RJ;Sul;Colisão Transversal;2;;;;;;;;;;3;;;;
11/12/2016;14:30:00;75;com vítima;144,345;BR-101/RJ;Sul;Capotamento;1;;;;;;;;;;1;2;;;
11/12/2016;17:01:00;101;sem vítima;223;BR-101/RJ;Norte;Choque - Elemento de Drenagem;1;;;;;;;;;;3;;;;
11/12/2016;17:03:00;102;sem vítima;304;BR-101/RJ;Sul;Colisão Traseira;2;;;;;;;;;;6;;;;
11/12/2016;17:47:00;111;sem vítima;209;BR-101/RJ;Norte;Choque - Outros;1;;;;;;;;;;5;;;;
11/12/2016;23:56:00;174;com vítima;217,778;BR-101/RJ;Sul;Colisão Frontal;1;;3;;;;;;;1;4;;;;2
12/12/2016;01:39:00;9;sem vítima;193;BR-101/RJ;Sul;Colisão Traseira;;;2;;;;;;;;2;;;;
12/12/2016;07:31:00;47;com vítima;297;BR-101/RJ;Sul;Colisão Traseira;2;;;;;;;;;;1;1;;;
12/12/2016;11:40:00;118;com vítima;39,153;BR-101/RJ;Sul;Colisão Frontal;2;;;;;;;;;;0;3;;;
12/12/2016;13:05:00;133;com vítima;304;BR-101/RJ;Norte;Choque - Defensa, barreira ou "submarino";1;;;;;;;;;;0;;1;;
12/12/2016;14:12:00;149;sem vítima;42;BR-101/RJ;Sul;Colisão Traseira;2;;;;;;;;;;3;;;;
12/12/2016;15:42:00;174;sem vítima;265;BR-101/RJ;Norte;Choque - Defensa, barreira ou "submarino";1;;;;;;;;;;1;;;;
12/12/2016;16:04:00;179;com vítima;296;BR-101/RJ;Norte;Colisão Traseira;1;;;;;1;;;;;2;1;;;
12/12/2016;16:05:00;180;com vítima;116;BR-101/RJ;Sul;Choque - Outros;1;;;;;;;;;;1;1;;;
12/12/2016;17:22:00;191;sem vítima;300;BR-101/RJ;Norte;Choque - Elemento de Drenagem;;;2;;;;;;;;4;;;;
12/12/2016;18:00:00;202;sem vítima;303;BR-101/RJ;Sul;Choque - Defensa, barreira ou "submarino";1;;;;;;;;;;4;;;;
12/12/2016;18:21:00;206;sem vítima;320;BR-101/RJ;Sul;Colisão Traseira;;;1;;1;;;;;;2;;;;
12/12/2016;20:06:00;219;com vítima;241,775;BR-101/RJ;Sul;Colisão Frontal;1;;1;;;;;;;;1;;1;;1
13/12/2016;00:11:00;1;sem vítima;251,745;BR-101/RJ;Norte;Atropelamento de Animal;;;1;;;;;;;;1;;;;
13/12/2016;00:26:00;4;sem vítima;269;BR-101/RJ;Sul;Colisão Traseira;;;1;;;1;;;;;2;;;;
13/12/2016;00:45:00;6;com vítima;312,651;BR-101/RJ;Norte;Choque - Defensa, barreira ou "submarino";1;;;;;;;;;;1;1;;;
13/12/2016;04:46:00;22;com vítima;296,493;BR-101/RJ;Sul;Choque - Defensa, barreira ou "submarino";1;;;;;;;;;;0;1;;;
13/12/2016;06:01:00;25;com vítima;209;BR-101/RJ;Norte;Colisão Transversal;1;;1;;;;;;;;3;2;;;
13/12/2016;06:30:00;29;com vítima;72,8;BR-101/RJ;Norte;Choque - Suporte de Sinalização;;;;1;;;;;;;0;;1;;
13/12/2016;08:54:00;90;sem vítima;299;BR-101/RJ;Sul;Atropelamento de Animal;1;;;;;;;;;;1;;;;
14/12/2016;04:41:00;18;sem vítima;275;BR-101/RJ;Norte;Choque - Elemento de Drenagem;1;;;;;;;;;;1;;;;
14/12/2016;06:51:00;31;sem vítima;309;BR-101/RJ;Sul;Engavetamento;4;;;;;;;;;;4;;;;
14/12/2016;07:29:00;44;sem vítima;313;BR-101/RJ;Sul;Colisão Lateral;2;;;;;;;;;;2;;;;
14/12/2016;10:53:00;101;com vítima;306;BR-101/RJ;Sul;Choque - Talude;1;;;;;;;;;;0;1;;;
14/12/2016;12:36:00;121;sem vítima;76;BR-101/RJ;Norte;Colisão Traseira;2;;;;;;;;;;2;;;;
14/12/2016;18:02:00;187;sem vítima;66;BR-101/RJ;Norte;Engavetamento;2;;;;;;;;;1;3;;;;
14/12/2016;21:13:00;214;sem vítima;300;BR-101/RJ;Norte;Colisão Lateral;2;;;;;;;;;;2;;;;
14/12/2016;21:44:00;215;sem vítima;265;BR-101/RJ;Norte;Colisão Lateral;1;;;;;1;;;;;2;;;;
14/12/2016;21:10:00;216;sem vítima;242;BR-101/RJ;Norte;Choque - Suporte de Sinalização;1;;;;;;;;;;2;;;;
15/12/2016;00:39:00;3;sem vítima;62,955;BR-101/RJ;Norte;Choque - Elemento de Drenagem;1;;;;;;;;;;1;;;;
15/12/2016;06:32:00;37;sem vítima;180;BR-101/RJ;Sul;Saida de Pista;1;;;;;;;;;;1;;;;
15/12/2016;07:55:00;65;sem vítima;101,981;BR-101/RJ;Norte;Choque - Defensa, barreira ou "submarino";;;1;;;;;;;;1;;;;
15/12/2016;09:06:00;80;com vítima;316;BR-101/RJ;Sul;Colisão Lateral;1;;;1;;;;;;;2;1;;;
15/12/2016;11:15:00;109;com vítima;314,441;BR-101/RJ;Sul;Engavetamento;1;;2;;;;;;;;3;;;2;
15/12/2016;13:32:00;145;sem vítima;99;BR-101/RJ;Norte;Choque - Suporte de Sinalização;1;;;;;;;;;;1;;;;
15/12/2016;13:52:00;150;com vítima;66,157;BR-101/RJ;Sul;Colisão Traseira;;;;1;;;;;;1;1;;1;;
15/12/2016;14:45:00;162;com vítima;277,3;BR-101/RJ;Norte;Choque - Elemento de Drenagem;1;;;;;;;;;;0;3;;;
15/12/2016;17:52:00;187;sem vítima;265;BR-101/RJ;Norte;Choque - Elemento de Drenagem;1;;;;;;;;;;1;;;;
15/12/2016;18:28:00;195;com vítima;309;BR-101/RJ;Norte;Colisão Traseira;1;;;1;;;;;;;3;1;;;
15/12/2016;18:43:00;200;sem vítima;322;BR-101/RJ;Norte;Colisão Traseira;1;;;;;;;;;1;2;;;;
15/12/2016;19:35:00;211;com vítima;102;BR-101/RJ;Norte;Colisão Traseira;2;;;;;;;;;;1;1;;;
15/12/2016;20:23:00;221;sem vítima;321;BR-101/RJ;Sul;Engavetamento;3;;;;;;;;;;3;;;;
15/12/2016;20:35:00;224;sem vítima;60;BR-101/RJ;Sul;Colisão Traseira;2;;;;;;;;;;4;;;;
15/12/2016;22:13:00;246;sem vítima;322;BR-101/RJ;Norte;Colisão Lateral;2;;;;;;;;;;3;;;;
15/12/2016;22:40:00;248;sem vítima;111;BR-101/RJ;Norte;Choque - Outros;1;;;;;;;;;;3;;;;
15/12/2016;23:56:00;263;sem vítima;305,145;BR-101/RJ;Norte;Atropelamento de Animal;1;;;;;;;;;;1;;;;
16/12/2016;09:52:00;124;sem vítima;65;BR-101/RJ;Sul;Colisão Traseira;1;;1;;;;;;;;2;;;;
16/12/2016;10:18:00;134;sem vítima;319,468;BR-101/RJ;Sul;Engavetamento;3;;;;;;;;;;5;;;;
16/12/2016;10:29:00;137;sem vítima;60;BR-101/RJ;Norte;Engavetamento;2;;;;;;;;;1;9;;;;
16/12/2016;16:38:00;212;com vítima;73,51;BR-101/RJ;Sul;Colisão Transversal;;;;2;;;;;;;0;;3;;
16/12/2016;19:04:00;244;sem vítima;319;BR-101/RJ;Norte;Colisão Traseira;1;;;1;;;;;;;3;;;;
17/12/2016;05:54:00;35;sem vítima;166;BR-101/RJ;Norte;Choque - Defensa, barreira ou "submarino";1;;;;;;;;;;4;;;;
17/12/2016;06:41:00;39;sem vítima;294,374;BR-101/RJ;Norte;Colisão Lateral;1;;;;;1;;;;;2;;;;
17/12/2016;07:47:00;52;com vítima;214,978;BR-101/RJ;Sul;Choque - Talude;1;;;;;;;;;;0;1;2;;
17/12/2016;09:12:00;74;com vítima;296,941;BR-101/RJ;Sul;Colisão Traseira;1;;;;1;;;;;;4;1;;;
17/12/2016;10:13:00;87;sem vítima;297,307;BR-101/RJ;Norte;Engavetamento;3;;;;;;;;;;9;;;;
17/12/2016;11:45:00;106;sem vítima;312,965;BR-101/RJ;Norte;Colisão Traseira;1;;1;;;;;;;;3;;;;
17/12/2016;13:02:00;118;sem vítima;209;BR-101/RJ;Sul;Saida de Pista;1;;;;;;;;;;1;;;;
17/12/2016;16:22:00;156;sem vítima;316,05;BR-101/RJ;Norte;Engavetamento;3;;;;;;;;;;9;;;;
17/12/2016;16:30:00;159;sem vítima;254,073;BR-101/RJ;Sul;Colisão Transversal;1;;1;;;;;;;;2;;;;
17/12/2016;18:07:00;169;com vítima;144;BR-101/RJ;Sul;Choque - Elemento de Drenagem;1;;;;;;;;;;0;;;1;
17/12/2016;19:50:00;185;com vítima;262,451;BR-101/RJ;Norte;Capotamento;1;;;;;;;;;;1;3;;;
17/12/2016;20:28:00;189;com vítima;275,915;BR-101/RJ;Sul;Capotamento;1;;;;;;;;;;1;1;;;
18/12/2016;02:23:00;9;com vítima;60;BR-101/RJ;Norte;Colisão Frontal;1;;;1;;;;;;;4;1;2;;
18/12/2016;03:42:00;15;sem vítima;308,22;BR-101/RJ;Sul;Choque - Defensa, barreira ou "submarino";1;;;;;;;;;;1;;;;
18/12/2016;04:47:00;18;com vítima;59;BR-101/RJ;Norte;Atropelamento - Morador;1;;;;;;;;;;1;2;;;
18/12/2016;06:40:00;27;sem vítima;189;BR-101/RJ;Norte;Choque - Outros;1;;;;;;;;;;1;;;;
18/12/2016;18:49:00;172;sem vítima;306,5;BR-101/RJ;Sul;Colisão Traseira;2;;;;;;;;;;2;;;;
18/12/2016;20:21:00;185;sem vítima;295,312;BR-101/RJ;Sul;Choque - Defensa, barreira ou "submarino";1;;;;;;;;;;2;;;;
18/12/2016;23:02:00;208;sem vítima;289,398;BR-101/RJ;Norte;Choque - Elemento de Drenagem;1;;;;;;;;;;2;;;;
18/12/2016;23:31:00;210;sem vítima;193;BR-101/RJ;Sul;Colisão Lateral;1;;1;;;;;;;;2;;;;
18/12/2016;23:46:00;213;com vítima;97,6;BR-101/RJ;Sul;Choque - Talude;;;1;;;;;;;;2;1;;;
19/12/2016;01:03:00;13;sem vítima;53;BR-101/RJ;Norte;Choque - Outros;1;;;;;;;;;;2;;;;
19/12/2016;01:37:00;22;sem vítima;310,05;BR-101/RJ;Sul;Colisão Traseira;2;;;;;;;;;;7;;;;
19/12/2016;07:17:00;55;sem vítima;312,549;BR-101/RJ;Sul;Engavetamento;4;;;;;;;;;;5;;;;
19/12/2016;09:00:00;107;com vítima;286;BR-101/RJ;Sul;Colisão Lateral;1;;;1;;;;;;;1;1;;;
19/12/2016;11:39:00;166;com vítima;303;BR-101/RJ;Sul;Colisão Traseira;2;;;;;;;;;;3;1;;;
19/12/2016;13:36:00;189;sem vítima;213;BR-101/RJ;Norte;Choque - Talude;1;;;;;;;;;;2;;;;
19/12/2016;18:02:00;254;sem vítima;319;BR-101/RJ;Norte;Colisão Traseira;1;;;1;;;;;;;2;;;;
19/12/2016;18:13:00;262;sem vítima;214;BR-101/RJ;Norte;Choque - Arvore;1;;;;;;;;;;2;;;;
19/12/2016;20:14:00;287;sem vítima;269;BR-101/RJ;Sul;Colisão Lateral;1;;;;;1;;;;;2;;;;
20/12/2016;04:51:00;29;sem vítima;271,945;BR-101/RJ;Sul;Atropelamento de Animal;1;;;;;;;;;;2;;;;
20/12/2016;07:41:00;72;sem vítima;313;BR-101/RJ;Sul;Colisão Lateral;1;;;;1;;;;;;2;;;;
20/12/2016;08:13:00;84;com vítima;294;BR-101/RJ;Norte;Colisão Lateral;;1;1;;;;;;;;1;;;1;
20/12/2016;09:28:00;106;com vítima;303,506;BR-101/RJ;Sul;Capotamento;1;;;;;;;;;;0;1;;2;1
20/12/2016;10:47:00;125;sem vítima;126,618;BR-101/RJ;Sul;Capotamento;1;;;;;;;;;;1;;;;
20/12/2016;17:30:00;211;com vítima;294;BR-101/RJ;Norte;Atropelamento - Usuário;;;;1;;;;;;;0;2;;;
20/12/2016;19:09:00;235;sem vítima;297;BR-101/RJ;Sul;Colisão Lateral;1;;;;1;;;;;;2;;;;
21/12/2016;00:14:00;2;sem vítima;122,719;BR-101/RJ;Sul;Choque - Defensa, barreira ou "submarino";;;1;;;;;;;;1;;;;
21/12/2016;00:23:00;6;com vítima;212;BR-101/RJ;Norte;Queda de Moto;;;;1;;;;;;;0;;;1;
21/12/2016;01:13:00;14;com vítima;249,763;BR-101/RJ;Norte;Capotamento;1;;;;;;;;;;1;2;;;
21/12/2016;04:42:00;18;sem vítima;197;BR-101/RJ;Norte;Capotamento;1;;;;;;;;;;2;;;;
21/12/2016;12:25:00;158;sem vítima;306,661;BR-101/RJ;Norte;Engavetamento;4;;;;;;;;;;9;;;;
21/12/2016;14:21:00;181;sem vítima;113;BR-101/RJ;Sul;Choque - Defensa, barreira ou "submarino";1;;;;;;;;;;5;;;;
21/12/2016;16:07:00;210;sem vítima;303;BR-101/RJ;Norte;Colisão Traseira;1;;;;1;;;;;;2;;;;
21/12/2016;16:10:00;211;sem vítima;78;BR-101/RJ;Norte;Colisão Traseira;2;;;;;;;;;;6;;;;
21/12/2016;18:41:00;245;sem vítima;294;BR-101/RJ;Norte;Engavetamento;3;;;;;;;;;;3;;;;
21/12/2016;19:07:00;249;com vítima;71;BR-101/RJ;Sul;Atropelamento - Ciclista;;1;;;;1;;;;;1;;;1;
21/12/2016;21:52:00;277;com vítima;248;BR-101/RJ;Sul;Atropelamento - Morador;;;1;;;;;;;;1;1;;;
21/12/2016;22:04:00;282;sem vítima;293;BR-101/RJ;Sul;Atropelamento de Animal;1;;;;;;;;;;1;;;;
22/12/2016;00:21:00;8;sem vítima;316,01;BR-101/RJ;Sul;Capotamento;1;;;;;;;;;;1;;;;
22/12/2016;00:57:00;16;sem vítima;120;BR-101/RJ;Norte;Atropelamento de Animal;1;;;;;;;;;;1;;;;
22/12/2016;04:56:00;34;sem vítima;52,9;BR-101/RJ;Sul;Choque - Defensa, barreira ou "submarino";1;;;;;;;;;;3;;;;
22/12/2016;07:02:00;53;com vítima;120,463;BR-101/RJ;Norte;Atropelamento - Morador;1;;;;;;;;;;1;;;;1
22/12/2016;09:07:00;103;sem vítima;297;BR-101/RJ;Norte;Colisão Lateral;1;;1;;;;;;;;2;;;;
22/12/2016;16:14:00;223;sem vítima;294;BR-101/RJ;Norte;Colisão Traseira;2;;;;;;;;;;2;;;;
22/12/2016;16:44:00;234;sem vítima;294;BR-101/RJ;Norte;Engavetamento;5;;;;;;;;;;6;;;;
22/12/2016;16:51:00;238;sem vítima;297;BR-101/RJ;Sul;Colisão Traseira;;;1;;1;;;;;;2;;;;
22/12/2016;17:11:00;245;sem vítima;233;BR-101/RJ;Sul;Choque - Defensa, barreira ou "submarino";1;;;;;;;;;;2;;;;
22/12/2016;17:18:00;247;sem vítima;311;BR-101/RJ;Norte;Colisão Traseira;1;;;;;;;;;1;2;;;;
22/12/2016;22:55:00;314;sem vítima;163;BR-101/RJ;Sul;Atropelamento de Animal;;;1;;;;;;;;1;;;;
22/12/2016;23:12:00;316;sem vítima;89;BR-101/RJ;Sul;Colisão Traseira;1;;;;;1;;;;;2;;;;
23/12/2016;02:23:00;17;com vítima;49;BR-101/RJ;Norte;Colisão Lateral;1;;2;;;;;;;;4;;;1;
23/12/2016;07:33:00;56;sem vítima;207;BR-101/RJ;Norte;Choque - Defensa, barreira ou "submarino";1;;;;;;;;;;1;;;;
23/12/2016;08:13:00;71;com vítima;312,84;BR-101/RJ;Norte;Colisão Lateral;2;;;;;;;;;;3;1;;;
23/12/2016;08:50:00;89;com vítima;310,838;BR-101/RJ;Sul;Queda de Moto;;;;1;;;;;;;0;;1;;
23/12/2016;09:03:00;95;sem vítima;274,557;BR-101/RJ;Norte;Colisão Lateral;1;;1;;;;;;;;2;;;;
23/12/2016;11:17:00;134;sem vítima;48;BR-101/RJ;Sul;Engavetamento;3;;;;;;;;;;6;;;;
23/12/2016;11:44:00;144;com vítima;228;BR-101/RJ;Norte;Tombamento;;;1;;;;;;;;2;1;;;
23/12/2016;12:25:00;150;com vítima;42;BR-101/RJ;Norte;Engavetamento;2;;1;;;;;;;;3;1;;;
23/12/2016;13:18:00;167;sem vítima;295;BR-101/RJ;Norte;Engavetamento;3;;;;;;;;;;5;;;;
23/12/2016;13:18:00;169;sem vítima;295;BR-101/RJ;Norte;Engavetamento;6;;;;;;;;;;13;;;;
23/12/2016;15:44:00;207;sem vítima;67;BR-101/RJ;Norte;Engavetamento;3;;;;;;;;;;9;;;;
23/12/2016;16:20:00;218;sem vítima;314;BR-101/RJ;Norte;Engavetamento;4;;;;;;;;;;7;;;;
23/12/2016;16:34:00;225;com vítima;206;BR-101/RJ;Sul;Colisão Traseira;1;;;1;;;;;;;1;1;;;
23/12/2016;16:47:00;228;com vítima;319,909;BR-101/RJ;Norte;Colisão Lateral;1;;;1;;;;;;;2;1;;;
23/12/2016;17:51:00;245;sem vítima;303;BR-101/RJ;Sul;Choque - Defensa, barreira ou "submarino";1;;;;;;;;;;1;;;;
23/12/2016;19:03:00;269;com vítima;312;BR-101/RJ;Norte;Queda de Moto;;;;1;;;;;;;0;1;;;
23/12/2016;19:35:00;279;sem vítima;314;BR-101/RJ;Norte;Engavetamento;4;;;;;;;;;;12;;;;
23/12/2016;22:49:00;311;com vítima;269,5;BR-101/RJ;Norte;Engavetamento;3;;;;;;;;;;9;4;;;
24/12/2016;01:16:00;12;sem vítima;285,383;BR-101/RJ;Sul;Choque - Defensa, barreira ou "submarino";1;;;;;;;;;;1;;;;
24/12/2016;02:04:00;19;com vítima;63;BR-101/RJ;Norte;Colisão Transversal;1;;1;;;;;;;;4;1;;;
24/12/2016;03:16:00;25;sem vítima;259,7;BR-101/RJ;Sul;Tombamento;;;1;;;;;;;;1;;;;
24/12/2016;03:59:00;30;sem vítima;307,957;BR-101/RJ;Norte;Colisão Traseira;2;;;;;;;;;;4;;;;
24/12/2016;08:23:00;70;sem vítima;133,5;BR-101/RJ;Norte;Colisão Lateral;1;;1;;;;;;;;3;;;;
24/12/2016;09:55:00;85;sem vítima;100,94;BR-101/RJ;Sul;Colisão Traseira;1;;1;;;;;;;;5;;;;
24/12/2016;14:19:00;136;com vítima;303;BR-101/RJ;Norte;Capotamento;1;;;;;;;;;;0;1;;;
24/12/2016;14:50:00;143;sem vítima;303;BR-101/RJ;Norte;Engavetamento;3;;;;;;;;;;4;;;;
24/12/2016;15:03:00;144;sem vítima;190;BR-101/RJ;Sul;Choque - Defensa, barreira ou "submarino";1;;;;;;;;;;2;;;;
24/12/2016;17:38:00;179;sem vítima;297;BR-101/RJ;Sul;Colisão Traseira;;;;;1;;;;;1;2;;;;
24/12/2016;18:13:00;189;com vítima;91;BR-101/RJ;Sul;Queda de Moto;;;;1;;;;;;;1;1;;;
24/12/2016;19:53:00;205;com vítima;294;BR-101/RJ;Sul;Colisão Traseira;2;;;;;;;;;;2;2;;;
25/12/2016;04:41:00;25;sem vítima;293,4;BR-101/RJ;Norte;Tombamento;;;;;;;;;;1;1;;;;
25/12/2016;06:18:00;30;com vítima;248;BR-101/RJ;Norte;Colisão Lateral;3;;;;;;;;;;0;1;4;;
25/12/2016;10:00:00;52;sem vítima;120;BR-101/RJ;Norte;Colisão Transversal;2;;;;;;;;;;7;;;;