data;horario;n_da_ocorrencia;tipo_de_ocorrencia;km;trecho;sentido;tipo_de_acidente;automovel;bicicleta;caminhao;moto;onibus;outros;tracao_animal;transporte_de_cargas_especiais;trator_maquinas;utilitarios;ilesos;levemente_feridos;moderadamente_feridos;gravemente_feridos;mortos
25/12/2016;10:48:00;64;com vítima;297;BR-101/RJ;Norte;Choque - Outros;;;;1;;;;;;;0;2;;;
25/12/2016;16:44:00;134;sem vítima;295,34;BR-101/RJ;Norte;Colisão Traseira;2;;;;;;;;;;7;;;;
25/12/2016;17:43:00;150;com vítima;292,374;BR-101/RJ;Sul;Engavetamento;2;;;;;1;;;;;9;;1;;
25/12/2016;19:15:00;166;sem vítima;297,8;BR-101/RJ;Sul;Choque - Defensa, barreira ou "submarino";1;;;;;;;;;;1;;;;
26/12/2016;09:43:00;84;sem vítima;296;BR-101/RJ;Norte;Engavetamento;3;;;;;;;;;;3;;;;
26/12/2016;11:32:00;111;com vítima;305;BR-101/RJ;Norte;Colisão Traseira;1;;;1;;;;;;;2;1;;;
26/12/2016;12:36:00;126;com vítima;63,734;BR-101/RJ;Norte;Colisão Transversal;2;;;;;;;;;;1;1;;;
26/12/2016;13:03:00;137;com vítima;190,227;BR-101/RJ;Norte;Colisão Transversal;2;;;;;;;;;;4;1;;;
26/12/2016;14:54:00;166;com vítima;69,455;BR-101/RJ;Sul;Queda de Moto;;;;1;;;;;;;0;1;;;
26/12/2016;14:56:00;167;sem vítima;298;BR-101/RJ;Sul;Colisão Traseira;2;;;;;;;;;;7;;;;
26/12/2016;15:14:00;174;com vítima;308;BR-101/RJ;Sul;Queda de Moto;;;;1;;;;;;;0;1;;;
26/12/2016;15:56:00;185;sem vítima;296,566;BR-101/RJ;Sul;Choque - Defensa, barreira ou "submarino";1;;;;;;;;;;2;;;;
26/12/2016;18:14:00;220;com vítima;297;BR-101/RJ;Norte;Atropelamento - Morador;;;;1;;;;;;;1;;1;;
26/12/2016;18:35:00;221;com vítima;307;BR-101/RJ;Norte;Colisão Traseira;2;;;;;;;;;;3;1;;;
26/12/2016;18:51:00;228;com vítima;305;BR-101/RJ;Sul;Queda de Moto;;;;1;;1;;;;;2;1;;;
26/12/2016;21:18:00;264;com vítima;256,52;BR-101/RJ;Norte;Atropelamento - Morador;1;;;;;;;;;;1;1;;;1
26/12/2016;21:39:00;269;sem vítima;49,875;BR-101/RJ;Sul;Colisão Traseira;1;;1;;;;;;;;4;;;;
26/12/2016;21:42:00;270;com vítima;64,492;BR-101/RJ;Norte;Colisão Frontal;;;;1;;1;;;;;1;;1;;
27/12/2016;14:53:00;191;sem vítima;283;BR-101/RJ;Sul;Choque - Outros;1;;;;;;;;;;1;;;;
27/12/2016;15:20:00;204;sem vítima;59;BR-101/RJ;Sul;Colisão Traseira;2;;;;;;;;;;2;;;;
27/12/2016;16:26:00;220;com vítima;312;BR-101/RJ;Norte;Colisão Traseira;1;;;2;;;;;;;2;2;;;
27/12/2016;18:33:00;254;sem vítima;78,9;BR-101/RJ;Sul;Colisão Transversal;1;;1;;;;;;;;5;;;;
27/12/2016;18:47:00;257;sem vítima;101;BR-101/RJ;Sul;Colisão Traseira;1;;;;;1;;;;;2;;;;
27/12/2016;20:37:00;279;sem vítima;269;BR-101/RJ;Norte;Choque - Suporte de Sinalização;;;1;;;;;;;;1;;;;
28/12/2016;01:03:00;2;com vítima;70,934;BR-101/RJ;Norte;Choque - Outros;1;;;;;;;;;;0;7;;;
28/12/2016;09:38:00;99;sem vítima;302,601;BR-101/RJ;Sul;Choque - Defensa, barreira ou "submarino";;;1;;;;;;;;1;;;;
28/12/2016;09:59:00;104;sem vítima;117;BR-101/RJ;Norte;Colisão Lateral;1;;1;;;;;;;;6;;;;
28/12/2016;11:17:00;132;sem vítima;310;BR-101/RJ;Norte;Colisão Traseira;2;;;;;;;;;;2;;;;
28/12/2016;12:46:00;149;sem vítima;235;BR-101/RJ;Sul;Choque - Defensa, barreira ou "submarino";1;;;;;;;;;;5;;;;
28/12/2016;13:19:00;172;sem vítima;306;BR-101/RJ;Norte;Engavetamento;3;;;;;;;;;;3;;;;
28/12/2016;14:11:00;174;sem vítima;80;BR-101/RJ;Norte;Colisão Transversal;2;;;;;;;;;;2;;;;
28/12/2016;14:16:00;175;sem vítima;305;BR-101/RJ;Norte;Colisão Lateral;1;;;1;;;;;;;2;;;;
28/12/2016;15:55:00;204;sem vítima;300;BR-101/RJ;Sul;Colisão Traseira;2;;;;;;;;;;2;;;;
28/12/2016;16:46:00;218;com vítima;162,488;BR-101/RJ;Sul;Colisão Frontal;1;;1;;;;;;;;1;;;;1
28/12/2016;23:08:00;288;sem vítima;319,2;BR-101/RJ;Norte;Colisão Lateral;2;;;;;;;;;;2;;;;
29/12/2016;05:40:00;19;com vítima;128,922;BR-101/RJ;Norte;Capotamento;1;;;;;;;;;;2;;1;;
29/12/2016;07:11:00;34;com vítima;313;BR-101/RJ;Sul;Colisão Traseira;1;;;1;;;;;;;3;1;;;
29/12/2016;07:47:00;52;com vítima;248,3;BR-101/RJ;Norte;Colisão Transversal;1;;1;;;;;;;;1;1;;;
29/12/2016;10:06:00;100;sem vítima;305;BR-101/RJ;Norte;Colisão Traseira;2;;;;;;;;;;2;;;;
29/12/2016;12:17:00;129;sem vítima;309;BR-101/RJ;Norte;Colisão Traseira;1;;;;1;;;;;;27;;;;
29/12/2016;15:09:00;166;com vítima;312;BR-101/RJ;Norte;Colisão Lateral;1;;;1;;;;;;;2;1;;;
29/12/2016;16:58:00;186;sem vítima;297;BR-101/RJ;Norte;Colisão Lateral;1;;1;;;;;;;;2;;;;
29/12/2016;17:02:00;188;sem vítima;269;BR-101/RJ;Norte;Colisão Traseira;2;;;;;;;;;;2;;;;
30/12/2016;06:43:00;43;sem vítima;293;BR-101/RJ;Norte;Engavetamento;3;;;;;;;;;;3;;;;
30/12/2016;06:57:00;47;sem vítima;243;BR-101/RJ;Norte;Choque - Outros;1;;;;;;;;;;5;;;;
30/12/2016;09:51:00;114;com vítima;257,9;BR-101/RJ;Norte;Colisão Frontal;1;;;;1;;;;;;30;7;;;2
30/12/2016;11:33:00;126;com vítima;133;BR-101/RJ;Sul;Choque - Defensa, barreira ou "submarino";1;;;;;;;;;;0;2;1;;
30/12/2016;11:43:00;127;com vítima;278,548;BR-101/RJ;Sul;Choque - Poste;1;;;;;;;;;;0;1;;;
30/12/2016;13:14:00;138;sem vítima;268;BR-101/RJ;Norte;Colisão Traseira;2;;;;;;;;;;2;;;;
30/12/2016;14:22:00;159;com vítima;192;BR-101/RJ;Sul;Colisão Traseira;2;;;;;;;;;;8;1;;;
30/12/2016;16:03:00;189;com vítima;306;BR-101/RJ;Sul;Outros;;1;;;;;;;;;0;;1;;
30/12/2016;16:54:00;204;sem vítima;193;BR-101/RJ;Norte;Choque - Defensa, barreira ou "submarino";;;1;;;;;;;;1;;;;
30/12/2016;18:02:00;222;com vítima;296;BR-101/RJ;Norte;Colisão Lateral;;;;1;1;;;;;;1;1;;;
30/12/2016;18:17:00;227;sem vítima;89;BR-101/RJ;Norte;Colisão Traseira;1;;;;;1;;;;;2;;;;
30/12/2016;18:48:00;235;sem vítima;89;BR-101/RJ;Norte;Colisão Traseira;1;;;;;;;;;1;2;;;;
30/12/2016;18:51:00;238;com vítima;295,32;BR-101/RJ;Sul;Colisão Transversal;1;1;;;;;;;;;1;;;;1
30/12/2016;19:01:00;239;sem vítima;297;BR-101/RJ;Norte;Colisão Lateral;1;;;;1;;;;;;2;;;;
30/12/2016;23:09:00;277;sem vítima;297,481;BR-101/RJ;Sul;Choque - Defensa, barreira ou "submarino";1;;;;;;;;;;1;;;;
31/12/2016;09:28:00;83;com vítima;221,1;BR-101/RJ;Norte;Colisão Frontal;2;;;;;;;;;;4;5;1;;
31/12/2016;12:15:00;114;com vítima;4;BR-101/RJ;Norte;Choque - Defensa, barreira ou "submarino";1;;;;;;;;;;0;2;;;
31/12/2016;12:57:00;122;com vítima;263,5;BR-101/RJ;Norte;Queda de Moto;;;;1;;;;;;;0;2;;;
31/12/2016;22:48:00;220;sem vítima;316;BR-101/RJ;Norte;Colisão Lateral;;;1;;;1;;;;;2;;;;
01/01/2017;03:43:00;21;sem vítima;313,413;BR-101/RJ;Sul;Choque - Objeto não identificado;1;;;;;;;;;;1;;;;
01/01/2017;04:13:00;25;sem vítima;269,59;BR-101/RJ;Norte;Colisão Traseira;1;;;;;1;;;;;5;;;;
01/01/2017;07:11:00;36;sem vítima;91,167;BR-101/RJ;Norte;Colisão Traseira;2;;;;;;;;;;9;;;;
01/01/2017;09:11:00;52;com vítima;266;BR-101/RJ;Norte;Choque - Defensa, barreira ou "submarino";1;;;;;;;;;;0;1;;;
01/01/2017;17:52:00;141;sem vítima;262;BR-101/RJ;Sul;Colisão Traseira;1;;;;;1;;;;;5;;;;
01/01/2017;18:39:00;153;com vítima;224;BR-101/RJ;Sul;Colisão Traseira;1;;;1;;;;;;;4;;1;;
01/01/2017;18:56:00;163;com vítima;264;BR-101/RJ;Sul;Queda de Moto;;;;1;;;;;;;0;;1;;
01/01/2017;19:28:00;170;com vítima;58;BR-101/RJ;Sul;Colisão Traseira;;;;1;;1;;;;;1;1;;;
01/01/2017;20:05:00;177;com vítima;273;BR-101/RJ;Sul;Queda de Moto;;;;1;;;;;;;0;1;;;
01/01/2017;20:52:00;191;sem vítima;300;BR-101/RJ;Norte;Choque - Defensa, barreira ou "submarino";2;;;;;;;;;;4;;;;
02/01/2017;00:36:00;10;sem vítima;270,1;BR-101/RJ;Sul;Colisão Traseira;1;;;;;1;;;;;6;;;;
02/01/2017;05:15:00;34;sem vítima;69;BR-101/RJ;Sul;Choque - Suporte de Sinalização;1;;;;;;;;;;1;;;;
02/01/2017;07:33:00;52;sem vítima;267;BR-101/RJ;Sul;Engavetamento;1;;;;;3;;;;;6;;;;
02/01/2017;10:51:00;103;sem vítima;191;BR-101/RJ;Sul;Engavetamento;3;;;;;;;;;;8;;;;
02/01/2017;11:57:00;116;sem vítima;296;BR-101/RJ;Norte;Engavetamento;3;;;;;;;;;1;4;;;;
02/01/2017;12:16:00;126;sem vítima;209,7;BR-101/RJ;Norte;Tombamento;;;1;;;;;;;;1;;;;
02/01/2017;12:51:00;137;sem vítima;147,488;BR-101/RJ;Norte;Choque - Outros;1;;;;;;;;;;1;;;;
02/01/2017;14:45:00;160;sem vítima;201;BR-101/RJ;Norte;Choque - Defensa, barreira ou "submarino";1;;;;;;;;;;5;;;;
02/01/2017;16:51:00;187;sem vítima;298;BR-101/RJ;Sul;Colisão Traseira;2;;;;;;;;;;3;;;;
02/01/2017;18:14:00;206;sem vítima;40;BR-101/RJ;Sul;Colisão Lateral;2;;;;;;;;;;9;;;;
03/01/2017;04:00:00;33;sem vítima;319;BR-101/RJ;Sul;Colisão Lateral;1;;;;;1;;;;;2;;;;
03/01/2017;06:40:00;50;com vítima;305;BR-101/RJ;Sul;Colisão Traseira;1;1;;;;;;;;;2;;1;;
03/01/2017;06:55:00;57;com vítima;63;BR-101/RJ;Sul;Colisão Lateral;;;1;1;;;;;;;1;1;;;
03/01/2017;07:44:00;77;com vítima;26,6;BR-101/RJ;Sul;Colisão Transversal;;;;2;;;;;;;0;1;;1;
03/01/2017;09:49:00;124;sem vítima;12;BR-101/RJ;Norte;Choque - Elemento de Drenagem;1;;;;;;;;;;1;;;;
03/01/2017;10:17:00;137;sem vítima;237;BR-101/RJ;Norte;Colisão Traseira;1;;1;;;;;;;;2;;;;
03/01/2017;11:19:00;151;sem vítima;27;BR-101/RJ;Norte;Colisão Traseira;1;;1;;;;;;;;4;;;;
03/01/2017;13:59:00;189;sem vítima;190,555;BR-101/RJ;Norte;Choque - Defensa, barreira ou "submarino";;;1;;;;;;;;1;;;;
03/01/2017;14:27:00;197;sem vítima;295;BR-101/RJ;Norte;Colisão Traseira;2;;;;;;;;;;3;;;;
03/01/2017;14:43:00;201;com vítima;284;BR-101/RJ;Sul;Colisão Traseira;1;;;1;;;;;;;3;;;1;1
03/01/2017;18:27:00;252;com vítima;285,834;BR-101/RJ;Sul;Atropelamento - Ambulante;;;;1;;;;;;;0;1;1;;
03/01/2017;19:23:00;263;com vítima;285,497;BR-101/RJ;Norte;Colisão Frontal;;1;;1;;;;;;;0;2;;;
03/01/2017;20:44:00;278;com vítima;289;BR-101/RJ;Sul;Capotamento;1;;;;;;;;;;0;4;;;
04/01/2017;08:46:00;87;sem vítima;269;BR-101/RJ;Norte;Colisão Lateral;1;;;1;;;;;;;4;;;;
04/01/2017;11:17:00;127;sem vítima;307,86;BR-101/RJ;Norte;Colisão Traseira;1;;2;;;;;;;1;8;;;;
04/01/2017;13:12:00;149;com vítima;270;BR-101/RJ;Norte;Colisão Traseira;1;;;1;;;;;;;2;1;;;
04/01/2017;13:31:00;157;sem vítima;218;BR-101/RJ;Sul;Colisão Traseira;;;;;;1;;;;1;2;;;;
04/01/2017;14:04:00;163;sem vítima;314,42;BR-101/RJ;Norte;Engavetamento;2;;;;;1;;;;;3;;;;
04/01/2017;14:05:00;164;com vítima;309;BR-101/RJ;Norte;Colisão Lateral;;;;2;;;;;;;1;1;;;
04/01/2017;15:53:00;185;com vítima;295;BR-101/RJ;Sul;Colisão Lateral;1;;;1;;;;;;;3;1;1;;
04/01/2017;17:27:00;208;sem vítima;313;BR-101/RJ;Norte;Colisão Traseira;1;;1;;;;;;;;5;;;;
04/01/2017;17:33:00;212;sem vítima;194;BR-101/RJ;Sul;Colisão Lateral;1;;1;;;;;;;;2;;;;
04/01/2017;17:53:00;219;sem vítima;294;BR-101/RJ;Sul;Engavetamento;3;;;;;;;;;;3;;;;
04/01/2017;23:23:00;267;sem vítima;265;BR-101/RJ;Sul;Colisão Lateral;1;;1;;;;;;;;2;;;;
05/01/2017;01:40:00;12;sem vítima;231,559;BR-101/RJ;Sul;Colisão Traseira;;;2;;;;;;;;2;;;;
05/01/2017;04:34:00;26;sem vítima;123;BR-101/RJ;Norte;Colisão Traseira;1;;1;;;;;;;;2;;;;
05/01/2017;06:29:00;35;com vítima;311;BR-101/RJ;Sul;Colisão Lateral;1;;;1;;;;;;;1;1;;;
05/01/2017;09:30:00;106;sem vítima;282;BR-101/RJ;Norte;Colisão Lateral;1;;1;;;;;;;;2;;;;
05/01/2017;09:54:00;114;com vítima;318;BR-101/RJ;Sul;Colisão Lateral;1;;;1;;;;;;;1;1;;;
05/01/2017;10:07:00;118;sem vítima;319;BR-101/RJ;Sul;Engavetamento;3;;;;;;;;;;7;;;;
05/01/2017;11:49:00;145;sem vítima;297;BR-101/RJ;Sul;Colisão Lateral;1;;1;;;;;;;;2;;;;
05/01/2017;12:09:00;154;sem vítima;192;BR-101/RJ;Sul;Colisão Traseira;1;;;;;;;;;1;3;;;;
05/01/2017;13:18:00;166;sem vítima;33;BR-101/RJ;Norte;Choque - Outros;1;;;;;;;;;;4;;;;
05/01/2017;13:19:00;167;sem vítima;91;BR-101/RJ;Sul;Colisão Traseira;1;;;;;1;;;;;2;;;;
05/01/2017;16:58:00;223;sem vítima;259;BR-101/RJ;Sul;Objeto lançado contra veículo;1;;;;;;;;;;1;;;;
05/01/2017;17:53:00;239;sem vítima;283;BR-101/RJ;Norte;Queda de Moto;;;;1;;;;;;;2;;;;
05/01/2017;18:05:00;243;com vítima;257,972;BR-101/RJ;Sul;Choque - Talude;1;;;;;;;;;;0;2;;;
05/01/2017;19:00:00;258;com vítima;313;BR-101/RJ;Norte;Colisão Traseira;2;;;;;;;;;;2;1;;;
05/01/2017;19:34:00;262;sem vítima;67;BR-101/RJ;Norte;Colisão Lateral;1;;1;;;;;;;;6;;;;
05/01/2017;19:46:00;266;sem vítima;316;BR-101/RJ;Norte;Colisão Traseira;2;;;;;;;;;;5;;;;
06/01/2017;04:57:00;23;sem vítima;12;BR-101/RJ;Norte;Choque - Elemento de Drenagem;1;;;;;;;;;;2;;;;
06/01/2017;13:17:00;151;sem vítima;148,7;BR-101/RJ;Norte;Choque - Talude;1;;;;;;;;;;4;;;;
06/01/2017;15:31:00;183;sem vítima;96,686;BR-101/RJ;Sul;Engavetamento;2;;1;;;;;;;;10;;;;
06/01/2017;18:14:00;212;com vítima;266,28;BR-101/RJ;Sul;Tombamento;;;1;;;;;;;;0;3;;;
06/01/2017;18:51:00;216;com vítima;318;BR-101/RJ;Norte;Colisão Lateral;1;;;1;;;;;;;1;1;;;
06/01/2017;20:09:00;231;sem vítima;70;BR-101/RJ;Norte;Engavetamento;2;;;;;1;;;;;3;;;;
06/01/2017;20:27:00;233;com vítima;70;BR-101/RJ;Norte;Colisão Traseira;;;;1;;1;;;;;1;1;;;
06/01/2017;20:55:00;237;sem vítima;314;BR-101/RJ;Norte;Colisão Traseira;2;;;;;;;;;;2;;;;
06/01/2017;21:58:00;249;sem vítima;31;BR-101/RJ;Sul;Colisão Lateral;2;;;;;;;;;;6;;;;
07/01/2017;05:25:00;25;com vítima;35,9;BR-101/RJ;Norte;Capotamento;;;1;;;;;;;;0;1;;;
07/01/2017;08:17:00;53;com vítima;82,7;BR-101/RJ;Norte;Choque - Poste;1;;;;;;;;;;1;;2;;
07/01/2017;12:04:00;100;com vítima;271;BR-101/RJ;Sul;Capotamento;1;;;;;;;;;;1;7;;;
07/01/2017;13:58:00;130;sem vítima;188;BR-101/RJ;Norte;Colisão Traseira;2;;;;;;;;;;2;;;;
07/01/2017;14:10:00;139;sem vítima;309;BR-101/RJ;Norte;Engavetamento;3;;;;;;;;;;3;;;;
07/01/2017;15:30:00;147;sem vítima;161,13;BR-101/RJ;Norte;Choque - Outros;1;;;;;;;;;;1;;;;
07/01/2017;15:42:00;151;com vítima;76;BR-101/RJ;Norte;Colisão Traseira;1;;;1;;;;;;;4;1;;;
07/01/2017;19:08:00;199;com vítima;79;BR-101/RJ;Norte;Queda de Moto;;;;1;;;;;;;0;1;;;
08/01/2017;01:26:00;12;com vítima;62;BR-101/RJ;Norte;Choque - Elemento de Drenagem;;;;1;;;;;;;0;1;;;
08/01/2017;04:04:00;23;sem vítima;321;BR-101/RJ;Norte;Choque - Defensa, barreira ou "submarino";1;;;;;;;;;;1;;;;
08/01/2017;04:12:00;25;com vítima;277;BR-101/RJ;Norte;Colisão Lateral;;1;;;;1;;;;;1;1;;;
08/01/2017;07:39:00;37;com vítima;318;BR-101/RJ;Sul;Queda de Moto;;;;;;1;;;;;0;;;;1
08/01/2017;13:24:00;84;com vítima;286;BR-101/RJ;Sul;Colisão Traseira;1;;;;;1;;;;;1;4;;;
08/01/2017;16:31:00;106;sem vítima;312;BR-101/RJ;Sul;Choque - Defensa, barreira ou "submarino";2;;;;;;;;;;3;;;;
08/01/2017;17:43:00;123;com vítima;280;BR-101/RJ;Sul;Colisão Traseira;2;;;;;;;;;;0;3;;;
08/01/2017;19:47:00;154;sem vítima;261;BR-101/RJ;Sul;Engavetamento;3;;;;;;;;;;3;;;;
08/01/2017;23:03:00;186;com vítima;245;BR-101/RJ;Norte;Colisão Traseira;1;;;1;;;;;;;2;;1;;
09/01/2017;00:58:00;6;sem vítima;277;BR-101/RJ;Sul;Colisão Lateral;;;1;;1;;;;;;2;;;;
09/01/2017;01:03:00;7;sem vítima;62;BR-101/RJ;Sul;Choque - Poste;1;;;;;;;;;;2;;;;
09/01/2017;07:20:00;42;com vítima;65;BR-101/RJ;Sul;Colisão Transversal;1;;;1;;;;;;;1;1;1;;
09/01/2017;07:35:00;45;com vítima;308;BR-101/RJ;Sul;Colisão Lateral;1;;;1;;;;;;;2;1;;;
09/01/2017;08:45:00;74;sem vítima;316;BR-101/RJ;Sul;Colisão Traseira;1;;;;;1;;;;;2;;;;
09/01/2017;10:48:00;107;sem vítima;295;BR-101/RJ;Sul;Colisão Traseira;1;;;;;1;;;;;2;;;;
09/01/2017;12:23:00;131;com vítima;62;BR-101/RJ;Norte;Colisão Traseira;2;;;;;1;;;;;2;3;;;
09/01/2017;13:04:00;138;sem vítima;291;BR-101/RJ;Sul;Engavetamento;4;;;;;;;;;;9;;;;
09/01/2017;14:51:00;166;com vítima;284;BR-101/RJ;Norte;Atropelamento - Usuário;1;;;;;;;;;;1;1;;;
09/01/2017;16:52:00;195;sem vítima;92;BR-101/RJ;Norte;Tombamento;;;1;;;;;;;;1;;;;
09/01/2017;17:06:00;202;sem vítima;87;BR-101/RJ;Sul;Choque - Elemento de Drenagem;1;;;;;;;;;;1;;;;
09/01/2017;17:26:00;208;sem vítima;297;BR-101/RJ;Sul;Colisão Traseira;4;;;;;;;;;;4;;;;
09/01/2017;18:08:00;221;sem vítima;296;BR-101/RJ;Norte;Engavetamento;4;;;;;;;;;;14;;;;
09/01/2017;21:54:00;253;com vítima;305,32;BR-101/RJ;Sul;Choque - Defensa, barreira ou "submarino";1;;;;;;;;;;1;1;;;
10/01/2017;09:02:00;101;sem vítima;321;BR-101/RJ;Sul;Colisão Traseira;1;;;;1;;;;;;2;;;;
10/01/2017;09:04:00;102;sem vítima;101;BR-101/RJ;Norte;Colisão Traseira;2;;;;;;;;;;2;;;;
10/01/2017;09:05:00;103;sem vítima;275;BR-101/RJ;Norte;Colisão Traseira;2;;;;;;;;;;2;;;;
10/01/2017;14:59:00;178;sem vítima;320;BR-101/RJ;Norte;Choque - Defensa, barreira ou "submarino";1;;;;;;;;;;1;;;;
10/01/2017;16:24:00;190;com vítima;321,618;BR-101/RJ;Norte;Colisão Lateral;1;;;1;;;;;;;1;1;;;
10/01/2017;17:38:00;202;com vítima;296;BR-101/RJ;Sul;Queda de Moto;;;;1;;;;;;;0;1;;;
11/01/2017;06:23:00;32;com vítima;4;BR-101/RJ;Norte;Colisão Lateral;1;;1;;;;;;;;1;3;2;;
11/01/2017;09:36:00;102;sem vítima;274,224;BR-101/RJ;Norte;Colisão Lateral;;;1;;;;;;1;;2;;;;
11/01/2017;14:25:00;154;com vítima;315,207;BR-101/RJ;Sul;Atropelamento - Morador;;;;;;1;;;;;1;;1;;
11/01/2017;19:04:00;221;sem vítima;75;BR-101/RJ;Norte;Engavetamento;2;;1;;;;;;;;5;;;;
12/01/2017;02:58:00;22;com vítima;248;BR-101/RJ;Norte;Capotamento;1;;;;;;;;;;0;4;;;
12/01/2017;05:22:00;33;com vítima;67;BR-101/RJ;Norte;Colisão Transversal;1;;;2;;;;;;;0;1;2;;
12/01/2017;08:37:00;98;sem vítima;252;BR-101/RJ;Norte;Choque - Defensa, barreira ou "submarino";1;;;;;;;;;;1;;;;
12/01/2017;14:19:00;170;sem vítima;194;BR-101/RJ;Norte;Choque - Defensa, barreira ou "submarino";1;;;;;;;;;;4;;;;
12/01/2017;16:15:00;189;sem vítima;115;BR-101/RJ;Sul;Choque - Talude;1;;;;;;;;;;1;;;;
12/01/2017;16:43:00;194;com vítima;180,2;BR-101/RJ;Sul;Capotamento;1;;;;;;;;;;0;1;;;
13/01/2017;03:48:00;16;com vítima;103,4;BR-101/RJ;Norte;Colisão Traseira;;;2;;;;;;;;2;1;;;
13/01/2017;13:21:00;110;sem vítima;305,664;BR-101/RJ;Norte;Colisão Traseira;2;;;;;;;;;;2;;;;
13/01/2017;14:02:00;116;sem vítima;283;BR-101/RJ;Norte;Colisão Lateral;2;;;;;1;;;;;3;;;;
13/01/2017;14:06:00;120;sem vítima;277;BR-101/RJ;Sul;Choque - Outros;1;;;;;;;;;;2;;;;
13/01/2017;15:07:00;135;sem vítima;318;BR-101/RJ;Sul;Choque - Defensa, barreira ou "submarino";1;;;;;;;;;;1;;;;
13/01/2017;15:58:00;144;com vítima;60;BR-101/RJ;Norte;Engavetamento;2;;2;;;;;;;;5;1;;;
13/01/2017;16:40:00;153;sem vítima;90;BR-101/RJ;Sul;Colisão Traseira;2;;;;;;;;;;9;;;;
13/01/2017;17:38:00;162;sem vítima;317;BR-101/RJ;Norte;Engavetamento;3;;;;;;;;;;6;;;;
13/01/2017;18:44:00;179;sem vítima;275;BR-101/RJ;Sul;Colisão Lateral;2;;;;;;;;;;3;;;;
13/01/2017;20:11:00;201;com vítima;278,4;BR-101/RJ;Sul;Colisão Lateral;2;;;;;;;;;;3;1;;;
13/01/2017;20:33:00;203;sem vítima;205;BR-101/RJ;Norte;Engavetamento;2;;1;;;;;;;;7;;;;
13/01/2017;22:08:00;217;sem vítima;196;BR-101/RJ;Norte;Saida de Pista;1;;;;;;;;;;2;;;;
13/01/2017;23:49:00;233;com vítima;294;BR-101/RJ;Norte;Queda de Moto;;;;1;;;;;;;0;1;;;
14/01/2017;04:16:00;14;com vítima;293;BR-101/RJ;Sul;Capotamento;1;;;;;;;;;;0;;;1;
14/01/2017;07:30:00;28;com vítima;56;BR-101/RJ;Sul;Colisão Frontal;3;;;;;;;;;;3;1;3;;
14/01/2017;07:33:00;29;com vítima;165,39;BR-101/RJ;Norte;Colisão Lateral;2;;;;;;;;;;2;2;;;
14/01/2017;07:40:00;32;sem vítima;90;BR-101/RJ;Sul;Colisão Traseira;2;;;;;;;;;;2;;;;
14/01/2017;09:32:00;54;sem vítima;295,839;BR-101/RJ;Norte;Colisão Traseira;2;;;;;;;;;;2;;;;
14/01/2017;12:44:00;88;sem vítima;40;BR-101/RJ;Sul;Colisão Traseira;2;;;;;;;;;;3;;;;
14/01/2017;12:42:00;91;sem vítima;110;BR-101/RJ;Sul;Colisão Traseira;2;;;;;;;;;;2;;;;
14/01/2017;14:42:00;105;sem vítima;58;BR-101/RJ;Sul;Colisão Lateral;1;;1;;;;;;;;2;;;;
14/01/2017;14:36:00;106;sem vítima;295;BR-101/RJ;Norte;Colisão Traseira;2;;;;;;;;;;6;;;;
15/01/2017;06:50:00;15;com vítima;291;BR-101/RJ;Sul;Colisão Traseira;2;;;;;;;;;;0;3;;;
15/01/2017;07:05:00;17;sem vítima;76;BR-101/RJ;Norte;Choque - Defensa, barreira ou "submarino";1;;;;;;;;;;1;;;;
15/01/2017;10:03:00;39;com vítima;296;BR-101/RJ;Norte;Colisão Traseira;1;;;1;;;;;;;3;2;;;
15/01/2017;12:14:00;56;sem vítima;192;BR-101/RJ;Sul;Colisão Traseira;2;;;;;;;;;;2;;;;
15/01/2017;19:31:00;126;com vítima;275,743;BR-101/RJ;Norte;Choque - Arvore;1;;;;;;;;;;0;2;1;;
15/01/2017;21:34:00;154;com vítima;267;BR-101/RJ;Sul;Queda de Moto;;;;1;;;;;;;0;;;1;
15/01/2017;22:37:00;167;com vítima;297;BR-101/RJ;Norte;Queda de Moto;;;;1;;;;;;;0;2;;;
15/01/2017;23:55:00;177;sem vítima;296;BR-101/RJ;Sul;Choque - Defensa, barreira ou "submarino";1;;;;;;;;;;1;;;;
16/01/2017;00:24:00;2;sem vítima;303,6;BR-101/RJ;Norte;Atropelamento de Animal;1;;;;;;;;;;1;;;;
16/01/2017;12:19:00;118;sem vítima;280;BR-101/RJ;Norte;Colisão Traseira;2;;;;;;;;;;3;;;;
16/01/2017;12:38:00;123;sem vítima;280;BR-101/RJ;Norte;Colisão Traseira;1;;;;;;;;;1;2;;;;
16/01/2017;14:59:00;160;com vítima;284;BR-101/RJ;Sul;Queda de Moto;;;;1;;;;;;;0;2;;;
16/01/2017;15:16:00;165;sem vítima;295,715;BR-101/RJ;Norte;Engavetamento;1;;;;;3;;;;;4;;;;
17/01/2017;05:30:00;19;sem vítima;271;BR-101/RJ;Sul;Colisão Traseira;1;;1;;;;;;;;6;;;;
17/01/2017;10:37:00;112;com vítima;320,336;BR-101/RJ;Sul;Colisão Traseira;1;;;1;;;;;;;3;1;;;
17/01/2017;12:18:00;134;sem vítima;281,4;BR-101/RJ;Norte;Engavetamento;3;;;;;;;;;;8;;;;
17/01/2017;12:28:00;136;com vítima;48;BR-101/RJ;Sul;Colisão Lateral;1;;;1;;;;;;;1;1;1;;
17/01/2017;14:10:00;162;sem vítima;312;BR-101/RJ;Norte;Colisão Frontal;1;;;1;;;;;;1;4;;;;