data;horario;n_da_ocorrencia;tipo_de_ocorrencia;km;trecho;sentido;tipo_de_acidente;automovel;bicicleta;caminhao;moto;onibus;outros;tracao_animal;transporte_de_cargas_especiais;trator_maquinas;utilitarios;ilesos;levemente_feridos;moderadamente_feridos;gravemente_feridos;mortos
17/01/2017;14:37:00;166;sem vítima;89;BR-101/RJ;Sul;Colisão Traseira;;;;;;;;;;2;3;;;;
17/01/2017;15:58:00;190;sem vítima;89;BR-101/RJ;Sul;Colisão Traseira;1;;;1;;;;;;;3;;;;
18/01/2017;06:09:00;17;com vítima;251;BR-101/RJ;Sul;Colisão Traseira;1;;;;;1;;;;;2;1;;;
18/01/2017;06:16:00;19;com vítima;257;BR-101/RJ;Norte;Choque - Suporte de Sinalização;;;;1;;;;;;;0;1;;;
18/01/2017;06:36:00;24;sem vítima;308;BR-101/RJ;Norte;Choque - Defensa, barreira ou "submarino";;;1;;;;;;;;1;;;;
18/01/2017;09:54:00;111;sem vítima;62;BR-101/RJ;Norte;Outros;1;;;;;;;;;;1;;;;
18/01/2017;10:19:00;122;com vítima;320;BR-101/RJ;Norte;Colisão Traseira;1;;;1;;;;;;;1;1;;;
18/01/2017;13:17:00;161;com vítima;264;BR-101/RJ;Sul;Choque - Defensa, barreira ou "submarino";1;;;;;;;;;;1;;1;;
18/01/2017;14:18:00;183;com vítima;277,8;BR-101/RJ;Sul;Colisão Transversal;1;1;;;;;;;;;0;1;;1;
18/01/2017;16:20:00;218;sem vítima;321,099;BR-101/RJ;Sul;Colisão Traseira;1;;;1;;;;;;;3;;;;
18/01/2017;23:06:00;303;sem vítima;320;BR-101/RJ;Norte;Colisão Traseira;1;;;;;1;;;;;3;;;;
19/01/2017;02:11:00;17;sem vítima;77;BR-101/RJ;Norte;Choque - Outros;1;;;;;;;;;;2;;;;
19/01/2017;04:06:00;25;sem vítima;283;BR-101/RJ;Sul;Colisão Lateral;1;;;;;;;;;;1;;;;
19/01/2017;04:07:00;26;sem vítima;248;BR-101/RJ;Norte;Choque - Elemento de Drenagem;1;;;;;;;;;;5;;;;
19/01/2017;07:16:00;44;sem vítima;261;BR-101/RJ;Sul;Choque - Elemento de Drenagem;1;;;;;;;;;;1;;;;
19/01/2017;08:18:00;69;sem vítima;12;BR-101/RJ;Norte;Colisão Lateral;;;2;;1;;;;;;4;;;;
19/01/2017;09:06:00;89;sem vítima;206;BR-101/RJ;Norte;Colisão Lateral;1;;1;;;;;;;;3;;;;
19/01/2017;09:49:00;111;sem vítima;283;BR-101/RJ;Norte;Colisão Traseira;1;;1;;;;;;;;2;;;;
19/01/2017;10:59:00;123;com vítima;294;BR-101/RJ;Norte;Colisão Lateral;1;;;1;;;;;;;5;1;;;
19/01/2017;14:22:00;175;sem vítima;253,461;BR-101/RJ;Norte;Choque - Defensa, barreira ou "submarino";1;;;;;;;;;;1;;;;
19/01/2017;14:24:00;177;sem vítima;122;BR-101/RJ;Sul;Colisão Traseira;1;;1;;;;;;;;2;;;;
19/01/2017;15:47:00;198;sem vítima;298;BR-101/RJ;Norte;Colisão Traseira;2;;;;;;;;;;2;;;;
19/01/2017;15:58:00;200;com vítima;152;BR-101/RJ;Norte;Colisão Lateral;2;;;;;;;;;;2;1;;;
19/01/2017;16:41:00;211;sem vítima;304,246;BR-101/RJ;Sul;Atropelamento de Animal;1;;;;;;;;;;1;;;;
19/01/2017;17:52:00;228;sem vítima;80;BR-101/RJ;Sul;Colisão Lateral;;;1;;1;;;;;;2;;;;
19/01/2017;17:54:00;229;sem vítima;297;BR-101/RJ;Norte;Colisão Lateral;1;;1;;;;;;;;2;;;;
19/01/2017;18:03:00;232;sem vítima;297;BR-101/RJ;Norte;Colisão Lateral;1;;1;;;;;;;;5;;;;
19/01/2017;19:58:00;261;sem vítima;297;BR-101/RJ;Sul;Engavetamento;3;;;;;;;;;;3;;;;
19/01/2017;22:51:00;281;sem vítima;16,5;BR-101/RJ;Norte;Choque - Defensa, barreira ou "submarino";1;;;;;;;;;;1;;;;
20/01/2017;01:18:00;14;sem vítima;258,5;BR-101/RJ;Norte;Colisão Lateral;1;;;;1;;;;;;37;;;;
20/01/2017;08:15:00;82;com vítima;300;BR-101/RJ;Norte;Engavetamento;3;;;;;;;;;;12;;1;;
20/01/2017;11:55:00;147;sem vítima;71;BR-101/RJ;Norte;Colisão Traseira;2;;;;;;;;;;3;;;;
20/01/2017;13:18:00;163;com vítima;307;BR-101/RJ;Norte;Colisão Lateral;1;;;1;;;;;;;2;1;1;;
20/01/2017;14:20:00;178;com vítima;309,72;BR-101/RJ;Norte;Colisão Lateral;1;;;1;;;;;;;4;1;;;
20/01/2017;14:32:00;183;sem vítima;300;BR-101/RJ;Sul;Colisão Lateral;1;;;;;1;;;;;3;;;;
20/01/2017;15:08:00;190;sem vítima;293,8;BR-101/RJ;Sul;Choque - Defensa, barreira ou "submarino";1;;;;;;;;;;1;;;;
20/01/2017;15:15:00;196;sem vítima;71,6;BR-101/RJ;Norte;Engavetamento;4;;;;;;;;;;12;;;;
20/01/2017;15:59:00;204;sem vítima;192,8;BR-101/RJ;Sul;Colisão Traseira;2;;;;;;;;;;4;;;;
20/01/2017;17:19:00;222;sem vítima;290;BR-101/RJ;Norte;Colisão Lateral;1;;1;;;;;;;;2;;;;
20/01/2017;20:10:00;260;com vítima;300;BR-101/RJ;Norte;Engavetamento;2;;;;;1;;;;;6;1;;;
20/01/2017;22:43:00;285;sem vítima;63;BR-101/RJ;Norte;Choque - Elemento de Drenagem;1;;;;;;;;;;3;;;;
21/01/2017;08:25:00;32;com vítima;314;BR-101/RJ;Sul;Queda de Moto;;;;1;;;;;;;0;2;;;
21/01/2017;08:48:00;38;com vítima;277;BR-101/RJ;Norte;Colisão Traseira;2;;;;;;;;;;1;1;;;
21/01/2017;13:09:00;88;sem vítima;71;BR-101/RJ;Sul;Colisão Traseira;2;;;;;;;;;;2;;;;
21/01/2017;14:12:00;91;sem vítima;303;BR-101/RJ;Sul;Atropelamento de Animal;1;;;;;;;;;;1;;;;
21/01/2017;19:47:00;143;com vítima;169;BR-101/RJ;Sul;Queda de Moto;;;;1;;;;;;;0;2;;;
21/01/2017;21:12:00;158;sem vítima;93;BR-101/RJ;Norte;Choque - Defensa, barreira ou "submarino";1;;;;;;;;;;2;;;;
21/01/2017;22:37:00;172;sem vítima;307,2;BR-101/RJ;Sul;Colisão Traseira;2;;;;;;;;;;2;;;;
21/01/2017;23:01:00;179;sem vítima;280;BR-101/RJ;Norte;Colisão Traseira;1;;1;;;;;;;;4;;;;
22/01/2017;05:36:00;29;sem vítima;106;BR-101/RJ;Norte;Choque - Defensa, barreira ou "submarino";;;1;;;;;;;;1;;;;
22/01/2017;05:48:00;30;com vítima;293;BR-101/RJ;Sul;Queda de Moto;;;;1;;;;;;;0;1;;;
22/01/2017;06:30:00;33;com vítima;311;BR-101/RJ;Norte;Choque - Defensa, barreira ou "submarino";1;;;;;;;;;;2;1;;;
22/01/2017;06:49:00;35;com vítima;92,9;BR-101/RJ;Sul;Colisão Traseira;2;;;;;;;;;;4;1;;;
22/01/2017;15:42:00;116;sem vítima;116,5;BR-101/RJ;Sul;Colisão Traseira;2;;;;;;;;;;4;;;;
22/01/2017;20:14:00;185;com vítima;236;BR-101/RJ;Sul;Colisão Lateral;2;;;;;;;;;;3;2;;;
22/01/2017;20:33:00;190;com vítima;298;BR-101/RJ;Sul;Colisão Traseira;1;;;1;;;;;;;2;2;;;
23/01/2017;06:55:00;46;sem vítima;307;BR-101/RJ;Sul;Colisão Traseira;2;;;;;;;;;;2;;;;
23/01/2017;10:14:00;121;sem vítima;93;BR-101/RJ;Norte;Engavetamento;3;;;;;;;;;;6;;;;
23/01/2017;14:45:00;191;sem vítima;295;BR-101/RJ;Norte;Engavetamento;3;;;;;;;;;;5;;;;
23/01/2017;15:19:00;204;com vítima;309,892;BR-101/RJ;Norte;Queda de Moto;;;;1;;1;;;;;1;1;;;
23/01/2017;15:42:00;206;com vítima;306,965;BR-101/RJ;Norte;Colisão Lateral;1;;;1;;;;;;;2;1;;;
23/01/2017;16:57:00;224;sem vítima;293;BR-101/RJ;Sul;Colisão Traseira;3;;;;;1;;;;;7;;;;
23/01/2017;17:20:00;228;com vítima;284;BR-101/RJ;Norte;Queda de Moto;;;;1;;;;;;;0;2;;;
23/01/2017;17:28:00;231;sem vítima;318;BR-101/RJ;Norte;Colisão Traseira;1;;;;1;;;;;;2;;;;
24/01/2017;06:49:00;25;com vítima;289;BR-101/RJ;Sul;Colisão Traseira;1;;1;;;;;;;;4;2;;;
24/01/2017;07:17:00;37;sem vítima;296;BR-101/RJ;Sul;Colisão Lateral;1;;;;1;;;;;;2;;;;
24/01/2017;11:50:00;154;sem vítima;192,83;BR-101/RJ;Norte;Choque - Defensa, barreira ou "submarino";;;;;;;;;;1;1;;;;
24/01/2017;16:24:00;225;sem vítima;271;BR-101/RJ;Norte;Choque - Outros;1;;;;;;;;;;2;;;;
24/01/2017;17:52:00;239;sem vítima;303;BR-101/RJ;Norte;Colisão Traseira;2;;;;;;;;;;7;;;;
24/01/2017;19:08:00;258;sem vítima;62,942;BR-101/RJ;Norte;Colisão Traseira;1;;;;;1;;;;;2;;;;
25/01/2017;09:21:00;101;sem vítima;214,15;BR-101/RJ;Sul;Colisão Lateral;;;2;;;;;;;1;5;;;;
25/01/2017;11:06:00;124;sem vítima;316,9;BR-101/RJ;Sul;Engavetamento;4;;;;;;;;;;8;;;;
25/01/2017;11:30:00;129;com vítima;206;BR-101/RJ;Norte;Colisão Traseira;;;1;;;;;;;1;1;2;;;
25/01/2017;11:40:00;130;sem vítima;312;BR-101/RJ;Sul;Colisão Traseira;2;;;;;;;;;;2;;;;
25/01/2017;11:50:00;132;sem vítima;297;BR-101/RJ;Norte;Colisão Traseira;;;1;;1;;;;;;3;;;;
25/01/2017;18:47:00;214;com vítima;73,735;BR-101/RJ;Norte;Queda de Moto;;;;1;;;;;;;0;2;;;
25/01/2017;22:49:00;246;com vítima;311;BR-101/RJ;Sul;Choque - Defensa, barreira ou "submarino";1;;;;;1;;;;;1;1;;;
26/01/2017;05:20:00;24;com vítima;100,7;BR-101/RJ;Norte;Colisão Lateral;1;1;;;;;;;;;3;1;;;
26/01/2017;06:23:00;26;sem vítima;317;BR-101/RJ;Norte;Engavetamento;;;3;;;;;;;;5;;;;
26/01/2017;07:35:00;56;com vítima;11;BR-101/RJ;Norte;Tombamento;;;1;;;;;;;;1;;1;;
26/01/2017;09:39:00;112;com vítima;252;BR-101/RJ;Norte;Atropelamento - Funcionário;1;;;;;;;;;;1;1;;;
26/01/2017;11:56:00;149;sem vítima;123;BR-101/RJ;Sul;Choque - Outros;;;1;;;;;;;;1;;;;
26/01/2017;15:52:00;197;sem vítima;213;BR-101/RJ;Norte;Colisão Traseira;;;2;;;;;;;;2;;;;
27/01/2017;05:00:00;23;sem vítima;93;BR-101/RJ;Norte;Colisão Traseira;2;;;;;1;;;;;3;;;;
27/01/2017;05:14:00;24;sem vítima;308;BR-101/RJ;Sul;Atropelamento de Animal;1;;;;;;;;;;1;;;;
27/01/2017;06:07:00;27;sem vítima;299;BR-101/RJ;Sul;Colisão Traseira;2;;;;;;;;;;2;;;;
27/01/2017;11:22:00;128;com vítima;297;BR-101/RJ;Sul;Queda de Moto;;;;1;;;;;;;0;1;;;
27/01/2017;13:29:00;155;com vítima;318;BR-101/RJ;Norte;Colisão Traseira;1;;;1;;;;;;;1;1;;;
27/01/2017;17:27:00;228;sem vítima;92;BR-101/RJ;Sul;Colisão Traseira;2;;;;;;;;;;5;;;;
27/01/2017;17:45:00;231;com vítima;315;BR-101/RJ;Norte;Queda de Moto;;;;1;;;;;;;0;1;;;
27/01/2017;19:20:00;250;sem vítima;236;BR-101/RJ;Norte;Colisão Transversal;2;;;;;;;;;;3;;;;
27/01/2017;20:13:00;262;com vítima;71,2;BR-101/RJ;Norte;Colisão Lateral;;1;;;;1;;;;;1;;1;;
27/01/2017;20:41:00;267;com vítima;321;BR-101/RJ;Norte;Colisão Traseira;2;;;;;;;;;;2;1;;;
28/01/2017;07:56:00;49;sem vítima;91;BR-101/RJ;Sul;Colisão Traseira;2;;;;;;;;;;11;;;;
28/01/2017;12:10:00;103;sem vítima;297;BR-101/RJ;Norte;Colisão Lateral;1;;;;;1;;;;;2;;;;
28/01/2017;15:58:00;134;sem vítima;90;BR-101/RJ;Sul;Colisão Traseira;;;2;;;;;;;;2;;;;
28/01/2017;17:39:00;153;com vítima;319,865;BR-101/RJ;Norte;Colisão Lateral;1;;;1;;;;;;;2;1;;;
28/01/2017;23:27:00;209;sem vítima;317;BR-101/RJ;Sul;Colisão Traseira;2;;;;;;;;;;4;;;;
29/01/2017;01:20:00;8;com vítima;311;BR-101/RJ;Norte;Colisão Frontal;2;;1;;;;;;;;4;1;;;
29/01/2017;01:23:00;11;sem vítima;262;BR-101/RJ;Sul;Choque - Defensa, barreira ou "submarino";1;;;;;;;;;;2;;;;
29/01/2017;01:36:00;14;sem vítima;62;BR-101/RJ;Norte;Choque - Defensa, barreira ou "submarino";1;;;;;;;;;;2;;;;
29/01/2017;01:46:00;15;sem vítima;297,901;BR-101/RJ;Sul;Choque - Elemento de Drenagem;1;;;;;;;;;;2;;;;
29/01/2017;02:26:00;16;sem vítima;27;BR-101/RJ;Norte;Choque - Talude;1;;;;;;;;;;4;;;;
29/01/2017;02:32:00;18;sem vítima;67;BR-101/RJ;Sul;Choque - Suporte de Sinalização;1;;;;;;;;;;1;;;;
29/01/2017;03:46:00;23;sem vítima;297,8;BR-101/RJ;Sul;Choque - Defensa, barreira ou "submarino";1;;;;;;;;;;1;;;;
29/01/2017;04:08:00;25;sem vítima;306;BR-101/RJ;Sul;Choque - Outros;1;;;;;;;;;;1;;;;
29/01/2017;10:16:00;55;com vítima;25;BR-101/RJ;Sul;Colisão Lateral;1;;;1;;;;;;;3;;;1;
29/01/2017;12:22:00;80;sem vítima;297;BR-101/RJ;Norte;Colisão Traseira;1;;1;;;;;;;;2;;;;
29/01/2017;14:00:00;93;sem vítima;298;BR-101/RJ;Sul;Colisão Traseira;2;;;;;;;;;;10;;;;
29/01/2017;18:16:00;138;sem vítima;90;BR-101/RJ;Norte;Colisão Traseira;2;;;;;;;;;;5;;;;
29/01/2017;19:09:00;153;com vítima;311;BR-101/RJ;Sul;Colisão Lateral;2;;;;;;;;;;2;1;;;
29/01/2017;19:56:00;172;sem vítima;4,378;BR-101/RJ;Norte;Capotamento;;;;;;;;;;1;5;;;;
29/01/2017;20:36:00;177;sem vítima;305;BR-101/RJ;Sul;Colisão Traseira;1;;;;;1;;;;;3;;;;
29/01/2017;22:50:00;200;sem vítima;12,9;BR-101/RJ;Sul;Atropelamento de Animal;1;;;;;;;;;;1;;;;
30/01/2017;06:32:00;27;sem vítima;190;BR-101/RJ;Sul;Choque - Elemento de Drenagem;1;;;;;;;;;;1;;;;
30/01/2017;06:52:00;34;sem vítima;311;BR-101/RJ;Sul;Colisão Traseira;2;;;;;;;;;;2;;;;
30/01/2017;07:07:00;36;com vítima;311;BR-101/RJ;Sul;Colisão Lateral;1;;;1;;;;;;;1;1;;;
30/01/2017;07:49:00;49;com vítima;308;BR-101/RJ;Sul;Colisão Transversal;1;;;1;;;;;;;2;1;;;
30/01/2017;08:46:00;74;sem vítima;308;BR-101/RJ;Sul;Colisão Traseira;2;;;;;;;;;;5;;;;
30/01/2017;11:33:00;130;sem vítima;206;BR-101/RJ;Sul;Colisão Lateral;2;;;;;;;;;;2;;;;
30/01/2017;15:51:00;190;sem vítima;212;BR-101/RJ;Norte;Colisão Traseira;2;;;;;;;;;;2;;;;
30/01/2017;19:36:00;240;sem vítima;66;BR-101/RJ;Norte;Colisão Traseira;1;;1;;;;;;;;2;;;;
30/01/2017;21:58:00;260;com vítima;206,7;BR-101/RJ;Norte;Colisão Traseira;2;;;;;;;;;;2;2;;;
30/01/2017;22:06:00;261;sem vítima;233;BR-101/RJ;Sul;Atropelamento de Animal;1;;;;;;;;;;4;;;;
31/01/2017;08:57:00;85;sem vítima;67;BR-101/RJ;Norte;Colisão Traseira;2;;;;;;;;;;2;;;;
31/01/2017;09:27:00;95;sem vítima;320;BR-101/RJ;Sul;Colisão Traseira;1;;;1;;;;;;;2;;;;
31/01/2017;11:08:00;114;com vítima;136,8;BR-101/RJ;Norte;Colisão Traseira;;;2;;;;;;;;1;2;;1;
31/01/2017;16:18:00;190;com vítima;65,51;BR-101/RJ;Sul;Colisão Transversal;2;;;1;;;;;;;0;2;;2;
31/01/2017;16:44:00;197;com vítima;291;BR-101/RJ;Sul;Colisão Traseira;1;;1;;;;;;;;4;1;;;
31/01/2017;17:29:00;206;com vítima;262;BR-101/RJ;Sul;Choque - Defensa, barreira ou "submarino";1;;;;;;;;;;1;1;;;
31/01/2017;17:54:00;214;com vítima;318,05;BR-101/RJ;Norte;Tombamento;;;1;;;;;;;;0;1;;;
31/01/2017;18:11:00;220;com vítima;171;BR-101/RJ;Norte;Colisão Lateral;;1;;;;1;;;;;1;1;;;
31/01/2017;18:52:00;229;sem vítima;138;BR-101/RJ;Norte;Colisão Lateral;1;;;;;1;;;;;2;;;;
31/01/2017;20:39:00;247;com vítima;277;BR-101/RJ;Norte;Queda de Moto;;;;1;;;;;;;0;2;;;
01/02/2017;00:24:00;5;com vítima;253,5;BR-101/RJ;Norte;Colisão Frontal;1;;2;;;;;;;;3;1;;;
01/02/2017;15:54:00;171;sem vítima;314,5;BR-101/RJ;Sul;Choque - Defensa, barreira ou "submarino";1;;;;;;;;;;1;;;;
01/02/2017;17:15:00;184;sem vítima;285;BR-101/RJ;Sul;Choque - Talude;1;;;;;;;;;;1;;;;
01/02/2017;18:38:00;201;sem vítima;194;BR-101/RJ;Sul;Tombamento;;;1;;;;;;;;1;;;;
01/02/2017;23:55:00;247;com vítima;313;BR-101/RJ;Norte;Queda de Moto;;;;1;;;;;;;0;1;;;
02/02/2017;07:36:00;60;com vítima;33,7;BR-101/RJ;Sul;Choque - Elemento de Drenagem;2;;;;;;;;;;2;1;;;
02/02/2017;07:58:00;74;com vítima;207;BR-101/RJ;Norte;Choque - Defensa, barreira ou "submarino";1;;;;;;;;;;0;1;;;
02/02/2017;12:30:00;149;sem vítima;247;BR-101/RJ;Norte;Colisão Lateral;1;;;;;1;;;;;4;;;;
02/02/2017;12:37:00;150;sem vítima;66,945;BR-101/RJ;Norte;Colisão Lateral;1;;;;;1;;;;;2;;;;
02/02/2017;17:14:00;202;sem vítima;113;BR-101/RJ;Norte;Choque - Defensa, barreira ou "submarino";1;;;;;1;;;;;4;;;;
02/02/2017;19:42:00;229;sem vítima;285;BR-101/RJ;Sul;Capotamento;1;;;;;;;;;;2;;;;
02/02/2017;22:41:00;250;com vítima;272;BR-101/RJ;Norte;Capotamento;;;;;;;;;;1;0;2;;;
03/02/2017;04:31:00;15;sem vítima;321,5;BR-101/RJ;Sul;Choque - Defensa, barreira ou "submarino";;;1;;;1;;;;;2;;;;
03/02/2017;16:32:00;181;sem vítima;296;BR-101/RJ;Norte;Colisão Traseira;2;;;;;;;;;;2;;;;
03/02/2017;18:01:00;202;com vítima;309,19;BR-101/RJ;Norte;Colisão Lateral;1;;;1;;;;;;;1;;1;;
03/02/2017;18:41:00;214;sem vítima;89;BR-101/RJ;Sul;Colisão Traseira;2;;;;;;;;;;6;;;;
03/02/2017;19:06:00;220;sem vítima;248;BR-101/RJ;Norte;Choque - Defensa, barreira ou "submarino";1;;;;;;;;;;2;;;;
03/02/2017;19:51:00;234;sem vítima;40;BR-101/RJ;Sul;Choque - Cancela de Pedagio;1;;;;;;;;;;1;;;;
03/02/2017;19:56:00;237;sem vítima;64;BR-101/RJ;Sul;Colisão Transversal;2;;;;;;;;;;2;;;;
03/02/2017;22:35:00;261;sem vítima;12,445;BR-101/RJ;Norte;Choque - Suporte de Sinalização;1;;;;;;;;;;1;;;;
04/02/2017;02:30:00;9;sem vítima;63;BR-101/RJ;Norte;Colisão Transversal;1;;1;;;;;;;;2;;;;
04/02/2017;04:20:00;12;com vítima;295,4;BR-101/RJ;Norte;Capotamento;1;;;;;;;;;;2;2;;;
04/02/2017;09:32:00;56;sem vítima;249;BR-101/RJ;Sul;Colisão Traseira;2;;;;;;;;;;4;;;;
04/02/2017;14:15:00;98;sem vítima;262,56;BR-101/RJ;Sul;Choque - Defensa, barreira ou "submarino";1;;;;;;;;;;2;;;;
04/02/2017;15:36:00;114;com vítima;313,701;BR-101/RJ;Norte;Choque - Outros;1;;;;;;;;;;0;1;;;
04/02/2017;15:41:00;116;sem vítima;67;BR-101/RJ;Norte;Colisão Traseira;2;;;;;;;;;;2;;;;
04/02/2017;16:22:00;120;sem vítima;313,7;BR-101/RJ;Norte;Engavetamento;3;;;;;;;;;;4;;;;
04/02/2017;18:35:00;149;sem vítima;101;BR-101/RJ;Norte;Colisão Traseira;1;;;1;;;;;;;2;;;;
04/02/2017;23:04:00;183;com vítima;299;BR-101/RJ;Norte;Atropelamento - Ciclista;;;;;;1;;;;;1;;1;;
05/02/2017;01:08:00;5;sem vítima;306;BR-101/RJ;Sul;Saida de Pista;1;;;;;;;;;;1;;;;
05/02/2017;16:29:00;111;com vítima;70;BR-101/RJ;Norte;Choque - Defensa, barreira ou "submarino";1;;;;;;;;;;1;1;;;
05/02/2017;18:02:00;136;sem vítima;264;BR-101/RJ;Norte;Choque - Defensa, barreira ou "submarino";1;;;;;;;;;;2;;;;
05/02/2017;18:32:00;139;sem vítima;201;BR-101/RJ;Norte;Choque - Defensa, barreira ou "submarino";1;;;;;;;;;;3;;;;
05/02/2017;19:40:00;150;com vítima;227,907;BR-101/RJ;Norte;Choque - Defensa, barreira ou "submarino";1;;;;;;;;;;1;4;;;
05/02/2017;19:42:00;151;sem vítima;234;BR-101/RJ;Norte;Choque - Defensa, barreira ou "submarino";1;;;;;;;;;;1;;;;
05/02/2017;20:17:00;157;com vítima;267;BR-101/RJ;Sul;Colisão Traseira;2;;;;;;;;;;2;1;;;
06/02/2017;00:22:00;3;sem vítima;76;BR-101/RJ;Sul;Colisão Traseira;1;;;;1;;;;;;2;;;;
06/02/2017;02:34:00;11;sem vítima;307,376;BR-101/RJ;Sul;Choque - Suporte de Sinalização;1;;;;;;;;;;4;;;;
06/02/2017;02:45:00;12;sem vítima;57;BR-101/RJ;Norte;Choque - Defensa, barreira ou "submarino";1;;;;;;;;;;1;;;;
06/02/2017;04:14:00;16;com vítima;68;BR-101/RJ;Sul;Colisão Frontal;2;;;;;;;;;;0;;2;1;
06/02/2017;06:40:00;29;sem vítima;293,5;BR-101/RJ;Sul;Atropelamento de Animal;1;;;;;;;;;;1;;;;
06/02/2017;06:59:00;31;sem vítima;213;BR-101/RJ;Norte;Choque - Talude;1;;;;;;;;;;3;;;;
06/02/2017;07:51:00;46;com vítima;318;BR-101/RJ;Sul;Choque - Outros;1;;;;;;;;;;0;1;;;
06/02/2017;07:52:00;48;com vítima;314,365;BR-101/RJ;Norte;Choque - Defensa, barreira ou "submarino";1;;;;;1;;;;;1;1;;;
06/02/2017;09:27:00;82;com vítima;313;BR-101/RJ;Norte;Choque - Outros;1;;;;;;;;;;0;1;;;
06/02/2017;14:03:00;142;com vítima;219,3;BR-101/RJ;Norte;Colisão Frontal;1;;1;;;;;;;;1;;;;1
06/02/2017;15:08:00;153;com vítima;236,7;BR-101/RJ;Sul;Colisão Transversal;2;;;;;;;;;;6;1;;;
06/02/2017;17:43:00;177;com vítima;233,5;BR-101/RJ;Norte;Capotamento;1;;;;;;;;;;0;1;;;
07/02/2017;11:56:00;116;com vítima;293;BR-101/RJ;Norte;Colisão Lateral;1;;;1;;;;;;;2;1;;;
07/02/2017;16:44:00;156;sem vítima;86,057;BR-101/RJ;Norte;Choque - Outros;;;;;1;;;;;;50;;;;
08/02/2017;01:27:00;9;sem vítima;107;BR-101/RJ;Sul;Choque - Objeto sobre a pista;1;;;;;;;;;;1;;;;
08/02/2017;06:15:00;21;com vítima;297;BR-101/RJ;Sul;Colisão Traseira;1;;;;1;;;;;;2;2;;;
08/02/2017;08:12:00;57;sem vítima;225;BR-101/RJ;Norte;Choque - Outros;1;;;;;;;;;;1;;;;
08/02/2017;14:22:00;145;sem vítima;92;BR-101/RJ;Sul;Colisão Traseira;1;;;1;;;;;;;2;;;;
08/02/2017;16:41:00;167;sem vítima;275;BR-101/RJ;Sul;Objeto lançado contra veículo;1;;1;;;;;;;;5;;;;
08/02/2017;17:29:00;172;com vítima;293;BR-101/RJ;Norte;Colisão Lateral;1;;;1;;;;;;;1;1;;;
08/02/2017;18:22:00;177;com vítima;54;BR-101/RJ;Norte;Colisão Lateral;1;;;1;;;;;;;1;1;;;
08/02/2017;18:22:00;178;sem vítima;310;BR-101/RJ;Norte;Engavetamento;1;;1;;;1;;;;;3;;;;
09/02/2017;07:59:00;52;sem vítima;293,7;BR-101/RJ;Sul;Choque - Elemento de Drenagem;1;;;;;;;;;;1;;;;
09/02/2017;08:16:00;62;com vítima;317;BR-101/RJ;Sul;Colisão Lateral;1;;;1;;;;;;;2;1;;;
09/02/2017;09:27:00;88;sem vítima;267;BR-101/RJ;Sul;Colisão Traseira;2;;;;;;;;;;5;;;;
09/02/2017;12:01:00;127;sem vítima;308,8;BR-101/RJ;Sul;Colisão Lateral;;;;;1;;;;;1;2;;;;
09/02/2017;12:22:00;134;sem vítima;62;BR-101/RJ;Norte;Colisão Traseira;2;;;;;;;;;;3;;;;
09/02/2017;12:32:00;136;com vítima;319,5;BR-101/RJ;Sul;Colisão Lateral;3;;;;;;;;;;2;1;;;
09/02/2017;13:49:00;148;sem vítima;318,2;BR-101/RJ;Sul;Engavetamento;5;;;;;;;;;;9;;;;
09/02/2017;17:08:00;188;com vítima;259;BR-101/RJ;Sul;Colisão Transversal;1;;1;;;;;;;;1;1;;;
09/02/2017;18:15:00;201;com vítima;294;BR-101/RJ;Sul;Colisão Traseira;;;;;2;;;;;;2;1;;;
10/02/2017;01:28:00;11;com vítima;297,883;BR-101/RJ;Norte;Colisão Traseira;;;2;;;;;;;;2;1;;;
10/02/2017;05:12:00;22;sem vítima;286,7;BR-101/RJ;Sul;Colisão Traseira;1;;;;;1;;;;;2;;;;
10/02/2017;07:54:00;49;com vítima;300;BR-101/RJ;Sul;Colisão Lateral;;1;;;;1;;;;;1;1;;;
10/02/2017;08:54:00;81;sem vítima;299;BR-101/RJ;Sul;Choque - Defensa, barreira ou "submarino";1;;;;;;;;;;1;;;;
10/02/2017;09:34:00;93;com vítima;134;BR-101/RJ;Sul;Capotamento;;;;;;;;;;1;0;2;;;
10/02/2017;09:47:00;98;sem vítima;192;BR-101/RJ;Sul;Colisão Traseira;2;;;;;;;;;;9;;;;
10/02/2017;11:07:00;120;sem vítima;40;BR-101/RJ;Norte;Colisão Traseira;;;2;;;;;;;;2;;;;
10/02/2017;14:27:00;155;com vítima;75;BR-101/RJ;Norte;Choque - Elemento de Drenagem;1;;;;;;;;;;1;1;1;;
10/02/2017;14:58:00;161;sem vítima;93;BR-101/RJ;Norte;Engavetamento;;;1;;;;;;;2;6;;;;
10/02/2017;20:54:00;228;sem vítima;91;BR-101/RJ;Norte;Colisão Traseira;2;;;;;;;;;;2;;;;
11/02/2017;02:58:00;11;sem vítima;93,137;BR-101/RJ;Norte;Colisão Traseira;1;;;;;1;;;;;6;;;;
11/02/2017;09:20:00;38;sem vítima;81,1;BR-101/RJ;Sul;Colisão Traseira;1;;;;;;;;;1;2;;;;
11/02/2017;10:36:00;59;com vítima;295;BR-101/RJ;Sul;Colisão Traseira;1;;;;1;;;;;;26;1;1;;
11/02/2017;13:46:00;84;sem vítima;322;BR-101/RJ;Norte;Choque - Defensa, barreira ou "submarino";1;;;;;;;;;;1;;;;