data;horario;n_da_ocorrencia;tipo_de_ocorrencia;km;trecho;sentido;tipo_de_acidente;automovel;bicicleta;caminhao;moto;onibus;outros;tracao_animal;transporte_de_cargas_especiais;trator_maquinas;utilitarios;ilesos;levemente_feridos;moderadamente_feridos;gravemente_feridos;mortos
06/03/2017;20:02:00;183;sem vítima;236;BR-101/RJ;Norte;Choque - Outros;1;;;;;;;;;;3;;;;
06/03/2017;20:16:00;186;com vítima;313;BR-101/RJ;Norte;Engavetamento;4;;;;;;;;;;5;1;;;
06/03/2017;21:01:00;190;sem vítima;311;BR-101/RJ;Norte;Colisão Lateral;1;;;;;1;;;;;3;;;;
07/03/2017;00:36:00;3;com vítima;244,099;BR-101/RJ;Sul;Colisão Traseira;;;2;;;;;;;;0;2;;;
07/03/2017;06:05:00;19;com vítima;293;BR-101/RJ;Norte;Colisão Lateral;1;;1;;;;;;;;3;1;;;
07/03/2017;07:33:00;36;com vítima;315;BR-101/RJ;Sul;Colisão Lateral;1;;;1;;;;;;;2;1;;;
07/03/2017;08:15:00;66;sem vítima;123;BR-101/RJ;Norte;Colisão Traseira;;;2;;;;;;;;2;;;;
07/03/2017;10:05:00;110;sem vítima;93;BR-101/RJ;Sul;Colisão Traseira;1;;1;;;;;;;;2;;;;
07/03/2017;13:41:00;148;com vítima;283;BR-101/RJ;Sul;Choque - Defensa, barreira ou "submarino";1;;;;;;;;;;1;2;;;
07/03/2017;13:43:00;149;sem vítima;283;BR-101/RJ;Sul;Colisão Traseira;2;;;;;;;;;;2;;;;
07/03/2017;15:27:00;160;sem vítima;134;BR-101/RJ;Norte;Colisão Traseira;;;2;;;;;;;;2;;;;
07/03/2017;16:53:00;184;com vítima;272,205;BR-101/RJ;Sul;Choque - Elemento de Drenagem;1;;;;;;;;;;1;2;;;
07/03/2017;18:16:00;195;sem vítima;318,175;BR-101/RJ;Norte;Colisão Traseira;2;;;;;;;;;;2;;;;
08/03/2017;00:14:00;2;com vítima;20,119;BR-101/RJ;Sul;Tombamento;;;1;;;;;;;;0;1;;;
08/03/2017;06:34:00;40;sem vítima;316;BR-101/RJ;Sul;Colisão Traseira;2;;;;;;;;;;2;;;;
08/03/2017;06:52:00;44;com vítima;311;BR-101/RJ;Sul;Colisão Traseira;1;;;1;;;;;;;1;;1;;
08/03/2017;07:53:00;67;sem vítima;306;BR-101/RJ;Sul;Engavetamento;3;;;;;;;;;;3;;;;
08/03/2017;11:18:00;137;sem vítima;298;BR-101/RJ;Norte;Engavetamento;3;;;;;;;;;;4;;;;
08/03/2017;12:49:00;157;sem vítima;320;BR-101/RJ;Sul;Choque - Elemento de Drenagem;1;;;;;;;;;;1;;;;
08/03/2017;13:53:00;172;sem vítima;305,85;BR-101/RJ;Norte;Colisão Traseira;2;;;;;;;;;;7;;;;
08/03/2017;14:24:00;175;com vítima;318;BR-101/RJ;Norte;Colisão Lateral;1;;;1;;;;;;;1;1;;;
08/03/2017;17:09:00;213;sem vítima;208,6;BR-101/RJ;Norte;Choque - Suporte de Sinalização;1;;;;;;;;;;2;;;;
08/03/2017;17:20:00;215;sem vítima;200;BR-101/RJ;Norte;Colisão Lateral;1;;1;;;;;;;;3;;;;
08/03/2017;20:08:00;252;com vítima;214;BR-101/RJ;Sul;Colisão Traseira;2;;;;;;;;;;4;1;;;
08/03/2017;21:02:00;261;sem vítima;190,361;BR-101/RJ;Sul;Choque - Defensa, barreira ou "submarino";;;1;;;;;;;;1;;;;
08/03/2017;21:18:00;265;sem vítima;179;BR-101/RJ;Sul;Colisão Lateral;1;;;;;1;;;;;4;;;;
08/03/2017;21:35:00;268;com vítima;277;BR-101/RJ;Sul;Colisão Lateral;1;;;1;;;;;;;3;;1;;
09/03/2017;00:55:00;7;com vítima;311;BR-101/RJ;Norte;Colisão Traseira;2;;;;;;;;;;2;1;;;
09/03/2017;01:06:00;9;com vítima;310,384;BR-101/RJ;Norte;Colisão Traseira;2;;;;;;;;;;1;1;;;
09/03/2017;12:27:00;143;com vítima;283;BR-101/RJ;Norte;Choque - Defensa, barreira ou "submarino";;;;1;;;;;;;0;;1;;
09/03/2017;16:28:00;185;com vítima;321;BR-101/RJ;Norte;Colisão Lateral;;;;1;;1;;;;;1;1;;;
09/03/2017;23:08:00;244;com vítima;314,898;BR-101/RJ;Norte;Queda de Moto;;;;1;;;;;;;0;2;;;
10/03/2017;00:27:00;4;sem vítima;243;BR-101/RJ;Norte;Choque - Talude;;;1;;;;;;;;3;;;;
10/03/2017;08:23:00;85;sem vítima;58;BR-101/RJ;Norte;Colisão Traseira;1;;;;;;;;;1;5;;;;
10/03/2017;10:56:00;129;com vítima;295;BR-101/RJ;Norte;Queda de Moto;;;;1;;;;;;;0;1;;;
10/03/2017;12:33:00;141;sem vítima;291,344;BR-101/RJ;Norte;Choque - Defensa, barreira ou "submarino";1;;;;;;;;;;1;;;;
10/03/2017;12:40:00;144;com vítima;168,087;BR-101/RJ;Sul;Colisão Traseira;1;;1;;;;;;;;3;1;;;
10/03/2017;15:36:00;172;com vítima;131;BR-101/RJ;Norte;Colisão Lateral;1;;;1;;;;;;;1;;1;;
10/03/2017;16:18:00;187;com vítima;293,56;BR-101/RJ;Norte;Tombamento;;;1;;;;;;;;0;1;;;
10/03/2017;17:37:00;209;sem vítima;300;BR-101/RJ;Norte;Colisão Traseira;2;;;;;;;;;;2;;;;
10/03/2017;18:35:00;222;sem vítima;286,825;BR-101/RJ;Sul;Atropelamento de Animal;;;;;;;;;;1;1;;;;
10/03/2017;20:08:00;233;sem vítima;319;BR-101/RJ;Norte;Engavetamento;3;;;;;;;;;;5;;;;
10/03/2017;21:14:00;251;sem vítima;319;BR-101/RJ;Norte;Engavetamento;2;;;;;1;;;;;3;;;;
11/03/2017;00:01:00;1;com vítima;128;BR-101/RJ;Sul;Colisão Lateral;;;1;;1;;;;;;1;1;;;
11/03/2017;00:16:00;2;com vítima;258;BR-101/RJ;Sul;Colisão Lateral;2;;;;;;;;;;2;1;;;
11/03/2017;00:54:00;12;sem vítima;295;BR-101/RJ;Norte;Colisão Lateral;1;;1;;;;;;;;2;;;;
11/03/2017;01:07:00;14;sem vítima;320;BR-101/RJ;Norte;Choque - Defensa, barreira ou "submarino";1;;;;;1;;;;;2;;;;
11/03/2017;04:11:00;38;com vítima;295,7;BR-101/RJ;Sul;Choque - Defensa, barreira ou "submarino";1;;;;;;;;;;0;;1;;
11/03/2017;06:40:00;56;sem vítima;123;BR-101/RJ;Norte;Choque - Outros;;;1;;;;;;;;1;;;;
11/03/2017;12:48:00;142;sem vítima;221;BR-101/RJ;Norte;Choque - Outros;1;;;;;;;;;;1;;;;
11/03/2017;17:19:00;194;com vítima;262,9;BR-101/RJ;Sul;Choque - Talude;1;;;;;;;;;;0;2;;;
11/03/2017;18:02:00;207;com vítima;321,835;BR-101/RJ;Norte;Colisão Lateral;1;;;1;;;;;;;2;1;;;
11/03/2017;20:27:00;231;com vítima;8,374;BR-101/RJ;Sul;Colisão Traseira;3;;;;;;;;;;5;1;;;
11/03/2017;22:13:00;241;com vítima;48,185;BR-101/RJ;Norte;Colisão Frontal;;1;;1;;;;;;;0;;2;;
11/03/2017;22:57:00;246;sem vítima;248,463;BR-101/RJ;Norte;Choque - Defensa, barreira ou "submarino";1;;;;;;;;;;6;;;;
11/03/2017;23:56:00;250;com vítima;315,779;BR-101/RJ;Sul;Choque - Poste;1;;1;;;;;;;;1;2;;;
12/03/2017;01:07:00;9;com vítima;286,766;BR-101/RJ;Norte;Colisão Traseira;1;;1;1;;;;;;;3;;2;;
12/03/2017;03:54:00;20;sem vítima;196;BR-101/RJ;Norte;Queda de Moto;;;;1;;;;;;;1;;;;
12/03/2017;04:09:00;21;sem vítima;242;BR-101/RJ;Sul;Outros;1;;;;;;;;;;1;;;;
12/03/2017;08:43:00;51;sem vítima;320;BR-101/RJ;Norte;Choque - Defensa, barreira ou "submarino";1;;;;;;;;;;1;;;;
12/03/2017;14:43:00;109;com vítima;190;BR-101/RJ;Sul;Choque - Outros;1;;;;;;;;;;0;;1;;
12/03/2017;16:48:00;132;com vítima;277;BR-101/RJ;Sul;Engavetamento;2;;1;;;;;;;;5;1;;;
12/03/2017;16:53:00;134;com vítima;50,5;BR-101/RJ;Sul;Choque - Poste;1;;;;;;;;;;0;1;1;;
12/03/2017;17:12:00;138;com vítima;237;BR-101/RJ;Norte;Colisão Traseira;2;;;;;;;;;;4;1;;;
12/03/2017;20:09:00;175;sem vítima;311;BR-101/RJ;Sul;Colisão Lateral;1;;;;;;;;;1;2;;;;
13/03/2017;01:12:00;10;com vítima;297,88;BR-101/RJ;Sul;Tombamento;;;1;;;1;;;;;2;1;;;
13/03/2017;01:19:00;11;sem vítima;309,976;BR-101/RJ;Norte;Choque - Defensa, barreira ou "submarino";1;;;;;;;;;;1;;;;
13/03/2017;04:10:00;20;sem vítima;262;BR-101/RJ;Norte;Choque - Defensa, barreira ou "submarino";1;;;;;;;;;;1;;;;
13/03/2017;06:18:00;34;sem vítima;269;BR-101/RJ;Norte;Engavetamento;3;;;;;;;;;;5;;;;
13/03/2017;07:50:00;57;com vítima;316;BR-101/RJ;Sul;Colisão Lateral;1;;1;1;;;;;;;2;1;;;
13/03/2017;08:39:00;94;sem vítima;57;BR-101/RJ;Norte;Colisão Traseira;2;;;;;;;;;;2;;;;
13/03/2017;09:45:00;106;sem vítima;316;BR-101/RJ;Norte;Engavetamento;3;;;;;;;;;;6;;;;
13/03/2017;11:37:00;132;com vítima;154;BR-101/RJ;Norte;Engavetamento;3;;1;;;;;;;;5;2;1;1;
13/03/2017;14:19:00;157;sem vítima;86,244;BR-101/RJ;Norte;Choque - Defensa, barreira ou "submarino";1;;;;;;;;;;1;;;;
13/03/2017;16:09:00;181;com vítima;71,121;BR-101/RJ;Norte;Outros;;1;;;;;;;;;0;1;;;
13/03/2017;19:21:00;211;com vítima;296,3;BR-101/RJ;Norte;Atropelamento - Morador;;;1;;;;;;;;1;;;;1
14/03/2017;00:13:00;3;sem vítima;295,013;BR-101/RJ;Sul;Objeto lançado contra veículo;;;1;;;;;;;1;3;;;;
14/03/2017;00:16:00;4;sem vítima;295,013;BR-101/RJ;Sul;Objeto lançado contra veículo;1;;1;;;;;;;;2;;;;
14/03/2017;02:29:00;23;com vítima;277,491;BR-101/RJ;Sul;Colisão Traseira;;;2;;;;;;;;1;1;;;
14/03/2017;04:20:00;25;com vítima;299,32;BR-101/RJ;Norte;Atropelamento - Morador;;;;;;1;;;;;1;;;;1
14/03/2017;10:18:00;113;sem vítima;95;BR-101/RJ;Sul;Colisão Traseira;;;;;1;;;;;1;2;;;;
14/03/2017;13:51:00;148;sem vítima;196;BR-101/RJ;Sul;Capotamento;;;;;;;;;;1;1;;;;
14/03/2017;14:46:00;159;sem vítima;242,5;BR-101/RJ;Sul;Colisão Traseira;;;2;;;;;;;;2;;;;
14/03/2017;15:17:00;171;com vítima;48,7;BR-101/RJ;Norte;Colisão Traseira;1;;;1;;;;;;;1;1;;;
14/03/2017;16:12:00;176;com vítima;61;BR-101/RJ;Norte;Colisão Transversal;1;;;;;;;;;1;1;1;;;
14/03/2017;18:51:00;211;sem vítima;297;BR-101/RJ;Norte;Engavetamento;1;;2;;;;;;;;3;;;;
15/03/2017;05:14:00;18;com vítima;257,71;BR-101/RJ;Norte;Colisão Frontal;2;;;;;;;;;;1;2;;;
15/03/2017;09:26:00;102;com vítima;160;BR-101/RJ;Sul;Colisão Traseira;;;1;;;1;;;;;1;1;;;
15/03/2017;14:17:00;174;com vítima;161,9;BR-101/RJ;Norte;Engavetamento;1;;3;;;;;;;;4;1;;;1
15/03/2017;18:55:00;215;com vítima;304;BR-101/RJ;Sul;Capotamento;1;;;;;;;;;;0;1;;;
15/03/2017;23:02:00;253;sem vítima;310;BR-101/RJ;Norte;Choque - Defensa, barreira ou "submarino";1;;;;;;;;;;1;;;;
16/03/2017;07:40:00;35;sem vítima;252;BR-101/RJ;Norte;Choque - Cancela de Pedagio;;;1;;;;;;;;1;;;;
16/03/2017;09:22:00;98;sem vítima;190;BR-101/RJ;Sul;Choque - Defensa, barreira ou "submarino";1;;;;;;;;;;3;;;;
16/03/2017;09:36:00;104;sem vítima;322;BR-101/RJ;Sul;Colisão Lateral;1;;1;;1;;;;;;3;;;;
16/03/2017;09:47:00;107;sem vítima;20,7;BR-101/RJ;Norte;Choque - Outros;1;;;;;;;;;;1;;;;
16/03/2017;14:55:00;168;com vítima;275;BR-101/RJ;Norte;Atropelamento de Animal;;;;1;;;;;;;0;2;;;
16/03/2017;15:08:00;174;com vítima;118;BR-101/RJ;Sul;Colisão Traseira;2;;;;;;;;;;2;1;;;
16/03/2017;19:12:00;216;sem vítima;12;BR-101/RJ;Norte;Choque - Elemento de Drenagem;1;;;;;;;;;;1;;;;
16/03/2017;19:17:00;217;com vítima;68,8;BR-101/RJ;Norte;Capotamento;1;;;;;;;;;;0;2;;;
17/03/2017;00:08:00;2;com vítima;197,473;BR-101/RJ;Norte;Choque - Suporte de Sinalização;;;1;;;;;;;;0;1;;;
17/03/2017;06:55:00;44;com vítima;296,4;BR-101/RJ;Sul;Queda de Moto;;;;1;;;;;;;0;;;1;1
17/03/2017;10:53:00;133;sem vítima;297;BR-101/RJ;Norte;Colisão Lateral;1;;1;;;;;;;;2;;;;
17/03/2017;10:59:00;135;sem vítima;321;BR-101/RJ;Sul;Colisão Lateral;1;;;1;;;;;;;2;;;;
17/03/2017;11:23:00;143;sem vítima;305;BR-101/RJ;Sul;Choque - Outros;;;1;;;;;;;;1;;;;
17/03/2017;16:51:00;213;sem vítima;294;BR-101/RJ;Norte;Colisão Traseira;2;;;;;;;;;;2;;;;
17/03/2017;17:11:00;220;com vítima;213;BR-101/RJ;Sul;Colisão Traseira;1;;;1;;;;;;;1;2;;;
17/03/2017;21:29:00;271;com vítima;65;BR-101/RJ;Sul;Colisão Lateral;;;;2;;;;;;;1;1;;;
18/03/2017;03:21:00;24;com vítima;193;BR-101/RJ;Sul;Capotamento;1;;;;;;;;;;0;1;2;;
18/03/2017;06:26:00;41;sem vítima;271;BR-101/RJ;Norte;Choque - Elemento de Drenagem;1;;;;;;;;;;4;;;;
18/03/2017;06:37:00;42;sem vítima;285;BR-101/RJ;Norte;Choque - Defensa, barreira ou "submarino";1;;;;;;;;;;2;;;;
18/03/2017;13:06:00;120;sem vítima;299;BR-101/RJ;Sul;Colisão Lateral;2;;;;;;;;;;2;;;;
18/03/2017;16:57:00;154;com vítima;304,9;BR-101/RJ;Norte;Choque - Defensa, barreira ou "submarino";;;1;;;;;;;;2;2;;;
18/03/2017;17:05:00;157;sem vítima;169;BR-101/RJ;Norte;Choque - Talude;1;;;;;;;;;;1;;;;
18/03/2017;21:41:00;191;com vítima;293;BR-101/RJ;Sul;Queda de Moto;;;;1;;;;;;;0;1;;;
19/03/2017;02:54:00;17;sem vítima;66;BR-101/RJ;Norte;Saida de Pista;1;;;;;;;;;;2;;;;
19/03/2017;03:08:00;18;com vítima;299;BR-101/RJ;Norte;Capotamento;1;;;;;;;;;;1;;1;;
19/03/2017;05:16:00;21;sem vítima;297,7;BR-101/RJ;Sul;Choque - Defensa, barreira ou "submarino";1;;;;;;;;;;1;;;;
19/03/2017;07:59:00;29;com vítima;262;BR-101/RJ;Norte;Choque - Defensa, barreira ou "submarino";1;;;;;;;;;;1;1;;;
19/03/2017;08:00:00;30;sem vítima;321;BR-101/RJ;Sul;Choque - Defensa, barreira ou "submarino";1;;;;;;;;;;1;;;;
19/03/2017;08:16:00;33;sem vítima;297;BR-101/RJ;Norte;Capotamento;1;;;;;;;;;;2;;;;
19/03/2017;10:10:00;49;sem vítima;188,87;BR-101/RJ;Sul;Saida de Pista;1;;;;;;;;;;1;;;;
19/03/2017;10:40:00;52;sem vítima;75;BR-101/RJ;Norte;Choque - Elemento de Drenagem;1;;;;;;;;;;4;;;;
19/03/2017;10:52:00;55;sem vítima;313;BR-101/RJ;Sul;Colisão Frontal;2;;;;;;;;;;2;;;;
19/03/2017;11:30:00;59;com vítima;189,05;BR-101/RJ;Norte;Queda de Moto;;;;1;;;;;;;0;1;;;
19/03/2017;12:22:00;65;com vítima;180;BR-101/RJ;Norte;Colisão Lateral;2;;;;;;;;;;9;1;;;
19/03/2017;12:26:00;67;com vítima;144;BR-101/RJ;Sul;Choque - Defensa, barreira ou "submarino";1;;;;;;;;;;4;1;;;
19/03/2017;13:08:00;71;sem vítima;92,2;BR-101/RJ;Norte;Colisão Traseira;2;;;;;;;;;;3;;;;
19/03/2017;13:44:00;75;com vítima;209,735;BR-101/RJ;Norte;Choque - Defensa, barreira ou "submarino";1;;;;;;;;;;0;1;;;
19/03/2017;15:23:00;88;sem vítima;262;BR-101/RJ;Norte;Choque - Defensa, barreira ou "submarino";1;;;;;;;;;;1;;;;
19/03/2017;18:45:00;121;sem vítima;218,775;BR-101/RJ;Norte;Capotamento;1;;;;;;;;;;2;;;;
19/03/2017;19:59:00;138;com vítima;286,85;BR-101/RJ;Norte;Colisão Traseira;1;;;;;1;;;;;4;2;;;
20/03/2017;05:03:00;23;sem vítima;217,9;BR-101/RJ;Sul;Choque - Defensa, barreira ou "submarino";1;;;;;1;;;;;6;;;;
20/03/2017;05:15:00;25;sem vítima;290,8;BR-101/RJ;Sul;Colisão Traseira;2;;;;;;;;;;4;;;;
20/03/2017;05:47:00;27;sem vítima;289;BR-101/RJ;Sul;Colisão Traseira;2;;;;;;;;;;3;;;;
20/03/2017;06:08:00;30;sem vítima;239;BR-101/RJ;Norte;Choque - Defensa, barreira ou "submarino";1;;;;;;;;;;2;;;;
20/03/2017;07:27:00;38;sem vítima;262;BR-101/RJ;Norte;Tombamento;1;;;;;;;;;;1;;;;
20/03/2017;08:25:00;57;sem vítima;235;BR-101/RJ;Norte;Choque - Defensa, barreira ou "submarino";1;;;;;;;;;;2;;;;
20/03/2017;13:56:00;153;com vítima;310,916;BR-101/RJ;Norte;Queda de Moto;;;;1;;;;;;;0;1;1;;
20/03/2017;18:12:00;217;com vítima;298,893;BR-101/RJ;Norte;Colisão Traseira;1;;;;;;;;;1;4;1;;;
20/03/2017;18:37:00;220;sem vítima;309,745;BR-101/RJ;Norte;Atropelamento de Animal;1;;;;;;;;;;1;;;;
20/03/2017;19:22:00;227;com vítima;96,78;BR-101/RJ;Norte;Colisão Frontal;1;;;1;;;;;;2;2;;;2;1
21/03/2017;09:58:00;90;sem vítima;317;BR-101/RJ;Sul;Colisão Traseira;1;;1;;;;;;;;2;;;;
21/03/2017;16:39:00;160;sem vítima;307;BR-101/RJ;Sul;Colisão Traseira;1;;;;1;;;;;;3;;;;
21/03/2017;18:20:00;188;sem vítima;321;BR-101/RJ;Sul;Colisão Lateral;1;;;;1;;;;;;2;;;;
22/03/2017;02:04:00;8;com vítima;61;BR-101/RJ;Norte;Colisão Traseira;;;;1;;1;;;;;1;1;;;
22/03/2017;03:49:00;15;com vítima;321;BR-101/RJ;Norte;Queda de Moto;;;;1;;;;;;;0;;1;;
22/03/2017;06:29:00;22;sem vítima;298;BR-101/RJ;Sul;Colisão Traseira;2;;;;;;;;;;2;;;;
22/03/2017;09:56:00;101;com vítima;66;BR-101/RJ;Sul;Queda de Moto;;;;1;;1;;;;;1;;1;;
22/03/2017;10:42:00;123;sem vítima;291;BR-101/RJ;Norte;Colisão Traseira;;;2;;;;;;;;2;;;;
22/03/2017;11:50:00;129;com vítima;279;BR-101/RJ;Norte;Queda de Moto;;;;1;;;;;;;0;1;;;
22/03/2017;20:29:00;214;com vítima;61;BR-101/RJ;Sul;Queda de Moto;;;;1;;1;;;;;1;;;1;
23/03/2017;06:42:00;32;sem vítima;313;BR-101/RJ;Sul;Engavetamento;3;;;;;;;;;;5;;;;
23/03/2017;08:49:00;90;com vítima;317;BR-101/RJ;Sul;Colisão Lateral;1;;;1;;;;;;;3;1;;;
23/03/2017;10:12:00;112;com vítima;119;BR-101/RJ;Norte;Colisão Traseira;;;1;1;;;;;;;1;;1;;
23/03/2017;15:49:00;165;sem vítima;119,46;BR-101/RJ;Norte;Engavetamento;;;2;;1;;;;;;4;;;;
23/03/2017;16:55:00;179;com vítima;293;BR-101/RJ;Sul;Colisão Traseira;1;;;;1;;;;;;2;1;;;
23/03/2017;22:41:00;221;sem vítima;319;BR-101/RJ;Sul;Colisão Traseira;2;;;;;;;;;;2;;;;
23/03/2017;22:54:00;222;com vítima;57,724;BR-101/RJ;Norte;Queda de Moto;;;;2;;;;;;;0;;2;;
23/03/2017;23:35:00;223;sem vítima;127;BR-101/RJ;Norte;Atropelamento de Animal;1;;;;;;;;;;1;;;;
24/03/2017;00:22:00;2;sem vítima;173;BR-101/RJ;Sul;Choque - Objeto sobre a pista;1;;1;;;;;;;;2;;;;
24/03/2017;02:09:00;7;sem vítima;262,04;BR-101/RJ;Sul;Tombamento;;;1;;;;;;;;1;;;;
24/03/2017;03:26:00;11;com vítima;207,31;BR-101/RJ;Norte;Choque - Outros;1;;;;;;;;;;2;2;;;
24/03/2017;06:44:00;26;sem vítima;192;BR-101/RJ;Sul;Engavetamento;2;;;;;1;;;;;3;;;;
24/03/2017;09:34:00;89;sem vítima;284;BR-101/RJ;Sul;Colisão Lateral;;;2;;;;;;;;2;;;;
24/03/2017;10:40:00;110;com vítima;19;BR-101/RJ;Norte;Choque - Outros;;1;;;;;;;;;0;;1;;
24/03/2017;15:08:00;166;com vítima;313;BR-101/RJ;Norte;Queda de Moto;;;;1;;;;;;;0;1;;;
24/03/2017;20:21:00;224;sem vítima;299,566;BR-101/RJ;Norte;Choque - Defensa, barreira ou "submarino";2;;;;;;;;;;2;;;;
25/03/2017;01:28:00;10;sem vítima;270,5;BR-101/RJ;Sul;Colisão Traseira;1;;1;;;;;;;;2;;;;
25/03/2017;02:46:00;17;com vítima;278,3;BR-101/RJ;Norte;Atropelamento de Animal;;;1;;;;;;;;0;1;;;
25/03/2017;05:40:00;30;com vítima;320;BR-101/RJ;Sul;Colisão Traseira;1;;;;;;;;;1;1;1;;;
25/03/2017;06:49:00;42;sem vítima;101;BR-101/RJ;Norte;Colisão Traseira;1;;;;;;;;;1;8;;;;
25/03/2017;07:49:00;57;com vítima;274;BR-101/RJ;Norte;Queda de Moto;;;;1;;;;;;;0;1;;;
25/03/2017;11:17:00;102;sem vítima;294;BR-101/RJ;Norte;Engavetamento;3;;;;;1;;;;;10;;;;
25/03/2017;12:55:00;121;sem vítima;215;BR-101/RJ;Sul;Colisão Traseira;2;;;;;;;;;;6;;;;
25/03/2017;14:03:00;132;com vítima;278,278;BR-101/RJ;Norte;Choque - Elemento de Drenagem;1;;;;;1;;;;;2;1;;;
25/03/2017;15:14:00;146;sem vítima;92;BR-101/RJ;Sul;Colisão Traseira;2;;;;;;;;;;4;;;;
25/03/2017;16:28:00;161;sem vítima;144;BR-101/RJ;Sul;Choque - Suporte de Sinalização;;;;;;;;;;1;2;;;;
25/03/2017;22:20:00;207;sem vítima;306;BR-101/RJ;Sul;Colisão Lateral;1;;;;1;;;;;;2;;;;
25/03/2017;23:45:00;217;sem vítima;311,859;BR-101/RJ;Sul;Choque - Defensa, barreira ou "submarino";1;;;;;;;;;;1;;;;
26/03/2017;07:46:00;40;sem vítima;200;BR-101/RJ;Norte;Colisão Traseira;2;;;;;;;;;;2;;;;
26/03/2017;14:28:00;105;com vítima;304;BR-101/RJ;Norte;Atropelamento - Sem Informação;;;;;;1;;;;;1;1;;;
26/03/2017;14:38:00;108;sem vítima;309,585;BR-101/RJ;Sul;Colisão Frontal;2;;;;;;;;;;3;;;;
26/03/2017;20:38:00;169;com vítima;241;BR-101/RJ;Sul;Queda de Moto;;;;1;;;;;;;1;1;;;
26/03/2017;21:30:00;177;com vítima;159;BR-101/RJ;Sul;Colisão Traseira;;;2;;;1;;;;;2;2;;;
27/03/2017;00:25:00;4;sem vítima;287,753;BR-101/RJ;Norte;Colisão Traseira;1;;1;;;;;;;;7;;;;
27/03/2017;03:11:00;12;com vítima;311;BR-101/RJ;Sul;Choque - Defensa, barreira ou "submarino";1;;;;;;;;;;0;1;;;
27/03/2017;07:55:00;44;com vítima;313;BR-101/RJ;Sul;Colisão Traseira;1;;1;1;;;;;;;2;1;;;
27/03/2017;09:34:00;80;sem vítima;321;BR-101/RJ;Sul;Choque - Veiculo parado na pista;1;;;;1;;;;;;2;;;;
27/03/2017;14:23:00;141;com vítima;83,572;BR-101/RJ;Norte;Queda de Moto;;;;1;;;;;;;0;1;;;
28/03/2017;08:07:00;64;com vítima;313;BR-101/RJ;Sul;Colisão Lateral;1;;;1;;;;;;;1;2;;;
28/03/2017;12:39:00;124;com vítima;195;BR-101/RJ;Norte;Capotamento;;;;;;;;;;1;0;1;;;
28/03/2017;13:38:00;138;sem vítima;206;BR-101/RJ;Norte;Colisão Traseira;2;;;;;;;;;;5;;;;
28/03/2017;14:08:00;144;com vítima;284;BR-101/RJ;Sul;Queda de Moto;;;;1;;;;;;;0;1;;;
28/03/2017;14:55:00;156;sem vítima;8;BR-101/RJ;Sul;Colisão Traseira;;;1;;;1;;;;;5;;;;
28/03/2017;14:59:00;158;sem vítima;199,366;BR-101/RJ;Norte;Choque - Defensa, barreira ou "submarino";1;;;;;;;;;;3;;;;
28/03/2017;17:34:00;176;sem vítima;166;BR-101/RJ;Sul;Capotamento;1;;;;;;;;;;1;;;;
28/03/2017;20:23:00;196;com vítima;162,666;BR-101/RJ;Norte;Choque - Talude;1;;;;;;;;;;0;1;;;
29/03/2017;05:11:00;26;sem vítima;319,79;BR-101/RJ;Sul;Colisão Lateral;2;;;;;;;;;;2;;;;
29/03/2017;05:37:00;29;sem vítima;306,2;BR-101/RJ;Sul;Colisão Traseira;1;;;;;;;;;1;4;;;;
29/03/2017;06:27:00;31;com vítima;282,731;BR-101/RJ;Sul;Queda de Moto;;;;1;;;;;;;0;;1;;
29/03/2017;07:10:00;43;sem vítima;313;BR-101/RJ;Sul;Colisão Traseira;2;;;;;;;;;;3;;;;
29/03/2017;07:35:00;56;sem vítima;193;BR-101/RJ;Sul;Colisão Traseira;;;2;;;;;;;;2;;;;
29/03/2017;09:51:00;112;sem vítima;210;BR-101/RJ;Norte;Choque - Defensa, barreira ou "submarino";1;;;;;;;;;;1;;;;
29/03/2017;13:51:00;166;sem vítima;229;BR-101/RJ;Sul;Colisão Lateral;1;;1;;;;;;;;2;;;;
29/03/2017;14:11:00;169;sem vítima;229;BR-101/RJ;Sul;Colisão Lateral;;;1;;;1;;;;;2;;;;
29/03/2017;22:22:00;246;sem vítima;313;BR-101/RJ;Norte;Choque - Elemento de Drenagem;1;;;;;;;;;;3;;;;
30/03/2017;01:41:00;12;com vítima;141,981;BR-101/RJ;Norte;Colisão Lateral;;;;2;;;;;;;1;2;;;
30/03/2017;05:37:00;33;sem vítima;2,243;BR-101/RJ;Norte;Atropelamento de Animal;;;;;;;;;;1;1;;;;
30/03/2017;14:51:00;182;com vítima;228;BR-101/RJ;Norte;Colisão Frontal;3;;1;;;;;;;;3;4;;;
30/03/2017;17:31:00;209;com vítima;46,93;BR-101/RJ;Norte;Colisão Transversal;1;;;1;;;;;;;2;1;;1;
30/03/2017;19:54:00;234;sem vítima;192;BR-101/RJ;Norte;Colisão Traseira;1;;1;;;;;;;;2;;;;
31/03/2017;01:55:00;6;sem vítima;241,818;BR-101/RJ;Sul;Choque - Objeto sobre a pista;1;;;;;;;;;;2;;;;
31/03/2017;06:51:00;33;com vítima;262;BR-101/RJ;Sul;Colisão Traseira;1;;;1;;;;;;;1;1;;;
31/03/2017;15:33:00;170;com vítima;310;BR-101/RJ;Norte;Colisão Lateral;1;;;1;;;;;;;1;1;;;