data;horario;n_da_ocorrencia;tipo_de_ocorrencia;km;trecho;sentido;tipo_de_acidente;automovel;bicicleta;caminhao;moto;onibus;outros;tracao_animal;transporte_de_cargas_especiais;trator_maquinas;utilitarios;ilesos;levemente_feridos;moderadamente_feridos;gravemente_feridos;mortos
24/04/2017;07:04:00;34;sem vítima;310;BR-101/RJ;Sul;Colisão Traseira;2;;;;;;;;;;4;;;;
24/04/2017;12:56:00;145;sem vítima;322;BR-101/RJ;Norte;Colisão Lateral;1;;1;;;;;;;;2;;;;
24/04/2017;17:11:00;203;sem vítima;193;BR-101/RJ;Norte;Choque - Defensa, barreira ou "submarino";;;1;;;;;;;;1;;;;
24/04/2017;19:37:00;237;com vítima;206;BR-101/RJ;Norte;Colisão Lateral;1;;;1;;;;;;;1;1;;;
24/04/2017;23:40:00;271;sem vítima;128;BR-101/RJ;Norte;Choque - Elemento de Drenagem;1;;;;;;;;;;1;;;;
25/04/2017;08:52:00;84;com vítima;72;BR-101/RJ;Norte;Queda de Moto;;;;1;;;;;;;0;;1;;
25/04/2017;10:52:00;125;sem vítima;190;BR-101/RJ;Sul;Choque - Defensa, barreira ou "submarino";1;;;;;;;;;;1;;;;
25/04/2017;11:10:00;130;sem vítima;319;BR-101/RJ;Sul;Engavetamento;3;;;;;;;;;;3;;;;
25/04/2017;14:49:00;170;com vítima;65;BR-101/RJ;Norte;Colisão Transversal;1;;;1;;;;;;;1;;1;;
25/04/2017;15:02:00;173;sem vítima;311;BR-101/RJ;Sul;Queda de Moto;;;;1;;;;;;;2;;;;
25/04/2017;15:44:00;183;sem vítima;147,57;BR-101/RJ;Sul;Choque - Outros;1;;;;;;;;;;1;;;;
25/04/2017;17:24:00;222;com vítima;319;BR-101/RJ;Norte;Colisão Lateral;;;;1;;1;;;;;1;1;;;
25/04/2017;18:20:00;236;com vítima;286,12;BR-101/RJ;Norte;Atropelamento - Andarilho;;;1;;;;;;;;1;;;;1
25/04/2017;19:04:00;244;com vítima;279;BR-101/RJ;Norte;Choque - Outros;;1;;;;;;;;;0;;;1;
26/04/2017;07:16:00;40;com vítima;318;BR-101/RJ;Sul;Queda de Moto;;;;1;;;;;;;1;1;;;
26/04/2017;08:22:00;68;sem vítima;151,05;BR-101/RJ;Norte;Colisão Lateral;1;;1;;;;;;;;2;;;;
26/04/2017;11:59:00;138;com vítima;46;BR-101/RJ;Norte;Colisão Transversal;1;;;1;;;;;;;1;;1;;
26/04/2017;16:04:00;185;sem vítima;213;BR-101/RJ;Norte;Choque - Suporte de Sinalização;1;;;;;;;;;;1;;;;
26/04/2017;17:23:00;208;sem vítima;284;BR-101/RJ;Sul;Colisão Lateral;;;1;;;;;;;1;4;;;;
26/04/2017;19:20:00;227;sem vítima;72;BR-101/RJ;Sul;Colisão Transversal;1;;;;;1;;;;;2;;;;
26/04/2017;22:07:00;245;sem vítima;320,33;BR-101/RJ;Sul;Choque - Defensa, barreira ou "submarino";1;;;;;;;;;;2;;;;
26/04/2017;23:45:00;255;sem vítima;293,3;BR-101/RJ;Sul;Tombamento;;;1;;;;;;;;2;;;;
27/04/2017;05:43:00;16;sem vítima;266;BR-101/RJ;Norte;Colisão Lateral;1;;1;;;;;;;;3;;;;
27/04/2017;06:09:00;24;sem vítima;158;BR-101/RJ;Norte;Saida de Pista;;;1;;;;;;;;1;;;;
27/04/2017;07:25:00;44;com vítima;320;BR-101/RJ;Sul;Colisão Lateral;1;;;1;;;;;;;2;1;;;
27/04/2017;09:27:00;101;sem vítima;99;BR-101/RJ;Norte;Choque - Outros;1;;;;;;;;;;2;;;;
27/04/2017;15:26:00;180;com vítima;56,7;BR-101/RJ;Sul;Colisão Transversal;;;;1;;1;;;;;1;;1;;
27/04/2017;15:29:00;181;sem vítima;283,319;BR-101/RJ;Norte;Colisão Lateral;1;;1;;;;;;;;3;;;;
27/04/2017;16:51:00;202;sem vítima;65;BR-101/RJ;Sul;Colisão Traseira;2;;;;;;;;;;2;;;;
27/04/2017;17:52:00;221;com vítima;36,4;BR-101/RJ;Sul;Atropelamento de Animal;1;;1;;;;;;;;2;1;;;
27/04/2017;20:13:00;245;sem vítima;85;BR-101/RJ;Norte;Choque - Talude;1;;;;;;;;;;5;;;;
28/04/2017;00:49:00;3;sem vítima;315,5;BR-101/RJ;Sul;Colisão Traseira;2;;;;;;;;;;2;;;;
28/04/2017;04:32:00;14;com vítima;209,6;BR-101/RJ;Norte;Tombamento;;;1;;;;;;;;0;1;;;
28/04/2017;04:45:00;15;sem vítima;258;BR-101/RJ;Sul;Saida de Pista;;;1;;;;;;;;1;;;;
28/04/2017;06:18:00;18;sem vítima;98;BR-101/RJ;Sul;Choque - Defensa, barreira ou "submarino";;;1;;;;;;;;1;;;;
28/04/2017;06:44:00;28;com vítima;272;BR-101/RJ;Sul;Choque - Outros;1;;;;;;;;;;0;1;;;
28/04/2017;09:34:00;83;sem vítima;102;BR-101/RJ;Norte;Colisão Traseira;2;;;;;;;;;;2;;;;
28/04/2017;16:45:00;151;com vítima;190;BR-101/RJ;Sul;Choque - Defensa, barreira ou "submarino";;;;1;;;;;;;0;1;;;
28/04/2017;21:44:00;204;com vítima;168;BR-101/RJ;Norte;Colisão Lateral;;;;;1;1;;;;;20;1;;;
28/04/2017;22:21:00;209;com vítima;119;BR-101/RJ;Norte;Atropelamento - Morador;;;;;;1;;;;;1;;;1;
29/04/2017;06:49:00;33;sem vítima;247,3;BR-101/RJ;Sul;Choque - Defensa, barreira ou "submarino";1;;;;;;;;;;1;;;;
29/04/2017;07:41:00;43;sem vítima;170;BR-101/RJ;Norte;Choque - Elemento de Drenagem;1;;;;;;;;;;1;;;;
29/04/2017;11:17:00;89;sem vítima;190;BR-101/RJ;Sul;Saida de Pista;1;;;;;;;;;;1;;;;
29/04/2017;16:32:00;156;com vítima;303,734;BR-101/RJ;Norte;Atropelamento - Ciclista;1;1;;;;;;;;;2;;1;;
29/04/2017;19:15:00;187;com vítima;66,92;BR-101/RJ;Norte;Colisão Transversal;1;;;1;;;;;;;1;1;;;
29/04/2017;19:31:00;190;sem vítima;200;BR-101/RJ;Norte;Engavetamento;2;;;1;;;;;;;3;;;;
29/04/2017;20:40:00;199;sem vítima;138;BR-101/RJ;Sul;Choque - Elemento de Drenagem;1;;;;;;;;;;1;;;;
30/04/2017;02:33:00;18;sem vítima;196,324;BR-101/RJ;Sul;Choque - Elemento de Drenagem;;;;;;;;;;1;1;;;;
30/04/2017;02:43:00;19;sem vítima;282,74;BR-101/RJ;Norte;Choque - Defensa, barreira ou "submarino";1;;;;;;;;;;4;;;;
30/04/2017;05:22:00;30;sem vítima;244;BR-101/RJ;Norte;Capotamento;1;;;;;;;;;;1;;;;
30/04/2017;06:08:00;33;sem vítima;301,03;BR-101/RJ;Sul;Choque - Defensa, barreira ou "submarino";1;;;;;;;;;;1;;;;
30/04/2017;06:19:00;34;sem vítima;299,2;BR-101/RJ;Norte;Saida de Pista;1;;;;;;;;;;1;;;;
30/04/2017;07:32:00;39;sem vítima;283;BR-101/RJ;Norte;Choque - Defensa, barreira ou "submarino";1;;;;;;;;;;2;;;;
30/04/2017;11:46:00;65;com vítima;307,48;BR-101/RJ;Sul;Colisão Lateral;1;;;1;;;;;;;5;1;;;
30/04/2017;13:55:00;85;sem vítima;193;BR-101/RJ;Sul;Choque - Suporte de Sinalização;;;1;;;;;;;;1;;;;
30/04/2017;14:07:00;86;sem vítima;211;BR-101/RJ;Norte;Choque - Defensa, barreira ou "submarino";1;;;;;;;;;;3;;;;
30/04/2017;15:12:00;92;com vítima;265;BR-101/RJ;Norte;Choque - Elemento de Drenagem;1;;;;;;;;;;0;1;;;
30/04/2017;16:30:00;104;com vítima;299;BR-101/RJ;Norte;Choque - Defensa, barreira ou "submarino";1;;;;;;;;;;4;1;;;
30/04/2017;16:31:00;106;sem vítima;293,52;BR-101/RJ;Sul;Colisão Traseira;2;;;;;;;;;;5;;;;
30/04/2017;18:16:00;124;sem vítima;269;BR-101/RJ;Norte;Colisão Traseira;2;;;;;;;;;;3;;;;
30/04/2017;19:40:00;136;com vítima;297,875;BR-101/RJ;Sul;Atropelamento - Morador;;;;1;;;;;;;0;;2;;
30/04/2017;19:45:00;137;com vítima;282,855;BR-101/RJ;Sul;Colisão Transversal;1;1;;;;;;;;;1;1;;;
30/04/2017;19:49:00;139;com vítima;238,785;BR-101/RJ;Sul;Colisão Traseira;1;;;1;;;;;;;1;;2;;
30/04/2017;22:28:00;149;com vítima;98;BR-101/RJ;Sul;Queda de Moto;;;;1;;;;;;;1;1;;;
01/05/2017;16:18:00;112;com vítima;58,23;BR-101/RJ;Norte;Colisão Transversal;;;1;1;;;;;;;5;2;;;
01/05/2017;18:45:00;136;sem vítima;296,465;BR-101/RJ;Sul;Colisão Traseira;1;;;;1;;;;;;2;;;;
01/05/2017;18:51:00;140;sem vítima;200;BR-101/RJ;Sul;Choque - Elemento de Drenagem;;;;1;;;;;;;1;;;;
01/05/2017;19:06:00;142;sem vítima;296,465;BR-101/RJ;Sul;Colisão Lateral;1;;1;;;;;;;;2;;;;
01/05/2017;21:15:00;164;sem vítima;211,213;BR-101/RJ;Norte;Choque - Defensa, barreira ou "submarino";1;;;;;;;;;;1;;;;
01/05/2017;22:00:00;176;sem vítima;213;BR-101/RJ;Sul;Choque - Elemento de Drenagem;1;;;;;;;;;;1;;;;
01/05/2017;23:21:00;189;sem vítima;297,88;BR-101/RJ;Sul;Choque - Elemento de Drenagem;1;;;;;;;;;;1;;;;
02/05/2017;06:41:00;37;sem vítima;309;BR-101/RJ;Sul;Colisão Traseira;2;;;;;;;;;;2;;;;
02/05/2017;06:48:00;39;sem vítima;59;BR-101/RJ;Norte;Colisão Traseira;2;;;;;;;;;;3;;;;
02/05/2017;07:10:00;43;sem vítima;320;BR-101/RJ;Sul;Engavetamento;3;;;;1;;;;;1;5;;;;
02/05/2017;07:46:00;52;com vítima;319;BR-101/RJ;Sul;Colisão Lateral;;;;2;;;;;;;0;2;;;
02/05/2017;10:57:00;124;com vítima;107;BR-101/RJ;Sul;Queda de Moto;;;;1;;;;;;;0;1;;;
02/05/2017;14:37:00;166;sem vítima;297;BR-101/RJ;Sul;Colisão Traseira;1;;;;;1;;;;;2;;;;
02/05/2017;15:04:00;168;sem vítima;237;BR-101/RJ;Norte;Choque - Defensa, barreira ou "submarino";1;;;;;;;;;;1;;;;
02/05/2017;18:08:00;208;com vítima;258,2;BR-101/RJ;Norte;Choque - Talude;;;;1;;;;;;;0;;1;;
02/05/2017;19:29:00;218;sem vítima;259;BR-101/RJ;Sul;Colisão Traseira;1;;1;;;1;;;;;4;;;;
03/05/2017;07:09:00;52;sem vítima;312;BR-101/RJ;Sul;Colisão Lateral;1;;;1;1;;;;;;3;;;;
03/05/2017;07:59:00;82;sem vítima;312;BR-101/RJ;Sul;Engavetamento;4;;;;;;;;;;12;;;;
03/05/2017;16:12:00;185;sem vítima;293;BR-101/RJ;Norte;Colisão Lateral;2;;;;;;;;;;2;;;;
03/05/2017;16:32:00;187;com vítima;320,6;BR-101/RJ;Norte;Colisão Lateral;1;1;;;;;;;;;1;1;;;
03/05/2017;17:18:00;193;com vítima;294;BR-101/RJ;Sul;Engavetamento;2;;;;;1;;;;;3;2;;;
03/05/2017;23:18:00;243;com vítima;309,4;BR-101/RJ;Norte;Colisão Traseira;;;;1;;;;;;1;1;1;;;
04/05/2017;02:17:00;5;sem vítima;69,833;BR-101/RJ;Sul;Choque - Outros;1;;;;;;;;;;1;;;;
04/05/2017;04:30:00;9;sem vítima;18,95;BR-101/RJ;Sul;Choque - Defensa, barreira ou "submarino";;;1;;;;;;;;1;;;;
04/05/2017;06:13:00;12;sem vítima;63,9;BR-101/RJ;Sul;Choque - Arvore;1;;;;;;;;;;1;;;;
04/05/2017;06:47:00;25;sem vítima;63;BR-101/RJ;Sul;Engavetamento;3;;;;;1;;;;;7;;;;
04/05/2017;07:01:00;30;sem vítima;63;BR-101/RJ;Sul;Colisão Lateral;1;;;;;;;;;1;2;;;;
04/05/2017;07:02:00;31;sem vítima;59,3;BR-101/RJ;Sul;Colisão Traseira;;1;1;;;;;;;;2;;;;
04/05/2017;07:14:00;36;com vítima;320;BR-101/RJ;Sul;Colisão Traseira;1;;;;1;;;;;;2;1;;;
04/05/2017;14:23:00;137;sem vítima;297;BR-101/RJ;Sul;Colisão Lateral;1;;;;;1;;;;;4;;;;
04/05/2017;20:20:00;187;com vítima;87,425;BR-101/RJ;Sul;Choque - Defensa, barreira ou "submarino";1;;;;;;;;;;0;;1;;
04/05/2017;20:42:00;189;com vítima;262,81;BR-101/RJ;Sul;Atropelamento - Morador;;;;;;1;;;;;1;;;;1
05/05/2017;05:11:00;13;sem vítima;310,8;BR-101/RJ;Sul;Choque - Defensa, barreira ou "submarino";1;;;;;;;;;;1;;;;
05/05/2017;08:54:00;87;sem vítima;95;BR-101/RJ;Sul;Colisão Lateral;2;;;;;;;;;;3;;;;
05/05/2017;10:32:00;111;sem vítima;119;BR-101/RJ;Sul;Colisão Traseira;;;2;;;;;;;;2;;;;
05/05/2017;10:41:00;116;com vítima;61;BR-101/RJ;Norte;Choque - Outros;;;;;1;;;;;;2;1;;;
05/05/2017;16:51:00;191;com vítima;315;BR-101/RJ;Norte;Colisão Traseira;;;;1;;1;;;;;1;1;;;
05/05/2017;18:06:00;206;sem vítima;282;BR-101/RJ;Sul;Colisão Traseira;1;;1;;;;;;;;2;;;;
05/05/2017;23:10:00;255;sem vítima;244,496;BR-101/RJ;Norte;Capotamento;1;;;;;;;;;;1;;;;
06/05/2017;02:19:00;19;com vítima;298,911;BR-101/RJ;Norte;Choque - Defensa, barreira ou "submarino";1;;;;;;;;;;0;1;;;
06/05/2017;02:28:00;20;sem vítima;293,4;BR-101/RJ;Norte;Choque - Talude;1;;;;;;;;;;1;;;;
06/05/2017;02:44:00;21;com vítima;45;BR-101/RJ;Norte;Colisão Lateral;2;;;;;;;;;;1;2;;;
06/05/2017;08:44:00;71;com vítima;265,63;BR-101/RJ;Sul;Atropelamento - Sem Informação;1;;;;;;;;;;1;;;;1
06/05/2017;10:13:00;97;sem vítima;297;BR-101/RJ;Sul;Colisão Traseira;2;;;;;;;;;;3;;;;
06/05/2017;11:16:00;110;sem vítima;121;BR-101/RJ;Norte;Colisão Traseira;1;;;;;1;;;;;2;;;;
06/05/2017;12:16:00;124;com vítima;25,076;BR-101/RJ;Norte;Choque - Talude;1;;;;;;;;;;0;2;;;
06/05/2017;12:20:00;125;com vítima;295;BR-101/RJ;Sul;Atropelamento - Morador;2;;;;;;;;;;6;1;;;
06/05/2017;14:22:00;147;sem vítima;309,3;BR-101/RJ;Sul;Colisão Traseira;2;;;;;;;;;;2;;;;
06/05/2017;18:21:00;180;com vítima;274,5;BR-101/RJ;Norte;Colisão Frontal;1;1;;;;;;;;;1;1;1;;
06/05/2017;23:39:00;216;sem vítima;66,682;BR-101/RJ;Norte;Colisão Traseira;2;;;;;;;;;;2;;;;
07/05/2017;01:15:00;11;com vítima;278;BR-101/RJ;Sul;Colisão Transversal;;;;1;;;;;;1;1;;1;1;
07/05/2017;02:32:00;16;com vítima;317,437;BR-101/RJ;Sul;Choque - Defensa, barreira ou "submarino";2;;;;;;;;;;2;;1;;
07/05/2017;05:04:00;23;com vítima;87,496;BR-101/RJ;Norte;Choque - Defensa, barreira ou "submarino";1;;;;;;;;;;0;1;;;
07/05/2017;06:01:00;26;com vítima;280,222;BR-101/RJ;Norte;Choque - Defensa, barreira ou "submarino";1;;;;;;;;;;0;3;;2;
08/05/2017;03:45:00;14;com vítima;311,8;BR-101/RJ;Norte;Atropelamento - Morador;1;;;;;;;;;;1;;;1;
08/05/2017;04:08:00;15;sem vítima;296,174;BR-101/RJ;Norte;Choque - Defensa, barreira ou "submarino";1;;;;;;;;;;1;;;;
08/05/2017;05:36:00;19;com vítima;321,9;BR-101/RJ;Sul;Colisão Traseira;;;;1;;1;;;;;1;1;;;
08/05/2017;17:21:00;170;sem vítima;297;BR-101/RJ;Norte;Colisão Lateral;1;;1;;;;;;;;3;;;;
08/05/2017;17:49:00;179;sem vítima;297;BR-101/RJ;Norte;Colisão Lateral;1;;1;;;;;;;;2;;;;
08/05/2017;21:19:00;214;com vítima;63,024;BR-101/RJ;Norte;Engavetamento;3;;;;;;;;;;4;1;;;
08/05/2017;21:32:00;216;sem vítima;252;BR-101/RJ;Sul;Choque - Outros;;;1;;;;;;;;1;;;;
09/05/2017;03:17:00;14;com vítima;12,844;BR-101/RJ;Sul;Choque - Defensa, barreira ou "submarino";;;1;;;;;;;;0;1;;;
09/05/2017;07:59:00;68;sem vítima;178;BR-101/RJ;Norte;Atropelamento de Animal;1;;;;;;;;;;1;;;;
09/05/2017;08:49:00;76;sem vítima;122;BR-101/RJ;Sul;Colisão Traseira;;;1;;;;;;;1;2;;;;
09/05/2017;14:48:00;155;sem vítima;83,9;BR-101/RJ;Sul;Engavetamento;4;;;;;;;;;;10;;;;
10/05/2017;01:18:00;7;sem vítima;318,9;BR-101/RJ;Norte;Colisão Traseira;2;;;;;;;;;;3;;;;
10/05/2017;09:04:00;90;com vítima;264,6;BR-101/RJ;Sul;Engavetamento;4;;;;;;;;;;9;1;;;
10/05/2017;09:48:00;100;sem vítima;257;BR-101/RJ;Norte;Colisão Lateral;2;;;;;;;;;;2;;;;
10/05/2017;10:12:00;107;sem vítima;306;BR-101/RJ;Norte;Colisão Lateral;1;;;;;;;;;1;4;;;;
10/05/2017;16:20:00;180;sem vítima;294,4;BR-101/RJ;Norte;Colisão Traseira;1;;1;;;;;;;;6;;;;
10/05/2017;22:28:00;235;sem vítima;78;BR-101/RJ;Norte;Colisão Traseira;2;;;;;;;;;;3;;;;
11/05/2017;05:37:00;24;sem vítima;242,6;BR-101/RJ;Norte;Choque - Defensa, barreira ou "submarino";1;;;;;;;;;;2;;;;
11/05/2017;06:44:00;30;sem vítima;148;BR-101/RJ;Norte;Capotamento;1;;;;;;;;;;1;;;;
11/05/2017;07:31:00;40;com vítima;317,187;BR-101/RJ;Sul;Queda de Moto;;;;1;;;;;;;1;1;;;
11/05/2017;15:05:00;138;com vítima;56,8;BR-101/RJ;Sul;Engavetamento;1;;;;;1;;;;1;1;5;2;;
11/05/2017;15:45:00;148;sem vítima;320;BR-101/RJ;Sul;Engavetamento;2;;;;;1;;;;;3;;;;
11/05/2017;18:21:00;174;com vítima;264,6;BR-101/RJ;Norte;Choque - Veiculo parado no acostamento;2;;;;;;;;;;1;1;;;
12/05/2017;00:18:00;4;sem vítima;315;BR-101/RJ;Sul;Colisão Traseira;1;;;;;1;;;;;2;;;;
12/05/2017;07:53:00;67;sem vítima;310;BR-101/RJ;Sul;Engavetamento;3;;;;;;;;;;4;;;;
12/05/2017;15:36:00;182;sem vítima;272;BR-101/RJ;Sul;Engavetamento;4;;;;;;;;;;9;;;;
12/05/2017;18:18:00;224;sem vítima;67;BR-101/RJ;Sul;Engavetamento;2;;2;;;;;;;;5;;;;
12/05/2017;18:27:00;226;sem vítima;93;BR-101/RJ;Norte;Colisão Traseira;1;;1;;;;;;;;4;;;;
13/05/2017;04:17:00;19;sem vítima;80;BR-101/RJ;Sul;Colisão Lateral;1;;1;;;;;;;;6;;;;
13/05/2017;08:43:00;81;com vítima;294;BR-101/RJ;Norte;Colisão Lateral;2;;;1;;;;;;;3;1;1;;
13/05/2017;09:28:00;96;com vítima;297;BR-101/RJ;Norte;Colisão Traseira;;;1;1;;;;;;;1;1;1;;
13/05/2017;11:46:00;122;com vítima;206;BR-101/RJ;Sul;Colisão Traseira;1;;;1;;;;;;;3;1;;;
13/05/2017;13:08:00;140;com vítima;275;BR-101/RJ;Sul;Atropelamento - Ciclista;1;1;;;;;;;;;1;1;;;
13/05/2017;14:47:00;154;sem vítima;312;BR-101/RJ;Norte;Choque - Defensa, barreira ou "submarino";1;;;;;;;;;;1;;;;
13/05/2017;16:14:00;172;sem vítima;261,655;BR-101/RJ;Norte;Engavetamento;4;;;;;1;;;;;8;;;;
13/05/2017;17:01:00;181;sem vítima;59,382;BR-101/RJ;Sul;Colisão Lateral;1;;1;;;;;;;;2;;;;
14/05/2017;03:00:00;17;com vítima;224;BR-101/RJ;Norte;Choque - Arvore;1;;;;;;;;;;1;2;2;;
14/05/2017;05:42:00;26;com vítima;313;BR-101/RJ;Norte;Colisão Traseira;2;;;;;;;;;;2;1;;;
14/05/2017;06:21:00;30;sem vítima;142,562;BR-101/RJ;Norte;Capotamento;1;;;;;;;;;;1;;;;
14/05/2017;06:38:00;31;sem vítima;297;BR-101/RJ;Norte;Colisão Traseira;2;;;;;;;;;;2;;;;
14/05/2017;08:07:00;42;sem vítima;311;BR-101/RJ;Sul;Choque - Outros;1;;;;;;;;;;3;;;;
14/05/2017;09:14:00;53;com vítima;321;BR-101/RJ;Sul;Capotamento;1;;;;;;;;;;0;1;;;
14/05/2017;10:06:00;66;sem vítima;293;BR-101/RJ;Norte;Colisão Traseira;2;;;;;;;;;;6;;;;
14/05/2017;11:58:00;88;com vítima;289;BR-101/RJ;Norte;Colisão Frontal;2;;;;;;;;;;4;3;;;
14/05/2017;15:43:00;134;com vítima;82;BR-101/RJ;Norte;Choque - Arvore;1;;;;;;;;;;2;1;;;
14/05/2017;16:00:00;139;sem vítima;297;BR-101/RJ;Norte;Choque - Elemento de Drenagem;1;;;;;;;;;;1;;;;
14/05/2017;17:55:00;169;sem vítima;294,375;BR-101/RJ;Norte;Colisão Traseira;1;;;;;1;;;;;5;;;;
14/05/2017;18:06:00;172;sem vítima;316,96;BR-101/RJ;Sul;Engavetamento;3;;;;;;;;;;6;;;;
14/05/2017;18:28:00;178;com vítima;57,4;BR-101/RJ;Norte;Colisão Lateral;1;;;;;1;;;;;3;3;;;
14/05/2017;19:22:00;186;com vítima;63;BR-101/RJ;Sul;Colisão Traseira;5;;;;;;;;;;7;1;;;
14/05/2017;19:46:00;194;sem vítima;63;BR-101/RJ;Norte;Choque - Defensa, barreira ou "submarino";1;;;;;;;;;;2;;;;
14/05/2017;20:43:00;210;com vítima;302;BR-101/RJ;Sul;Colisão Traseira;2;;;;;;;;;;6;1;;;
15/05/2017;00:50:00;6;sem vítima;313;BR-101/RJ;Norte;Colisão Traseira;2;;;;;;;;;;2;;;;
15/05/2017;00:59:00;10;sem vítima;317;BR-101/RJ;Norte;Choque - Suporte de Sinalização;1;;;;;1;;;;;2;;;;
15/05/2017;02:08:00;16;sem vítima;257;BR-101/RJ;Norte;Atropelamento de Animal;2;;;;;;;;;;5;;;;
15/05/2017;03:19:00;19;sem vítima;317;BR-101/RJ;Sul;Choque - Defensa, barreira ou "submarino";1;;;;;;;;;;3;;;;
15/05/2017;05:02:00;22;sem vítima;313;BR-101/RJ;Norte;Choque - Suporte de Sinalização;1;;;;;;;;;;1;;;;
15/05/2017;08:06:00;66;sem vítima;312;BR-101/RJ;Sul;Colisão Traseira;2;;;;;;;;;;3;;;;
15/05/2017;09:39:00;102;com vítima;315;BR-101/RJ;Sul;Queda de Moto;;;;1;;;;;;;0;1;;;
15/05/2017;11:07:00;129;com vítima;267;BR-101/RJ;Sul;Choque - Elemento de Drenagem;1;;;;;;;;;;0;;1;;
15/05/2017;13:08:00;160;sem vítima;320;BR-101/RJ;Norte;Colisão Traseira;2;;;;;;;;;;2;;;;
15/05/2017;17:03:00;204;sem vítima;144;BR-101/RJ;Sul;Colisão Traseira;;;2;;;1;;;;;3;;;;
15/05/2017;18:46:00;219;com vítima;52;BR-101/RJ;Norte;Queda de Moto;;;;1;;;;;;;0;1;;;
15/05/2017;20:53:00;241;com vítima;161,8;BR-101/RJ;Sul;Colisão Lateral;;;2;;;;;;;;1;1;;;
15/05/2017;20:30:00;242;com vítima;273;BR-101/RJ;Norte;Outros;;1;1;;;;;;;;1;1;;;
15/05/2017;21:49:00;245;com vítima;144;BR-101/RJ;Norte;Capotamento;1;;;;;;;;;;0;2;;;
16/05/2017;04:18:00;23;sem vítima;305;BR-101/RJ;Norte;Choque - Defensa, barreira ou "submarino";1;;;;;;;;;;1;;;;
16/05/2017;07:29:00;53;sem vítima;318;BR-101/RJ;Sul;Colisão Lateral;1;;;1;;;;;;;2;;;;
16/05/2017;09:19:00;108;sem vítima;317;BR-101/RJ;Norte;Colisão Lateral;;;;;;;;;;2;4;;;;
16/05/2017;10:43:00;135;com vítima;313;BR-101/RJ;Sul;Atropelamento de Animal;;;;1;;;;;;;0;;1;;
16/05/2017;18:19:00;216;sem vítima;320;BR-101/RJ;Sul;Colisão Traseira;2;;;;;;;;;;2;;;;
16/05/2017;19:48:00;231;sem vítima;122;BR-101/RJ;Sul;Colisão Traseira;1;;1;;;;;;;;2;;;;
16/05/2017;19:54:00;235;com vítima;65;BR-101/RJ;Sul;Colisão Transversal;1;;;1;;;;;;;2;1;;;
16/05/2017;22:00:00;249;sem vítima;85;BR-101/RJ;Norte;Choque - Defensa, barreira ou "submarino";1;;;;;;;;;;1;;;;
16/05/2017;22:56:00;253;com vítima;121;BR-101/RJ;Sul;Choque - Suporte de Sinalização;;;;1;;;;;;;0;1;;;
17/05/2017;05:13:00;10;sem vítima;317;BR-101/RJ;Sul;Choque - Defensa, barreira ou "submarino";1;;;;;;;;;;2;;;;
17/05/2017;06:36:00;15;com vítima;293,4;BR-101/RJ;Sul;Colisão Lateral;;;;1;;1;;;;;1;1;;;
17/05/2017;06:53:00;20;sem vítima;311;BR-101/RJ;Sul;Colisão Traseira;1;;;1;;;;;;;4;;;;
17/05/2017;07:48:00;52;sem vítima;115;BR-101/RJ;Norte;Colisão Lateral;2;;;;;;;;;;5;;;;
17/05/2017;12:45:00;147;sem vítima;316,26;BR-101/RJ;Norte;Colisão Lateral;1;;;;1;;;;;;2;;;;
17/05/2017;15:53:00;183;sem vítima;285;BR-101/RJ;Sul;Colisão Transversal;2;;;;;;;;;;2;;;;
17/05/2017;17:19:00;199;com vítima;318,5;BR-101/RJ;Norte;Colisão Lateral;1;;;1;;;;;;;2;1;;;
18/05/2017;06:17:00;26;com vítima;91,559;BR-101/RJ;Norte;Colisão Frontal;1;;;1;;;;;;;1;1;;;
18/05/2017;09:42:00;111;sem vítima;200,6;BR-101/RJ;Sul;Colisão Lateral;1;;;;;1;;;;;2;;;;
18/05/2017;10:19:00;122;com vítima;308,459;BR-101/RJ;Sul;Choque - Defensa, barreira ou "submarino";1;;;;;;;;;;0;1;;;
18/05/2017;15:35:00;185;com vítima;296,21;BR-101/RJ;Norte;Colisão Transversal;2;;;;;;;;;;4;2;;;
18/05/2017;16:08:00;193;com vítima;313;BR-101/RJ;Norte;Colisão Traseira;2;;;;;;;;;;1;1;;;
18/05/2017;16:10:00;194;sem vítima;296,21;BR-101/RJ;Sul;Choque - Objeto sobre a pista;1;;;;;;;;;;1;;;;
18/05/2017;17:20:00;207;com vítima;309,45;BR-101/RJ;Sul;Colisão Traseira;2;;;;;;;;;;5;1;1;;
18/05/2017;18:18:00;211;com vítima;311,2;BR-101/RJ;Norte;Queda de Moto;;;;1;;;;;;;0;;1;;
18/05/2017;18:36:00;214;sem vítima;320;BR-101/RJ;Norte;Colisão Traseira;2;;;;;;;;;;2;;;;
18/05/2017;21:13:00;235;com vítima;62,85;BR-101/RJ;Norte;Colisão Traseira;1;;;1;;;;;;;1;;1;;
18/05/2017;21:42:00;237;sem vítima;293,982;BR-101/RJ;Sul;Colisão Traseira;2;;;;;;;;;;5;;;;
19/05/2017;06:22:00;23;sem vítima;54,87;BR-101/RJ;Norte;Colisão Lateral;1;;1;;;;;;;;2;;;;