data;horario;n_da_ocorrencia;tipo_de_ocorrencia;km;trecho;sentido;tipo_de_acidente;automovel;bicicleta;caminhao;moto;onibus;outros;tracao_animal;transporte_de_cargas_especiais;trator_maquinas;utilitarios;ilesos;levemente_feridos;moderadamente_feridos;gravemente_feridos;mortos
12/06/2017;15:15:00;167;sem vítima;313,2;BR-101/RJ;Sul;Colisão Traseira;;;;;2;;;;;;2;;;;
12/06/2017;18:28:00;214;sem vítima;277,5;BR-101/RJ;Norte;Colisão Traseira;1;;1;;;;;;;;4;;;;
12/06/2017;22:45:00;244;sem vítima;296,073;BR-101/RJ;Norte;Choque - Defensa, barreira ou "submarino";1;;;;;;;;;;4;;;;
13/06/2017;06:14:00;40;com vítima;316;BR-101/RJ;Sul;Colisão Lateral;1;;;1;;;;;;;1;2;;;
13/06/2017;06:49:00;47;com vítima;312,961;BR-101/RJ;Sul;Colisão Lateral;1;;;1;;;;;;;2;1;;;
13/06/2017;07:08:00;56;com vítima;316,661;BR-101/RJ;Sul;Colisão Lateral;;;;1;;1;;;;;1;1;;;
13/06/2017;09:06:00;101;sem vítima;317,99;BR-101/RJ;Sul;Colisão Lateral;1;;1;;;;;;;;2;;;;
13/06/2017;09:47:00;109;com vítima;48,146;BR-101/RJ;Norte;Atropelamento - Morador;;;;;1;;;;;;2;1;;;
13/06/2017;11:39:00;141;sem vítima;297,73;BR-101/RJ;Norte;Colisão Lateral;1;;1;;;;;;;;2;;;;
13/06/2017;17:57:00;218;com vítima;52,8;BR-101/RJ;Sul;Atropelamento - Morador;;;;;;1;;;;;1;;1;;
13/06/2017;19:23:00;232;sem vítima;96,5;BR-101/RJ;Sul;Atropelamento de Animal;1;;;;;;;;;;1;;;;
13/06/2017;23:41:00;268;sem vítima;297,8;BR-101/RJ;Sul;Colisão Lateral;1;;;;1;;;;;;2;;;;
14/06/2017;00:11:00;2;sem vítima;261,495;BR-101/RJ;Norte;Choque - Defensa, barreira ou "submarino";;;1;;;;;;;;1;;;;
14/06/2017;04:39:00;15;com vítima;89,2;BR-101/RJ;Sul;Queda de Moto;;;;1;;;;;;;0;1;;;
14/06/2017;05:28:00;18;com vítima;125,95;BR-101/RJ;Norte;Tombamento;;;1;;;;;;;;0;;1;;
14/06/2017;06:26:00;25;sem vítima;305,746;BR-101/RJ;Sul;Choque - Defensa, barreira ou "submarino";1;;;;;;;;;;1;;;;
14/06/2017;08:24:00;66;com vítima;317,696;BR-101/RJ;Sul;Colisão Lateral;1;;;1;;;;;;;1;1;;;
14/06/2017;14:37:00;152;sem vítima;301,446;BR-101/RJ;Norte;Colisão Traseira;2;;;;;;;;;;3;;;;
14/06/2017;17:01:00;181;com vítima;318,688;BR-101/RJ;Norte;Colisão Lateral;1;;;1;;;;;;;1;1;;;
14/06/2017;18:25:00;189;com vítima;120,2;BR-101/RJ;Norte;Queda de Moto;;;;1;;;;;;;0;1;;;
14/06/2017;20:47:00;212;sem vítima;273,3;BR-101/RJ;Sul;Atropelamento de Animal;1;;;;;;;;;;1;;;;
14/06/2017;21:54:00;222;sem vítima;259,16;BR-101/RJ;Sul;Choque - Talude;1;;;;;;;;;;1;;;;
14/06/2017;22:15:00;225;sem vítima;243,699;BR-101/RJ;Sul;Colisão Traseira;1;;;;1;;;;;;2;;;;
15/06/2017;06:27:00;30;sem vítima;133,9;BR-101/RJ;Sul;Colisão Traseira;2;;1;;1;;;;;;50;;;;
15/06/2017;08:20:00;57;com vítima;280,6;BR-101/RJ;Norte;Colisão Traseira;1;;1;;;;;;;;4;2;;;
15/06/2017;10:13:00;92;sem vítima;226,8;BR-101/RJ;Sul;Colisão Traseira;1;;;;;1;;;;;2;;;;
15/06/2017;12:34:00;113;com vítima;37,4;BR-101/RJ;Sul;Colisão Traseira;2;;;;;;;;;;2;2;;;
15/06/2017;13:01:00;117;com vítima;19,9;BR-101/RJ;Norte;Colisão Transversal;1;1;;;;;;;;;3;1;;;
15/06/2017;17:50:00;176;com vítima;72,25;BR-101/RJ;Norte;Colisão Transversal;;1;;1;;;;;;;0;;1;3;
15/06/2017;18:43:00;187;sem vítima;297,823;BR-101/RJ;Sul;Colisão Traseira;2;;;;;;;;;;6;;;;
15/06/2017;20:07:00;197;sem vítima;277,575;BR-101/RJ;Sul;Atropelamento de Animal;;;1;;;;;;;;1;;;;
16/06/2017;02:33:00;11;sem vítima;310,5;BR-101/RJ;Sul;Choque - Defensa, barreira ou "submarino";1;;;;;;;;;;1;;;;
16/06/2017;07:43:00;38;sem vítima;180;BR-101/RJ;Sul;Capotamento;1;;;;;;;;;;2;;;;
16/06/2017;09:21:00;74;com vítima;305,612;BR-101/RJ;Norte;Choque - Defensa, barreira ou "submarino";1;;;;;;;;;;1;1;;;
16/06/2017;12:55:00;108;sem vítima;195,4;BR-101/RJ;Sul;Choque - Defensa, barreira ou "submarino";1;;;;;;;;;;1;;;;
16/06/2017;16:00:00;141;sem vítima;306,159;BR-101/RJ;Sul;Colisão Traseira;1;;1;;;;;;;;2;;;;
16/06/2017;23:47:00;188;sem vítima;311;BR-101/RJ;Norte;Colisão Traseira;1;;;;1;;;;;;2;;;;
17/06/2017;00:28:00;5;sem vítima;252,56;BR-101/RJ;Norte;Colisão Traseira;1;;;;;;;;;1;2;;;;
17/06/2017;06:54:00;40;sem vítima;122,92;BR-101/RJ;Norte;Choque - Defensa, barreira ou "submarino";;;1;;;;;;;;1;;;;
17/06/2017;07:38:00;51;com vítima;320,75;BR-101/RJ;Sul;Queda de Moto;;;;1;;;;;;;0;1;;;
17/06/2017;08:20:00;60;com vítima;276,504;BR-101/RJ;Sul;Choque - Defensa, barreira ou "submarino";1;;;;;1;;;;;1;2;;;
17/06/2017;09:29:00;69;sem vítima;217,5;BR-101/RJ;Sul;Choque - Elemento de Drenagem;1;;;;;;;;;;5;;;;
17/06/2017;13:42:00;121;com vítima;310,7;BR-101/RJ;Norte;Engavetamento;3;;;;;;;;;;6;1;;;
17/06/2017;14:41:00;127;com vítima;35,111;BR-101/RJ;Sul;Colisão Lateral;2;;;;;;;;;;2;2;;;
17/06/2017;15:40:00;137;com vítima;210,5;BR-101/RJ;Norte;Colisão Lateral;1;;;;;1;;;;;1;2;;;
17/06/2017;18:05:00;160;sem vítima;297;BR-101/RJ;Sul;Choque - Elemento de Drenagem;1;;;;;;;;;;1;;;;
17/06/2017;21:24:00;186;sem vítima;12,5;BR-101/RJ;Norte;Choque - Elemento de Drenagem;1;;;;;;;;;;2;;;;
18/06/2017;03:15:00;15;sem vítima;93,5;BR-101/RJ;Norte;Choque - Defensa, barreira ou "submarino";1;;;;;;;;;;4;;;;
18/06/2017;03:22:00;16;com vítima;307,125;BR-101/RJ;Sul;Colisão Traseira;2;;;;;;;;;;2;1;;;
18/06/2017;06:50:00;31;sem vítima;297,396;BR-101/RJ;Norte;Colisão Transversal;2;;;;;;;;;;4;;;;
18/06/2017;10:44:00;64;sem vítima;198,152;BR-101/RJ;Norte;Choque - Defensa, barreira ou "submarino";1;;;;;;;;;;3;;;;
18/06/2017;10:48:00;65;sem vítima;313,4;BR-101/RJ;Norte;Colisão Frontal;2;;;;;;;;;;4;;;;
18/06/2017;13:03:00;89;com vítima;218,9;BR-101/RJ;Norte;Choque - Outros;1;;;;;;;;;;0;4;;;
18/06/2017;15:53:00;127;sem vítima;272,082;BR-101/RJ;Sul;Engavetamento;3;;;;;;;;;;8;;;;
18/06/2017;21:10:00;201;sem vítima;300,962;BR-101/RJ;Sul;Colisão Traseira;1;;;;;1;;;;;5;;;;
19/06/2017;06:55:00;31;com vítima;52,1;BR-101/RJ;Sul;Atropelamento de Animal;;;;1;;;;;;;0;1;;;
19/06/2017;15:00:00;180;com vítima;311,042;BR-101/RJ;Sul;Atropelamento - Andarilho;1;;;;;;;;;;2;;;1;
19/06/2017;15:41:00;191;com vítima;309,287;BR-101/RJ;Sul;Atropelamento - Usuário;1;;;;;;;;;;1;;1;;
19/06/2017;21:14:00;238;sem vítima;93,26;BR-101/RJ;Norte;Colisão Lateral;1;;;;;1;;;;;3;;;;
19/06/2017;21:45:00;242;com vítima;217,778;BR-101/RJ;Norte;Colisão Frontal;2;;;1;;;;;;;0;1;5;1;
19/06/2017;22:58:00;249;sem vítima;181,3;BR-101/RJ;Sul;Tombamento;;;1;;;;;;;;1;;;;
20/06/2017;06:17:00;20;com vítima;300,841;BR-101/RJ;Norte;Atropelamento - Morador;;;;1;;;;;;;0;;3;;
20/06/2017;08:47:00;84;sem vítima;231,047;BR-101/RJ;Norte;Capotamento;1;;;;;;;;;;1;;;;
20/06/2017;09:55:00;98;com vítima;70;BR-101/RJ;Sul;Colisão Frontal;1;;;;;;;;;1;3;;2;1;
20/06/2017;10:46:00;112;com vítima;309,409;BR-101/RJ;Sul;Queda de Moto;;;;1;;;;;;;0;;1;;
20/06/2017;15:36:00;160;sem vítima;316;BR-101/RJ;Norte;Colisão Lateral;1;;1;;;;;;;;3;;;;
20/06/2017;15:38:00;161;com vítima;265,5;BR-101/RJ;Sul;Colisão Traseira;1;;1;;;;;;;;1;1;;;
20/06/2017;17:12:00;179;com vítima;72,2;BR-101/RJ;Norte;Queda de Moto;;;;1;;;;;;;0;1;;;
20/06/2017;17:29:00;181;com vítima;321,529;BR-101/RJ;Norte;Colisão Lateral;2;;;1;;1;;;;;2;3;;;
20/06/2017;20:04:00;203;sem vítima;286,3;BR-101/RJ;Norte;Choque - Defensa, barreira ou "submarino";;;;;;;;;;1;2;;;;
20/06/2017;22:50:00;225;sem vítima;290,4;BR-101/RJ;Sul;Choque - Defensa, barreira ou "submarino";1;;;;;;;;;;1;;;;
21/06/2017;04:26:00;30;sem vítima;120,17;BR-101/RJ;Sul;Colisão Lateral;;;2;;;;;;;;2;;;;
21/06/2017;07:45:00;62;sem vítima;259,3;BR-101/RJ;Sul;Choque - Defensa, barreira ou "submarino";;;1;;;;;;;;1;;;;
21/06/2017;10:12:00;115;com vítima;61,4;BR-101/RJ;Norte;Colisão Transversal;1;;;1;;;;;;;3;2;;;
21/06/2017;10:30:00;121;sem vítima;318,016;BR-101/RJ;Sul;Engavetamento;3;;;;;;;;;;3;;;;
21/06/2017;13:09:00;153;sem vítima;33,1;BR-101/RJ;Norte;Capotamento;1;;;;;;;;;;2;;;;
21/06/2017;13:39:00;164;com vítima;299;BR-101/RJ;Norte;Colisão Traseira;2;;;;;;;;;;3;1;;;
21/06/2017;15:02:00;190;sem vítima;261,65;BR-101/RJ;Norte;Choque - Defensa, barreira ou "submarino";;;1;;;;;;;;2;;;;
21/06/2017;16:39:00;204;sem vítima;312,89;BR-101/RJ;Norte;Colisão Traseira;2;;;;;;;;;;5;;;;
21/06/2017;21:16:00;251;com vítima;63,8;BR-101/RJ;Norte;Queda de Moto;;;;1;;;;;;;0;1;;;
21/06/2017;23:08:00;257;com vítima;63,585;BR-101/RJ;Sul;Colisão Transversal;1;;;1;;;;;;;1;;1;;
22/06/2017;05:38:00;22;sem vítima;180;BR-101/RJ;Sul;Capotamento;;;;;;;;;;1;1;;;;
22/06/2017;06:37:00;28;sem vítima;85;BR-101/RJ;Norte;Capotamento;1;;;;;;;;;;1;;;;
22/06/2017;10:09:00;101;com vítima;81,5;BR-101/RJ;Sul;Colisão Transversal;2;;;;;;;;;;0;;3;;
22/06/2017;16:23:00;171;sem vítima;265,57;BR-101/RJ;Norte;Choque - Defensa, barreira ou "submarino";1;;;;;;;;;;3;;;;
22/06/2017;16:31:00;175;sem vítima;316,969;BR-101/RJ;Norte;Colisão Traseira;2;;;;;;;;;;2;;;;
22/06/2017;16:35:00;177;sem vítima;265,6;BR-101/RJ;Norte;Engavetamento;3;;;;;;;;;;3;;;;
22/06/2017;16:56:00;183;com vítima;267,117;BR-101/RJ;Sul;Queda de Moto;;;;1;;;;;;;0;1;;;
22/06/2017;19:45:00;200;sem vítima;319,165;BR-101/RJ;Norte;Colisão Lateral;1;;;;1;;;;;;3;;;;
22/06/2017;22:14:00;216;sem vítima;318,21;BR-101/RJ;Sul;Choque - Elemento de Drenagem;1;;;;;;;;;;2;;;;
23/06/2017;04:43:00;20;sem vítima;245,5;BR-101/RJ;Sul;Capotamento;1;;;;;;;;;;1;;;;
23/06/2017;06:42:00;32;sem vítima;9,2;BR-101/RJ;Sul;Choque - Defensa, barreira ou "submarino";1;;;;;;;;;;1;;;;
23/06/2017;06:44:00;33;sem vítima;261,9;BR-101/RJ;Sul;Choque - Elemento de Drenagem;3;;;;;;;;;;3;;;;
23/06/2017;09:00:00;81;com vítima;282,915;BR-101/RJ;Sul;Capotamento;1;;;;;;;;;;0;;2;;
23/06/2017;09:21:00;87;sem vítima;261,5;BR-101/RJ;Sul;Colisão Traseira;1;;1;;;;;;;;2;;;;
23/06/2017;11:48:00;121;com vítima;300,286;BR-101/RJ;Sul;Capotamento;1;;;;;;;;;;0;;2;1;
24/06/2017;00:11:00;3;sem vítima;26,17;BR-101/RJ;Norte;Choque - Outros;1;;;;;;;;;;1;;;;
24/06/2017;05:01:00;30;sem vítima;267,5;BR-101/RJ;Norte;Colisão Transversal;2;;;;;;;;;;2;;;;
24/06/2017;05:37:00;33;com vítima;296,33;BR-101/RJ;Norte;Queda de Moto;;;;1;;;;;;;0;;1;;
24/06/2017;06:29:00;38;sem vítima;293;BR-101/RJ;Sul;Choque - Defensa, barreira ou "submarino";1;;;;;;;;;;1;;;;
24/06/2017;07:50:00;50;sem vítima;261,765;BR-101/RJ;Sul;Choque - Defensa, barreira ou "submarino";4;;;;;;;;;1;18;;;;
24/06/2017;07:55:00;67;com vítima;261,765;BR-101/RJ;Sul;Colisão Traseira;;;;1;;1;;;;;1;1;;;
24/06/2017;11:04:00;83;com vítima;293,464;BR-101/RJ;Sul;Engavetamento;2;;;1;;;;;;;2;1;;;
24/06/2017;11:07:00;85;com vítima;82,95;BR-101/RJ;Sul;Tombamento;;;1;;;;;;;;0;;1;;
24/06/2017;11:24:00;89;com vítima;261,048;BR-101/RJ;Sul;Colisão Traseira;;;;1;;1;;;;;1;1;;;
24/06/2017;14:17:00;105;com vítima;236,693;BR-101/RJ;Norte;Colisão Transversal;2;;;;;;;;;;5;3;;;
24/06/2017;15:13:00;114;com vítima;261,781;BR-101/RJ;Sul;Colisão Traseira;2;;;;;;;;;;1;3;;;
24/06/2017;15:43:00;121;sem vítima;91,8;BR-101/RJ;Sul;Atropelamento de Animal;1;;;;;;;;;;1;;;;
24/06/2017;17:15:00;138;com vítima;271,95;BR-101/RJ;Norte;Queda de Moto;;;;1;;;;;;;0;1;;;
24/06/2017;18:17:00;146;sem vítima;303,7;BR-101/RJ;Sul;Colisão Traseira;1;;;;1;;;;;;5;;;;
24/06/2017;19:43:00;165;com vítima;238,781;BR-101/RJ;Sul;Choque - Defensa, barreira ou "submarino";1;;;;;;;;;;0;;1;;
24/06/2017;20:29:00;173;sem vítima;303,25;BR-101/RJ;Sul;Atropelamento de Animal;1;;;;;;;;;;4;;;;
24/06/2017;21:51:00;182;sem vítima;66,521;BR-101/RJ;Norte;Choque - Elemento de Drenagem;1;;;;;;;;;;1;;;;
24/06/2017;22:30:00;183;com vítima;66,633;BR-101/RJ;Norte;Queda de Moto;;;;1;;;;;;;0;;1;;
25/06/2017;00:02:00;2;sem vítima;224;BR-101/RJ;Norte;Choque - Elemento de Drenagem;1;;;;;;;;;;4;;;;
25/06/2017;00:34:00;7;com vítima;282,948;BR-101/RJ;Sul;Choque - Defensa, barreira ou "submarino";;;1;;;;;;;;0;1;1;;
25/06/2017;05:42:00;22;com vítima;302,933;BR-101/RJ;Norte;Choque - Defensa, barreira ou "submarino";1;;;;;;;;;;0;2;;;
25/06/2017;07:32:00;26;sem vítima;68,7;BR-101/RJ;Norte;Choque - Outros;1;;;;;;;;;;1;;;;
25/06/2017;11:33:00;55;sem vítima;67,3;BR-101/RJ;Norte;Engavetamento;3;;;;;;;;;;8;;;;
26/06/2017;05:53:00;24;com vítima;309,7;BR-101/RJ;Sul;Engavetamento;2;;;;;1;;;;;3;1;;;
26/06/2017;06:07:00;26;sem vítima;100,5;BR-101/RJ;Norte;Capotamento;1;;;;;;;;;;1;;;;
26/06/2017;06:27:00;31;sem vítima;320,6;BR-101/RJ;Sul;Engavetamento;3;;;;;;;;;;3;;;;
26/06/2017;07:15:00;40;sem vítima;299,7;BR-101/RJ;Sul;Colisão Lateral;2;;;;;;;;;;2;;;;
26/06/2017;08:13:00;59;com vítima;318,865;BR-101/RJ;Sul;Colisão Lateral;1;;;2;;;;;;;2;1;;;
26/06/2017;08:55:00;79;sem vítima;321,2;BR-101/RJ;Sul;Colisão Lateral;1;;;1;;;;;;;2;;;;
26/06/2017;09:01:00;81;sem vítima;198;BR-101/RJ;Sul;Choque - Elemento de Drenagem;1;;;;;;;;;;2;;;;
26/06/2017;14:05:00;140;sem vítima;65,52;BR-101/RJ;Sul;Colisão Lateral;1;;1;;;;;;;;3;;;;
26/06/2017;18:03:00;177;com vítima;13,63;BR-101/RJ;Sul;Choque - Outros;1;;;;;;;;;;0;;1;;
27/06/2017;04:52:00;21;sem vítima;301,525;BR-101/RJ;Sul;Atropelamento de Animal;1;;;;;;;;;;1;;;;
27/06/2017;08:20:00;68;sem vítima;5,05;BR-101/RJ;Sul;Choque - Talude;1;;;;;;;;;;2;;;;
27/06/2017;09:25:00;91;com vítima;290;BR-101/RJ;Sul;Queda de Moto;;;;1;;;;;;;0;;2;;
27/06/2017;11:04:00;113;com vítima;322;BR-101/RJ;Sul;Engavetamento;3;;;1;;;;;;;3;;2;;
27/06/2017;16:56:00;175;sem vítima;310,9;BR-101/RJ;Norte;Colisão Traseira;2;;;;;;;;;;2;;;;
27/06/2017;18:24:00;192;sem vítima;57,4;BR-101/RJ;Norte;Colisão Traseira;1;;;;;1;;;;;2;;;;
27/06/2017;18:34:00;197;sem vítima;295,237;BR-101/RJ;Sul;Colisão Traseira;2;;;;;;;;;;2;;;;
28/06/2017;03:10:00;18;sem vítima;241,905;BR-101/RJ;Sul;Colisão Traseira;2;;;;;;;;;;3;;;;
28/06/2017;08:11:00;81;com vítima;75;BR-101/RJ;Norte;Capotamento;1;;;;;;;;;;1;2;;;
28/06/2017;08:58:00;94;com vítima;315;BR-101/RJ;Norte;Outros;1;;;;;;;;;;1;1;;;
28/06/2017;09:06:00;97;com vítima;67;BR-101/RJ;Sul;Colisão Traseira;1;;1;;;;;;;;4;1;;;
28/06/2017;10:30:00;125;com vítima;262,5;BR-101/RJ;Sul;Queda de Moto;;;;1;;;;;;;0;1;;;
28/06/2017;15:03:00;172;sem vítima;65,8;BR-101/RJ;Sul;Engavetamento;3;;;;;;;;;;3;;;;
28/06/2017;17:27:00;201;sem vítima;318,35;BR-101/RJ;Norte;Engavetamento;2;;;;;1;;;;;3;;;;
28/06/2017;19:36:00;223;com vítima;289,7;BR-101/RJ;Sul;Choque - Veiculo parado no acostamento;1;;;;;;;;;1;4;;1;;
29/06/2017;06:10:00;26;com vítima;309,84;BR-101/RJ;Norte;Colisão Transversal;;1;;;;1;;;;;1;;1;;
29/06/2017;07:11:00;46;sem vítima;295,9;BR-101/RJ;Sul;Colisão Traseira;1;;;;1;;;;;;3;;;;
29/06/2017;08:15:00;72;sem vítima;252,8;BR-101/RJ;Norte;Colisão Traseira;;;2;;;;;;;;4;;;;
29/06/2017;15:16:00;191;com vítima;248;BR-101/RJ;Sul;Colisão Transversal;1;;1;;;;;;;;3;;1;1;
29/06/2017;15:21:00;193;com vítima;309,1;BR-101/RJ;Sul;Colisão Traseira;;;;1;;1;;;;;2;1;;;
29/06/2017;16:26:00;206;com vítima;256;BR-101/RJ;Norte;Choque - Poste;1;;;;;;;;;;0;2;;;
29/06/2017;19:11:00;234;com vítima;67,445;BR-101/RJ;Norte;Colisão Transversal;1;;;1;;;;;;;2;1;;;
29/06/2017;21:12:00;248;sem vítima;225,255;BR-101/RJ;Norte;Colisão Lateral;1;;;;;1;;;;;2;;;;
30/06/2017;05:23:00;23;sem vítima;140,098;BR-101/RJ;Norte;Choque - Elemento de Drenagem;1;;;;;;;;;;1;;;;
30/06/2017;06:37:00;36;com vítima;313;BR-101/RJ;Sul;Colisão Traseira;1;;;1;;;;;;;1;1;;;
30/06/2017;07:06:00;47;com vítima;303,665;BR-101/RJ;Norte;Engavetamento;3;;1;1;;;;;;;4;2;;;
30/06/2017;07:10:00;51;com vítima;303;BR-101/RJ;Sul;Queda de Moto;;;;1;;;;;;;0;1;;;
30/06/2017;10:43:00;127;sem vítima;16,8;BR-101/RJ;Norte;Queda de Moto;;;;1;;;;;;;2;;;;
30/06/2017;11:28:00;141;sem vítima;170;BR-101/RJ;Sul;Colisão Lateral;1;;;1;;;;;;;3;;;;
30/06/2017;13:21:00;161;sem vítima;307;BR-101/RJ;Norte;Queda de Moto;;;;1;;;;;;;1;;;;
30/06/2017;14:51:00;180;sem vítima;189,4;BR-101/RJ;Sul;Colisão Traseira;1;;1;;;;;;;;5;;;;
30/06/2017;17:43:00;217;com vítima;295,4;BR-101/RJ;Norte;Engavetamento;3;;;;;;;;;1;7;1;;;
30/06/2017;19:13:00;242;sem vítima;117,3;BR-101/RJ;Sul;Choque - Talude;1;;;;;;;;;;1;;;;
30/06/2017;19:21:00;245;com vítima;297,555;BR-101/RJ;Sul;Colisão Traseira;2;;;;;;;;;;2;;1;;
30/06/2017;20:44:00;263;sem vítima;256,8;BR-101/RJ;Sul;Colisão Traseira;2;;;;;;;;;;3;;;;
30/06/2017;21:26:00;270;sem vítima;12,2;BR-101/RJ;Norte;Choque - Elemento de Drenagem;1;;;;;;;;;;1;;;;
30/06/2017;23:18:00;283;sem vítima;308,936;BR-101/RJ;Sul;Colisão Lateral;1;;;;;;;;;;2;;;;
30/06/2017;23:41:00;285;com vítima;48,6;BR-101/RJ;Sul;Colisão Transversal;;;;1;1;;;;;;37;;;;1
01/08/2017;07:31:00;40;com vítima;297,907;BR-101/RJ;Sul;Colisão Transversal;1;1;;;;;;;;;1;;1;;
01/08/2017;07:45:00;46;com vítima;66;BR-101/RJ;Norte;Colisão Traseira;1;1;;;;;;;;;1;1;;;
01/08/2017;12:40:00;127;sem vítima;308;BR-101/RJ;Sul;Choque - Objeto sobre a pista;1;;;;;;;;;;1;;;;
01/08/2017;13:44:00;140;sem vítima;285,2;BR-101/RJ;Sul;Colisão Frontal;1;;;;;1;;;;;2;;;;
01/08/2017;19:33:00;200;sem vítima;117,8;BR-101/RJ;Norte;Choque - Elemento de Drenagem;1;;;;;;;;;;2;;;;
02/08/2017;03:54:00;19;com vítima;45,942;BR-101/RJ;Sul;Atropelamento de Animal;;;;;;;;;;1;0;1;;;
02/08/2017;05:27:00;24;com vítima;308,043;BR-101/RJ;Sul;Atropelamento - Morador;1;;;;;;;;;;1;;1;;
02/08/2017;06:26:00;33;sem vítima;242;BR-101/RJ;Norte;Tombamento;;;1;;;;;;;;1;;;;
02/08/2017;15:54:00;205;com vítima;263,6;BR-101/RJ;Norte;Choque - Outros;1;;;1;;;;;;;1;1;;;
02/08/2017;20:26:00;250;com vítima;63,333;BR-101/RJ;Norte;Colisão Transversal;1;;;1;;;;;;;1;1;;;
03/08/2017;14:09:00;150;sem vítima;276,598;BR-101/RJ;Norte;Colisão Traseira;;;2;;;;;;;;3;;;;
03/08/2017;18:12:00;197;sem vítima;297,4;BR-101/RJ;Sul;Engavetamento;3;;;;;;;;;;3;;;;
03/08/2017;19:59:00;217;com vítima;310,85;BR-101/RJ;Norte;Colisão Traseira;2;;;;;;;;;;3;1;;;
03/08/2017;23:02:00;231;sem vítima;296,1;BR-101/RJ;Norte;Choque - Defensa, barreira ou "submarino";1;;;;;;;;;;1;;;;
04/08/2017;00:43:00;8;com vítima;309,2;BR-101/RJ;Norte;Colisão Traseira;2;;;;;;;;;;5;1;;;
04/08/2017;03:26:00;20;sem vítima;62,253;BR-101/RJ;Sul;Choque - Elemento de Drenagem;1;;;;;;;;;;2;;;;
04/08/2017;04:44:00;23;sem vítima;62,172;BR-101/RJ;Norte;Colisão Traseira;2;;;;;;;;;;9;;;;
04/08/2017;05:35:00;25;sem vítima;82,145;BR-101/RJ;Norte;Choque - Elemento de Drenagem;1;;1;;;;;;;;2;;;;
04/08/2017;06:31:00;31;com vítima;134,15;BR-101/RJ;Norte;Choque - Defensa, barreira ou "submarino";;;1;;;;;;;;2;;;;1
04/08/2017;08:21:00;65;sem vítima;295;BR-101/RJ;Norte;Colisão Traseira;3;;;;;;;;;;3;;;;
04/08/2017;09:33:00;82;com vítima;316,7;BR-101/RJ;Sul;Colisão Lateral;1;;;1;;;;;;;4;1;;;
04/08/2017;10:42:00;108;com vítima;307,36;BR-101/RJ;Norte;Atropelamento de Animal;;;;1;;;;;;;0;;1;;
04/08/2017;11:14:00;115;sem vítima;206;BR-101/RJ;Sul;Colisão Traseira;2;;;;;;;;;;4;;;;
04/08/2017;11:52:00;119;sem vítima;261,36;BR-101/RJ;Sul;Choque - Defensa, barreira ou "submarino";1;;;;;;;;;;4;;;;
04/08/2017;13:34:00;137;sem vítima;260,05;BR-101/RJ;Sul;Choque - Defensa, barreira ou "submarino";1;;;;;;;;;;3;;;;
04/08/2017;15:03:00;153;sem vítima;171,855;BR-101/RJ;Sul;Colisão Traseira;2;;;;;;;;;;5;;;;
04/08/2017;16:49:00;174;com vítima;65,3;BR-101/RJ;Sul;Colisão Transversal;;;;1;;;;;;1;2;1;;;
04/08/2017;18:07:00;188;com vítima;246,35;BR-101/RJ;Norte;Colisão Traseira;1;;;1;;;;;;;2;2;;;
04/08/2017;18:29:00;197;com vítima;313;BR-101/RJ;Norte;Colisão Lateral;1;;;1;;;;;;;1;1;;;
04/08/2017;18:39:00;202;sem vítima;215,7;BR-101/RJ;Norte;Colisão Lateral;1;;1;;;;;;;;4;;;;
04/08/2017;20:00:00;221;sem vítima;10,6;BR-101/RJ;Norte;Atropelamento de Animal;;;;;;;;;;1;3;;;;
04/08/2017;20:16:00;223;com vítima;309,5;BR-101/RJ;Sul;Colisão Lateral;1;;;1;;;;;;;1;1;;;
04/08/2017;21:38:00;233;sem vítima;261,82;BR-101/RJ;Norte;Colisão Traseira;1;;;;;1;;;;;2;;;;
04/08/2017;22:02:00;235;com vítima;288,65;BR-101/RJ;Sul;Colisão Traseira;1;;1;;;;;;;;1;;1;;
05/08/2017;00:05:00;2;com vítima;313,179;BR-101/RJ;Sul;Choque - Arvore;1;;;;;;;;;;0;;1;1;
05/08/2017;01:06:00;9;sem vítima;295,445;BR-101/RJ;Sul;Choque - Defensa, barreira ou "submarino";1;;;;;;;;;;1;;;;
05/08/2017;01:52:00;10;sem vítima;301,553;BR-101/RJ;Norte;Choque - Defensa, barreira ou "submarino";1;;;;;;;;;;2;;;;
05/08/2017;03:12:00;13;sem vítima;306,507;BR-101/RJ;Norte;Colisão Traseira;1;;;1;;;;;;;2;;;;
05/08/2017;03:12:00;14;sem vítima;306,507;BR-101/RJ;Norte;Choque - Defensa, barreira ou "submarino";1;;;;;;;;;;4;;;;
05/08/2017;04:34:00;17;sem vítima;117,831;BR-101/RJ;Sul;Choque - Suporte de Sinalização;1;;;;;;;;;;4;;;;
05/08/2017;06:03:00;20;sem vítima;299,65;BR-101/RJ;Norte;Choque - Defensa, barreira ou "submarino";1;;;;;;;;;;1;;;;
05/08/2017;06:34:00;21;sem vítima;299,999;BR-101/RJ;Norte;Choque - Defensa, barreira ou "submarino";1;;;;;;;;;;1;;;;
05/08/2017;08:00:00;30;sem vítima;283,741;BR-101/RJ;Norte;Choque - Defensa, barreira ou "submarino";1;;;;;;;;;;2;;;;