data;horario;n_da_ocorrencia;tipo_de_ocorrencia;km;trecho;sentido;tipo_de_acidente;automovel;bicicleta;caminhao;moto;onibus;outros;tracao_animal;transporte_de_cargas_especiais;trator_maquinas;utilitarios;ilesos;levemente_feridos;moderadamente_feridos;gravemente_feridos;mortos
01/07/2017;18:41:00;166;sem vítima;66,4;BR-101/RJ;Norte;Engavetamento;3;;;;;;;;;;7;;;;
01/07/2017;19:08:00;170;sem vítima;54,05;BR-101/RJ;Sul;Colisão Traseira;3;;;;;1;;;;;5;;;;
02/07/2017;00:11:00;5;com vítima;294,312;BR-101/RJ;Sul;Atropelamento de Animal;;;;1;;;;;;;1;1;;;
02/07/2017;04:53:00;19;com vítima;297,69;BR-101/RJ;Norte;Atropelamento - Sem Informação;;;;;;1;;;;;1;;1;;
02/07/2017;06:08:00;21;sem vítima;90,02;BR-101/RJ;Sul;Choque - Defensa, barreira ou "submarino";1;;;;;;;;;;1;;;;
02/07/2017;12:34:00;75;sem vítima;289,5;BR-101/RJ;Norte;Choque - Defensa, barreira ou "submarino";1;;;;;;;;;;1;;;;
02/07/2017;17:15:00;117;com vítima;217,3;BR-101/RJ;Sul;Choque - Talude;1;;;;;;;;;;0;4;;;
02/07/2017;19:45:00;139;sem vítima;262,38;BR-101/RJ;Norte;Choque - Defensa, barreira ou "submarino";1;;;;;;;;;;1;;;;
02/07/2017;20:54:00;148;com vítima;236,5;BR-101/RJ;Norte;Colisão Transversal;3;;;;;1;;;;;5;2;1;;
02/07/2017;21:11:00;154;com vítima;195,05;BR-101/RJ;Norte;Choque - Suporte de Sinalização;1;;;;;;;;;;0;3;;;
03/07/2017;01:05:00;7;sem vítima;85,05;BR-101/RJ;Norte;Choque - Defensa, barreira ou "submarino";1;;;;;;;;;;1;;;;
03/07/2017;01:57:00;9;com vítima;174,25;BR-101/RJ;Sul;Choque - Talude;1;;;;;;;;;;0;3;;;
03/07/2017;03:38:00;11;sem vítima;297,7;BR-101/RJ;Sul;Choque - Defensa, barreira ou "submarino";1;;;;;;;;;;1;;;;
03/07/2017;06:38:00;22;sem vítima;307,35;BR-101/RJ;Sul;Colisão Traseira;2;;;;;;;;;;2;;;;
03/07/2017;08:27:00;58;com vítima;261,6;BR-101/RJ;Sul;Choque - Elemento de Drenagem;1;;;;;;;;;;1;2;;;
03/07/2017;09:30:00;84;sem vítima;294,1;BR-101/RJ;Sul;Choque - Defensa, barreira ou "submarino";1;;;;;;;;;;4;;;;
03/07/2017;11:48:00;115;sem vítima;11,05;BR-101/RJ;Sul;Choque - Defensa, barreira ou "submarino";1;;;;;;;;;;1;;;;
03/07/2017;12:23:00;122;com vítima;74,14;BR-101/RJ;Norte;Queda de Moto;;;;1;;;;;;;0;1;;;
03/07/2017;13:09:00;127;com vítima;99,94;BR-101/RJ;Norte;Choque - Defensa, barreira ou "submarino";1;;;;;;;;;;2;1;;;
03/07/2017;13:16:00;128;sem vítima;294,5;BR-101/RJ;Sul;Colisão Traseira;1;;;;1;;;;;;2;;;;
03/07/2017;13:52:00;134;com vítima;297,8;BR-101/RJ;Norte;Colisão Lateral;;;;1;;1;;;;;1;;1;;
03/07/2017;18:49:00;182;sem vítima;257,1;BR-101/RJ;Norte;Atropelamento de Animal;1;;;;;;;;;;1;;;;
04/07/2017;05:28:00;16;sem vítima;297,7;BR-101/RJ;Sul;Choque - Elemento de Drenagem;1;;;;;;;;;;1;;;;
04/07/2017;06:32:00;17;sem vítima;196,3;BR-101/RJ;Sul;Choque - Talude;1;;;;;;;;;;1;;;;
04/07/2017;06:43:00;18;com vítima;246,5;BR-101/RJ;Sul;Choque - Defensa, barreira ou "submarino";2;;;;;;;;;;4;;1;;
04/07/2017;09:18:00;75;com vítima;46,5;BR-101/RJ;Norte;Colisão Traseira;;1;;;;1;;;;;1;;1;;
04/07/2017;14:45:00;152;sem vítima;310,4;BR-101/RJ;Norte;Colisão Traseira;2;;;;;;;;;;3;;;;
04/07/2017;15:07:00;158;sem vítima;314,5;BR-101/RJ;Norte;Engavetamento;3;;;;;1;;;;;7;;;;
04/07/2017;16:12:00;169;com vítima;87,5;BR-101/RJ;Norte;Choque - Talude;;;;1;;;;;;;0;1;;;
04/07/2017;17:07:00;179;com vítima;61,35;BR-101/RJ;Norte;Engavetamento;2;;;;1;;;;;;3;1;;;
04/07/2017;18:01:00;185;sem vítima;318,9;BR-101/RJ;Norte;Colisão Lateral;1;;;1;;;;;;;3;;;;
04/07/2017;18:27:00;191;sem vítima;277,2;BR-101/RJ;Sul;Colisão Traseira;2;;;;;;;;;;6;;;;
04/07/2017;19:39:00;206;sem vítima;102,5;BR-101/RJ;Sul;Atropelamento de Animal;1;;;;;;;;;;1;;;;
04/07/2017;20:58:00;218;sem vítima;321,8;BR-101/RJ;Sul;Colisão Traseira;1;;;;1;;;;;;2;;;;
05/07/2017;03:39:00;19;sem vítima;289;BR-101/RJ;Sul;Atropelamento de Animal;;;1;;;;;;;;1;;;;
05/07/2017;09:20:00;83;com vítima;246,8;BR-101/RJ;Norte;Colisão Lateral;1;;1;;;;;;;;2;2;;;
05/07/2017;10:17:00;107;com vítima;311,1;BR-101/RJ;Norte;Colisão Traseira;2;;;;;;;;;;3;1;;;
05/07/2017;14:39:00;162;com vítima;9,7;BR-101/RJ;Sul;Choque - Outros;;;2;;;;;;;;1;1;;;
05/07/2017;17:09:00;183;sem vítima;317;BR-101/RJ;Sul;Engavetamento;3;;;;;;;;;;3;;;;
05/07/2017;19:08:00;208;com vítima;322;BR-101/RJ;Norte;Colisão Traseira;1;;;1;;;;;;;1;1;;;
05/07/2017;21:23:00;227;sem vítima;182,8;BR-101/RJ;Sul;Colisão Frontal;1;;;;;1;;;;;2;;;;
05/07/2017;23:23:00;239;com vítima;313,33;BR-101/RJ;Norte;Choque - Poste;1;;;;;;;;;;0;1;3;;
06/07/2017;08:45:00;85;sem vítima;126,2;BR-101/RJ;Norte;Choque - Elemento de Drenagem;1;;;;;;;;;;4;;;;
06/07/2017;09:19:00;117;sem vítima;217,466;BR-101/RJ;Norte;Colisão Frontal;2;;;;;;;;;;3;;;;
06/07/2017;15:01:00;193;sem vítima;302;BR-101/RJ;Norte;Colisão Traseira;2;;;;;;;;;;5;;;;
06/07/2017;20:45:00;250;sem vítima;175,7;BR-101/RJ;Norte;Atropelamento de Animal;1;;;;;;;;;;1;;;;
06/07/2017;22:13:00;263;com vítima;198,3;BR-101/RJ;Norte;Atropelamento de Animal;1;;;;;;;;;;4;1;;;
07/07/2017;06:20:00;25;sem vítima;317;BR-101/RJ;Sul;Colisão Traseira;2;;;;;;;;;;4;;;;
07/07/2017;06:55:00;31;com vítima;315,75;BR-101/RJ;Sul;Atropelamento - Morador;;;;1;;;;;;;0;2;;;
07/07/2017;23:00:00;243;sem vítima;215;BR-101/RJ;Sul;Choque - Defensa, barreira ou "submarino";1;;;;;;;;;;1;;;;
07/07/2017;23:59:00;254;sem vítima;82,5;BR-101/RJ;Norte;Choque - Defensa, barreira ou "submarino";1;;;;;;;;;;1;;;;
08/07/2017;00:16:00;4;sem vítima;213,1;BR-101/RJ;Sul;Choque - Outros;1;;;;;;;;;;1;;;;
08/07/2017;04:16:00;21;sem vítima;320;BR-101/RJ;Sul;Choque - Elemento de Drenagem;1;;;;;;;;;;1;;;;
08/07/2017;05:32:00;28;sem vítima;241,8;BR-101/RJ;Sul;Choque - Defensa, barreira ou "submarino";1;;;;;;;;;;5;;;;
08/07/2017;06:02:00;30;sem vítima;199,99;BR-101/RJ;Sul;Atropelamento de Animal;;;;;;;;;;1;1;;;;
08/07/2017;06:38:00;34;com vítima;301,3;BR-101/RJ;Norte;Queda de Moto;;;;1;;;;;;;0;1;;;
08/07/2017;07:17:00;43;com vítima;228,55;BR-101/RJ;Sul;Choque - Defensa, barreira ou "submarino";1;;;;;;;;;;5;;1;;
08/07/2017;08:33:00;55;sem vítima;144;BR-101/RJ;Sul;Choque - Defensa, barreira ou "submarino";1;;;;;;;;;;4;;;;
08/07/2017;08:46:00;59;com vítima;297,6;BR-101/RJ;Norte;Colisão Traseira;2;;;;;;;;;;1;1;;;
08/07/2017;09:40:00;69;sem vítima;79,7;BR-101/RJ;Norte;Colisão Traseira;2;;;;;;;;;;4;;;;
08/07/2017;11:00:00;84;com vítima;296,149;BR-101/RJ;Norte;Colisão Traseira;2;;;;;;;;;;3;1;;;
08/07/2017;12:29:00;99;com vítima;234;BR-101/RJ;Norte;Capotamento;1;;;;;;;;;;0;1;;;
08/07/2017;13:00:00;100;sem vítima;297;BR-101/RJ;Sul;Colisão Traseira;1;;;;;1;;;;;2;;;;
08/07/2017;15:10:00;122;sem vítima;108,042;BR-101/RJ;Sul;Choque - Suporte de Sinalização;1;;;;;;;;;;2;;;;
08/07/2017;15:13:00;124;sem vítima;80;BR-101/RJ;Norte;Colisão Traseira;1;;1;;;;;;;;2;;;;
08/07/2017;16:48:00;147;com vítima;303;BR-101/RJ;Norte;Colisão Traseira;1;;;1;;;;;;;6;2;;;
08/07/2017;17:56:00;159;sem vítima;219,3;BR-101/RJ;Sul;Choque - Defensa, barreira ou "submarino";1;;;;;;;;;;1;;;;
08/07/2017;18:06:00;163;sem vítima;297,7;BR-101/RJ;Norte;Colisão Lateral;1;;1;;;;;;;;2;;;;
08/07/2017;18:15:00;166;sem vítima;282,3;BR-101/RJ;Sul;Colisão Traseira;3;;;;;;;;;;5;;;;
08/07/2017;21:46:00;191;com vítima;264,2;BR-101/RJ;Norte;Choque - Defensa, barreira ou "submarino";1;;;;;;;;;;0;1;;;
08/07/2017;22:10:00;194;sem vítima;313,5;BR-101/RJ;Norte;Choque - Elemento de Drenagem;1;;;;;;;;;;1;;;;
08/07/2017;23:53:00;207;com vítima;62;BR-101/RJ;Sul;Tombamento;;1;;;;;;;;;0;1;;;
09/07/2017;01:15:00;8;sem vítima;62,957;BR-101/RJ;Norte;Choque - Elemento de Drenagem;1;;;;;;;;;;1;;;;
09/07/2017;03:16:00;15;sem vítima;66;BR-101/RJ;Norte;Choque - Elemento de Drenagem;1;;;;;;;;;;1;;;;
09/07/2017;05:43:00;20;com vítima;313,47;BR-101/RJ;Sul;Colisão Traseira;;;;2;;1;;;;;3;1;1;;
09/07/2017;06:30:00;21;sem vítima;86,8;BR-101/RJ;Norte;Capotamento;1;;;;;;;;;;1;;;;
09/07/2017;06:51:00;22;com vítima;111;BR-101/RJ;Sul;Capotamento;1;;;;;;;;;;0;;1;;
09/07/2017;07:52:00;27;sem vítima;215,5;BR-101/RJ;Sul;Choque - Defensa, barreira ou "submarino";1;;;;;;;;;;1;;;;
09/07/2017;10:34:00;53;sem vítima;87,2;BR-101/RJ;Norte;Choque - Elemento de Drenagem;1;;;;;;;;;;2;;;;
09/07/2017;11:39:00;59;sem vítima;217;BR-101/RJ;Sul;Colisão Lateral;1;;1;;;;;;;;7;;;;
09/07/2017;15:32:00;92;com vítima;309,771;BR-101/RJ;Norte;Atropelamento - Morador;1;;;;;;;;;;0;1;;1;
09/07/2017;20:38:00;137;sem vítima;305,03;BR-101/RJ;Norte;Choque - Arvore;1;;;;;;;;;;1;;;;
09/07/2017;21:02:00;140;sem vítima;65,59;BR-101/RJ;Sul;Engavetamento;1;;1;;;1;;;;;3;;;;
09/07/2017;21:10:00;142;sem vítima;117,7;BR-101/RJ;Sul;Choque - Elemento de Drenagem;1;;;;;;;;;;2;;;;
09/07/2017;21:57:00;147;sem vítima;288,55;BR-101/RJ;Sul;Colisão Lateral;2;;;;;1;;;;;4;;;;
09/07/2017;22:55:00;157;sem vítima;253,2;BR-101/RJ;Sul;Colisão Lateral;1;;1;;;;;;;;2;;;;
10/07/2017;01:14:00;10;sem vítima;243,45;BR-101/RJ;Sul;Choque - Elemento de Drenagem;;;1;;;;;;;;1;;;;
10/07/2017;01:42:00;11;sem vítima;220,3;BR-101/RJ;Sul;Choque - Defensa, barreira ou "submarino";;;1;;;;;;;;1;;;;
10/07/2017;06:16:00;21;sem vítima;313;BR-101/RJ;Sul;Colisão Lateral;1;;;1;;;;;;;2;;;;
10/07/2017;07:57:00;48;sem vítima;312,6;BR-101/RJ;Sul;Engavetamento;3;;;;;;;;;;3;;;;
10/07/2017;08:18:00;52;com vítima;22,9;BR-101/RJ;Sul;Tombamento;;;1;;;;;;;;0;;1;;
10/07/2017;08:25:00;57;sem vítima;296;BR-101/RJ;Norte;Capotamento;1;;;;;;;;;;1;;;;
10/07/2017;09:45:00;95;sem vítima;78,8;BR-101/RJ;Norte;Colisão Traseira;;;1;;;1;;;;;2;;;;
10/07/2017;10:29:00;106;sem vítima;144,5;BR-101/RJ;Norte;Choque - Defensa, barreira ou "submarino";1;;;;;;;;;;1;;;;
10/07/2017;11:49:00;130;com vítima;286;BR-101/RJ;Sul;Capotamento;1;;;;;;;;;;0;2;;;
10/07/2017;13:37:00;157;sem vítima;161,3;BR-101/RJ;Sul;Choque - Defensa, barreira ou "submarino";1;;;;;;;;;;5;;;;
10/07/2017;14:29:00;168;sem vítima;303,5;BR-101/RJ;Sul;Atropelamento de Animal;;;;;;;;;;1;3;;;;
10/07/2017;15:18:00;176;com vítima;61,67;BR-101/RJ;Sul;Colisão Transversal;2;;;;;;;;;;1;1;1;;
10/07/2017;16:52:00;204;com vítima;57;BR-101/RJ;Norte;Colisão Traseira;;;1;1;;;;;;;2;1;;;
10/07/2017;17:21:00;207;com vítima;265,8;BR-101/RJ;Sul;Colisão Lateral;;;1;;;;;;;1;1;1;;;
10/07/2017;17:48:00;216;com vítima;308,6;BR-101/RJ;Sul;Colisão Traseira;;;1;1;;;;;;;1;;1;;
10/07/2017;19:51:00;239;sem vítima;65,2;BR-101/RJ;Sul;Colisão Traseira;2;;;;;;;;;;4;;;;
10/07/2017;22:52:00;258;sem vítima;209;BR-101/RJ;Sul;Capotamento;;;;;;1;;;;1;2;;;;
11/07/2017;08:43:00;76;sem vítima;120,472;BR-101/RJ;Norte;Colisão Transversal;2;;;;;;;;;;3;;;;
11/07/2017;11:56:00;118;sem vítima;278,9;BR-101/RJ;Norte;Engavetamento;3;;;;;;;;;;3;;;;
11/07/2017;13:40:00;139;sem vítima;75,2;BR-101/RJ;Norte;Choque - Outros;1;;;;;;;;;;1;;;;
11/07/2017;14:42:00;157;sem vítima;278,8;BR-101/RJ;Norte;Colisão Traseira;2;;;;;;;;;;2;;;;
11/07/2017;15:59:00;167;com vítima;237,1;BR-101/RJ;Norte;Choque - Defensa, barreira ou "submarino";1;;;;;1;;;;;1;3;;;
11/07/2017;18:41:00;191;sem vítima;97,4;BR-101/RJ;Norte;Colisão Traseira;1;;;;;;;;;1;2;;;;
11/07/2017;21:13:00;218;sem vítima;314,48;BR-101/RJ;Sul;Colisão Traseira;1;;;;;;;;;1;2;;;;
11/07/2017;21:40:00;223;com vítima;74,6;BR-101/RJ;Norte;Colisão Transversal;;1;;;;1;;;;;1;;1;;
12/07/2017;05:25:00;39;sem vítima;66,8;BR-101/RJ;Sul;Choque - Elemento de Drenagem;1;;;;;;;;;;1;;;;
12/07/2017;05:46:00;41;sem vítima;307,3;BR-101/RJ;Norte;Atropelamento de Animal;1;;;;;;;;;;1;;;;
12/07/2017;11:18:00;145;sem vítima;218,2;BR-101/RJ;Norte;Choque - Defensa, barreira ou "submarino";1;;;;;;;;;;1;;;;
12/07/2017;11:24:00;146;sem vítima;245,4;BR-101/RJ;Sul;Choque - Suporte de Sinalização;1;;;;;;;;;;4;;;;
12/07/2017;16:00:00;197;sem vítima;316,2;BR-101/RJ;Norte;Colisão Traseira;1;;;;;1;;;;;2;;;;
12/07/2017;16:31:00;206;sem vítima;52,722;BR-101/RJ;Norte;Engavetamento;3;;;;;;;;;;4;;;;
13/07/2017;13:14:00;162;com vítima;180,5;BR-101/RJ;Norte;Colisão Transversal;1;;1;;;;;;;;1;2;;;
13/07/2017;14:41:00;185;sem vítima;125,6;BR-101/RJ;Norte;Choque - Outros;;;;;;;;;;1;5;;;;
13/07/2017;17:41:00;226;sem vítima;314;BR-101/RJ;Norte;Atropelamento de Animal;;;;1;;;;;;;1;;;;
13/07/2017;18:15:00;232;sem vítima;139,6;BR-101/RJ;Norte;Atropelamento de Animal;;;1;;;;;;;;1;;;;
14/07/2017;02:04:00;10;com vítima;62,3;BR-101/RJ;Norte;Choque - Elemento de Drenagem;1;;;;;;;;;;0;2;;;
14/07/2017;06:51:00;32;com vítima;289,2;BR-101/RJ;Norte;Colisão Frontal;1;;;;;;;;;1;3;1;;;
14/07/2017;07:01:00;33;sem vítima;312,2;BR-101/RJ;Sul;Engavetamento;3;;;;;;;;;;3;;;;
14/07/2017;07:39:00;37;com vítima;312,2;BR-101/RJ;Sul;Queda de Moto;1;;;1;;;;;;;2;1;;;
14/07/2017;07:53:00;41;com vítima;297,7;BR-101/RJ;Sul;Colisão Lateral;;;1;1;;;;;;;1;1;;;
14/07/2017;08:00:00;45;sem vítima;135,2;BR-101/RJ;Norte;Capotamento;1;;;;;;;;;;3;;;;
14/07/2017;08:40:00;54;sem vítima;274,5;BR-101/RJ;Norte;Colisão Traseira;1;;1;;;;;;;;3;;;;
14/07/2017;09:23:00;101;com vítima;262;BR-101/RJ;Sul;Colisão Transversal;;1;;;;1;;;;;1;2;;;
14/07/2017;10:11:00;127;sem vítima;318;BR-101/RJ;Sul;Colisão Lateral;;;;1;;1;;;;;3;;;;
14/07/2017;10:57:00;143;com vítima;63,9;BR-101/RJ;Norte;Engavetamento;2;;;;;1;;;;;3;1;;;
14/07/2017;11:30:00;152;sem vítima;260,7;BR-101/RJ;Sul;Choque - Defensa, barreira ou "submarino";;;1;;;;;;;;2;;;;
14/07/2017;12:08:00;165;sem vítima;259;BR-101/RJ;Sul;Colisão Traseira;2;;;;;;;;;;3;;;;
14/07/2017;12:57:00;175;sem vítima;296,5;BR-101/RJ;Norte;Colisão Traseira;2;;;;;;;;;;7;;;;
14/07/2017;15:06:00;206;com vítima;271;BR-101/RJ;Sul;Choque - Defensa, barreira ou "submarino";1;;;;;;;;;;0;1;;;
14/07/2017;15:14:00;209;sem vítima;283;BR-101/RJ;Norte;Colisão Lateral;1;;1;;;;;;;;6;;;;
14/07/2017;15:57:00;221;com vítima;287,7;BR-101/RJ;Sul;Choque - Outros;1;;;;;;;;;;2;1;;;
14/07/2017;20:04:00;272;sem vítima;319;BR-101/RJ;Norte;Colisão Traseira;1;;;1;;;;;;;6;;;;
14/07/2017;20:25:00;278;sem vítima;192,5;BR-101/RJ;Sul;Colisão Traseira;1;;;;;1;;;;;2;;;;
15/07/2017;00:10:00;3;sem vítima;297,5;BR-101/RJ;Sul;Choque - Defensa, barreira ou "submarino";1;;;;;;;;;;3;;;;
15/07/2017;10:21:00;84;com vítima;67,2;BR-101/RJ;Sul;Colisão Transversal;1;;;1;;;;;;;1;1;;;
15/07/2017;13:00:00;112;com vítima;21,2;BR-101/RJ;Sul;Queda de Moto;;;;1;;;;;;;0;1;;;
15/07/2017;14:18:00;140;com vítima;188,186;BR-101/RJ;Norte;Colisão Frontal;3;;1;;;;;;;;6;1;1;;2
15/07/2017;15:43:00;161;com vítima;296,6;BR-101/RJ;Norte;Colisão Traseira;1;;;1;;;;;;;1;;1;;
15/07/2017;21:16:00;210;com vítima;50,93;BR-101/RJ;Norte;Colisão Transversal;2;;;;;;;;;;1;1;1;;
16/07/2017;00:27:00;6;com vítima;304,202;BR-101/RJ;Norte;Queda de Moto;;;;1;;;;;;;0;1;;;
16/07/2017;07:20:00;41;sem vítima;267,7;BR-101/RJ;Sul;Choque - Elemento de Drenagem;1;;;;;;;;;;1;;;;
16/07/2017;10:11:00;62;com vítima;262,2;BR-101/RJ;Norte;Queda de Moto;;;;1;;;;;;;0;;1;;
16/07/2017;10:28:00;64;sem vítima;262;BR-101/RJ;Norte;Engavetamento;3;;;;;;;;;;11;;;;
16/07/2017;14:23:00;103;sem vítima;285,8;BR-101/RJ;Sul;Engavetamento;1;;;;;2;;;;;6;;;;
16/07/2017;18:39:00;149;com vítima;61,4;BR-101/RJ;Sul;Colisão Lateral;2;;;;;;;;;;4;2;;;
16/07/2017;19:00:00;153;sem vítima;140;BR-101/RJ;Sul;Capotamento;1;;;;;;;;;;1;;;;
16/07/2017;19:20:00;156;sem vítima;299,7;BR-101/RJ;Sul;Colisão Traseira;1;;;;1;;;;;;2;;;;
16/07/2017;19:49:00;161;sem vítima;71,2;BR-101/RJ;Sul;Choque - Defensa, barreira ou "submarino";1;;;;;;;;;;1;;;;
16/07/2017;22:51:00;176;sem vítima;64,35;BR-101/RJ;Sul;Colisão Transversal;2;;;;;;;;;;2;;;;
17/07/2017;00:42:00;5;sem vítima;304,5;BR-101/RJ;Sul;Colisão Traseira;2;;;;;;;;;;2;;;;
17/07/2017;07:09:00;22;com vítima;297;BR-101/RJ;Norte;Colisão Traseira;1;1;;;;;;;;;1;;1;;
17/07/2017;07:11:00;24;sem vítima;312;BR-101/RJ;Norte;Engavetamento;3;;;;;1;;;;;7;;;;
17/07/2017;07:46:00;35;sem vítima;319;BR-101/RJ;Sul;Colisão Lateral;1;;;1;;;;;;;4;;;;
17/07/2017;09:41:00;84;com vítima;247;BR-101/RJ;Sul;Capotamento;1;;;;;;;;;;2;2;;;
17/07/2017;13:33:00;132;sem vítima;186,4;BR-101/RJ;Sul;Colisão Traseira;1;;;;;;;;;1;2;;;;
17/07/2017;15:34:00;157;com vítima;309;BR-101/RJ;Norte;Colisão Lateral;1;;;1;;;;;;;1;1;;;
17/07/2017;16:54:00;178;sem vítima;295,5;BR-101/RJ;Norte;Colisão Traseira;2;;;;;;;;;;2;;;;
17/07/2017;16:55:00;179;sem vítima;311;BR-101/RJ;Norte;Engavetamento;3;;;;;;;;;;4;;;;
17/07/2017;17:35:00;186;com vítima;32,3;BR-101/RJ;Norte;Choque - Outros;1;;;;;;;;;;0;1;;;
18/07/2017;08:18:00;63;sem vítima;190,1;BR-101/RJ;Norte;Colisão Traseira;;;1;;;;;;;1;3;;;;
18/07/2017;15:09:00;155;sem vítima;159,385;BR-101/RJ;Norte;Engavetamento;2;;2;;;1;;;;;10;;;;
18/07/2017;16:12:00;165;sem vítima;262,147;BR-101/RJ;Norte;Choque - Elemento de Drenagem;1;;;;;;;;;;2;;;;
18/07/2017;17:25:00;176;com vítima;261,8;BR-101/RJ;Norte;Choque - Defensa, barreira ou "submarino";;;1;;;;;;;;0;1;;;
18/07/2017;17:59:00;184;sem vítima;40,5;BR-101/RJ;Norte;Atropelamento de Animal;1;;;;;;;;;;1;;;;
18/07/2017;18:17:00;187;sem vítima;297,5;BR-101/RJ;Sul;Colisão Traseira;2;;;;;;;;;;2;;;;
18/07/2017;21:30:00;205;sem vítima;217,988;BR-101/RJ;Norte;Choque - Defensa, barreira ou "submarino";1;;;;;;;;;;2;;;;
19/07/2017;06:26:00;22;sem vítima;315,8;BR-101/RJ;Sul;Engavetamento;2;;;;;1;;;;;3;;;;
19/07/2017;06:34:00;25;sem vítima;177,55;BR-101/RJ;Sul;Colisão Traseira;;;2;;;;;;;;2;;;;
19/07/2017;07:15:00;33;sem vítima;122;BR-101/RJ;Sul;Colisão Traseira;1;;1;;;;;;;;4;;;;
19/07/2017;10:12:00;100;sem vítima;297,4;BR-101/RJ;Sul;Colisão Traseira;1;;1;;;;;;;;2;;;;
19/07/2017;16:21:00;177;sem vítima;189,09;BR-101/RJ;Sul;Choque - Suporte de Sinalização;1;;;;;;;;;;1;;;;
20/07/2017;01:12:00;11;sem vítima;195,198;BR-101/RJ;Norte;Choque - Outros;1;;;;;;;;;;1;;;;
20/07/2017;08:58:00;95;sem vítima;268,7;BR-101/RJ;Norte;Colisão Lateral;1;;;;;1;;;;;2;;;;
20/07/2017;15:31:00;177;com vítima;144,4;BR-101/RJ;Sul;Choque - Defensa, barreira ou "submarino";1;;;;;;;;;;1;;1;;
20/07/2017;17:44:00;210;sem vítima;297,8;BR-101/RJ;Sul;Choque - Defensa, barreira ou "submarino";1;;;;;;;;;;1;;;;
20/07/2017;19:20:00;232;sem vítima;260,21;BR-101/RJ;Sul;Choque - Talude;1;;;;;;;;;;1;;;;
20/07/2017;22:16:00;252;sem vítima;211,3;BR-101/RJ;Norte;Choque - Suporte de Sinalização;1;;;;;;;;;;1;;;;
21/07/2017;04:05:00;12;com vítima;152,386;BR-101/RJ;Norte;Choque - Talude;1;;;;;;;;;;0;1;;;
21/07/2017;07:00:00;29;sem vítima;311;BR-101/RJ;Sul;Queda de Moto;;;;1;;;;;;;1;;;;
21/07/2017;08:43:00;77;com vítima;295;BR-101/RJ;Norte;Colisão Traseira;;;2;;;;;;;;1;2;;;
21/07/2017;11:11:00;131;sem vítima;62,5;BR-101/RJ;Sul;Colisão Traseira;2;;;;;;;;;;2;;;;
21/07/2017;14:43:00;187;sem vítima;286,6;BR-101/RJ;Norte;Colisão Traseira;2;;;;;;;;;;2;;;;
21/07/2017;15:24:00;197;sem vítima;158,1;BR-101/RJ;Sul;Atropelamento de Animal;1;;;;;;;;;;2;;;;
21/07/2017;16:33:00;212;sem vítima;318,1;BR-101/RJ;Norte;Queda de Moto;;;;1;;;;;;;2;;;;
21/07/2017;16:54:00;218;sem vítima;317;BR-101/RJ;Norte;Colisão Traseira;1;;;1;;;;;;;2;;;;
21/07/2017;18:44:00;241;sem vítima;297,6;BR-101/RJ;Sul;Colisão Traseira;1;;;1;;;;;;;2;;;;
21/07/2017;20:26:00;257;sem vítima;318,1;BR-101/RJ;Norte;Colisão Traseira;2;;;;;;;;;;2;;;;
21/07/2017;20:41:00;260;sem vítima;306;BR-101/RJ;Norte;Engavetamento;4;;;;;1;;;;;11;;;;
21/07/2017;22:22:00;272;sem vítima;313,08;BR-101/RJ;Norte;Colisão Lateral;2;;;;;;;;;;7;;;;
21/07/2017;22:57:00;278;com vítima;63,336;BR-101/RJ;Norte;Colisão Transversal;2;;;;;;;;;;2;1;;;
22/07/2017;04:46:00;17;sem vítima;318,4;BR-101/RJ;Sul;Choque - Arvore;1;;;;;;;;;;1;;;;
22/07/2017;07:14:00;29;sem vítima;283,45;BR-101/RJ;Sul;Choque - Talude;1;;;;;;;;;;1;;;;
22/07/2017;08:41:00;52;sem vítima;313,1;BR-101/RJ;Sul;Choque - Defensa, barreira ou "submarino";1;;;;;;;;;;2;;;;
22/07/2017;09:22:00;60;com vítima;296,14;BR-101/RJ;Norte;Engavetamento;4;;;;;;;;;;9;2;;;
22/07/2017;17:29:00;136;com vítima;264,455;BR-101/RJ;Sul;Capotamento;1;;;;;;;;;;0;1;;;
22/07/2017;19:54:00;160;com vítima;297,9;BR-101/RJ;Norte;Atropelamento - Ciclista;1;1;;;;;;;;;1;;1;;
22/07/2017;19:56:00;162;com vítima;304,107;BR-101/RJ;Norte;Atropelamento de Animal;1;;;;;;;;;;0;1;1;;
22/07/2017;20:00:00;164;sem vítima;304,107;BR-101/RJ;Norte;Colisão Traseira;1;;;;;;;;;1;2;;;;
22/07/2017;21:33:00;175;com vítima;100,438;BR-101/RJ;Norte;Choque - Talude;1;;;;;;;;;;1;1;;;
22/07/2017;22:00:00;180;com vítima;103,376;BR-101/RJ;Sul;Colisão Frontal;;1;;;;1;;;;;1;;;1;
22/07/2017;22:48:00;185;com vítima;73,7;BR-101/RJ;Norte;Colisão Traseira;;1;;1;;;;;;;0;;2;;
22/07/2017;22:53:00;186;sem vítima;307;BR-101/RJ;Norte;Choque - Veiculo parado na pista;1;;;;;1;;;;;2;;;;
23/07/2017;06:43:00;32;com vítima;64,03;BR-101/RJ;Sul;Colisão Transversal;2;;;;;;;;;;2;2;;;
23/07/2017;11:24:00;80;com vítima;320;BR-101/RJ;Norte;Queda de Moto;;;;1;;;;;;;0;1;1;;