data;horario;n_da_ocorrencia;tipo_de_ocorrencia;km;trecho;sentido;tipo_de_acidente;automovel;bicicleta;caminhao;moto;onibus;outros;tracao_animal;transporte_de_cargas_especiais;trator_maquinas;utilitarios;ilesos;levemente_feridos;moderadamente_feridos;gravemente_feridos;mortos
18/12/2017;23:33:00;241;sem vítima;206,603;BR-101/RJ;Norte;Choque - Defensa, barreira ou "submarino";1;;;;;;;;;;1;;;;
19/12/2017;12:25:00;113;sem vítima;314,8;BR-101/RJ;Norte;Engavetamento;3;;;;;;;;;;5;;;;
19/12/2017;14:53:00;134;sem vítima;311,243;BR-101/RJ;Sul;Colisão Traseira;2;;;;;;;;;;2;;;;
19/12/2017;15:30:00;145;com vítima;291,561;BR-101/RJ;Norte;Engavetamento;3;;;;;;;;;;4;1;;;
19/12/2017;16:40:00;164;sem vítima;302,642;BR-101/RJ;Norte;Choque - Defensa, barreira ou "submarino";1;;;;;;;;;;1;;;;
20/12/2017;10:01:00;91;com vítima;285,123;BR-101/RJ;Norte;Colisão Lateral;;;2;;;;;;;;1;1;;;
20/12/2017;10:52:00;107;sem vítima;189,894;BR-101/RJ;Sul;Colisão Traseira;2;;;;;;;;;;2;;;;
20/12/2017;15:14:00;157;sem vítima;296,046;BR-101/RJ;Norte;Engavetamento;3;;;;;;;;;;11;;;;
20/12/2017;15:34:00;161;com vítima;285,123;BR-101/RJ;Norte;Tombamento;;;;1;;;;;;;0;1;;;
20/12/2017;17:15:00;190;com vítima;302,866;BR-101/RJ;Sul;Colisão Lateral;1;;;1;;;;;;;2;2;;;
20/12/2017;22:51:00;238;com vítima;301,055;BR-101/RJ;Norte;Engavetamento;4;;;;;;;;;;5;1;;;
21/12/2017;03:13:00;21;sem vítima;319,05;BR-101/RJ;Norte;Colisão Lateral;1;;1;;;;;;;;3;;;;
21/12/2017;04:30:00;28;sem vítima;236,951;BR-101/RJ;Sul;Colisão Traseira;2;;;;;;;;;;5;;;;
21/12/2017;06:46:00;44;com vítima;291,463;BR-101/RJ;Norte;Choque - Outros;1;;;;;;;;;;0;1;;;
21/12/2017;08:21:00;75;sem vítima;279,01;BR-101/RJ;Norte;Colisão Traseira;1;;;1;;;;;;;2;;;;
21/12/2017;10:26:00;115;com vítima;310,673;BR-101/RJ;Norte;Colisão Traseira;1;;;1;;;;;;;1;1;;;
21/12/2017;11:10:00;126;com vítima;318,587;BR-101/RJ;Sul;Tombamento;;;;1;;;;;;;0;1;1;;
21/12/2017;14:49:00;169;com vítima;16,499;BR-101/RJ;Norte;Colisão Transversal;;;;2;;;;;;;0;2;;;
21/12/2017;16:20:00;194;com vítima;313,021;BR-101/RJ;Norte;Colisão Lateral;1;;;1;;;;;;;1;1;;;
21/12/2017;23:52:00;289;sem vítima;192,437;BR-101/RJ;Norte;Colisão Traseira;;;2;;;;;;;;3;;;;
22/12/2017;00:56:00;15;com vítima;47,675;BR-101/RJ;Norte;Colisão Lateral;;;1;;;;;;;1;1;1;;;
22/12/2017;01:59:00;19;sem vítima;34,404;BR-101/RJ;Sul;Colisão Traseira;;;2;;;;;;;;2;;;;
22/12/2017;05:26:00;30;sem vítima;280,027;BR-101/RJ;Sul;Choque - Defensa, barreira ou "submarino";1;;;;;;;;;;2;;;;
22/12/2017;06:20:00;35;com vítima;159,086;BR-101/RJ;Sul;Colisão Frontal;2;;;;;;;;;;0;6;;;
22/12/2017;10:29:00;95;sem vítima;283,5;BR-101/RJ;Norte;Choque - Poste;;;1;;;;;;;;1;;;;
22/12/2017;11:45:00;109;sem vítima;265,389;BR-101/RJ;Sul;Colisão Traseira;2;;;;;;;;;;2;;;;
22/12/2017;14:51:00;154;com vítima;319,58;BR-101/RJ;Sul;Colisão Traseira;1;;;1;;;;;;;3;1;;;
22/12/2017;15:17:00;160;sem vítima;210,069;BR-101/RJ;Norte;Tombamento;;;1;;;;;;;;1;;;;
22/12/2017;16:43:00;179;sem vítima;74,802;BR-101/RJ;Norte;Colisão Traseira;1;;1;;;;;;;;2;;;;
22/12/2017;17:09:00;186;com vítima;311,409;BR-101/RJ;Norte;Engavetamento;2;;;;;1;;;;;2;3;;;
22/12/2017;18:23:00;206;sem vítima;315,07;BR-101/RJ;Norte;Colisão Lateral;;;1;;1;;;;;;2;;;;
22/12/2017;19:07:00;216;sem vítima;196,803;BR-101/RJ;Norte;Colisão Lateral;2;;;;;;;;;;4;;;;
22/12/2017;20:27:00;229;com vítima;319,182;BR-101/RJ;Sul;Tombamento;;;;1;;;;;;;0;1;;;
22/12/2017;20:27:00;230;com vítima;309,373;BR-101/RJ;Norte;Tombamento;;;;1;;;;;;;0;;1;;
22/12/2017;21:31:00;236;sem vítima;293,346;BR-101/RJ;Sul;Choque - Defensa, barreira ou "submarino";1;;;;;;;;;;1;;;;
22/12/2017;22:30:00;249;com vítima;256,9;BR-101/RJ;Norte;Colisão Traseira;1;;1;;;;;;;;6;1;;;
22/12/2017;23:57:00;261;com vítima;253,514;BR-101/RJ;Norte;Choque - Defensa, barreira ou "submarino";1;;;;;;;;;;0;1;;;
23/12/2017;04:05:00;28;sem vítima;121,66;BR-101/RJ;Sul;Choque - Defensa, barreira ou "submarino";1;;;;;;;;;;1;;;;
23/12/2017;05:52:00;41;com vítima;118;BR-101/RJ;Sul;Choque - Defensa, barreira ou "submarino";;;;1;;;;;;;0;1;;;
23/12/2017;07:24:00;53;com vítima;87,85;BR-101/RJ;Norte;Choque - Defensa, barreira ou "submarino";1;;;;;;;;;;0;1;1;;
23/12/2017;08:04:00;58;sem vítima;81,194;BR-101/RJ;Sul;Colisão Traseira;2;;;;;;;;;;2;;;;
23/12/2017;10:56:00;111;com vítima;267,541;BR-101/RJ;Sul;Tombamento;;;;1;;;;;;;0;1;;;
23/12/2017;20:03:00;269;sem vítima;129,7;BR-101/RJ;Norte;Choque - Objeto sobre a pista;3;;2;;;;;;;;6;;;;
23/12/2017;20:52:00;273;sem vítima;129,7;BR-101/RJ;Norte;Choque - Objeto sobre a pista;1;;1;;;;;;;;2;;;;
23/12/2017;21:54:00;282;com vítima;304,513;BR-101/RJ;Sul;Atropelamento de Animal;1;;;;;;;;;;2;1;;;
24/12/2017;00:04:00;2;sem vítima;0,1;BR-101/RJ;Sul;Colisão Traseira;1;;;;;1;;;;;2;;;;
24/12/2017;00:22:00;5;sem vítima;312,115;BR-101/RJ;Norte;Colisão Traseira;2;;;;;;;;;;4;;;;
24/12/2017;04:27:00;15;com vítima;187,42;BR-101/RJ;Norte;Colisão Frontal;1;;1;;;;;;;;1;1;2;;
24/12/2017;06:38:00;21;sem vítima;282,518;BR-101/RJ;Norte;Choque - Defensa, barreira ou "submarino";1;;;;;;;;;;2;;;;
24/12/2017;10:48:00;56;com vítima;108,97;BR-101/RJ;Sul;Capotamento;;;;;;;;;;;0;;;1;
24/12/2017;10:57:00;58;com vítima;92,8;BR-101/RJ;Norte;Choque - Defensa, barreira ou "submarino";1;;;;;;;;;;1;1;;;
24/12/2017;12:13:00;74;com vítima;68,9;BR-101/RJ;Sul;Colisão Frontal;2;;;;;;;;;;0;;2;3;
24/12/2017;15:08:00;102;sem vítima;208,762;BR-101/RJ;Sul;Choque - Outros;1;;;;;;;;;;2;;;;
24/12/2017;15:08:00;107;sem vítima;209,719;BR-101/RJ;Norte;Choque - Defensa, barreira ou "submarino";1;;;;;;;;;;5;;;;
24/12/2017;16:02:00;110;sem vítima;237,214;BR-101/RJ;Sul;Choque - Defensa, barreira ou "submarino";1;;;;;1;;;;;5;;;;
24/12/2017;16:03:00;111;com vítima;178,22;BR-101/RJ;Norte;Choque - Defensa, barreira ou "submarino";1;;;;;;;;;1;4;;1;;
24/12/2017;16:27:00;117;com vítima;128,7;BR-101/RJ;Norte;Capotamento;1;;;;;;;;;;0;;1;;
24/12/2017;18:55:00;139;sem vítima;311,745;BR-101/RJ;Sul;Colisão Lateral;2;;;;;1;;;;;6;;;;
25/12/2017;13:08:00;76;sem vítima;272,1;BR-101/RJ;Sul;Colisão Lateral;2;;;;;;;;;;5;;;;
25/12/2017;13:34:00;79;sem vítima;283,317;BR-101/RJ;Norte;Colisão Traseira;1;;;1;;;;;;;2;;;;
25/12/2017;15:13:00;93;sem vítima;59,543;BR-101/RJ;Norte;Colisão Traseira;1;;1;;;;;;;;5;;;;
25/12/2017;15:46:00;104;sem vítima;283,7;BR-101/RJ;Sul;Colisão Traseira;2;;;;;;;;;;4;;;;
25/12/2017;16:44:00;115;sem vítima;86,791;BR-101/RJ;Norte;Choque - Defensa, barreira ou "submarino";1;;;;;;;;;;1;;;;
25/12/2017;18:45:00;151;sem vítima;206,429;BR-101/RJ;Norte;Colisão Transversal;2;;;;;;;;;;4;;;;
25/12/2017;19:47:00;169;com vítima;292,6;BR-101/RJ;Sul;Colisão Traseira;;;;1;;;;;;1;2;1;;;
25/12/2017;20:11:00;177;sem vítima;282,8;BR-101/RJ;Norte;Colisão Traseira;1;;;;;1;;;;;2;;;;
25/12/2017;20:46:00;187;com vítima;48,98;BR-101/RJ;Norte;Colisão Frontal;1;;;1;;;;;;;1;2;;;1
25/12/2017;21:06:00;191;sem vítima;294,317;BR-101/RJ;Sul;Engavetamento;3;;;;;1;;;;;12;;;;
25/12/2017;22:16:00;206;sem vítima;309,616;BR-101/RJ;Norte;Atropelamento de Animal;1;;;;;;;;;;4;;;;
25/12/2017;22:53:00;213;com vítima;69,336;BR-101/RJ;Sul;Tombamento;;;;1;;;;;;;0;2;;;
26/12/2017;09:57:00;91;sem vítima;272,56;BR-101/RJ;Sul;Colisão Lateral;1;;1;;;;;;;;5;;;;
26/12/2017;11:38:00;112;sem vítima;306,528;BR-101/RJ;Norte;Colisão Traseira;2;;;;;;;;;;2;;;;
26/12/2017;12:49:00;131;sem vítima;62,542;BR-101/RJ;Sul;Choque - Elemento de Drenagem;;;1;;;;;;;;1;;;;
26/12/2017;13:05:00;135;sem vítima;256,6;BR-101/RJ;Sul;Colisão Traseira;2;;;;;;;;;;8;;;;
26/12/2017;15:17:00;177;com vítima;296,787;BR-101/RJ;Norte;Colisão Lateral;1;;;1;;;;;;;3;2;;;
26/12/2017;16:12:00;190;sem vítima;297,919;BR-101/RJ;Norte;Colisão Traseira;;;1;;;1;;;;;2;;;;
26/12/2017;17:14:00;204;sem vítima;293,998;BR-101/RJ;Norte;Colisão Traseira;2;;;;;;;;;;5;;;;
26/12/2017;22:44:00;265;sem vítima;154,106;BR-101/RJ;Sul;Colisão Lateral;1;;2;;;;;;;;4;;;;
26/12/2017;23:51:00;279;sem vítima;293,523;BR-101/RJ;Sul;Choque - Poste;1;;;;;;;;;;1;;;;
27/12/2017;03:28:00;21;sem vítima;110,193;BR-101/RJ;Norte;Choque - Elemento de Drenagem;;;1;;;;;;;;1;;;;
27/12/2017;04:06:00;23;sem vítima;151,506;BR-101/RJ;Sul;Atropelamento de Animal;1;;;;;;;;;;1;;;;
27/12/2017;08:37:00;71;sem vítima;34,178;BR-101/RJ;Norte;Colisão Traseira;2;;;;;;;;;;2;;;;
27/12/2017;09:31:00;89;com vítima;302,303;BR-101/RJ;Norte;Atropelamento - Morador;;;;;;1;;;;;1;;;1;
27/12/2017;11:04:00;115;sem vítima;302,8;BR-101/RJ;Norte;Colisão Traseira;1;;;;;1;;;;;2;;;;
27/12/2017;15:37:00;187;com vítima;52,171;BR-101/RJ;Norte;Colisão Lateral;1;;;;;1;;;;;2;1;;;
27/12/2017;17:11:00;208;sem vítima;314,792;BR-101/RJ;Sul;Colisão Traseira;2;;;;;;;;;;5;;;;
28/12/2017;03:26:00;28;com vítima;119,474;BR-101/RJ;Norte;Colisão Traseira;;;2;;;;;;;;1;1;;;
28/12/2017;08:24:00;77;sem vítima;12,639;BR-101/RJ;Norte;Colisão Transversal;2;;;;;;;;;;4;;;;
28/12/2017;12:49:00;143;com vítima;310,379;BR-101/RJ;Norte;Colisão Lateral;1;;;1;;;;;;;1;1;;;
28/12/2017;15:15:00;173;sem vítima;271,022;BR-101/RJ;Norte;Choque - Outros;1;;;;;;;;;;2;;;;
28/12/2017;15:28:00;177;sem vítima;269,4;BR-101/RJ;Norte;Engavetamento;1;;;;;2;;;;;3;;;;
28/12/2017;16:06:00;190;com vítima;229,566;BR-101/RJ;Sul;Choque - Defensa, barreira ou "submarino";1;;;;;;;;;;1;1;;;
28/12/2017;17:22:00;216;sem vítima;178,91;BR-101/RJ;Norte;Choque - Defensa, barreira ou "submarino";1;;;;;;;;;;4;;;;
28/12/2017;20:01:00;247;sem vítima;309,293;BR-101/RJ;Norte;Colisão Traseira;2;;;;;;;;;;2;;;;
28/12/2017;23:22:00;269;com vítima;310,3;BR-101/RJ;Sul;Colisão Traseira;2;;;;;;;;;;2;1;;;
28/12/2017;23:43:00;273;sem vítima;174,957;BR-101/RJ;Norte;Atropelamento de Animal;1;;;;;;;;;;1;;;;
29/12/2017;04:28:00;28;com vítima;57,459;BR-101/RJ;Sul;Atropelamento de Animal;1;;;;;;;;;;0;4;;1;
29/12/2017;08:53:00;78;com vítima;59,8;BR-101/RJ;Sul;Colisão Transversal;1;;;1;;;;;;;1;1;;;
29/12/2017;11:18:00;114;com vítima;80,011;BR-101/RJ;Sul;Colisão Lateral;2;;;;;;;;;;3;1;;;
29/12/2017;15:21:00;154;sem vítima;282,313;BR-101/RJ;Norte;Tombamento;;;1;;;;;;;;1;;;;
29/12/2017;18:42:00;203;sem vítima;178,97;BR-101/RJ;Norte;Choque - Defensa, barreira ou "submarino";1;;;;;;;;;;1;;;;
30/12/2017;03:08:00;31;com vítima;283,5;BR-101/RJ;Norte;Engavetamento;7;;;;1;;;;;;46;8;3;;4
30/12/2017;04:29:00;40;sem vítima;144,572;BR-101/RJ;Norte;Colisão Lateral;1;;;;;1;;;;;6;;;;
30/12/2017;05:50:00;43;com vítima;259,25;BR-101/RJ;Norte;Colisão Frontal;2;;;;;;;;;;0;;;2;6
30/12/2017;06:36:00;50;sem vítima;285;BR-101/RJ;Norte;Colisão Lateral;1;;1;;;;;;;;2;;;;
30/12/2017;07:26:00;59;sem vítima;284,4;BR-101/RJ;Norte;Colisão Lateral;;;1;;;1;;;;;2;;;;
30/12/2017;07:52:00;63;com vítima;304,833;BR-101/RJ;Norte;Colisão Lateral;;;;1;;1;;;;;1;1;;;
30/12/2017;09:16:00;74;com vítima;260,418;BR-101/RJ;Norte;Colisão Lateral;1;;;1;;;;;;;2;2;;;
30/12/2017;09:22:00;77;sem vítima;259,25;BR-101/RJ;Sul;Colisão Traseira;2;;;;;;;;;;7;;;;
30/12/2017;10:15:00;87;sem vítima;261,647;BR-101/RJ;Norte;Engavetamento;2;;1;;;;;;;;7;;;;
30/12/2017;11:36:00;100;com vítima;301,08;BR-101/RJ;Sul;Choque - Defensa, barreira ou "submarino";1;;;;;;;;;;1;2;;;
30/12/2017;11:50:00;104;sem vítima;76,4;BR-101/RJ;Sul;Colisão Traseira;2;;;;;;;;;;7;;;;
30/12/2017;13:40:00;127;com vítima;262,532;BR-101/RJ;Norte;Choque - Defensa, barreira ou "submarino";1;;;;;;;;;;1;2;;;
30/12/2017;14:30:00;135;sem vítima;261,767;BR-101/RJ;Norte;Choque - Elemento de Drenagem;1;;;;;;;;;;2;;;;
30/12/2017;14:44:00;136;sem vítima;256,822;BR-101/RJ;Sul;Choque - Defensa, barreira ou "submarino";1;;;;;;;;;;2;;;;
30/12/2017;15:32:00;144;sem vítima;262,299;BR-101/RJ;Sul;Choque - Defensa, barreira ou "submarino";2;;;;;;;;;;2;;;;
30/12/2017;16:56:00;161;com vítima;242,806;BR-101/RJ;Sul;Choque - Defensa, barreira ou "submarino";1;;1;;;;;;;;2;3;;;
30/12/2017;17:01:00;162;sem vítima;186,68;BR-101/RJ;Sul;Choque - Defensa, barreira ou "submarino";1;;;;;;;;;;1;;;;
30/12/2017;17:35:00;168;sem vítima;192,8;BR-101/RJ;Norte;Colisão Traseira;1;;1;;;;;;;;6;;;;
30/12/2017;20:41:00;189;sem vítima;265,26;BR-101/RJ;Norte;Choque - Elemento de Drenagem;1;;;;;;;;;;5;;;;
30/12/2017;21:48:00;195;com vítima;57,387;BR-101/RJ;Sul;Colisão Traseira;1;;;1;;;;;;;1;;1;;
31/12/2017;06:58:00;30;com vítima;145,6;BR-101/RJ;Norte;Choque - Elemento de Drenagem;1;;;;;;;;;;0;2;;;
31/12/2017;15:12:00;86;com vítima;282,815;BR-101/RJ;Norte;Tombamento;;;;1;;;;;;;0;1;;;
31/12/2017;15:52:00;91;sem vítima;61,166;BR-101/RJ;Sul;Colisão Lateral;1;;;;;1;;;;;5;;;;
31/12/2017;16:01:00;98;sem vítima;95,043;BR-101/RJ;Sul;Choque - Arvore;1;;;;;;;;;;1;;;;
31/12/2017;22:57:00;147;sem vítima;73,749;BR-101/RJ;Sul;Atropelamento de Animal;1;;;;;;;;;;3;;;;
01/01/2018;08:20:00;31;com vítima;283,055;BR-101/RJ;Sul;Tombamento;;;;1;;;;;;;0;1;;;
01/01/2018;08:54:00;36;com vítima;105,963;BR-101/RJ;Sul;Choque - Objeto sobre a pista;;;1;1;;1;;;;;2;1;;;
01/01/2018;13:57:00;91;com vítima;184,668;BR-101/RJ;Norte;Choque - Defensa, barreira ou "submarino";1;;;;;;;;;;0;1;;;
01/01/2018;14:23:00;99;sem vítima;293,078;BR-101/RJ;Sul;Engavetamento;4;;;;;;;;;;14;;;;
01/01/2018;15:59:00;115;sem vítima;285,945;BR-101/RJ;Sul;Engavetamento;1;;;;;2;;;;;4;;;;
01/01/2018;19:23:00;151;sem vítima;268,355;BR-101/RJ;Sul;Colisão Traseira;2;;;;;;;;;;2;;;;
01/01/2018;19:47:00;156;com vítima;295,557;BR-101/RJ;Sul;Colisão Traseira;;;;1;;;;;;;0;2;;;
01/01/2018;22:45:00;180;com vítima;269,696;BR-101/RJ;Norte;Colisão Traseira;1;;;1;;;;;;;3;1;;;
01/01/2018;23:10:00;181;sem vítima;168,987;BR-101/RJ;Sul;Atropelamento de Animal;1;;;;;;;;;;1;;;;
02/01/2018;02:16:00;29;sem vítima;299,507;BR-101/RJ;Norte;Choque - Defensa, barreira ou "submarino";1;;;;;;;;;;1;;;;
02/01/2018;05:38:00;45;com vítima;301,85;BR-101/RJ;Sul;Engavetamento;5;;;1;;;;;;;10;2;;;
02/01/2018;06:24:00;51;sem vítima;272,3;BR-101/RJ;Sul;Choque - Elemento de Drenagem;1;;;;;;;;;;1;;;;
02/01/2018;08:00:00;77;com vítima;316,112;BR-101/RJ;Sul;Colisão Lateral;1;;;1;;;;;;;5;1;1;;
02/01/2018;08:25:00;83;com vítima;27,811;BR-101/RJ;Norte;Colisão Traseira;2;;;;;;;;;;0;5;;;
02/01/2018;10:37:00;114;sem vítima;300,01;BR-101/RJ;Sul;Colisão Traseira;2;;;;;;;;;;2;;;;
02/01/2018;11:53:00;137;sem vítima;271,924;BR-101/RJ;Norte;Choque - Outros;1;;;;;;;;;;1;;;;
02/01/2018;15:17:00;190;sem vítima;299,637;BR-101/RJ;Norte;Engavetamento;3;;;;;;;;;;8;;;;
02/01/2018;15:41:00;195;sem vítima;270,6;BR-101/RJ;Sul;Colisão Traseira;1;;;;;1;;;;;6;;;;
02/01/2018;15:57:00;203;com vítima;295,303;BR-101/RJ;Sul;Colisão Traseira;2;;;;;;;;;;5;1;;;
02/01/2018;16:57:00;219;com vítima;43,796;BR-101/RJ;Norte;Colisão Lateral;1;;1;;;;;;;;0;2;;;
02/01/2018;19:30:00;260;com vítima;308,35;BR-101/RJ;Sul;Colisão Lateral;1;;;1;;;;;;;6;;1;;
02/01/2018;21:28:00;277;sem vítima;122,889;BR-101/RJ;Norte;Choque - Suporte de Sinalização;;;1;;;;;;;;1;;;;
02/01/2018;23:59:00;309;sem vítima;239,38;BR-101/RJ;Norte;Choque - Defensa, barreira ou "submarino";1;;;;;;;;;;1;;;;
03/01/2018;05:57:00;32;com vítima;296,169;BR-101/RJ;Sul;Atropelamento - Morador;;;1;;;;;;;;1;;1;;
03/01/2018;07:12:00;46;sem vítima;264,262;BR-101/RJ;Norte;Atropelamento de Animal;1;;;;;;;;;;1;;;;
03/01/2018;10:44:00;113;sem vítima;67,771;BR-101/RJ;Norte;Engavetamento;2;;;;;;;;;1;3;;;;
03/01/2018;11:30:00;123;sem vítima;312,532;BR-101/RJ;Sul;Colisão Traseira;2;;;;;;;;;;5;;;;
03/01/2018;13:12:00;149;com vítima;296,17;BR-101/RJ;Norte;Colisão Traseira;2;;;;;;;;;;4;1;;;
03/01/2018;13:21:00;154;sem vítima;319,127;BR-101/RJ;Norte;Colisão Traseira;1;;;;;;;;;1;4;;;;
03/01/2018;16:35:00;211;sem vítima;311,314;BR-101/RJ;Norte;Colisão Traseira;2;;;;;;;;;;4;;;;
03/01/2018;21:02:00;263;sem vítima;301,458;BR-101/RJ;Norte;Colisão Traseira;1;;;;;1;;;;;2;;;;
03/01/2018;21:11:00;265;com vítima;216,1;BR-101/RJ;Norte;Colisão Traseira;1;;1;;;;;;;;1;;1;;
03/01/2018;21:49:00;267;com vítima;77,491;BR-101/RJ;Norte;Atropelamento de Animal;;;1;;;;;;;;0;1;;;
04/01/2018;00:05:00;4;com vítima;233,051;BR-101/RJ;Sul;Choque - Talude;;;1;;;;;;;;0;;1;;1
04/01/2018;01:07:00;10;sem vítima;216,1;BR-101/RJ;Norte;Choque - Defensa, barreira ou "submarino";;;1;;;;;;;;1;;;;
04/01/2018;01:10:00;11;com vítima;313,16;BR-101/RJ;Sul;Capotamento;1;;;;;;;;;;2;1;;;
04/01/2018;02:49:00;20;com vítima;295,313;BR-101/RJ;Norte;Engavetamento;;;3;;;;;;;;3;;1;;
04/01/2018;03:07:00;21;com vítima;295,42;BR-101/RJ;Norte;Colisão Traseira;;;2;;;;;;;;1;1;2;;
04/01/2018;04:30:00;28;sem vítima;232,86;BR-101/RJ;Norte;Choque - Defensa, barreira ou "submarino";1;;;;;;;;;;5;;;;
04/01/2018;05:54:00;33;com vítima;195,617;BR-101/RJ;Sul;Choque - Outros;1;;;;;;;;;;0;1;;;
04/01/2018;06:59:00;39;sem vítima;301,571;BR-101/RJ;Sul;Colisão Traseira;1;;;;1;;;;;;2;;;;
04/01/2018;06:59:00;40;sem vítima;271,235;BR-101/RJ;Norte;Choque - Outros;1;;;;;;;;;;1;;;;
04/01/2018;10:00:00;86;sem vítima;293,482;BR-101/RJ;Sul;Choque - Defensa, barreira ou "submarino";1;;;;;;;;;;1;;;;
04/01/2018;10:13:00;88;sem vítima;295,3;BR-101/RJ;Norte;Colisão Lateral;1;;1;;;;;;;;2;;;;
04/01/2018;12:11:00;111;sem vítima;294,748;BR-101/RJ;Sul;Choque - Defensa, barreira ou "submarino";1;;;;;;;;;;1;;;;
04/01/2018;14:00:00;127;com vítima;10,916;BR-101/RJ;Sul;Choque - Defensa, barreira ou "submarino";1;;;;;;;;;;0;1;;;
04/01/2018;16:07:00;153;sem vítima;58,377;BR-101/RJ;Norte;Colisão Traseira;;;1;;;1;;;;;2;;;;
04/01/2018;16:31:00;156;com vítima;234,783;BR-101/RJ;Norte;Choque - Defensa, barreira ou "submarino";1;;;;;;;;;;2;2;;;
04/01/2018;18:16:00;173;sem vítima;306,023;BR-101/RJ;Sul;Colisão Traseira;1;;;;;1;;;;;5;;;;
04/01/2018;19:20:00;189;sem vítima;297,632;BR-101/RJ;Norte;Colisão Lateral;1;;1;;;;;;;;2;;;;
04/01/2018;19:51:00;200;com vítima;131,028;BR-101/RJ;Norte;Choque - Defensa, barreira ou "submarino";1;;;;;;;;;;0;2;;;
05/01/2018;00:19:00;5;sem vítima;302,075;BR-101/RJ;Norte;Colisão Traseira;1;;;;;1;;;;;2;;;;
05/01/2018;06:00:00;22;sem vítima;242,1;BR-101/RJ;Sul;Atropelamento de Animal;1;;;;;;;;;;1;;;;
05/01/2018;07:19:00;37;com vítima;257,12;BR-101/RJ;Norte;Choque - Defensa, barreira ou "submarino";1;;;;;;;;;;0;3;;;
05/01/2018;15:28:00;139;sem vítima;295,08;BR-101/RJ;Norte;Colisão Traseira;2;;;;;;;;;;2;;;;
05/01/2018;18:28:00;180;sem vítima;175,433;BR-101/RJ;Norte;Choque - Defensa, barreira ou "submarino";1;;;;;;;;;;2;;;;
05/01/2018;19:10:00;187;com vítima;229,75;BR-101/RJ;Sul;Choque - Talude;1;;;;;;;;;;0;5;;;
06/01/2018;00:28:00;6;sem vítima;118,7;BR-101/RJ;Sul;Choque - Defensa, barreira ou "submarino";1;;;;;;;;;;1;;;;
06/01/2018;05:42:00;39;sem vítima;21,8;BR-101/RJ;Norte;Atropelamento de Animal;1;;;;;;;;;;1;;;;
06/01/2018;10:35:00;80;com vítima;295,05;BR-101/RJ;Norte;Colisão Lateral;1;;;1;;;;;;;2;2;;;
06/01/2018;11:24:00;91;com vítima;313,792;BR-101/RJ;Norte;Colisão Traseira;1;;;1;;;;;;;1;1;;;
06/01/2018;15:59:00;151;com vítima;66,408;BR-101/RJ;Sul;Colisão Lateral;1;;;1;;;;;;;1;1;;;
06/01/2018;22:03:00;212;com vítima;274,56;BR-101/RJ;Norte;Colisão Frontal;2;;;;;;;;;;4;1;;;
07/01/2018;03:31:00;10;sem vítima;304,676;BR-101/RJ;Sul;Atropelamento de Animal;;;1;;;;;;;;3;;;;
07/01/2018;07:39:00;18;sem vítima;74,452;BR-101/RJ;Norte;Choque - Defensa, barreira ou "submarino";1;;;;;;;;;;4;;;;
07/01/2018;06:29:00;19;com vítima;315,721;BR-101/RJ;Norte;Atropelamento - Morador;1;;;;;1;;;;;2;;1;;
07/01/2018;18:04:00;116;sem vítima;306,653;BR-101/RJ;Sul;Choque - Defensa, barreira ou "submarino";1;;;;;;;;;;1;;;;
07/01/2018;20:24:00;141;com vítima;120,43;BR-101/RJ;Sul;Choque - Defensa, barreira ou "submarino";;;;1;;;;;;;0;;;1;
08/01/2018;00:14:00;5;com vítima;255,983;BR-101/RJ;Norte;Colisão Traseira;;;;1;;1;;;;;1;2;;;
08/01/2018;04:58:00;16;com vítima;85,81;BR-101/RJ;Sul;Choque - Suporte de Sinalização;;1;;;;1;;;;;1;1;;;
08/01/2018;07:42:00;37;com vítima;49,398;BR-101/RJ;Norte;Colisão Transversal;1;;;1;;;;;;;1;1;;;
08/01/2018;08:35:00;53;com vítima;315,3;BR-101/RJ;Sul;Colisão Lateral;1;;;1;;;;;;;1;1;;;
08/01/2018;08:51:00;58;com vítima;64,492;BR-101/RJ;Sul;Colisão Transversal;2;;;1;;;;;;;0;3;;;
08/01/2018;17:05:00;150;sem vítima;271,824;BR-101/RJ;Norte;Choque - Defensa, barreira ou "submarino";1;;;;;;;;;;1;;;;
08/01/2018;21:09:00;184;com vítima;60,882;BR-101/RJ;Norte;Colisão Lateral;1;;;1;;;;;;;2;;;1;
09/01/2018;05:23:00;19;sem vítima;252,02;BR-101/RJ;Sul;Colisão Traseira;2;;;;;;;;;;6;;;;
09/01/2018;07:26:00;32;com vítima;79,675;BR-101/RJ;Sul;Engavetamento;3;;;;;;;;;;4;3;;;
09/01/2018;08:35:00;60;com vítima;188,025;BR-101/RJ;Norte;Colisão Lateral;4;;;;;;;;;;1;3;3;;
09/01/2018;11:47:00;105;com vítima;311,1;BR-101/RJ;Sul;Atropelamento - Morador;1;;;;;;;;;;1;;1;;