data;horario;n_da_ocorrencia;tipo_de_ocorrencia;km;trecho;sentido;tipo_de_acidente;automovel;bicicleta;caminhao;moto;onibus;outros;tracao_animal;transporte_de_cargas_especiais;trator_maquinas;utilitarios;ilesos;levemente_feridos;moderadamente_feridos;gravemente_feridos;mortos
26/02/2018;18:53:00;170;sem vítima;304,43;BR-101/RJ;Norte;Colisão Traseira;1;;;;;1;;;;;2;;;;
27/02/2018;00:54:00;7;sem vítima;318,774;BR-101/RJ;Norte;Choque - Defensa, barreira ou "submarino";1;;;;;;;;;;1;;;;
27/02/2018;07:48:00;43;com vítima;51,23;BR-101/RJ;Sul;Tombamento;;;;1;;;;;;;0;1;1;;
27/02/2018;11:07:00;110;com vítima;299,114;BR-101/RJ;Norte;Atropelamento - Morador;;;;;;1;;;;;1;;1;;
27/02/2018;14:34:00;133;sem vítima;206,1;BR-101/RJ;Sul;Colisão Lateral;1;;1;;;;;;;;2;;;;
27/02/2018;16:42:00;156;sem vítima;249,017;BR-101/RJ;Norte;Choque - Defensa, barreira ou "submarino";1;;;;;;;;;;1;;;;
27/02/2018;17:13:00;164;sem vítima;223,67;BR-101/RJ;Norte;Colisão Traseira;;;;;;1;;;;1;2;;;;
27/02/2018;17:27:00;168;com vítima;314,631;BR-101/RJ;Norte;Atropelamento de Animal;;;;1;;;;;;;0;1;;;
27/02/2018;19:30:00;178;sem vítima;268,5;BR-101/RJ;Sul;Choque - Talude;1;;;;;;;;;;1;;;;
27/02/2018;22:32:00;197;sem vítima;291,5;BR-101/RJ;Norte;Atropelamento de Animal;;;;;;1;;;;;1;;;;
27/02/2018;22:48:00;199;com vítima;295,35;BR-101/RJ;Norte;Colisão Lateral;2;;;;;;;;;;1;2;;;
28/02/2018;04:54:00;14;sem vítima;12,6;BR-101/RJ;Norte;Choque - Outros;1;;;;;;;;;;1;;;;
28/02/2018;13:10:00;148;sem vítima;179,85;BR-101/RJ;Norte;Choque - Talude;1;;;;;;;;;;2;;;;
28/02/2018;16:38:00;175;sem vítima;221,5;BR-101/RJ;Sul;Choque - Talude;1;;;;;;;;;;1;;;;
28/02/2018;19:17:00;204;com vítima;72,8;BR-101/RJ;Norte;Queda;;1;;;;;;;;;0;1;;;
01/03/2018;00:28:00;4;com vítima;44,4;BR-101/RJ;Norte;Colisão Traseira;1;;1;;;;;;;;1;1;;;
01/03/2018;07:04:00;25;com vítima;308,07;BR-101/RJ;Sul;Colisão Lateral;1;;;1;;;;;;;1;;1;;
01/03/2018;13:05:00;106;com vítima;66,25;BR-101/RJ;Norte;Choque - Suporte de Sinalização;1;;;;;;;;;;0;1;1;;
01/03/2018;13:54:00;114;sem vítima;316,6;BR-101/RJ;Norte;Choque - Defensa, barreira ou "submarino";1;;;;;;;;;;1;;;;
01/03/2018;18:35:00;162;sem vítima;53,7;BR-101/RJ;Norte;Choque - Objeto sobre a pista;1;;;;;;;;;;1;;;;
01/03/2018;20:35:00;174;sem vítima;318,3;BR-101/RJ;Norte;Outros - Sequência;1;;1;;;1;;;;;5;;;;
02/03/2018;10:59:00;93;com vítima;134,8;BR-101/RJ;Norte;Capotamento;1;;;;;;;;;;0;1;;;
02/03/2018;14:19:00;115;sem vítima;302,8;BR-101/RJ;Norte;Colisão Traseira;1;;1;;;;;;;;3;;;;
02/03/2018;15:24:00;126;com vítima;66,3;BR-101/RJ;Norte;Colisão Traseira;1;;;1;;;;;;;1;;1;;
02/03/2018;16:06:00;134;sem vítima;213,75;BR-101/RJ;Sul;Colisão Traseira;2;;;;;;;;;;3;;;;
02/03/2018;17:35:00;148;com vítima;305,156;BR-101/RJ;Norte;Colisão Lateral;;;;1;;1;;;;;2;1;;;
02/03/2018;23:38:00;204;sem vítima;308,229;BR-101/RJ;Norte;Choque - Defensa, barreira ou "submarino";1;;;;;;;;;;3;;;;
03/03/2018;06:16:00;18;com vítima;63,9;BR-101/RJ;Sul;Colisão Lateral;1;;1;;;;;;;;1;1;;;
03/03/2018;07:28:00;24;sem vítima;286,351;BR-101/RJ;Norte;Choque - Defensa, barreira ou "submarino";1;;;;;;;;;;2;;;;
03/03/2018;09:19:00;45;com vítima;295,643;BR-101/RJ;Norte;Engavetamento;2;;;;1;;;;;;4;2;;;
03/03/2018;09:47:00;49;com vítima;303,298;BR-101/RJ;Norte;Choque - Defensa, barreira ou "submarino";;;;1;;;;;;;0;;;1;
03/03/2018;14:10:00;83;sem vítima;90,3;BR-101/RJ;Norte;Choque - Talude;1;;;;;;;;;;2;;;;
03/03/2018;14:46:00;88;com vítima;314,7;BR-101/RJ;Norte;Engavetamento;4;;;;;;;;;;5;2;;;
03/03/2018;15:35:00;98;com vítima;221,693;BR-101/RJ;Sul;Choque - Elemento de Drenagem;;;;;;;;;;1;0;1;;;
04/03/2018;13:26:00;72;sem vítima;266,902;BR-101/RJ;Sul;Choque - Defensa, barreira ou "submarino";1;;;;;;;;;;1;;;;
04/03/2018;16:02:00;99;com vítima;304,452;BR-101/RJ;Norte;Choque - Defensa, barreira ou "submarino";1;;;;;;;;;;1;1;;;
04/03/2018;16:45:00;105;com vítima;92,464;BR-101/RJ;Sul;Capotamento;1;;;;;;;;;;2;;1;2;
04/03/2018;21:45:00;131;sem vítima;55,5;BR-101/RJ;Norte;Colisão Lateral;;;;;1;1;;;;;2;;;;
05/03/2018;08:07:00;50;sem vítima;311,7;BR-101/RJ;Sul;Colisão Lateral;1;;;1;;;;;;;2;;;;
05/03/2018;20:37:00;184;sem vítima;297,669;BR-101/RJ;Sul;Colisão Traseira;1;;;;1;;;;;;2;;;;
06/03/2018;02:39:00;11;sem vítima;303,41;BR-101/RJ;Norte;Choque - Defensa, barreira ou "submarino";1;;;;;;;;;;1;;;;
06/03/2018;09:51:00;69;sem vítima;123,644;BR-101/RJ;Norte;Colisão Traseira;2;;;;;;;;;;3;;;;
06/03/2018;10:24:00;84;com vítima;238,95;BR-101/RJ;Sul;Choque - Arvore;1;;;;;;;;;;0;1;;;
06/03/2018;12:46:00;104;com vítima;293,353;BR-101/RJ;Sul;Tombamento;;;;1;;;;;;;0;1;;;
06/03/2018;17:06:00;145;com vítima;314,64;BR-101/RJ;Norte;Colisão Traseira;1;;;1;;;;;;;1;1;;;
06/03/2018;18:37:00;162;com vítima;311,514;BR-101/RJ;Norte;Colisão Lateral;1;;;1;;;;;;;3;1;;;
06/03/2018;19:16:00;169;com vítima;191,588;BR-101/RJ;Sul;Atropelamento - Andarilho;1;;;;;;;;;;0;1;;;
07/03/2018;03:24:00;17;sem vítima;234,498;BR-101/RJ;Sul;Choque - Defensa, barreira ou "submarino";;;1;;;;;;;;1;;;;
07/03/2018;07:00:00;36;com vítima;293,5;BR-101/RJ;Sul;Tombamento;;;;1;;;;;;;0;1;1;;
07/03/2018;07:07:00;40;sem vítima;302,891;BR-101/RJ;Sul;Colisão Frontal;1;;;;;1;;;;;2;;;;
07/03/2018;07:40:00;54;com vítima;130,531;BR-101/RJ;Norte;Tombamento;;;;;;;;;;1;1;;1;;
07/03/2018;09:21:00;92;sem vítima;318,3;BR-101/RJ;Sul;Engavetamento;1;;;;;;;;;2;3;;;;
07/03/2018;10:10:00;96;sem vítima;62,1;BR-101/RJ;Norte;Colisão Traseira;2;;;;;;;;;;2;;;;
07/03/2018;13:58:00;141;com vítima;233,178;BR-101/RJ;Norte;Capotamento;1;;;;;;;;;;0;1;;;
07/03/2018;16:45:00;173;sem vítima;100,6;BR-101/RJ;Sul;Choque - Talude;1;;;;;;;;;;1;;;;
08/03/2018;07:26:00;42;com vítima;314,723;BR-101/RJ;Sul;Engavetamento;3;;;;;;;;;1;8;8;;;
08/03/2018;08:14:00;58;com vítima;307,439;BR-101/RJ;Sul;Colisão Traseira;1;;;1;;;;;;;1;1;;;
08/03/2018;10:06:00;90;sem vítima;293,1;BR-101/RJ;Sul;Choque - Outros;1;;;;;;;;;;1;;;;
08/03/2018;12:17:00;113;sem vítima;265,451;BR-101/RJ;Sul;Choque - Talude;1;;;;;;;;;;2;;;;
08/03/2018;12:49:00;121;sem vítima;175,139;BR-101/RJ;Norte;Colisão Traseira;2;;;;;;;;;;9;;;;
08/03/2018;13:23:00;127;com vítima;264,321;BR-101/RJ;Sul;Colisão Traseira;1;;;1;;;;;;;1;;1;;
08/03/2018;13:45:00;132;sem vítima;109,581;BR-101/RJ;Norte;Capotamento;;;;;;;;;;1;1;;;;
08/03/2018;13:53:00;133;sem vítima;231,992;BR-101/RJ;Norte;Choque - Talude;1;;;;;;;;;;1;;;;
08/03/2018;13:56:00;134;sem vítima;109,6;BR-101/RJ;Norte;Choque - Talude;1;;;;;;;;;;1;;;;
08/03/2018;14:26:00;140;sem vítima;118,359;BR-101/RJ;Norte;Saida de Pista;1;;;;;;;;;;3;;;;
08/03/2018;14:38:00;142;sem vítima;297,9;BR-101/RJ;Norte;Engavetamento;1;;2;;;1;;;;;5;;;;
08/03/2018;14:50:00;145;com vítima;91,428;BR-101/RJ;Norte;Capotamento;;;1;;;;;;;;0;1;;1;
08/03/2018;15:08:00;150;sem vítima;296,8;BR-101/RJ;Sul;Engavetamento;3;;;;;;;;;;3;;;;
08/03/2018;15:26:00;151;sem vítima;289,761;BR-101/RJ;Norte;Choque - Suporte de Sinalização;1;;;;;;;;;;1;;;;
08/03/2018;18:16:00;176;com vítima;139,924;BR-101/RJ;Sul;Tombamento;;;1;;;;;;;;1;1;;;
08/03/2018;19:35:00;190;sem vítima;320,322;BR-101/RJ;Sul;Colisão Traseira;1;;;;;1;;;;;2;;;;
08/03/2018;20:02:00;198;sem vítima;68,94;BR-101/RJ;Norte;Atropelamento de Animal;;;1;;;;;;;;1;;;;
09/03/2018;02:27:00;17;sem vítima;103,1;BR-101/RJ;Norte;Choque - Outros;1;;;;;;;;;;1;;;;
09/03/2018;03:46:00;20;sem vítima;296,1;BR-101/RJ;Norte;Choque - Defensa, barreira ou "submarino";1;;;;;;;;;;2;;;;
09/03/2018;08:29:00;72;sem vítima;288,1;BR-101/RJ;Norte;Atropelamento de Animal;1;;;;;;;;;;1;;;;
09/03/2018;19:27:00;228;sem vítima;232,524;BR-101/RJ;Sul;Choque - Outros;1;;;;;;;;;;1;;;;
09/03/2018;21:01:00;244;sem vítima;117,783;BR-101/RJ;Norte;Objeto lançado contra veículo;1;;;;;;;;;;1;;;;
10/03/2018;01:30:00;10;sem vítima;105,073;BR-101/RJ;Norte;Choque - Outros;1;;;;;;;;;;1;;;;
10/03/2018;02:27:00;12;com vítima;12,851;BR-101/RJ;Norte;Choque - Elemento de Drenagem;;;;1;;;;;;;0;;2;;
10/03/2018;04:53:00;25;com vítima;312,368;BR-101/RJ;Norte;Tombamento;;;;1;;;;;;;0;;;;1
10/03/2018;09:36:00;71;sem vítima;7,3;BR-101/RJ;Sul;Choque - Outros;1;;;;;;;;;;3;;;;
10/03/2018;10:54:00;82;sem vítima;296,642;BR-101/RJ;Norte;Colisão Traseira;2;;;;;;;;;;5;;;;
10/03/2018;11:32:00;90;com vítima;41,2;BR-101/RJ;Norte;Choque - Outros;;;;1;;;;;;;0;1;;;
10/03/2018;17:45:00;164;com vítima;50,097;BR-101/RJ;Norte;Atropelamento de Animal;;;;1;;;;;;;0;1;;;
10/03/2018;19:00:00;176;com vítima;72,762;BR-101/RJ;Norte;Atropelamento - Morador;;;;;;;;;;1;7;;;;1
10/03/2018;19:57:00;182;sem vítima;305,413;BR-101/RJ;Sul;Choque - Outros;1;;;;;;;;;;1;;;;
10/03/2018;22:16:00;198;sem vítima;233,635;BR-101/RJ;Sul;Choque - Defensa, barreira ou "submarino";1;;;;;;;;;;1;;;;
11/03/2018;04:07:00;16;sem vítima;264,893;BR-101/RJ;Sul;Choque - Elemento de Drenagem;1;;;;;;;;;;2;;;;
11/03/2018;12:06:00;68;com vítima;197,423;BR-101/RJ;Sul;Engavetamento;1;;1;;;1;;;;;4;1;;;
11/03/2018;12:14:00;69;sem vítima;99,584;BR-101/RJ;Sul;Tombamento;;;;;;;;;;1;7;;;;
11/03/2018;15:23:00;96;com vítima;281,119;BR-101/RJ;Sul;Choque - Arvore;1;;;;;;;;;;2;1;;;
11/03/2018;16:02:00;107;sem vítima;281,623;BR-101/RJ;Sul;Capotamento;1;;;;;;;;;;1;;;;
11/03/2018;17:21:00;120;sem vítima;295,362;BR-101/RJ;Norte;Choque - Elemento de Drenagem;1;;;;;;;;;;2;;;;
11/03/2018;19:09:00;139;com vítima;274,307;BR-101/RJ;Norte;Colisão Traseira;1;;;;;1;;;;;1;2;;;
11/03/2018;22:03:00;160;com vítima;269,521;BR-101/RJ;Norte;Colisão Frontal;1;;;1;;;;;;;6;;;1;
12/03/2018;01:06:00;8;com vítima;47,522;BR-101/RJ;Sul;Colisão Frontal;1;;;;1;;;;;;31;1;;1;2
12/03/2018;03:45:00;18;com vítima;314,558;BR-101/RJ;Sul;Colisão Lateral;2;;;;;;;;;;1;2;;;
12/03/2018;06:55:00;33;sem vítima;298,556;BR-101/RJ;Sul;Colisão Traseira;1;;;;;1;;;;;2;;;;
12/03/2018;07:53:00;53;sem vítima;146,328;BR-101/RJ;Sul;Choque - Defensa, barreira ou "submarino";;;1;;;;;;;;2;;;;
12/03/2018;09:24:00;86;com vítima;191,519;BR-101/RJ;Sul;Engavetamento;;;2;;1;;;;;;2;20;3;;
12/03/2018;21:15:00;203;sem vítima;297,9;BR-101/RJ;Sul;Choque - Defensa, barreira ou "submarino";1;;;;;;;;;;3;;;;
13/03/2018;03:00:00;19;sem vítima;269,427;BR-101/RJ;Sul;Atropelamento de Animal;;;;;;1;;;;;1;;;;
13/03/2018;03:56:00;23;sem vítima;289,543;BR-101/RJ;Norte;Choque - Poste;1;;;;;;;;;;1;;;;
13/03/2018;05:32:00;29;com vítima;273,414;BR-101/RJ;Sul;Colisão Transversal;1;1;;;;;;;;;1;;;;1
13/03/2018;09:20:00;89;com vítima;236,69;BR-101/RJ;Sul;Tombamento;;;;1;;;;;;;0;1;;;
13/03/2018;11:38:00;118;sem vítima;155,4;BR-101/RJ;Norte;Choque - Defensa, barreira ou "submarino";1;;;;;;;;;;2;;;;
13/03/2018;17:53:00;193;sem vítima;190,376;BR-101/RJ;Norte;Capotamento;1;;;;;;;;;;5;;;;
13/03/2018;18:05:00;197;sem vítima;299,66;BR-101/RJ;Sul;Colisão Traseira;2;;;;;;;;;;3;;;;
14/03/2018;05:22:00;22;sem vítima;107,65;BR-101/RJ;Norte;Choque - Outros;1;;;;;;;;;;1;;;;
14/03/2018;07:59:00;60;com vítima;310,473;BR-101/RJ;Sul;Colisão Traseira;1;;;1;;;;;;;3;1;;;
14/03/2018;08:26:00;72;sem vítima;317,3;BR-101/RJ;Sul;Engavetamento;3;;;;;;;;;;5;;;;
14/03/2018;17:15:00;177;sem vítima;122,9;BR-101/RJ;Sul;Colisão Traseira;;;2;;;;;;;;3;;;;
14/03/2018;17:27:00;181;sem vítima;319,596;BR-101/RJ;Norte;Engavetamento;1;;;1;;1;;;;;4;;;;
15/03/2018;01:34:00;8;com vítima;304,307;BR-101/RJ;Sul;Tombamento;;;;1;;;;;;;0;;1;;
15/03/2018;01:37:00;9;com vítima;293,312;BR-101/RJ;Sul;Choque - Defensa, barreira ou "submarino";;;1;;;;;;;;1;1;;;
15/03/2018;04:24:00;13;sem vítima;269,04;BR-101/RJ;Sul;Choque - Defensa, barreira ou "submarino";1;;;;;;;;;;1;;;;
15/03/2018;04:37:00;14;sem vítima;1,75;BR-101/RJ;Norte;Choque - Defensa, barreira ou "submarino";1;;;;;1;;;;;2;;;;
15/03/2018;05:24:00;16;com vítima;46,941;BR-101/RJ;Norte;Choque - Elemento de Drenagem;1;;;;;;;;;;0;1;;;
15/03/2018;06:34:00;23;sem vítima;320,814;BR-101/RJ;Norte;Choque - Defensa, barreira ou "submarino";1;;;;;;;;;;1;;;;
16/03/2018;02:28:00;13;sem vítima;296,369;BR-101/RJ;Norte;Choque - Outros;1;;;;;;;;;;2;;;;
16/03/2018;02:40:00;16;sem vítima;64,224;BR-101/RJ;Sul;Choque - Poste;1;;;;;;;;;;1;;;;
16/03/2018;06:43:00;41;com vítima;312,668;BR-101/RJ;Norte;Engavetamento;3;;;;;;;;;1;9;2;;;
16/03/2018;10:23:00;104;com vítima;57,272;BR-101/RJ;Norte;Colisão Transversal;2;;;;;;;;;;1;1;;;
16/03/2018;10:49:00;113;sem vítima;277,1;BR-101/RJ;Sul;Colisão Traseira;2;;;;;;;;;;6;;;;
16/03/2018;10:23:00;118;sem vítima;57,27;BR-101/RJ;Norte;Colisão Traseira;2;;;;;;;;;;3;;;;
16/03/2018;18:08:00;204;com vítima;286,289;BR-101/RJ;Norte;Tombamento;;;;1;;;;;;;0;1;;;
16/03/2018;21:19:00;232;com vítima;125,053;BR-101/RJ;Norte;Choque - Defensa, barreira ou "submarino";1;;;;;;;;;;1;1;;;
17/03/2018;01:17:00;11;sem vítima;14,65;BR-101/RJ;Sul;Atropelamento de Animal;1;;;;;;;;;;1;;;;
17/03/2018;01:25:00;13;com vítima;289,744;BR-101/RJ;Sul;Capotamento;1;;;;;;;;;;0;1;1;;
17/03/2018;01:54:00;17;sem vítima;289,744;BR-101/RJ;Sul;Atropelamento de Animal;1;;;;;;;;;;2;;;;
17/03/2018;02:46:00;19;com vítima;65,456;BR-101/RJ;Sul;Colisão Transversal;1;;;;1;;;;;;2;2;;;
17/03/2018;06:31:00;30;sem vítima;91,606;BR-101/RJ;Norte;Choque - Defensa, barreira ou "submarino";1;;;;;;;;;;2;;;;
17/03/2018;06:40:00;31;sem vítima;148,989;BR-101/RJ;Sul;Choque - Defensa, barreira ou "submarino";1;;;;;;;;;;5;;;;
17/03/2018;06:42:00;32;com vítima;61,734;BR-101/RJ;Norte;Tombamento;;;;1;;;;;;;0;1;;;
17/03/2018;06:59:00;34;sem vítima;180,349;BR-101/RJ;Norte;Choque - Defensa, barreira ou "submarino";1;;;;;;;;;;1;;;;
17/03/2018;07:35:00;44;sem vítima;142,1;BR-101/RJ;Sul;Choque - Defensa, barreira ou "submarino";1;;;;;;;;;;1;;;;
17/03/2018;07:51:00;46;sem vítima;215,066;BR-101/RJ;Norte;Choque - Suporte de Sinalização;1;;;;;;;;;;5;;;;
17/03/2018;08:54:00;57;sem vítima;247,084;BR-101/RJ;Norte;Choque - Defensa, barreira ou "submarino";1;;;;;;;;;;3;;;;
17/03/2018;08:58:00;59;sem vítima;316,742;BR-101/RJ;Norte;Choque - Outros;2;;;;;1;;;;;3;;;;
17/03/2018;10:24:00;72;sem vítima;92,1;BR-101/RJ;Norte;Choque - Defensa, barreira ou "submarino";1;;;;;;;;;;2;;;;
17/03/2018;15:28:00;119;sem vítima;64,515;BR-101/RJ;Sul;Colisão Lateral;1;;;;;1;;;;;3;;;;
17/03/2018;18:17:00;155;com vítima;306,806;BR-101/RJ;Sul;Colisão Lateral;2;;;;;;;;;;2;1;1;;
17/03/2018;20:45:00;178;sem vítima;300,948;BR-101/RJ;Norte;Tombamento;;;;1;;;;;;;1;;;;
18/03/2018;01:00:00;7;com vítima;64,045;BR-101/RJ;Sul;Colisão Transversal;2;;;;;;;;;;2;1;;;
18/03/2018;09:30:00;52;com vítima;309,327;BR-101/RJ;Norte;Choque - Talude;1;;;;;;;;;;0;1;;;
18/03/2018;11:28:00;66;com vítima;270,614;BR-101/RJ;Norte;Capotamento;1;;;;1;;;;;;1;1;;;
18/03/2018;12:09:00;74;sem vítima;296,368;BR-101/RJ;Sul;Colisão Traseira;2;;;;;;;;;;4;;;;
18/03/2018;17:14:00;114;sem vítima;266,325;BR-101/RJ;Sul;Engavetamento;3;;;;;;;;;;10;;;;
18/03/2018;19:11:00;136;sem vítima;125,1;BR-101/RJ;Norte;Atropelamento de Animal;1;;;;;;;;;;1;;;;
18/03/2018;20:36:00;151;com vítima;217,65;BR-101/RJ;Norte;Capotamento;1;;;;;;;;;;0;1;;;
19/03/2018;00:13:00;4;com vítima;193,589;BR-101/RJ;Norte;Capotamento;2;;1;;1;;;;;;7;;;2;1
19/03/2018;00:36:00;9;com vítima;53,383;BR-101/RJ;Sul;Colisão Frontal;1;;;;1;;;;;;1;;;;1
19/03/2018;07:22:00;40;sem vítima;308,896;BR-101/RJ;Sul;Engavetamento;4;;;;;;;;;;7;;;;
19/03/2018;08:28:00;60;sem vítima;313,7;BR-101/RJ;Sul;Colisão Lateral;1;;;;;1;;;;;2;;;;
19/03/2018;17:43:00;186;sem vítima;322,1;BR-101/RJ;Sul;Colisão Lateral;1;;;;;;;;;1;2;;;;
19/03/2018;21:22:00;226;sem vítima;46,987;BR-101/RJ;Sul;Colisão Traseira;2;;;;;;;;;;3;;;;
19/03/2018;21:29:00;228;sem vítima;67,101;BR-101/RJ;Norte;Colisão Traseira;2;;;;;;;;;;2;;;;
19/03/2018;21:42:00;229;com vítima;62,196;BR-101/RJ;Sul;Tombamento;;;;1;;;;;;;0;1;;;
20/03/2018;08:16:00;79;com vítima;318,05;BR-101/RJ;Sul;Colisão Lateral;;;;1;;;;;;;0;1;;;
20/03/2018;08:40:00;110;sem vítima;61,2;BR-101/RJ;Sul;Colisão Traseira;2;;;;;;;;;;2;;;;
20/03/2018;12:30:00;138;com vítima;79,8;BR-101/RJ;Norte;Colisão Frontal;1;;;1;;;;;;;1;;1;;
20/03/2018;13:12:00;144;sem vítima;311,357;BR-101/RJ;Sul;Choque - Defensa, barreira ou "submarino";1;;;;1;;;;;;2;;;;
20/03/2018;15:21:00;165;sem vítima;217,899;BR-101/RJ;Sul;Choque - Elemento de Drenagem;;;1;;;;;;;;1;;;;
20/03/2018;18:19:00;199;com vítima;309,986;BR-101/RJ;Norte;Colisão Lateral;;;;1;1;;;;;;1;1;;;
20/03/2018;18:49:00;204;sem vítima;79,3;BR-101/RJ;Sul;Colisão Traseira;1;;;1;;;;;;;4;;;;
20/03/2018;22:35:00;230;sem vítima;311,303;BR-101/RJ;Sul;Colisão Traseira;2;;;;;;;;;;7;;;;
20/03/2018;23:42:00;235;sem vítima;161,8;BR-101/RJ;Norte;Objeto lançado contra veículo;;;1;;;;;;;;1;;;;
21/03/2018;06:16:00;31;sem vítima;204,218;BR-101/RJ;Sul;Choque - Defensa, barreira ou "submarino";1;;;;;;;;;;1;;;;
21/03/2018;06:58:00;33;sem vítima;320,522;BR-101/RJ;Sul;Colisão Lateral;1;;;;1;;;;;;2;;;;
21/03/2018;09:30:00;75;sem vítima;100,438;BR-101/RJ;Sul;Colisão Traseira;2;;;;;;;;;;2;;;;
21/03/2018;10:00:00;79;sem vítima;98,81;BR-101/RJ;Norte;Colisão Traseira;2;;;;;;;;;;6;;;;
21/03/2018;10:11:00;82;com vítima;321,209;BR-101/RJ;Sul;Colisão Lateral;1;;;2;;;;;;;2;1;;;
21/03/2018;22:05:00;133;com vítima;321,907;BR-101/RJ;Norte;Tombamento;;;;1;;;;;;;0;1;;;
21/03/2018;22:29:00;168;com vítima;314,141;BR-101/RJ;Norte;Choque - Talude;1;;;;;;;;;;0;3;;;
21/03/2018;20:55:00;174;sem vítima;287,612;BR-101/RJ;Sul;Atropelamento de Animal;1;;;;;;;;;;1;;;;
21/03/2018;20:55:00;175;sem vítima;287,612;BR-101/RJ;Sul;Atropelamento de Animal;1;;;;;;;;;;4;;;;
21/03/2018;20:55:00;178;sem vítima;287,612;BR-101/RJ;Norte;Atropelamento de Animal;1;;;;;;;;;;1;;;;
22/03/2018;02:25:00;7;sem vítima;282,772;BR-101/RJ;Norte;Choque - Defensa, barreira ou "submarino";1;;;;;;;;;;1;;;;
22/03/2018;08:12:00;59;sem vítima;315,528;BR-101/RJ;Sul;Colisão Lateral;1;;;;;1;;;;;3;;;;
22/03/2018;09:33:00;78;com vítima;211,32;BR-101/RJ;Sul;Colisão Traseira;1;;;1;;;;;;;2;1;;;
22/03/2018;10:21:00;92;sem vítima;184,84;BR-101/RJ;Norte;Colisão Lateral;1;;1;;;;;;;;3;;;;
22/03/2018;11:07:00;96;sem vítima;271,153;BR-101/RJ;Norte;Choque - Outros;1;;;;;;;;;;1;;;;
22/03/2018;14:01:00;114;com vítima;62,537;BR-101/RJ;Norte;Colisão Traseira;2;;;;;;;;;;1;1;;;
22/03/2018;15:07:00;126;sem vítima;118,8;BR-101/RJ;Sul;Choque - Objeto sobre a pista;1;;;;;;;;;;1;;;;
22/03/2018;15:13:00;128;sem vítima;225,2;BR-101/RJ;Norte;Colisão Lateral;1;;1;;;;;;;;3;;;;
22/03/2018;20:39:00;177;sem vítima;305,29;BR-101/RJ;Sul;Choque - Defensa, barreira ou "submarino";1;;;;;;;;;;1;;;;
22/03/2018;21:52:00;186;sem vítima;320,878;BR-101/RJ;Norte;Choque - Defensa, barreira ou "submarino";1;;;;;;;;;;1;;;;
23/03/2018;03:38:00;20;sem vítima;284,89;BR-101/RJ;Sul;Tombamento;1;;2;;;;;;;;4;;;;
23/03/2018;03:42:00;21;sem vítima;190,173;BR-101/RJ;Sul;Choque - Defensa, barreira ou "submarino";;;;;1;;;;;;1;;;;
23/03/2018;16:37:00;168;sem vítima;295,126;BR-101/RJ;Norte;Engavetamento;3;;;;;;;;;;4;;;;
23/03/2018;18:52:00;212;sem vítima;58,77;BR-101/RJ;Sul;Colisão Traseira;1;;;1;;;;;;;2;;;;
23/03/2018;20:02:00;225;com vítima;259,52;BR-101/RJ;Norte;Atropelamento - Andarilho;1;;;;;;;;;;1;;;1;
23/03/2018;22:49:00;258;sem vítima;116,553;BR-101/RJ;Sul;Choque - Defensa, barreira ou "submarino";;;1;;;;;;;;1;;;;
24/03/2018;11:28:00;107;sem vítima;283,315;BR-101/RJ;Norte;Colisão Traseira;1;;1;;;;;;;;4;;;;
24/03/2018;12:27:00;116;sem vítima;294,9;BR-101/RJ;Norte;Colisão Lateral;1;;1;;;;;;;;2;;;;
24/03/2018;13:58:00;131;sem vítima;308,9;BR-101/RJ;Sul;Colisão Lateral;1;;1;;;;;;;;2;;;;
24/03/2018;14:29:00;136;sem vítima;294,564;BR-101/RJ;Sul;Objeto lançado contra veículo;;;1;;1;;;;;;2;;;;
24/03/2018;15:43:00;152;com vítima;262,3;BR-101/RJ;Sul;Choque - Defensa, barreira ou "submarino";1;;;;;;;;;;0;;1;;
24/03/2018;17:27:00;167;com vítima;309,814;BR-101/RJ;Sul;Colisão Transversal;1;1;;;;;;;;;1;;1;;
24/03/2018;22:18:00;184;com vítima;65,94;BR-101/RJ;Norte;Colisão Transversal;1;;;1;;;;;;;1;1;;;
25/03/2018;00:52:00;7;sem vítima;44,452;BR-101/RJ;Sul;Atropelamento de Animal;;;1;;;;;;;;1;;;;
25/03/2018;02:10:00;13;com vítima;296,444;BR-101/RJ;Norte;Choque - Defensa, barreira ou "submarino";;;;1;;;;;;;1;;;;1
25/03/2018;10:10:00;57;com vítima;59,447;BR-101/RJ;Norte;Colisão Lateral;1;;;1;;;;;;;1;1;;;
25/03/2018;16:38:00;111;com vítima;297,87;BR-101/RJ;Sul;Colisão Lateral;1;;;;1;;;;;;6;1;;;
25/03/2018;16:57:00;113;com vítima;304,5;BR-101/RJ;Norte;Tombamento;;1;;;;;;;;;0;1;;;
25/03/2018;18:05:00;124;sem vítima;224,956;BR-101/RJ;Norte;Choque - Elemento de Drenagem;1;;;;;;;;;;5;;;;
25/03/2018;19:05:00;131;com vítima;303,146;BR-101/RJ;Sul;Colisão Lateral;1;;;1;;;;;;;1;2;;;