data;horario;n_da_ocorrencia;tipo_de_ocorrencia;km;trecho;sentido;tipo_de_acidente;automovel;bicicleta;caminhao;moto;onibus;outros;tracao_animal;transporte_de_cargas_especiais;trator_maquinas;utilitarios;ilesos;levemente_feridos;moderadamente_feridos;gravemente_feridos;mortos
25/03/2018;19:15:00;133;sem vítima;295,3;BR-101/RJ;Sul;Outros - Sequência;3;;;;;;;;;;6;;;;
25/03/2018;20:57:00;150;sem vítima;122,9;BR-101/RJ;Sul;Colisão Traseira;;;2;;;;;;;;2;;;;
26/03/2018;01:02:00;4;sem vítima;235,92;BR-101/RJ;Sul;Choque - Defensa, barreira ou "submarino";1;;;;;;;;;;2;;;;
26/03/2018;05:50:00;16;com vítima;99,737;BR-101/RJ;Norte;Choque - Defensa, barreira ou "submarino";;;1;;;;;;;;1;1;;;
26/03/2018;06:25:00;22;com vítima;302,9;BR-101/RJ;Norte;Colisão Traseira;2;;;;;;;;;;0;2;;;
26/03/2018;07:54:00;51;com vítima;311,6;BR-101/RJ;Sul;Colisão Lateral;1;;;1;;;;;;1;2;;1;1;
26/03/2018;09:39:00;90;com vítima;306,481;BR-101/RJ;Sul;Colisão Traseira;1;;;1;;;;;;;2;1;;;
26/03/2018;14:17:00;138;sem vítima;320,4;BR-101/RJ;Sul;Colisão Traseira;2;;;;;;;;;;2;;;;
26/03/2018;16:57:00;166;com vítima;274,421;BR-101/RJ;Norte;Atropelamento - Morador;;;;;;1;;;;;1;;1;;
26/03/2018;23:53:00;213;com vítima;305,552;BR-101/RJ;Sul;Choque - Defensa, barreira ou "submarino";;;1;;;;;;;;0;;1;;
27/03/2018;06:32:00;37;com vítima;276,368;BR-101/RJ;Norte;Colisão Lateral;1;1;;;;;;;;;1;;;1;1
27/03/2018;08:05:00;70;sem vítima;252,551;BR-101/RJ;Norte;Choque - Cancela de Pedagio;;;1;;;;;;;;1;;;;
27/03/2018;15:09:00;144;sem vítima;295,537;BR-101/RJ;Sul;Choque - Outros;1;;;;;;;;;;1;;;;
27/03/2018;15:13:00;146;sem vítima;321,241;BR-101/RJ;Sul;Colisão Lateral;1;;1;;;;;;;;2;;;;
27/03/2018;17:20:00;167;com vítima;226,006;BR-101/RJ;Norte;Tombamento;;;;1;;;;;;;1;1;;;
27/03/2018;20:50:00;191;com vítima;119,25;BR-101/RJ;Sul;Engavetamento;2;;1;;;;;;;;4;1;;;
27/03/2018;22:39:00;201;sem vítima;287,5;BR-101/RJ;Norte;Choque - Defensa, barreira ou "submarino";2;;;;;;;;;;2;;;;
27/03/2018;22:58:00;203;sem vítima;275,882;BR-101/RJ;Sul;Colisão Traseira;2;;;;;;;;;;4;;;;
28/03/2018;05:21:00;22;com vítima;60,791;BR-101/RJ;Norte;Tombamento;;;;1;;;;;;;0;1;;;
28/03/2018;08:53:00;75;sem vítima;319,801;BR-101/RJ;Sul;Colisão Lateral;1;;;2;;;;;;;4;;;;
28/03/2018;15:32:00;152;sem vítima;295,733;BR-101/RJ;Norte;Choque - Elemento de Drenagem;1;;;;;;;;;;1;;;;
28/03/2018;16:54:00;169;sem vítima;294,238;BR-101/RJ;Norte;Colisão Traseira;1;;;;;1;;;;;4;;;;
28/03/2018;23:59:00;245;sem vítima;75,25;BR-101/RJ;Sul;Atropelamento de Animal;;;1;;;;;;;;1;;;;
29/03/2018;09:07:00;77;sem vítima;124,372;BR-101/RJ;Norte;Colisão Traseira;;;2;;;;;;;;3;;;;
29/03/2018;09:47:00;88;sem vítima;134,486;BR-101/RJ;Sul;Choque - Defensa, barreira ou "submarino";1;;;;;;;;;;2;;;;
29/03/2018;11:16:00;114;sem vítima;298,1;BR-101/RJ;Norte;Colisão Lateral;1;;1;;;;;;;;2;;;;
29/03/2018;11:38:00;117;sem vítima;319,206;BR-101/RJ;Sul;Colisão Traseira;2;;;;;;;;;;4;;;;
29/03/2018;13:15:00;136;sem vítima;62,159;BR-101/RJ;Norte;Engavetamento;2;;;;;1;;;;;3;;;;
29/03/2018;15:06:00;157;sem vítima;265,718;BR-101/RJ;Norte;Colisão Traseira;2;;;;;;;;;;2;;;;
29/03/2018;15:34:00;162;com vítima;308,326;BR-101/RJ;Norte;Atropelamento - Ambulante;;;;;;1;;;;;1;;1;;
29/03/2018;16:13:00;172;sem vítima;277,693;BR-101/RJ;Norte;Colisão Lateral;2;;;;;;;;;;4;;;;
29/03/2018;16:20:00;175;com vítima;303,989;BR-101/RJ;Norte;Tombamento;;;;1;;;;;;;0;1;;;
29/03/2018;20:56:00;233;com vítima;217,8;BR-101/RJ;Sul;Choque - Defensa, barreira ou "submarino";1;;;;;1;;;;;1;1;;;
29/03/2018;21:20:00;236;sem vítima;296,144;BR-101/RJ;Norte;Choque - Defensa, barreira ou "submarino";1;;;;;;;;;;3;;;;
30/03/2018;00:18:00;5;com vítima;125,07;BR-101/RJ;Norte;Saida de Pista;;;1;;;;;;;;0;1;;;
30/03/2018;02:52:00;17;com vítima;244,125;BR-101/RJ;Sul;Choque - Poste;1;;;;;;;;;;0;1;;;
30/03/2018;05:08:00;23;sem vítima;34,119;BR-101/RJ;Norte;Atropelamento de Animal;1;;;;;;;;;;1;;;;
30/03/2018;06:28:00;31;com vítima;286,72;BR-101/RJ;Norte;Colisão Traseira;2;;;;;;;;;;8;1;;;
30/03/2018;06:39:00;33;sem vítima;286,72;BR-101/RJ;Norte;Engavetamento;3;;;;;;;;;;7;;;;
30/03/2018;08:18:00;47;sem vítima;278,995;BR-101/RJ;Sul;Colisão Traseira;2;;;;;;;;;;2;;;;
30/03/2018;14:39:00;99;com vítima;312,6;BR-101/RJ;Sul;Choque - Defensa, barreira ou "submarino";1;;;;;2;;;;;3;1;;;
30/03/2018;16:48:00;113;com vítima;184,644;BR-101/RJ;Sul;Colisão Transversal;1;;1;;;;;;;;2;1;;;
30/03/2018;22:03:00;140;com vítima;69,348;BR-101/RJ;Sul;Engavetamento;1;;;1;;1;;;;;2;;2;;
31/03/2018;02:09:00;11;sem vítima;295,565;BR-101/RJ;Sul;Choque - Defensa, barreira ou "submarino";1;;;;;;;;;;1;;;;
31/03/2018;02:23:00;12;sem vítima;312,981;BR-101/RJ;Norte;Choque - Poste;1;;;;;;;;;;2;;;;
31/03/2018;11:58:00;77;com vítima;267,429;BR-101/RJ;Sul;Colisão Frontal;;1;1;;;;;;;;2;;;;1
31/03/2018;20:10:00;135;sem vítima;297,824;BR-101/RJ;Norte;Choque - Defensa, barreira ou "submarino";1;;;;;1;;;;;3;;;;
31/03/2018;23:00:00;146;sem vítima;99,701;BR-101/RJ;Norte;Atropelamento de Animal;1;;;;;;;;;;1;;;;
01/04/2018;06:24:00;30;com vítima;282,85;BR-101/RJ;Sul;Choque - Defensa, barreira ou "submarino";1;;;;;;;;;;0;1;;;
01/04/2018;07:47:00;38;com vítima;216,5;BR-101/RJ;Norte;Choque - Talude;1;;;;;;;;;;1;1;;;
01/04/2018;16:25:00;143;sem vítima;40,531;BR-101/RJ;Sul;Choque - Outros;;;;;;;;;;1;4;;;;
01/04/2018;17:26:00;161;com vítima;268,535;BR-101/RJ;Sul;Engavetamento;2;;;;;2;;;;;6;3;;;
01/04/2018;18:13:00;175;sem vítima;78,1;BR-101/RJ;Sul;Colisão Traseira;2;;;;;;;;;;3;;;;
01/04/2018;18:27:00;180;com vítima;296,656;BR-101/RJ;Sul;Colisão Traseira;;;;1;1;;;;;;1;1;;;
01/04/2018;19:50:00;199;sem vítima;53,8;BR-101/RJ;Norte;Colisão Traseira;1;;;;;1;;;;;5;;;;
01/04/2018;20:16:00;208;com vítima;59,1;BR-101/RJ;Norte;Colisão Traseira;;;;1;;1;;;;;1;2;;;
01/04/2018;21:59:00;232;com vítima;34,913;BR-101/RJ;Norte;Tombamento;;;;1;;;;;;;0;;;;1
02/04/2018;05:01:00;36;sem vítima;297,088;BR-101/RJ;Sul;Colisão Lateral;2;;;;;;;;;;5;;;;
02/04/2018;06:13:00;49;com vítima;306,6;BR-101/RJ;Sul;Colisão Traseira;2;;;;;;;;;;2;1;;;
02/04/2018;07:21:00;72;sem vítima;304,92;BR-101/RJ;Sul;Colisão Traseira;2;;;;;;;;;;2;;;;
02/04/2018;07:24:00;74;sem vítima;306,9;BR-101/RJ;Sul;Colisão Traseira;2;;;;;;;;;;3;;;;
02/04/2018;12:08:00;160;sem vítima;302,865;BR-101/RJ;Sul;Tombamento;;;1;;;;;;;;1;;;;
02/04/2018;17:02:00;220;com vítima;258,7;BR-101/RJ;Sul;Atropelamento de Animal;;;;1;;;;;;;0;1;;;
02/04/2018;18:57:00;250;sem vítima;320,9;BR-101/RJ;Norte;Colisão Traseira;2;;;;;;;;;;4;;;;
02/04/2018;19:07:00;253;sem vítima;216,862;BR-101/RJ;Sul;Colisão Lateral;1;;1;;;;;;;;3;;;;
02/04/2018;22:21:00;284;sem vítima;132,677;BR-101/RJ;Sul;Atropelamento de Animal;;;1;;;;;;;;1;;;;
02/04/2018;23:37:00;294;sem vítima;217,792;BR-101/RJ;Norte;Saida de Pista;1;;;;;;;;;;3;;;;
03/04/2018;01:32:00;9;sem vítima;293,326;BR-101/RJ;Sul;Choque - Defensa, barreira ou "submarino";1;;;;;;;;;;2;;;;
03/04/2018;03:36:00;17;sem vítima;299,678;BR-101/RJ;Sul;Choque - Defensa, barreira ou "submarino";;;1;;;;;;;;1;;;;
03/04/2018;06:56:00;47;com vítima;303,13;BR-101/RJ;Sul;Colisão Traseira;1;;;1;;;;;;;3;1;;;
03/04/2018;14:19:00;144;com vítima;72,3;BR-101/RJ;Sul;Tombamento;;;;1;;;;;;;0;2;;;
03/04/2018;16:35:00;169;com vítima;195,286;BR-101/RJ;Norte;Capotamento;1;;;;;;;;;;0;1;;;
03/04/2018;21:03:00;201;sem vítima;307,04;BR-101/RJ;Sul;Choque - Defensa, barreira ou "submarino";;;;;;;;;;1;3;;;;
03/04/2018;21:18:00;204;sem vítima;307,04;BR-101/RJ;Sul;Choque - Defensa, barreira ou "submarino";1;;;;;;;;;;1;;;;
03/04/2018;23:08:00;225;sem vítima;143,425;BR-101/RJ;Norte;Choque - Outros;1;;;;;;;;;;1;;;;
04/04/2018;03:22:00;24;sem vítima;45,417;BR-101/RJ;Norte;Choque - Elemento de Drenagem;1;;;;;;;;;;5;;;;
04/04/2018;06:39:00;40;sem vítima;282,817;BR-101/RJ;Sul;Choque - Defensa, barreira ou "submarino";;;1;;;;;;;;1;;;;
04/04/2018;07:07:00;47;com vítima;311,26;BR-101/RJ;Sul;Colisão Lateral;1;;;1;;;;;;;3;1;;;
04/04/2018;14:58:00;139;sem vítima;78,36;BR-101/RJ;Norte;Colisão Traseira;;;2;;;;;;;;2;;;;
04/04/2018;18:24:00;164;sem vítima;281,002;BR-101/RJ;Sul;Choque - Arvore;1;;;;;;;;;;2;;;;
04/04/2018;20:19:00;176;sem vítima;283,31;BR-101/RJ;Norte;Colisão Lateral;;;1;;;;;;;1;2;;;;
04/04/2018;22:52:00;183;sem vítima;295,823;BR-101/RJ;Sul;Choque - Defensa, barreira ou "submarino";2;;;;;;;;;;2;;;;
04/04/2018;22:56:00;186;sem vítima;291,47;BR-101/RJ;Norte;Colisão Lateral;2;;;;;;;;;;2;;;;
05/04/2018;00:33:00;4;sem vítima;121,313;BR-101/RJ;Sul;Saida de Pista;1;;;;;;;;;;1;;;;
05/04/2018;07:50:00;61;com vítima;313,512;BR-101/RJ;Sul;Colisão Lateral;;;;1;;1;;;;;2;1;;;
05/04/2018;08:00:00;65;com vítima;270,106;BR-101/RJ;Norte;Colisão Lateral;1;;;1;;1;;;;;3;1;;;
05/04/2018;08:09:00;68;sem vítima;67,367;BR-101/RJ;Norte;Colisão Traseira;2;;;;;;;;;;2;;;;
05/04/2018;14:20:00;190;sem vítima;252,89;BR-101/RJ;Sul;Choque - Cancela de Pedagio;;;1;;;;;;;;1;;;;
06/04/2018;17:07:00;172;com vítima;65,909;BR-101/RJ;Sul;Colisão Frontal;;1;;;;1;;;;;1;1;;;
06/04/2018;17:15:00;174;com vítima;321,927;BR-101/RJ;Norte;Colisão Lateral;1;;;1;;;;;;;1;1;;;
06/04/2018;18:06:00;189;sem vítima;297,376;BR-101/RJ;Sul;Colisão Traseira;2;;;;;;;;;;2;;;;
06/04/2018;23:22:00;235;sem vítima;261,929;BR-101/RJ;Sul;Choque - Poste;1;;;;;;;;;;1;;;;
07/04/2018;19:23:00;148;com vítima;271,088;BR-101/RJ;Sul;Atropelamento - Usuário;;;;;;1;;;;;1;1;;;
07/04/2018;19:39:00;149;com vítima;143,401;BR-101/RJ;Norte;Atropelamento - Morador;;;;;;1;;;;;1;1;;;
07/04/2018;20:20:00;154;sem vítima;280,6;BR-101/RJ;Norte;Colisão Traseira;2;;;;;;;;;;2;;;;
07/04/2018;23:40:00;177;sem vítima;243,383;BR-101/RJ;Norte;Colisão Frontal;2;;;;;;;;;;5;;;;
07/04/2018;23:50:00;178;com vítima;285,912;BR-101/RJ;Norte;Tombamento;1;;;;;;;;;;1;1;;;
08/04/2018;01:32:00;6;sem vítima;201,27;BR-101/RJ;Sul;Atropelamento de Animal;1;;;;;;;;;;4;;;;
08/04/2018;04:40:00;21;com vítima;320,165;BR-101/RJ;Sul;Choque - Elemento de Drenagem;1;;;;;;;;;;0;;3;;
08/04/2018;05:39:00;22;com vítima;295,354;BR-101/RJ;Sul;Choque - Elemento de Drenagem;1;;;;;;;;;;0;2;;;
08/04/2018;11:37:00;76;sem vítima;254,432;BR-101/RJ;Sul;Choque - Defensa, barreira ou "submarino";1;;;;;;;;;;1;;;;
08/04/2018;16:17:00;117;com vítima;83,9;BR-101/RJ;Norte;Colisão Lateral;;1;;;;1;;;;;1;;1;;
08/04/2018;19:20:00;144;sem vítima;269,06;BR-101/RJ;Sul;Atropelamento de Animal;1;;;;;;;;;;1;;;;
08/04/2018;21:42:00;161;sem vítima;286,919;BR-101/RJ;Sul;Colisão Lateral;1;;1;;;;;;;;3;;;;
09/04/2018;07:14:00;40;com vítima;318,3;BR-101/RJ;Sul;Colisão Lateral;1;;;1;;;;;;;1;1;;;
09/04/2018;07:36:00;46;sem vítima;254,731;BR-101/RJ;Norte;Choque - Defensa, barreira ou "submarino";;;1;;;;;;;;1;;;;
09/04/2018;07:55:00;53;com vítima;50,05;BR-101/RJ;Norte;Colisão Lateral;;;;1;;1;;;;;1;1;1;;
09/04/2018;08:27:00;68;sem vítima;62,07;BR-101/RJ;Sul;Colisão Traseira;1;;;;;;;;;1;2;;;;
09/04/2018;08:47:00;74;sem vítima;309,56;BR-101/RJ;Norte;Colisão Traseira;2;;;;;;;;;;3;;;;
09/04/2018;15:15:00;156;com vítima;321,916;BR-101/RJ;Sul;Colisão Traseira;2;;;;;;;;;;2;1;;;
09/04/2018;22:11:00;216;sem vítima;117,368;BR-101/RJ;Sul;Choque - Objeto sobre a pista;1;;;;;;;;;;1;;;;
10/04/2018;10:00:00;122;com vítima;28,929;BR-101/RJ;Norte;Capotamento;1;;;;;;;;;;0;1;;;
10/04/2018;17:32:00;199;sem vítima;217,588;BR-101/RJ;Norte;Outros - Sequência;1;;1;;;;;;;;3;;;;
11/04/2018;08:32:00;76;sem vítima;217,65;BR-101/RJ;Sul;Colisão Frontal;2;;;;;;;;;;6;;;;
11/04/2018;11:42:00;122;com vítima;269,037;BR-101/RJ;Norte;Colisão Traseira;2;;;;;;;;;;2;1;;;
11/04/2018;13:07:00;132;sem vítima;60,5;BR-101/RJ;Norte;Colisão Traseira;;;2;;;;;;;;2;;;;
12/04/2018;03:19:00;21;sem vítima;253,322;BR-101/RJ;Sul;Choque - Defensa, barreira ou "submarino";1;;1;;;;;;;;3;;;;
12/04/2018;08:02:00;72;sem vítima;311,888;BR-101/RJ;Sul;Engavetamento;3;;;;;;;;;;5;;;;
12/04/2018;20:13:00;197;com vítima;47,84;BR-101/RJ;Sul;Atropelamento - Morador;;;;;;1;;;;;1;;;;1
12/04/2018;20:28:00;198;com vítima;304,03;BR-101/RJ;Norte;Choque - Elemento de Drenagem;1;;;;;;;;;;0;1;;;
13/04/2018;00:12:00;5;com vítima;296,086;BR-101/RJ;Norte;Choque - Elemento de Drenagem;;;;1;;;;;;;0;;;;2
13/04/2018;03:20:00;13;com vítima;286,211;BR-101/RJ;Sul;Atropelamento de Animal;1;;;;;;;;;;1;1;;;
13/04/2018;07:10:00;42;com vítima;313,978;BR-101/RJ;Sul;Colisão Lateral;1;;;1;;;;;;;1;1;;;
13/04/2018;09:14:00;91;com vítima;64,942;BR-101/RJ;Norte;Outros - Sequência;1;1;;;;1;;;;;4;1;;;
13/04/2018;09:49:00;95;sem vítima;216,836;BR-101/RJ;Norte;Colisão Lateral;1;;;;;1;;;;;3;;;;
13/04/2018;15:20:00;151;sem vítima;88,868;BR-101/RJ;Sul;Choque - Defensa, barreira ou "submarino";1;;;;;;;;;;1;;;;
13/04/2018;17:01:00;168;com vítima;318,984;BR-101/RJ;Norte;Colisão Lateral;1;;;1;;;;;;;1;1;;;
13/04/2018;18:56:00;190;sem vítima;62,8;BR-101/RJ;Norte;Choque - Suporte de Sinalização;1;;;;;;;;;;1;;;;
13/04/2018;19:36:00;196;sem vítima;313,533;BR-101/RJ;Norte;Engavetamento;6;;1;;;;;;;;11;;;;
13/04/2018;20:48:00;208;sem vítima;318,903;BR-101/RJ;Norte;Colisão Traseira;1;;;;;1;;;;;2;;;;
14/04/2018;07:03:00;27;sem vítima;312,205;BR-101/RJ;Sul;Tombamento;;;;1;;;;;;;2;;;;
14/04/2018;08:09:00;39;com vítima;265,465;BR-101/RJ;Sul;Choque - Defensa, barreira ou "submarino";1;;;;;;;;;;0;1;;;
14/04/2018;11:12:00;75;com vítima;222,572;BR-101/RJ;Norte;Colisão Lateral;;2;;;;;;;;;0;2;;;
14/04/2018;13:46:00;103;sem vítima;285,278;BR-101/RJ;Norte;Colisão Traseira;2;;;;;;;;;;6;;;;
14/04/2018;17:28:00;141;com vítima;74,575;BR-101/RJ;Norte;Colisão Transversal;;;;1;;;;;;1;5;1;1;;
14/04/2018;17:50:00;143;sem vítima;252,83;BR-101/RJ;Sul;Atropelamento de Animal;1;;;;;;;;;;1;;;;
15/04/2018;08:19:00;29;sem vítima;144,799;BR-101/RJ;Sul;Choque - Defensa, barreira ou "submarino";1;;;;;;;;;;2;;;;
15/04/2018;11:40:00;45;com vítima;199,201;BR-101/RJ;Sul;Choque - Defensa, barreira ou "submarino";1;;;;;;;;;;2;1;;;
15/04/2018;11:01:00;46;com vítima;232,824;BR-101/RJ;Sul;Choque - Talude;1;;;;;;;;;;2;1;;;
15/04/2018;13:33:00;61;sem vítima;215,013;BR-101/RJ;Norte;Capotamento;1;;;;;;;;;;3;;;;
15/04/2018;14:12:00;66;sem vítima;60,416;BR-101/RJ;Sul;Colisão Traseira;2;;;;;;;;;;2;;;;
15/04/2018;14:37:00;70;sem vítima;234,8;BR-101/RJ;Sul;Choque - Defensa, barreira ou "submarino";1;;;;;;;;;;2;;;;
15/04/2018;15:24:00;75;sem vítima;281,094;BR-101/RJ;Sul;Colisão Traseira;2;;;;;;;;;;4;;;;
15/04/2018;16:52:00;92;sem vítima;262,377;BR-101/RJ;Sul;Choque - Defensa, barreira ou "submarino";1;;;;;;;;;;1;;;;
15/04/2018;17:11:00;95;sem vítima;261,344;BR-101/RJ;Sul;Choque - Defensa, barreira ou "submarino";1;;;;;;;;;;1;;;;
15/04/2018;17:24:00;99;com vítima;37,972;BR-101/RJ;Norte;Colisão Transversal;2;;;;;;;;;;0;4;2;;
15/04/2018;18:14:00;108;com vítima;136,136;BR-101/RJ;Sul;Capotamento;1;;;;;;;;;;3;;;1;
15/04/2018;19:58:00;115;com vítima;80,911;BR-101/RJ;Sul;Colisão Traseira;2;;;;;;;;;;2;1;2;;
15/04/2018;20:14:00;117;sem vítima;91,602;BR-101/RJ;Norte;Choque - Talude;1;;;;;;;;;;1;;;;
15/04/2018;20:30:00;119;sem vítima;141,253;BR-101/RJ;Norte;Atropelamento de Animal;1;;;;;;;;;;1;;;;
15/04/2018;20:57:00;122;sem vítima;211,276;BR-101/RJ;Norte;Colisão Traseira;2;;;;;1;;;;;5;;;;
15/04/2018;22:47:00;131;sem vítima;37,575;BR-101/RJ;Sul;Atropelamento de Animal;1;;;;;;;;;;1;;;;
15/04/2018;22:49:00;132;sem vítima;297,457;BR-101/RJ;Norte;Choque - Defensa, barreira ou "submarino";2;;;;;;;;;;3;;;;
16/04/2018;01:01:00;9;sem vítima;261,61;BR-101/RJ;Sul;Choque - Elemento de Drenagem;;;1;;;;;;;;1;;;;
16/04/2018;06:10:00;22;sem vítima;320,92;BR-101/RJ;Sul;Colisão Lateral;1;;;;1;;;;;;7;;;;
16/04/2018;06:26:00;25;com vítima;169,403;BR-101/RJ;Sul;Tombamento;;;;1;;;;;;;0;1;;;
16/04/2018;07:03:00;32;sem vítima;86,93;BR-101/RJ;Norte;Choque - Defensa, barreira ou "submarino";1;;;;;;;;;;2;;;;
16/04/2018;07:26:00;40;com vítima;312,32;BR-101/RJ;Sul;Colisão Lateral;1;;;1;;;;;;;1;1;;;
16/04/2018;10:31:00;103;com vítima;297,859;BR-101/RJ;Norte;Colisão Lateral;1;;;1;;;;;;;1;;1;;
16/04/2018;12:45:00;123;sem vítima;282,28;BR-101/RJ;Norte;Colisão Traseira;2;;;;;;;;;;3;;;;
16/04/2018;13:02:00;128;com vítima;293,358;BR-101/RJ;Sul;Colisão Traseira;1;;;1;;;;;;;1;;1;;
16/04/2018;13:53:00;134;sem vítima;295,293;BR-101/RJ;Sul;Choque - Defensa, barreira ou "submarino";1;;;;;1;;;;;3;;;;
16/04/2018;16:07:00;159;sem vítima;56,5;BR-101/RJ;Sul;Tombamento;1;;;1;;;;;;;2;;;;
16/04/2018;17:12:00;169;sem vítima;176,8;BR-101/RJ;Norte;Capotamento;1;;;;;;;;;;3;;;;
16/04/2018;17:48:00;178;sem vítima;61,9;BR-101/RJ;Sul;Engavetamento;2;;;;;1;;;;;4;;;;
16/04/2018;23:55:00;227;sem vítima;308,113;BR-101/RJ;Norte;Atropelamento de Animal;1;;;;;;;;;;1;;;;
17/04/2018;06:47:00;35;sem vítima;306,139;BR-101/RJ;Norte;Colisão Traseira;2;;;;;;;;;;2;;;;
17/04/2018;06:49:00;36;com vítima;303,745;BR-101/RJ;Sul;Colisão Lateral;1;;;1;;;;;;;2;1;;;
17/04/2018;06:53:00;37;com vítima;313,361;BR-101/RJ;Sul;Engavetamento;2;;;1;;2;;;;;4;1;;;
17/04/2018;11:43:00;108;com vítima;296,724;BR-101/RJ;Sul;Choque - Poste;;1;;;;;;;;;0;1;;;
17/04/2018;16:34:00;145;sem vítima;253,592;BR-101/RJ;Sul;Choque - Outros;1;;;;;;;;;;1;;;;
17/04/2018;20:43:00;185;sem vítima;316,575;BR-101/RJ;Sul;Choque - Objeto sobre a pista;1;;;;;;;;;;1;;;;
18/04/2018;05:23:00;19;sem vítima;40,614;BR-101/RJ;Norte;Objeto lançado contra veículo;;;1;;;;;;;;1;;;;
18/04/2018;06:23:00;28;sem vítima;243,07;BR-101/RJ;Norte;Choque - Defensa, barreira ou "submarino";1;;;;;;;;;;1;;;;
18/04/2018;06:55:00;34;sem vítima;312,651;BR-101/RJ;Sul;Colisão Traseira;2;;;;;;;;;;2;;;;
18/04/2018;07:27:00;50;sem vítima;137,336;BR-101/RJ;Norte;Choque - Elemento de Drenagem;1;;;;;;;;;;1;;;;
18/04/2018;15:35:00;146;com vítima;197,458;BR-101/RJ;Sul;Colisão Traseira;1;;1;;;;;;;;3;1;;;
18/04/2018;19:22:00;175;com vítima;318,948;BR-101/RJ;Norte;Colisão Lateral;1;;;1;;;;;;;4;1;;;
18/04/2018;23:24:00;196;sem vítima;252,92;BR-101/RJ;Norte;Colisão Traseira;;;2;;;;;;;;2;;;;
19/04/2018;04:57:00;19;sem vítima;278,138;BR-101/RJ;Sul;Colisão Traseira;1;;1;;;;;;;;3;;;;
19/04/2018;05:02:00;20;sem vítima;144,401;BR-101/RJ;Sul;Choque - Poste;1;;;;;;;;;;1;;;;
19/04/2018;06:42:00;35;sem vítima;244,058;BR-101/RJ;Norte;Choque - Outros;1;;;;;;;;;;1;;;;
19/04/2018;07:07:00;43;sem vítima;276,944;BR-101/RJ;Sul;Colisão Traseira;1;;1;;;;;;;1;4;;;;
19/04/2018;08:34:00;74;sem vítima;58,768;BR-101/RJ;Sul;Engavetamento;1;;2;;;;;;;;5;;;;
19/04/2018;09:33:00;92;com vítima;285,622;BR-101/RJ;Norte;Colisão Lateral;;;1;1;;;;;;;2;;1;;
19/04/2018;14:14:00;160;sem vítima;192,83;BR-101/RJ;Sul;Choque - Cancela de Pedagio;1;;;;;;;;;;1;;;;
19/04/2018;18:08:00;196;sem vítima;268,442;BR-101/RJ;Sul;Engavetamento;;;3;;;;;;;;3;;;;
19/04/2018;18:15:00;198;com vítima;51,601;BR-101/RJ;Sul;Atropelamento - Morador;;;;;1;;;;;;1;;1;;
19/04/2018;19:39:00;209;sem vítima;44,5;BR-101/RJ;Sul;Atropelamento de Animal;1;;;;;;;;;;1;;;;
19/04/2018;23:13:00;228;com vítima;150,459;BR-101/RJ;Norte;Colisão Frontal;1;;1;;;;;;;;1;;;;1
19/04/2018;23:28:00;230;sem vítima;186,222;BR-101/RJ;Norte;Objeto lançado contra veículo;;;;;;;;;;1;1;;;;
20/04/2018;01:48:00;20;sem vítima;284,444;BR-101/RJ;Sul;Capotamento;1;;;;;;;;;;1;;;;
20/04/2018;08:00:00;82;com vítima;318,397;BR-101/RJ;Sul;Colisão Traseira;;;1;1;;;;;;;1;1;;;
20/04/2018;09:35:00;112;com vítima;56,317;BR-101/RJ;Norte;Colisão Lateral;1;;;1;;;;;;;0;1;;1;1
20/04/2018;13:54:00;157;com vítima;300,264;BR-101/RJ;Sul;Colisão Traseira;;1;;;;;;;;1;2;1;;;
20/04/2018;14:32:00;165;sem vítima;297,653;BR-101/RJ;Norte;Engavetamento;2;;1;;;;;;;;3;;;;
20/04/2018;15:55:00;183;sem vítima;301,267;BR-101/RJ;Norte;Colisão Lateral;2;;;1;;;;;;;7;;;;
20/04/2018;17:06:00;202;sem vítima;58,647;BR-101/RJ;Norte;Colisão Traseira;2;;;;;;;;;;2;;;;
20/04/2018;18:10:00;214;sem vítima;192,83;BR-101/RJ;Norte;Choque - Objeto sobre a pista;1;;;;;;;;;;1;;;;
20/04/2018;18:10:00;215;sem vítima;192,83;BR-101/RJ;Norte;Choque - Objeto sobre a pista;1;;;;;;;;;;1;;;;
20/04/2018;19:15:00;227;com vítima;236,614;BR-101/RJ;Sul;Colisão Transversal;1;;1;;;;;;;;4;2;;;
20/04/2018;19:00:00;228;sem vítima;314,15;BR-101/RJ;Norte;Colisão Traseira;2;;;;;;;;;;2;;;;
21/04/2018;04:42:00;26;sem vítima;239,836;BR-101/RJ;Sul;Choque - Defensa, barreira ou "submarino";1;;;;;;;;;;1;;;;
21/04/2018;04:49:00;29;sem vítima;296,606;BR-101/RJ;Sul;Choque - Defensa, barreira ou "submarino";1;;;;;;;;;;3;;;;
21/04/2018;09:46:00;74;com vítima;295,7;BR-101/RJ;Norte;Colisão Traseira;2;;;2;;;;;;;7;2;;;
21/04/2018;11:02:00;83;com vítima;309,12;BR-101/RJ;Norte;Colisão Lateral;1;;;1;;;;;;;3;1;;;
21/04/2018;14:49:00;135;com vítima;301,381;BR-101/RJ;Norte;Colisão Traseira;1;;;1;;;;;;;4;1;;;