data;horario;n_da_ocorrencia;tipo_de_ocorrencia;km;trecho;sentido;tipo_de_acidente;automovel;bicicleta;caminhao;moto;onibus;outros;tracao_animal;transporte_de_cargas_especiais;trator_maquinas;utilitarios;ilesos;levemente_feridos;moderadamente_feridos;gravemente_feridos;mortos
21/04/2018;19:38:00;180;sem vítima;313,053;BR-101/RJ;Norte;Capotamento;1;;;;;;;;;;6;;;;
21/04/2018;21:22:00;185;com vítima;313,113;BR-101/RJ;Norte;Queda;;;;1;;;;;;;0;1;;;
21/04/2018;21:51:00;188;com vítima;314,479;BR-101/RJ;Norte;Colisão Lateral;;;;1;;1;;;;;1;1;;;
21/04/2018;22:00:00;189;sem vítima;47,158;BR-101/RJ;Sul;Choque - Defensa, barreira ou "submarino";1;;;;;;;;;;1;;;;
22/04/2018;18:02:00;114;com vítima;67,605;BR-101/RJ;Sul;Atropelamento - Ciclista;;1;;;;1;;;;;1;;;1;
22/04/2018;19:37:00;134;sem vítima;295,33;BR-101/RJ;Sul;Colisão Traseira;1;;;;1;;;;;;2;;;;
22/04/2018;22:00:00;142;com vítima;193,527;BR-101/RJ;Sul;Atropelamento - Morador;;;;;;1;;;;;1;;1;;
23/04/2018;00:02:00;3;com vítima;171,518;BR-101/RJ;Norte;Choque - Defensa, barreira ou "submarino";1;;;;;;;;;;0;1;1;;
23/04/2018;06:05:00;16;sem vítima;307,467;BR-101/RJ;Sul;Atropelamento de Animal;1;;;;;;;;;;1;;;;
23/04/2018;10:08:00;44;com vítima;270,617;BR-101/RJ;Norte;Colisão Traseira;1;;;1;;;;;;;2;1;;;
23/04/2018;14:55:00;83;com vítima;291,595;BR-101/RJ;Sul;Colisão Traseira;2;;;;;;;;;;5;2;;;
23/04/2018;15:35:00;89;com vítima;231,12;BR-101/RJ;Norte;Capotamento;1;;;;;;;;;;0;1;;;
23/04/2018;20:09:00;135;sem vítima;299,65;BR-101/RJ;Sul;Choque - Defensa, barreira ou "submarino";;;1;;;;;;;;1;;;;
23/04/2018;20:37:00;139;sem vítima;214,5;BR-101/RJ;Sul;Choque - Objeto sobre a pista;1;;;;;;;;;;1;;;;
24/04/2018;06:29:00;38;sem vítima;306,21;BR-101/RJ;Sul;Engavetamento;5;;;;;;;;;;7;;;;
24/04/2018;06:31:00;39;com vítima;308,9;BR-101/RJ;Sul;Colisão Traseira;2;;;1;;;;;;;5;;1;;
24/04/2018;06:32:00;40;sem vítima;310,589;BR-101/RJ;Sul;Engavetamento;3;;;;;;;;;;6;;;;
24/04/2018;07:29:00;60;sem vítima;269,35;BR-101/RJ;Norte;Tombamento;;;1;;;;;;;;1;;;;
24/04/2018;08:04:00;72;sem vítima;269,3;BR-101/RJ;Sul;Atropelamento de Animal;1;;;;;;;;;;1;;;;
24/04/2018;08:43:00;89;com vítima;309,469;BR-101/RJ;Sul;Atropelamento - Outros;;;;1;;;;;;;1;1;;;
24/04/2018;09:44:00;117;sem vítima;307;BR-101/RJ;Sul;Colisão Traseira;1;;;;;;;;;1;4;;;;
24/04/2018;14:40:00;180;sem vítima;158,04;BR-101/RJ;Sul;Choque - Talude;1;;;;;;;;;;2;;;;
24/04/2018;15:25:00;188;com vítima;297,052;BR-101/RJ;Sul;Tombamento;;;;1;;;;;;;0;1;;;
24/04/2018;16:26:00;194;com vítima;282,79;BR-101/RJ;Norte;Tombamento;;;;1;;;;;;;0;2;;;
24/04/2018;16:27:00;197;com vítima;272,213;BR-101/RJ;Norte;Tombamento;;1;;;;;;;;;0;1;;;
24/04/2018;18:19:00;211;com vítima;320,595;BR-101/RJ;Sul;Colisão Lateral;1;;;1;;;;;;;1;1;;;
24/04/2018;20:19:00;224;com vítima;252,89;BR-101/RJ;Norte;Colisão Traseira;1;;1;;;;;;;;1;1;;;
24/04/2018;23:20:00;246;sem vítima;108,018;BR-101/RJ;Sul;Choque - Objeto sobre a pista;1;;;;;;;;;;1;;;;
25/04/2018;00:23:00;9;sem vítima;248,867;BR-101/RJ;Sul;Choque - Elemento de Drenagem;;;1;;;;;;;;1;;;;
25/04/2018;06:40:00;39;com vítima;316,98;BR-101/RJ;Sul;Colisão Lateral;;;;2;;;;;;;2;2;;;
25/04/2018;08:20:00;80;sem vítima;315,35;BR-101/RJ;Sul;Colisão Traseira;1;;;1;;;;;;;2;;;;
25/04/2018;08:26:00;83;com vítima;57,985;BR-101/RJ;Sul;Outros;;1;;;;;;;;1;1;1;;;
25/04/2018;08:39:00;89;sem vítima;301,03;BR-101/RJ;Sul;Colisão Traseira;2;;;;;;;;;;3;;;;
25/04/2018;10:55:00;124;com vítima;61,674;BR-101/RJ;Norte;Engavetamento;3;;;;;;;;;;4;1;;;
25/04/2018;18:19:00;188;sem vítima;66,382;BR-101/RJ;Norte;Colisão Traseira;1;;1;;;;;;;;6;;;;
25/04/2018;21:56:00;216;sem vítima;189,348;BR-101/RJ;Sul;Choque - Suporte de Sinalização;1;;;;;;;;;;1;;;;
26/04/2018;00:30:00;11;sem vítima;302,939;BR-101/RJ;Sul;Choque - Defensa, barreira ou "submarino";1;;;;;;;;;;3;;;;
26/04/2018;08:02:00;70;sem vítima;187,017;BR-101/RJ;Norte;Colisão Lateral;1;;;;;;;;;1;5;;;;
26/04/2018;09:14:00;88;sem vítima;295,9;BR-101/RJ;Sul;Colisão Traseira;2;;;;;;;;;;5;;;;
26/04/2018;10:12:00;103;com vítima;87,607;BR-101/RJ;Norte;Capotamento;1;;;;;;;;;;0;;1;1;
26/04/2018;14:38:00;146;sem vítima;66,428;BR-101/RJ;Norte;Colisão Traseira;2;;;;;;;;;;6;;;;
26/04/2018;20:45:00;197;sem vítima;73,602;BR-101/RJ;Norte;Atropelamento de Animal;1;;;;;;;;;;5;;;;
26/04/2018;23:57:00;215;sem vítima;58,231;BR-101/RJ;Sul;Colisão Lateral;1;;;;;1;;;;;2;;;;
27/04/2018;01:40:00;15;sem vítima;205,902;BR-101/RJ;Norte;Colisão Traseira;1;;;;;1;;;;;2;;;;
27/04/2018;04:09:00;26;sem vítima;286,739;BR-101/RJ;Sul;Atropelamento de Animal;;;;;1;;;;;;21;;;;
27/04/2018;06:33:00;37;sem vítima;66,484;BR-101/RJ;Norte;Choque - Elemento de Drenagem;1;;;;;;;;;;1;;;;
27/04/2018;10:18:00;103;sem vítima;297,826;BR-101/RJ;Sul;Colisão Lateral;;;1;;;1;;;;;2;;;;
27/04/2018;12:00:00;123;com vítima;297,08;BR-101/RJ;Norte;Colisão Transversal;1;;;;1;;;;;;2;1;;;
27/04/2018;12:17:00;125;sem vítima;155,553;BR-101/RJ;Sul;Engavetamento;1;;1;;;1;;;;;3;;;;
27/04/2018;15:37:00;148;sem vítima;78,704;BR-101/RJ;Norte;Choque - Outros;1;;;;;;;;;;2;;;;
28/04/2018;00:27:00;11;sem vítima;293,35;BR-101/RJ;Sul;Choque - Objeto sobre a pista;1;;;;;;;;;;1;;;;
28/04/2018;00:29:00;12;sem vítima;139,366;BR-101/RJ;Sul;Colisão Traseira;1;;;;1;;;;;;26;;;;
28/04/2018;02:40:00;22;com vítima;314,803;BR-101/RJ;Sul;Atropelamento - Andarilho;;;1;;;;;;;;1;1;;;
28/04/2018;06:49:00;43;sem vítima;310,179;BR-101/RJ;Norte;Colisão Traseira;1;;;;;1;;;;;2;;;;
28/04/2018;07:07:00;47;sem vítima;271,716;BR-101/RJ;Norte;Colisão Traseira;2;;;;;;;;;;3;;;;
28/04/2018;07:46:00;57;sem vítima;273,24;BR-101/RJ;Norte;Colisão Traseira;2;;;;;;;;;;5;;;;
28/04/2018;08:56:00;70;sem vítima;92,688;BR-101/RJ;Norte;Choque - Defensa, barreira ou "submarino";1;;;;;;;;;;2;;;;
28/04/2018;13:26:00;123;sem vítima;299,615;BR-101/RJ;Norte;Colisão Traseira;2;;;;;;;;;;5;;;;
28/04/2018;17:14:00;158;com vítima;300,52;BR-101/RJ;Norte;Engavetamento;5;;;;;;;;;;5;2;;;
28/04/2018;18:33:00;168;sem vítima;295,36;BR-101/RJ;Norte;Colisão Traseira;2;;;;;;;;;;6;;;;
28/04/2018;18:36:00;169;sem vítima;236,721;BR-101/RJ;Sul;Colisão Lateral;2;;;;;;;;;;7;;;;
28/04/2018;20:27:00;183;sem vítima;65,12;BR-101/RJ;Norte;Tombamento;;;;1;;;;;;;2;;;;
28/04/2018;20:29:00;184;sem vítima;321,97;BR-101/RJ;Sul;Colisão Traseira;2;;;;;;;;;;2;;;;
28/04/2018;20:50:00;188;com vítima;14,231;BR-101/RJ;Sul;Atropelamento de Animal;;;;1;;;;;;;0;1;1;;
28/04/2018;21:03:00;191;sem vítima;121,223;BR-101/RJ;Sul;Choque - Defensa, barreira ou "submarino";1;;;;;;;;;;4;;;;
29/04/2018;04:41:00;25;sem vítima;297,457;BR-101/RJ;Norte;Colisão Traseira;2;;;;;;;;;;8;;;;
29/04/2018;07:20:00;34;sem vítima;63,262;BR-101/RJ;Norte;Choque - Elemento de Drenagem;1;;;;;;;;;;1;;;;
29/04/2018;08:48:00;44;com vítima;228,449;BR-101/RJ;Norte;Capotamento;1;;;;;;;;;;0;1;;;
29/04/2018;10:15:00;55;com vítima;134,751;BR-101/RJ;Norte;Choque - Talude;1;;;;;;;;;;0;;;1;
29/04/2018;16:05:00;109;com vítima;293,465;BR-101/RJ;Sul;Tombamento;;;;1;;;;;;;0;;1;;
29/04/2018;16:06:00;111;sem vítima;309,662;BR-101/RJ;Norte;Colisão Lateral;2;;;;;;;;;;2;;;;
29/04/2018;18:35:00;131;com vítima;305,171;BR-101/RJ;Norte;Atropelamento - Ciclista;;1;;;;1;;;;;1;;1;;
29/04/2018;22:57:00;159;com vítima;318,11;BR-101/RJ;Norte;Tombamento;;;;1;;;;;;;0;2;;;
29/04/2018;23:40:00;164;sem vítima;307,694;BR-101/RJ;Sul;Colisão Lateral;2;;;;;;;;;;3;;;;
29/04/2018;23:50:00;165;com vítima;313,024;BR-101/RJ;Norte;Tombamento;;;;1;;;;;;;0;1;;;
30/04/2018;00:06:00;3;sem vítima;102,625;BR-101/RJ;Norte;Choque - Objeto sobre a pista;1;;;;;;;;;;1;;;;
30/04/2018;12:24:00;95;com vítima;54,108;BR-101/RJ;Norte;Colisão Lateral;1;;;1;;;;;;;1;;2;;
30/04/2018;15:21:00;122;sem vítima;299,7;BR-101/RJ;Sul;Colisão Traseira;2;;;;;;;;;;2;;;;
30/04/2018;18:17:00;155;sem vítima;268,729;BR-101/RJ;Sul;Colisão Lateral;1;;;1;;;;;;;2;;;;
30/04/2018;19:14:00;162;com vítima;55,533;BR-101/RJ;Norte;Colisão Transversal;1;;;1;;;;;;;1;1;;;
30/04/2018;19:50:00;169;sem vítima;279,362;BR-101/RJ;Sul;Choque - Objeto sobre a pista;1;;;;;;;;;;1;;;;
30/04/2018;19:54:00;172;com vítima;54,912;BR-101/RJ;Norte;Colisão Lateral;;;1;1;;;;;;;1;;;1;
01/05/2018;09:15:00;37;com vítima;194,82;BR-101/RJ;Norte;Tombamento;;;1;;;;;;;;0;1;;;
01/05/2018;12:56:00;67;sem vítima;298,922;BR-101/RJ;Sul;Colisão Lateral;2;;;;;;;;;;2;;;;
01/05/2018;13:22:00;72;com vítima;147,25;BR-101/RJ;Norte;Choque - Defensa, barreira ou "submarino";1;;;;;;;;;;0;1;;;
01/05/2018;15:54:00;92;com vítima;48,8;BR-101/RJ;Norte;Colisão Transversal;;;;1;;1;;;;;1;;1;;
01/05/2018;19:50:00;128;sem vítima;234,8;BR-101/RJ;Norte;Choque - Objeto sobre a pista;1;;;;;;;;;;1;;;;
01/05/2018;21:10:00;144;com vítima;46,944;BR-101/RJ;Norte;Choque - Elemento de Drenagem;1;;;;;;;;;;1;;1;;
02/05/2018;06:19:00;27;sem vítima;320,18;BR-101/RJ;Sul;Choque - Defensa, barreira ou "submarino";1;;;;;;;;;;1;;;;
02/05/2018;06:19:00;32;sem vítima;320,185;BR-101/RJ;Sul;Choque - Defensa, barreira ou "submarino";1;;;;;;;;;;1;;;;
02/05/2018;06:48:00;33;sem vítima;293,171;BR-101/RJ;Sul;Choque - Elemento de Drenagem;1;;;;;;;;;;1;;;;
02/05/2018;06:59:00;37;com vítima;55,231;BR-101/RJ;Sul;Colisão Transversal;1;;;1;;;;;;;1;;;2;
02/05/2018;08:49:00;72;com vítima;314,352;BR-101/RJ;Sul;Colisão Traseira;2;;;;;;;;;;2;1;;;
02/05/2018;09:19:00;84;com vítima;309,654;BR-101/RJ;Sul;Colisão Traseira;1;;1;;;;;;;;1;2;;;
02/05/2018;11:45:00;116;com vítima;14,397;BR-101/RJ;Norte;Colisão Lateral;1;;2;;;;;;;;2;;;1;
02/05/2018;14:57:00;145;sem vítima;146,795;BR-101/RJ;Norte;Choque - Defensa, barreira ou "submarino";;;1;;;;;;;;1;;;;
02/05/2018;15:02:00;147;sem vítima;70,154;BR-101/RJ;Norte;Engavetamento;3;;;;;;;;;;3;;;;
02/05/2018;17:09:00;166;sem vítima;58,9;BR-101/RJ;Sul;Colisão Transversal;1;;1;;;;;;;;2;;;;
02/05/2018;21:26:00;203;sem vítima;310,854;BR-101/RJ;Norte;Engavetamento;4;;1;;;;;;;;7;;;;
02/05/2018;23:04:00;212;sem vítima;100,314;BR-101/RJ;Norte;Choque - Defensa, barreira ou "submarino";1;;;;;;;;;;1;;;;
02/05/2018;23:45:00;216;sem vítima;100,314;BR-101/RJ;Norte;Choque - Objeto sobre a pista;1;;;;;;;;;;1;;;;
03/05/2018;00:45:00;15;sem vítima;294,554;BR-101/RJ;Sul;Choque - Defensa, barreira ou "submarino";1;;;;;;;;;;2;;;;
03/05/2018;01:31:00;23;sem vítima;321,459;BR-101/RJ;Sul;Colisão Frontal;2;;;;;;;;;;2;;;;
03/05/2018;03:20:00;27;sem vítima;309,107;BR-101/RJ;Norte;Choque - Defensa, barreira ou "submarino";1;;1;;;;;;;;3;;;;
03/05/2018;07:17:00;47;com vítima;318,917;BR-101/RJ;Sul;Colisão Traseira;1;;;1;;;;;;;1;1;;;
03/05/2018;10:21:00;86;sem vítima;146,977;BR-101/RJ;Sul;Choque - Talude;1;;;;;;;;;;1;;;;
03/05/2018;17:15:00;135;com vítima;247,289;BR-101/RJ;Sul;Choque - Talude;1;;;;;;;;;;0;1;;;
03/05/2018;16:08:00;136;sem vítima;239,295;BR-101/RJ;Norte;Choque - Defensa, barreira ou "submarino";1;;;;;1;;;;;3;;;;
03/05/2018;16:52:00;141;sem vítima;190,494;BR-101/RJ;Norte;Choque - Elemento de Drenagem;1;;;;;;;;;;2;;;;
03/05/2018;17:28:00;146;sem vítima;116,33;BR-101/RJ;Sul;Capotamento;1;;;;;;;;;;1;;;;
03/05/2018;18:04:00;153;sem vítima;293,954;BR-101/RJ;Norte;Engavetamento;4;;;;;;;;;;6;;;;
04/05/2018;03:10:00;19;sem vítima;298,962;BR-101/RJ;Norte;Choque - Defensa, barreira ou "submarino";;;1;;;;;;;;1;;;;
04/05/2018;03:41:00;23;sem vítima;151,481;BR-101/RJ;Norte;Choque - Talude;1;;;;;;;;;;1;;;;
04/05/2018;04:54:00;26;com vítima;315,307;BR-101/RJ;Sul;Colisão Traseira;1;;;;;;;;;1;1;;;;1
04/05/2018;06:04:00;33;sem vítima;139,5;BR-101/RJ;Sul;Atropelamento de Animal;1;;;;;;;;;;1;;;;
04/05/2018;06:21:00;38;sem vítima;280,608;BR-101/RJ;Sul;Choque - Defensa, barreira ou "submarino";1;;;;;;;;;;2;;;;
04/05/2018;07:58:00;76;sem vítima;315,5;BR-101/RJ;Sul;Colisão Traseira;1;;;;1;;;;;;2;;;;
04/05/2018;08:02:00;77;sem vítima;315,5;BR-101/RJ;Norte;Colisão Traseira;2;;;;;;;;;;2;;;;
04/05/2018;11:31:00;120;com vítima;321,926;BR-101/RJ;Sul;Colisão Lateral;;1;1;;;;;;;;1;1;;;
04/05/2018;16:04:00;149;com vítima;46,971;BR-101/RJ;Norte;Colisão Lateral;;1;;;;1;;;;;1;1;;;
04/05/2018;16:52:00;158;com vítima;316,175;BR-101/RJ;Norte;Colisão Lateral;;;;1;;1;;;;;1;1;;;
04/05/2018;17:20:00;163;com vítima;59,437;BR-101/RJ;Sul;Colisão Transversal;1;;;1;;;;;;;2;;1;;
04/05/2018;22:37:00;204;com vítima;270,016;BR-101/RJ;Sul;Atropelamento - Ciclista;1;1;;;;;;;;;1;1;;;
05/05/2018;02:18:00;17;sem vítima;119,589;BR-101/RJ;Norte;Choque - Poste;1;;;;;;;;;;2;;;;
05/05/2018;03:47:00;22;com vítima;119,589;BR-101/RJ;Norte;Choque - Poste;;;1;;;;;;;;1;1;;;
05/05/2018;04:37:00;24;com vítima;262,153;BR-101/RJ;Norte;Tombamento;1;;;1;;;;;;;1;1;;;
05/05/2018;10:16:00;74;sem vítima;297,196;BR-101/RJ;Norte;Colisão Transversal;2;;;;;;;;;;3;;;;
05/05/2018;14:05:00;116;sem vítima;192,83;BR-101/RJ;Sul;Choque - Cancela de Pedagio;1;;;;;;;;;;1;;;;
05/05/2018;16:49:00;139;sem vítima;304,602;BR-101/RJ;Sul;Colisão Traseira;1;;;;;1;;;;;2;;;;
05/05/2018;20:07:00;164;com vítima;48,588;BR-101/RJ;Norte;Colisão Transversal;1;;;1;;;;;;;1;;1;;
06/05/2018;01:12:00;14;com vítima;46,968;BR-101/RJ;Norte;Colisão Traseira;1;;;;;1;;;;;1;1;;;
06/05/2018;02:08:00;17;com vítima;56,848;BR-101/RJ;Sul;Colisão Traseira;2;;;;;;;;;;0;;4;;
06/05/2018;06:42:00;34;com vítima;267,543;BR-101/RJ;Sul;Tombamento;;;;1;;;;;;;0;1;;;
06/05/2018;08:49:00;50;com vítima;70,307;BR-101/RJ;Norte;Colisão Traseira;;;;1;;1;;;;;1;1;1;;
06/05/2018;09:29:00;56;sem vítima;35,25;BR-101/RJ;Sul;Colisão Transversal;1;;1;;;;;;;;6;;;;
06/05/2018;11:54:00;73;sem vítima;313,12;BR-101/RJ;Sul;Engavetamento;5;;;;;;;;;;12;;;;
06/05/2018;14:22:00;94;com vítima;230,28;BR-101/RJ;Norte;Capotamento;1;;;;;;;;;;0;1;;;
06/05/2018;17:18:00;123;com vítima;321,1;BR-101/RJ;Norte;Tombamento;;;;1;;1;;;;;1;1;;;
06/05/2018;19:22:00;142;com vítima;312,024;BR-101/RJ;Norte;Colisão Lateral;;;;1;;1;;;;;1;2;;;
06/05/2018;23:13:00;173;sem vítima;294,7;BR-101/RJ;Sul;Choque - Poste;1;;;;;;;;;;2;;;;
07/05/2018;06:48:00;35;com vítima;312,625;BR-101/RJ;Sul;Colisão Lateral;1;;;1;;;;;;;4;1;;;
07/05/2018;08:05:00;62;sem vítima;102,5;BR-101/RJ;Sul;Colisão Traseira;1;;1;;;;;;;;2;;;;
07/05/2018;08:12:00;65;sem vítima;317,417;BR-101/RJ;Sul;Colisão Traseira;2;;;;;;;;;;2;;;;
07/05/2018;08:22:00;71;com vítima;313,998;BR-101/RJ;Sul;Tombamento;;;;1;;1;;;;;1;1;;;
07/05/2018;09:03:00;87;sem vítima;283,396;BR-101/RJ;Norte;Colisão Traseira;1;;;;;;;;;1;2;;;;
07/05/2018;09:51:00;96;com vítima;307,137;BR-101/RJ;Norte;Colisão Traseira;1;;;1;;;;;;;2;2;;;
07/05/2018;17:59:00;168;com vítima;274,113;BR-101/RJ;Norte;Colisão Frontal;;1;;1;;;;;;;0;;2;;
07/05/2018;18:47:00;180;sem vítima;312,044;BR-101/RJ;Norte;Colisão Lateral;1;;;1;;;;;;;2;;;;
08/05/2018;06:59:00;41;sem vítima;315,698;BR-101/RJ;Sul;Colisão Traseira;2;;;;;;;;;;2;;;;
08/05/2018;07:24:00;48;sem vítima;320,82;BR-101/RJ;Norte;Colisão Traseira;1;;;;;;;;;;2;;;;
08/05/2018;07:39:00;53;sem vítima;139,317;BR-101/RJ;Sul;Choque - Defensa, barreira ou "submarino";1;;1;;;;;;;;4;;;;
08/05/2018;09:03:00;79;sem vítima;262,3;BR-101/RJ;Sul;Choque - Defensa, barreira ou "submarino";1;;;;;;;;;;1;;;;
08/05/2018;09:09:00;80;sem vítima;181,172;BR-101/RJ;Sul;Choque - Arvore;1;;;;;;;;;;1;;;;
08/05/2018;09:52:00;89;sem vítima;318,288;BR-101/RJ;Sul;Colisão Traseira;2;;;;;;;;;;2;;;;
08/05/2018;10:18:00;94;sem vítima;253,632;BR-101/RJ;Sul;Tombamento;;;;;;;;;;1;1;;;;
08/05/2018;10:51:00;101;sem vítima;257,7;BR-101/RJ;Sul;Choque - Defensa, barreira ou "submarino";1;;;;;;;;;;1;;;;
08/05/2018;12:07:00;112;com vítima;59,878;BR-101/RJ;Norte;Colisão Transversal;1;;;1;;;;;;;3;1;;;
08/05/2018;13:16:00;125;sem vítima;293,328;BR-101/RJ;Sul;Choque - Defensa, barreira ou "submarino";1;;;;;;;;;;1;;;;
08/05/2018;15:53:00;150;sem vítima;24,52;BR-101/RJ;Norte;Colisão Lateral;1;;1;;;;;;;;3;;;;
08/05/2018;20:27:00;188;com vítima;310,055;BR-101/RJ;Norte;Colisão Traseira;1;;;;1;;;;;;1;;1;;
08/05/2018;21:33:00;195;sem vítima;282,817;BR-101/RJ;Sul;Choque - Defensa, barreira ou "submarino";1;;;;;;;;;;5;;;;
09/05/2018;05:39:00;15;com vítima;320,817;BR-101/RJ;Norte;Colisão Traseira;1;;;;1;;;;;;1;;1;;
09/05/2018;07:51:00;59;com vítima;86,893;BR-101/RJ;Sul;Capotamento;1;;;;;;;;;;0;;;3;
09/05/2018;12:00:00;114;sem vítima;198,374;BR-101/RJ;Sul;Choque - Defensa, barreira ou "submarino";1;;;;;;;;;;1;;;;
10/05/2018;03:26:00;25;com vítima;86,975;BR-101/RJ;Sul;Atropelamento de Animal;;;;;1;;;;;;34;2;;;
10/05/2018;05:52:00;41;sem vítima;73,602;BR-101/RJ;Norte;Atropelamento de Animal;;;1;;;;;;;;1;;;;
10/05/2018;07:27:00;66;com vítima;215,095;BR-101/RJ;Norte;Choque - Defensa, barreira ou "submarino";;;;;;;;;;1;1;1;;;
10/05/2018;07:38:00;72;sem vítima;302,837;BR-101/RJ;Norte;Colisão Frontal;1;;1;;;;;;;;3;;;;
10/05/2018;08:37:00;98;com vítima;305,13;BR-101/RJ;Norte;Tombamento;;;;1;;;;;;;1;1;1;;
10/05/2018;09:41:00;117;sem vítima;286,362;BR-101/RJ;Sul;Colisão Traseira;2;;;;;;;;;;2;;;;
10/05/2018;10:37:00;129;sem vítima;313,035;BR-101/RJ;Norte;Colisão Traseira;2;;;;;;;;;;3;;;;
10/05/2018;16:35:00;186;sem vítima;310,943;BR-101/RJ;Norte;Engavetamento;4;;;;;;;;;;7;;;;
10/05/2018;18:55:00;208;sem vítima;14,995;BR-101/RJ;Norte;Objeto lançado contra veículo;1;;1;;;;;;;;3;;;;
10/05/2018;19:49:00;218;sem vítima;73,926;BR-101/RJ;Norte;Colisão Transversal;2;;;;;;;;;;2;;;;
10/05/2018;23:51:00;242;sem vítima;309,937;BR-101/RJ;Norte;Choque - Objeto sobre a pista;1;;1;;;;;;;;6;;;;
11/05/2018;10:31:00;112;sem vítima;13,77;BR-101/RJ;Norte;Colisão Traseira;1;;1;;;;;;;;5;;;;
11/05/2018;10:41:00;116;sem vítima;294,599;BR-101/RJ;Sul;Colisão Traseira;1;;1;;;;;;;;3;;;;
11/05/2018;11:59:00;133;com vítima;60,06;BR-101/RJ;Norte;Tombamento;;;;1;;;;;;;0;1;;;
11/05/2018;12:03:00;136;sem vítima;162,141;BR-101/RJ;Norte;Choque - Objeto sobre a pista;;;;1;;;;;;;1;;;;
11/05/2018;14:04:00;159;com vítima;123,4;BR-101/RJ;Norte;Capotamento;;;;;;;;;;1;0;;;1;
11/05/2018;14:37:00;167;sem vítima;74,595;BR-101/RJ;Norte;Engavetamento;3;;;;;;;;;;4;;;;
11/05/2018;14:43:00;169;com vítima;306,153;BR-101/RJ;Sul;Colisão Traseira;2;;;;;;;;;;1;1;1;;
11/05/2018;15:45:00;182;sem vítima;68,5;BR-101/RJ;Sul;Tombamento;;;;1;;;;;;;1;;;;
11/05/2018;17:28:00;203;com vítima;117,5;BR-101/RJ;Norte;Capotamento;1;;;;;;;;;;1;;;2;
11/05/2018;19:30:00;223;com vítima;311,04;BR-101/RJ;Norte;Colisão Lateral;1;;;1;;;;;;;1;1;;;
11/05/2018;22:52:00;250;sem vítima;181,776;BR-101/RJ;Sul;Colisão Transversal;2;;;;;;;;;;2;;;;
11/05/2018;23:00:00;253;sem vítima;36,113;BR-101/RJ;Norte;Choque - Defensa, barreira ou "submarino";1;;;;;;;;;;2;;;;
12/05/2018;06:57:00;51;sem vítima;269,08;BR-101/RJ;Norte;Choque - Outros;;;;;;;;;;1;1;;;;
12/05/2018;13:17:00;134;sem vítima;131,445;BR-101/RJ;Norte;Colisão Lateral;;;2;;;;;;;;2;;;;
12/05/2018;13:44:00;138;sem vítima;195,321;BR-101/RJ;Sul;Choque - Defensa, barreira ou "submarino";1;;;;;;;;;;1;;;;
12/05/2018;15:30:00;152;com vítima;226,417;BR-101/RJ;Norte;Tombamento;;;;1;;;;;;;0;2;;;
12/05/2018;17:58:00;180;com vítima;18,828;BR-101/RJ;Sul;Atropelamento - Morador;1;;;;;;;;;;1;;;;1
13/05/2018;02:17:00;24;com vítima;265,701;BR-101/RJ;Sul;Choque - Outros;1;;;;;;;;;;0;1;;;
13/05/2018;03:47:00;29;com vítima;91,689;BR-101/RJ;Norte;Choque - Suporte de Sinalização;;;;1;;;;;;;0;;2;;
13/05/2018;04:53:00;31;com vítima;198,426;BR-101/RJ;Sul;Choque - Defensa, barreira ou "submarino";1;;;;;;;;;;0;1;;;
13/05/2018;05:47:00;37;sem vítima;297,747;BR-101/RJ;Sul;Colisão Traseira;1;;;;;;;;;1;10;;;;
13/05/2018;06:45:00;43;sem vítima;261,374;BR-101/RJ;Sul;Choque - Defensa, barreira ou "submarino";1;;;;;;;;;;1;;;;
13/05/2018;09:05:00;63;sem vítima;122,9;BR-101/RJ;Sul;Colisão Traseira;1;;;;;1;;;;;2;;;;
13/05/2018;10:04:00;77;sem vítima;271,171;BR-101/RJ;Norte;Choque - Defensa, barreira ou "submarino";1;;;;;;;;;;2;;;;
13/05/2018;11:39:00;93;sem vítima;92,596;BR-101/RJ;Norte;Capotamento;1;;;;;;;;;;1;;;;
13/05/2018;13:01:00;106;sem vítima;81,65;BR-101/RJ;Sul;Choque - Defensa, barreira ou "submarino";1;;;;;;;;;;2;;;;
13/05/2018;18:15:00;155;com vítima;200,318;BR-101/RJ;Sul;Colisão Traseira;1;;;1;;;;;;;4;;1;;
13/05/2018;18:40:00;158;com vítima;153,994;BR-101/RJ;Sul;Colisão Traseira;;;;1;;1;;;;;1;;;2;
13/05/2018;18:42:00;164;sem vítima;311,173;BR-101/RJ;Norte;Engavetamento;1;;;;;2;;;;;3;;;;
13/05/2018;19:53:00;174;sem vítima;294,232;BR-101/RJ;Norte;Engavetamento;3;;;;;;;;;;3;;;;
13/05/2018;20:27:00;178;sem vítima;294,09;BR-101/RJ;Norte;Colisão Traseira;2;;;;;;;;;;6;;;;
13/05/2018;22:59:00;192;sem vítima;252,82;BR-101/RJ;Norte;Colisão Traseira;1;;;;1;;;;;;36;;;;
14/05/2018;05:44:00;29;sem vítima;301,892;BR-101/RJ;Sul;Engavetamento;2;;;;;;;;;;4;;;;