data;horario;n_da_ocorrencia;tipo_de_ocorrencia;km;trecho;sentido;tipo_de_acidente;automovel;bicicleta;caminhao;moto;onibus;outros;tracao_animal;transporte_de_cargas_especiais;trator_maquinas;utilitarios;ilesos;levemente_feridos;moderadamente_feridos;gravemente_feridos;mortos
14/05/2018;15:09:00;154;com vítima;305,18;BR-101/RJ;Norte;Choque - Veiculo parado no acostamento;1;;;;1;;;;;;1;2;;;
14/05/2018;15:31:00;159;com vítima;305,19;BR-101/RJ;Norte;Atropelamento - Morador;1;;;;;;;;;;1;1;;;
14/05/2018;17:18:00;175;com vítima;318,697;BR-101/RJ;Norte;Colisão Lateral;;;1;1;;;;;;;1;;1;;
15/05/2018;12:04:00;143;sem vítima;297,8;BR-101/RJ;Norte;Colisão Traseira;;;1;;;1;;;;;2;;;;
15/05/2018;14:50:00;167;com vítima;318,325;BR-101/RJ;Sul;Colisão Lateral;;;;1;1;;;;;;37;2;;;
15/05/2018;16:58:00;187;com vítima;321,803;BR-101/RJ;Norte;Tombamento;;;;1;;;;;;;0;1;;;
15/05/2018;17:04:00;191;com vítima;254,921;BR-101/RJ;Norte;Colisão Traseira;;;1;1;;;;;;;1;;;;1
16/05/2018;04:32:00;23;sem vítima;287,53;BR-101/RJ;Norte;Colisão Traseira;;;2;;;;;;;;2;;;;
16/05/2018;06:54:00;49;sem vítima;287,53;BR-101/RJ;Sul;Colisão Traseira;2;;;;;;;;;;2;;;;
16/05/2018;08:02:00;82;sem vítima;313,823;BR-101/RJ;Sul;Engavetamento;3;;;;;;;;;;3;;;;
16/05/2018;11:02:00;130;sem vítima;293,637;BR-101/RJ;Sul;Colisão Traseira;1;;;;;1;;;;;2;;;;
16/05/2018;16:47:00;189;com vítima;318,082;BR-101/RJ;Norte;Tombamento;;;;1;;;;;;;0;2;;;
16/05/2018;23:07:00;229;sem vítima;225,32;BR-101/RJ;Norte;Choque - Defensa, barreira ou "submarino";1;;;;;;;;;;1;;;;
17/05/2018;11:50:00;118;com vítima;289,896;BR-101/RJ;Sul;Choque - Elemento de Drenagem;1;;;;;;;;;;0;2;;;
17/05/2018;16:41:00;176;sem vítima;73,986;BR-101/RJ;Sul;Colisão Transversal;1;;;;1;;;;;;3;;;;
17/05/2018;18:59:00;201;com vítima;71,7;BR-101/RJ;Sul;Tombamento;;1;;;;;;;;;1;;;1;
17/05/2018;22:59:00;215;com vítima;310,451;BR-101/RJ;Norte;Tombamento;;;;1;;1;;;;;0;2;;;
17/05/2018;23:25:00;221;sem vítima;297,396;BR-101/RJ;Norte;Colisão Traseira;;;;;1;1;;;;;2;;;;
18/05/2018;07:25:00;63;sem vítima;317,484;BR-101/RJ;Sul;Colisão Traseira;2;;;;;;;;;;2;;;;
18/05/2018;13:18:00;162;com vítima;276,845;BR-101/RJ;Norte;Capotamento;1;;;;;1;;;;;2;2;1;;
18/05/2018;13:46:00;166;com vítima;305,166;BR-101/RJ;Sul;Atropelamento - Morador;1;;;;;;;;;;1;;1;1;
18/05/2018;14:08:00;172;sem vítima;61,484;BR-101/RJ;Norte;Colisão Traseira;1;;1;;;;;;;;2;;;;
18/05/2018;14:13:00;174;sem vítima;192,83;BR-101/RJ;Sul;Colisão Traseira;1;;1;;;;;;;;2;;;;
18/05/2018;15:32:00;191;sem vítima;75,349;BR-101/RJ;Sul;Choque - Elemento de Drenagem;1;;;;;;;;;;2;;;;
18/05/2018;16:00:00;202;sem vítima;275,35;BR-101/RJ;Norte;Choque - Objeto sobre a pista;1;;;;;;;;;;1;;;;
18/05/2018;18:33:00;217;com vítima;50,835;BR-101/RJ;Sul;Colisão Transversal;1;;;;;1;;;;;1;2;;;
18/05/2018;20:51:00;242;sem vítima;154,114;BR-101/RJ;Norte;Colisão Lateral;1;;;;;;;;;1;2;;;;
18/05/2018;20:51:00;244;com vítima;154,114;BR-101/RJ;Sul;Colisão Traseira;1;;1;;;;;;;;1;;4;;
19/05/2018;00:54:00;16;sem vítima;218,05;BR-101/RJ;Norte;Choque - Elemento de Drenagem;;;1;;;;;;;;1;;;;
19/05/2018;05:01:00;39;sem vítima;309,101;BR-101/RJ;Norte;Colisão Traseira;2;;;;;;;;;;7;;;;
19/05/2018;08:06:00;72;sem vítima;92,97;BR-101/RJ;Norte;Choque - Elemento de Drenagem;1;;;;;;;;;;1;;;;
19/05/2018;13:58:00;132;com vítima;69,367;BR-101/RJ;Norte;Colisão Lateral;;;;1;;;;;;1;2;1;;;
19/05/2018;15:54:00;151;sem vítima;263,905;BR-101/RJ;Norte;Colisão Lateral;1;;1;;;;;;;;4;;;;
19/05/2018;16:55:00;167;com vítima;260,759;BR-101/RJ;Sul;Tombamento;;;1;;;;;;;;1;1;;;
19/05/2018;18:07:00;180;sem vítima;321,591;BR-101/RJ;Norte;Colisão Traseira;1;;1;;;;;;;;4;;;;
19/05/2018;18:39:00;188;com vítima;216,33;BR-101/RJ;Sul;Engavetamento;3;;;;;;;;;;11;1;;;
20/05/2018;01:52:00;22;com vítima;54,204;BR-101/RJ;Sul;Saida de Pista;1;;;;;;;;;;0;4;1;;
20/05/2018;02:00:00;23;sem vítima;317,413;BR-101/RJ;Sul;Choque - Defensa, barreira ou "submarino";1;;;;;;;;;;1;;;;
20/05/2018;04:38:00;32;sem vítima;157,053;BR-101/RJ;Norte;Atropelamento de Animal;1;;;;;;;;;;2;;;;
20/05/2018;07:21:00;40;com vítima;316,995;BR-101/RJ;Sul;Tombamento;;;;1;;;;;;;1;1;;;
20/05/2018;14:11:00;96;sem vítima;302,849;BR-101/RJ;Sul;Choque - Poste;1;;;;;;;;;;1;;;;
20/05/2018;17:15:00;118;com vítima;237,132;BR-101/RJ;Norte;Colisão Traseira;2;;;;;;;;;;2;1;;;
20/05/2018;17:52:00;123;sem vítima;313,784;BR-101/RJ;Sul;Engavetamento;3;;;;;;;;;;9;;;;
20/05/2018;18:17:00;128;sem vítima;157,928;BR-101/RJ;Sul;Choque - Objeto sobre a pista;1;;;;;;;;;;1;;;;
20/05/2018;20:04:00;156;sem vítima;117,822;BR-101/RJ;Sul;Choque - Elemento de Drenagem;1;;;;;;;;;;5;;;;
20/05/2018;23:35:00;185;com vítima;62,063;BR-101/RJ;Sul;Colisão Traseira;;;;1;;1;;;;;1;;;2;
21/05/2018;00:20:00;18;com vítima;296,461;BR-101/RJ;Sul;Objeto lançado contra veículo;;;1;;;;;;;;0;1;;;
21/05/2018;01:10:00;28;sem vítima;296,65;BR-101/RJ;Sul;Objeto lançado contra veículo;;;1;;;;;;;;1;;;;
21/05/2018;05:02:00;36;sem vítima;296,833;BR-101/RJ;Sul;Objeto lançado contra veículo;;;1;;;;;;;;1;;;;
21/05/2018;07:11:00;62;com vítima;71,019;BR-101/RJ;Norte;Colisão Lateral;1;;;1;;;;;;;1;;2;;
21/05/2018;07:14:00;63;com vítima;312,871;BR-101/RJ;Sul;Colisão Lateral;1;;;1;;;;;;;1;2;;;
21/05/2018;07:38:00;77;sem vítima;296,478;BR-101/RJ;Norte;Colisão Traseira;2;;;;;;;;;;3;;;;
21/05/2018;14:46:00;173;com vítima;295,173;BR-101/RJ;Norte;Colisão Lateral;1;;;1;1;;;;;;3;;1;;
21/05/2018;23:05:00;232;sem vítima;294,996;BR-101/RJ;Norte;Colisão Traseira;1;;;;;;;;;1;4;;;;
22/05/2018;07:24:00;40;sem vítima;162,321;BR-101/RJ;Norte;Colisão Lateral;;;1;;;;;;;1;2;;;;
22/05/2018;09:08:00;70;sem vítima;319,243;BR-101/RJ;Sul;Colisão Lateral;1;;;1;;;;;;;2;;;;
22/05/2018;18:12:00;160;com vítima;213,019;BR-101/RJ;Norte;Atropelamento - Andarilho;1;;;;;;;;;;0;1;;;1
22/05/2018;22:07:00;178;sem vítima;312,616;BR-101/RJ;Norte;Colisão Lateral;1;;1;;;;;;;;3;;;;
22/05/2018;23:35:00;190;com vítima;44,719;BR-101/RJ;Sul;Choque - Elemento de Drenagem;1;;;;;;;;;;0;1;;;
23/05/2018;02:15:00;20;sem vítima;295,5;BR-101/RJ;Sul;Choque - Defensa, barreira ou "submarino";1;;;;;;;;;;1;;;;
23/05/2018;11:50:00;127;sem vítima;295,833;BR-101/RJ;Norte;Engavetamento;2;;;;;;;;;1;7;;;;
23/05/2018;19:08:00;184;sem vítima;277,305;BR-101/RJ;Norte;Choque - Defensa, barreira ou "submarino";1;;;;;;;;;;1;;;;
23/05/2018;20:50:00;193;com vítima;73,65;BR-101/RJ;Norte;Colisão Traseira;;1;;;;1;;;;;1;1;1;;
24/05/2018;06:29:00;36;com vítima;314,45;BR-101/RJ;Sul;Colisão Traseira;1;;;1;;;;;;;2;1;;;
24/05/2018;17:53:00;147;sem vítima;136,254;BR-101/RJ;Sul;Choque - Defensa, barreira ou "submarino";1;;;;;;;;;;1;;;;
25/05/2018;04:51:00;20;sem vítima;297,905;BR-101/RJ;Sul;Choque - Defensa, barreira ou "submarino";1;;;;;;;;;;1;;;;
25/05/2018;14:00:00;103;com vítima;294,392;BR-101/RJ;Norte;Atropelamento - Usuário;;;;;;;;;;1;1;1;;;
25/05/2018;21:15:00;127;sem vítima;275;BR-101/RJ;Norte;Atropelamento de Animal;1;;;;;;;;;;1;;;;
25/05/2018;18:53:00;133;com vítima;307,03;BR-101/RJ;Norte;Colisão Lateral;;1;;;;1;;;;;1;;1;;
26/05/2018;06:27:00;38;com vítima;310,452;BR-101/RJ;Norte;Atropelamento - Outros;;;;;;1;;;;;1;;1;;
26/05/2018;07:23:00;43;sem vítima;310,466;BR-101/RJ;Norte;Colisão Traseira;1;;;;;1;;;;;2;;;;
26/05/2018;23:21:00;129;com vítima;312,677;BR-101/RJ;Sul;Engavetamento;4;;;;;;;;;;3;1;;;
27/05/2018;01:55:00;14;sem vítima;294,191;BR-101/RJ;Norte;Saida de Pista;2;;;;;;;;;;2;;;;
27/05/2018;13:00:00;42;sem vítima;276,702;BR-101/RJ;Sul;Colisão Lateral;2;;;;;;;;;;5;;;;
28/05/2018;06:47:00;36;sem vítima;297,777;BR-101/RJ;Sul;Colisão Traseira;1;;;;1;;;;;;2;;;;
28/05/2018;14:19:00;90;com vítima;206,221;BR-101/RJ;Sul;Capotamento;1;;;;;2;;;;;2;1;1;;
28/05/2018;20:27:00;130;com vítima;291,714;BR-101/RJ;Sul;Colisão Traseira;1;1;;;;;;;;;1;;1;;
29/05/2018;08:50:00;67;sem vítima;22,605;BR-101/RJ;Sul;Choque - Suporte de Sinalização;1;;;;;;;;;;1;;;;
29/05/2018;09:24:00;77;sem vítima;318,289;BR-101/RJ;Norte;Colisão Traseira;2;;;;;;;;;;10;;;;
29/05/2018;12:57:00;108;sem vítima;64,4;BR-101/RJ;Norte;Colisão Lateral;2;;;;;;;;;;2;;;;
29/05/2018;16:11:00;133;com vítima;70,35;BR-101/RJ;Sul;Colisão Lateral;1;;;1;;;;;;;3;1;;;
29/05/2018;21:18:00;164;com vítima;300,836;BR-101/RJ;Norte;Colisão Traseira;2;;;;;;;;;;0;4;;;
30/05/2018;02:34:00;15;sem vítima;134,075;BR-101/RJ;Norte;Atropelamento de Animal;;;;;1;;;;;;1;;;;
30/05/2018;07:03:00;42;sem vítima;297,031;BR-101/RJ;Norte;Colisão Traseira;1;;;;1;;;;;;4;;;;
30/05/2018;07:17:00;44;sem vítima;309,246;BR-101/RJ;Sul;Engavetamento;3;;;;;;;;;;6;;;;
30/05/2018;10:49:00;97;com vítima;82,707;BR-101/RJ;Norte;Colisão Frontal;1;;;;;;;;;1;0;1;;2;1
30/05/2018;17:46:00;145;sem vítima;294,3;BR-101/RJ;Norte;Colisão Traseira;2;;;;;;;;;;4;;;;
30/05/2018;18:18:00;151;com vítima;302,86;BR-101/RJ;Sul;Colisão Frontal;2;;;;;;;;;;3;1;;;
30/05/2018;18:59:00;161;sem vítima;144,5;BR-101/RJ;Sul;Choque - Elemento de Drenagem;1;;;;;;;;;;1;;;;
31/05/2018;03:42:00;24;com vítima;296,351;BR-101/RJ;Sul;Capotamento;1;;;;;;;;;;0;1;;;
31/05/2018;04:10:00;27;com vítima;297,42;BR-101/RJ;Sul;Choque - Defensa, barreira ou "submarino";1;;1;;;;;;;;3;1;;;
31/05/2018;05:51:00;37;com vítima;242,055;BR-101/RJ;Sul;Choque - Arvore;1;;;;;;;;;;0;1;;;
31/05/2018;10:47:00;75;sem vítima;259,377;BR-101/RJ;Norte;Choque - Defensa, barreira ou "submarino";1;;;;;;;;;;5;;;;
31/05/2018;11:14:00;78;com vítima;201,657;BR-101/RJ;Norte;Choque - Defensa, barreira ou "submarino";1;;;;;;;;;;0;;1;;
31/05/2018;18:11:00;144;com vítima;55,095;BR-101/RJ;Sul;Colisão Traseira;1;;;1;;;;;;;1;;2;;
31/05/2018;18:49:00;151;com vítima;217,177;BR-101/RJ;Sul;Colisão Frontal;1;;;1;;;;;;;0;2;;1;1
31/05/2018;23:28:00;177;sem vítima;273,595;BR-101/RJ;Sul;Colisão Traseira;2;;;;;;;;;;2;;;;
01/06/2018;07:31:00;38;sem vítima;149,3;BR-101/RJ;Norte;Choque - Elemento de Drenagem;1;;;;;;;;;;1;;;;
01/06/2018;15:07:00;129;sem vítima;58,898;BR-101/RJ;Norte;Colisão Traseira;;;1;;;1;;;;;2;;;;
01/06/2018;15:41:00;137;com vítima;289,671;BR-101/RJ;Sul;Choque - Defensa, barreira ou "submarino";1;;;;;;;;;;1;1;;;
01/06/2018;16:53:00;154;sem vítima;11,001;BR-101/RJ;Norte;Choque - Talude;;;1;;;;;;;;1;;;;
01/06/2018;19:01:00;175;sem vítima;110,5;BR-101/RJ;Norte;Choque - Defensa, barreira ou "submarino";1;;;;;;;;;;3;;;;
01/06/2018;23:27:00;198;sem vítima;274,524;BR-101/RJ;Norte;Colisão Lateral;1;;;;;1;;;;;2;;;;
02/06/2018;06:05:00;21;com vítima;55,781;BR-101/RJ;Sul;Colisão Traseira;;1;;;;1;;;;;1;;;;1
02/06/2018;07:23:00;37;com vítima;299,624;BR-101/RJ;Norte;Colisão Traseira;;;;1;1;1;;;;;2;;1;;
02/06/2018;09:51:00;68;com vítima;279,937;BR-101/RJ;Sul;Colisão Lateral;;1;1;;;;;;;;1;;1;;
02/06/2018;12:53:00;92;com vítima;62,364;BR-101/RJ;Norte;Colisão Traseira;;;;1;1;;;;;;1;;1;;
02/06/2018;14:45:00;102;sem vítima;273,309;BR-101/RJ;Norte;Colisão Traseira;1;;;;1;;;;;;2;;;;
02/06/2018;14:48:00;105;sem vítima;65,2;BR-101/RJ;Norte;Colisão Traseira;2;;;;;;;;;;2;;;;
02/06/2018;15:40:00;115;com vítima;262,147;BR-101/RJ;Norte;Tombamento;;;;1;;;;;;;0;;1;;
02/06/2018;16:29:00;120;sem vítima;60,885;BR-101/RJ;Norte;Colisão Transversal;2;;;;;;;;;;5;;;;
02/06/2018;16:58:00;125;com vítima;53,068;BR-101/RJ;Norte;Engavetamento;1;;2;;;;;;;;5;1;;;
02/06/2018;22:27:00;171;com vítima;185,658;BR-101/RJ;Norte;Colisão Frontal;2;;;;;;;;;;1;1;1;;
02/06/2018;23:15:00;177;sem vítima;313,055;BR-101/RJ;Norte;Saida de Pista;1;;;;;;;;;;1;;;;
03/06/2018;03:27:00;25;com vítima;283,771;BR-101/RJ;Sul;Choque - Defensa, barreira ou "submarino";;;1;;;;;;;;1;1;;;
03/06/2018;05:47:00;35;com vítima;296,36;BR-101/RJ;Sul;Tombamento;1;;;1;;;;;;;1;1;;;
03/06/2018;14:41:00;118;sem vítima;299,7;BR-101/RJ;Sul;Colisão Traseira;2;;;;;;;;;;4;;;;
03/06/2018;14:41:00;119;com vítima;157,3;BR-101/RJ;Sul;Colisão Frontal;1;;1;;;;;;;;0;;;4;2
03/06/2018;17:38:00;145;com vítima;275,067;BR-101/RJ;Sul;Atropelamento - Morador;;;;1;;;;;;;2;1;;;
03/06/2018;17:38:00;147;sem vítima;275,067;BR-101/RJ;Sul;Colisão Lateral;1;;;1;;;;;;;3;;;;
03/06/2018;18:25:00;156;sem vítima;129,696;BR-101/RJ;Sul;Engavetamento;3;;;;;;;;;;8;;;;
03/06/2018;18:59:00;165;com vítima;238,937;BR-101/RJ;Sul;Tombamento;;;;1;;;;;;;1;1;;;
03/06/2018;19:48:00;176;com vítima;8,462;BR-101/RJ;Sul;Tombamento;;;;1;;;;;;;0;2;;;
03/06/2018;20:20:00;182;sem vítima;281,389;BR-101/RJ;Sul;Engavetamento;3;;;;;;;;;;8;;;;
03/06/2018;20:37:00;186;sem vítima;163,344;BR-101/RJ;Norte;Colisão Traseira;2;;;;;;;;;;2;;;;
03/06/2018;22:48:00;206;sem vítima;154,665;BR-101/RJ;Sul;Colisão Traseira;1;;1;;;;;;;;3;;;;
03/06/2018;23:16:00;208;sem vítima;269,063;BR-101/RJ;Norte;Colisão Traseira;1;;;;;1;;;;;3;;;;
04/06/2018;06:25:00;34;sem vítima;282,94;BR-101/RJ;Sul;Choque - Defensa, barreira ou "submarino";2;;;;;;;;;;4;;;;
04/06/2018;07:20:00;56;com vítima;297,2;BR-101/RJ;Sul;Tombamento;;1;;;;1;;;;;1;1;;;
04/06/2018;07:43:00;65;com vítima;318,3;BR-101/RJ;Sul;Tombamento;;;;1;;1;;;;;1;1;;;
04/06/2018;14:23:00;156;sem vítima;58,815;BR-101/RJ;Norte;Colisão Traseira;;;;;;1;;;;1;2;;;;
04/06/2018;14:45:00;158;com vítima;210,7;BR-101/RJ;Sul;Capotamento;1;;;;;;;;;;0;1;;;
04/06/2018;15:45:00;169;com vítima;282,89;BR-101/RJ;Sul;Choque - Defensa, barreira ou "submarino";1;;;;;;;;;;1;1;;;
04/06/2018;17:34:00;185;com vítima;121,194;BR-101/RJ;Sul;Choque - Defensa, barreira ou "submarino";;;;;;;;;;1;0;1;;;
04/06/2018;17:48:00;187;sem vítima;228,293;BR-101/RJ;Norte;Choque - Defensa, barreira ou "submarino";1;;;;;;;;;;1;;;;
04/06/2018;19:10:00;202;sem vítima;318,315;BR-101/RJ;Sul;Choque - Suporte de Sinalização;1;;;;;;;;;;4;;;;
04/06/2018;22:19:00;224;com vítima;317,398;BR-101/RJ;Norte;Capotamento;2;;;;;;;;;;1;1;;;
05/06/2018;01:43:00;21;com vítima;168,032;BR-101/RJ;Sul;Colisão Frontal;2;;1;;;;;;;;1;;;2;1
05/06/2018;06:23:00;49;com vítima;314,188;BR-101/RJ;Sul;Colisão Lateral;1;;;1;;;;;;;1;1;;;
05/06/2018;06:38:00;51;sem vítima;148,886;BR-101/RJ;Sul;Atropelamento de Animal;1;;;;;;;;;;1;;;;
05/06/2018;14:03:00;157;com vítima;311,041;BR-101/RJ;Norte;Tombamento;;;;1;;;;;;;0;1;1;;
05/06/2018;19:03:00;197;com vítima;317,857;BR-101/RJ;Sul;Outros - Sequência;1;;;1;1;;;;;;2;2;;;
05/06/2018;20:29:00;212;sem vítima;291,227;BR-101/RJ;Sul;Colisão Traseira;;;1;;1;;;;;;2;;;;
05/06/2018;21:32:00;218;sem vítima;310,571;BR-101/RJ;Norte;Engavetamento;2;;;;;1;;;;;4;;;;
06/06/2018;00:45:00;16;sem vítima;315,034;BR-101/RJ;Sul;Choque - Defensa, barreira ou "submarino";;;;;;;;;;1;2;;;;
06/06/2018;01:10:00;17;com vítima;318,792;BR-101/RJ;Norte;Colisão Traseira;1;;;1;;;;;;;1;1;;;
06/06/2018;04:43:00;28;com vítima;310,078;BR-101/RJ;Norte;Engavetamento;2;;1;;;;;;;;2;;;1;
06/06/2018;05:20:00;32;sem vítima;289,465;BR-101/RJ;Sul;Colisão Traseira;2;;;;;;;;;;2;;;;
06/06/2018;06:49:00;42;sem vítima;123,026;BR-101/RJ;Norte;Atropelamento de Animal;1;;;;;;;;;;1;;;;
06/06/2018;09:41:00;113;com vítima;282,589;BR-101/RJ;Norte;Engavetamento;4;;;;;;;;;;6;3;;;
06/06/2018;10:53:00;129;com vítima;84,006;BR-101/RJ;Sul;Atropelamento - Morador;1;;;;;;;;;;1;1;;;
06/06/2018;13:12:00;154;sem vítima;294,424;BR-101/RJ;Norte;Colisão Traseira;2;;;;;;;;;;2;;;;
06/06/2018;23:01:00;246;sem vítima;221,729;BR-101/RJ;Norte;Choque - Defensa, barreira ou "submarino";1;;1;;;;;;;;2;;;;
07/06/2018;06:52:00;44;sem vítima;310,772;BR-101/RJ;Sul;Colisão Traseira;1;;;1;;;;;;;2;;;;
07/06/2018;09:08:00;107;com vítima;320,673;BR-101/RJ;Sul;Colisão Lateral;1;;;1;1;;;;;;2;;1;;
07/06/2018;15:13:00;187;sem vítima;312,827;BR-101/RJ;Norte;Colisão Traseira;1;;;;;;;;;1;3;;;;
08/06/2018;04:37:00;30;com vítima;207,945;BR-101/RJ;Norte;Atropelamento - Morador;;;;;1;;;;;;1;;1;;
08/06/2018;06:29:00;41;sem vítima;309,568;BR-101/RJ;Sul;Colisão Traseira;1;;;;;1;;;;;2;;;;
08/06/2018;06:51:00;51;com vítima;295,599;BR-101/RJ;Norte;Capotamento;1;;;;;;;;;;1;1;1;;
08/06/2018;12:56:00;155;sem vítima;225,181;BR-101/RJ;Norte;Choque - Outros;1;;;;;;;;;;1;;;;
08/06/2018;17:30:00;201;com vítima;271,182;BR-101/RJ;Norte;Colisão Transversal;2;;;;;;;;;;3;2;;;
08/06/2018;23:58:00;252;sem vítima;299,7;BR-101/RJ;Sul;Colisão Lateral;2;;;;;;;;;;2;;;;
09/06/2018;07:01:00;44;com vítima;317,25;BR-101/RJ;Sul;Colisão Traseira;1;;;1;;;;;;;1;1;1;;
09/06/2018;14:05:00;142;com vítima;297,984;BR-101/RJ;Sul;Colisão Lateral;1;;;1;;;;;;;1;1;;;
09/06/2018;16:12:00;165;sem vítima;309,413;BR-101/RJ;Sul;Colisão Transversal;1;;1;;;;;;;;3;;;;
09/06/2018;17:51:00;188;sem vítima;302,898;BR-101/RJ;Sul;Tombamento;;;;1;;;;;;;1;;;;
10/06/2018;00:03:00;4;com vítima;241,2;BR-101/RJ;Norte;Tombamento;;;;1;;;;;;;0;1;;;
10/06/2018;01:18:00;17;sem vítima;318,247;BR-101/RJ;Sul;Choque - Elemento de Drenagem;1;;;;;;;;;;2;;;;
10/06/2018;03:36:00;25;sem vítima;239,989;BR-101/RJ;Sul;Choque - Defensa, barreira ou "submarino";1;;;;;;;;;;1;;;;
10/06/2018;11:53:00;69;sem vítima;40,364;BR-101/RJ;Norte;Colisão Traseira;;;1;;1;;;;;;2;;;;
10/06/2018;16:28:00;108;com vítima;76,417;BR-101/RJ;Norte;Colisão Traseira;1;;;1;;;;;;;2;1;;;
10/06/2018;16:55:00;113;com vítima;247,863;BR-101/RJ;Norte;Colisão Lateral;;;1;1;;;;;;;1;;2;;
10/06/2018;17:09:00;117;sem vítima;137,434;BR-101/RJ;Norte;Choque - Objeto sobre a pista;1;;;;;;;;;;1;;;;
10/06/2018;18:19:00;138;sem vítima;205,892;BR-101/RJ;Sul;Colisão Traseira;2;;;;;;;;;;3;;;;
11/06/2018;03:13:00;20;com vítima;256,841;BR-101/RJ;Sul;Colisão Traseira;;;;1;;1;;;;;1;;1;1;
11/06/2018;06:00:00;26;sem vítima;311,925;BR-101/RJ;Sul;Colisão Traseira;1;;;;;;;;;1;15;;;;
11/06/2018;06:37:00;30;com vítima;317,735;BR-101/RJ;Sul;Colisão Traseira;;;;1;;1;;;;;1;1;;;
11/06/2018;06:40:00;31;sem vítima;293,974;BR-101/RJ;Norte;Choque - Defensa, barreira ou "submarino";1;;;;;;;;;;1;;;;
11/06/2018;07:40:00;51;com vítima;295,212;BR-101/RJ;Sul;Colisão Traseira;1;;;1;;;;;;;1;1;;;
11/06/2018;17:05:00;164;com vítima;307,628;BR-101/RJ;Norte;Colisão Traseira;1;;;1;;;;;;;1;1;;;
11/06/2018;17:52:00;169;com vítima;58;BR-101/RJ;Norte;Outros;2;;;;;;;;;;1;1;;;
11/06/2018;19:40:00;180;sem vítima;92,7;BR-101/RJ;Norte;Choque - Outros;;;1;;;;;;;;1;;;;
12/06/2018;06:51:00;32;com vítima;313,005;BR-101/RJ;Sul;Colisão Lateral;;;;1;;1;;;;;1;1;;;
12/06/2018;08:24:00;82;sem vítima;309,344;BR-101/RJ;Sul;Engavetamento;2;;;;;;;;;2;6;;;;
12/06/2018;09:08:00;94;com vítima;243,239;BR-101/RJ;Norte;Colisão Transversal;1;;1;;;;;;;;2;1;;;
12/06/2018;19:13:00;199;sem vítima;221,2;BR-101/RJ;Norte;Choque - Suporte de Sinalização;;;1;;;;;;;;1;;;;
12/06/2018;21:08:00;211;sem vítima;310,071;BR-101/RJ;Norte;Engavetamento;2;;;;1;;;;;;3;;;;
13/06/2018;01:04:00;19;com vítima;53,916;BR-101/RJ;Norte;Colisão Frontal;1;;;;1;;;;;;22;;;;1
13/06/2018;07:33:00;71;com vítima;313,65;BR-101/RJ;Sul;Colisão Lateral;2;;;1;;;;;;;3;1;;;
13/06/2018;09:05:00;108;sem vítima;56,478;BR-101/RJ;Sul;Colisão Traseira;2;;;;;;;;;;3;;;;
13/06/2018;09:18:00;111;sem vítima;281,011;BR-101/RJ;Norte;Colisão Traseira;1;;1;;;;;;;;2;;;;
13/06/2018;09:18:00;146;sem vítima;281,011;BR-101/RJ;Norte;Choque - Defensa, barreira ou "submarino";1;;;;;;;;;;1;;;;
13/06/2018;14:46:00;176;sem vítima;79,22;BR-101/RJ;Norte;Colisão Traseira;1;;1;;;;;;;;2;;;;
13/06/2018;16:52:00;195;sem vítima;311,185;BR-101/RJ;Norte;Colisão Traseira;2;;;;;;;;;;4;;;;
13/06/2018;19:02:00;210;com vítima;300,329;BR-101/RJ;Norte;Atropelamento de Animal;;;;1;;;;;;;0;1;;;
14/06/2018;15:05:00;180;sem vítima;229,77;BR-101/RJ;Sul;Choque - Elemento de Drenagem;1;;;;;;;;;;2;;;;
15/06/2018;04:55:00;32;sem vítima;75,251;BR-101/RJ;Norte;Choque - Elemento de Drenagem;1;;;;;;;;;;4;;;;
15/06/2018;05:01:00;33;sem vítima;314,625;BR-101/RJ;Norte;Colisão Traseira;;;1;;1;;;;;;2;;;;
15/06/2018;06:16:00;36;sem vítima;312,311;BR-101/RJ;Sul;Choque - Defensa, barreira ou "submarino";1;;;;;;;;;;1;;;;
15/06/2018;06:52:00;43;com vítima;198,483;BR-101/RJ;Sul;Choque - Defensa, barreira ou "submarino";1;;;;;;;;;;0;2;;;
15/06/2018;06:56:00;45;sem vítima;66,849;BR-101/RJ;Norte;Colisão Traseira;2;;;;;;;;;;4;;;;
15/06/2018;07:01:00;46;com vítima;309,817;BR-101/RJ;Sul;Colisão Traseira;1;;;1;;;;;;;1;1;;;
15/06/2018;08:23:00;86;sem vítima;309,837;BR-101/RJ;Sul;Colisão Traseira;2;;;1;;;;;;;3;;;;
15/06/2018;09:07:00;104;com vítima;312,6;BR-101/RJ;Sul;Colisão Traseira;2;;;;;;;;;;3;1;;;
15/06/2018;09:13:00;105;sem vítima;318,759;BR-101/RJ;Sul;Colisão Traseira;2;;;;;;;;;;3;;;;
15/06/2018;11:25:00;137;sem vítima;65,318;BR-101/RJ;Norte;Engavetamento;1;;2;;;;;;;;3;;;;
15/06/2018;11:40:00;139;com vítima;67,302;BR-101/RJ;Norte;Colisão Traseira;2;;;;;;;;;;1;;;1;
15/06/2018;12:47:00;147;sem vítima;320,883;BR-101/RJ;Norte;Choque - Defensa, barreira ou "submarino";1;;;;;;;;;;1;;;;