data;horario;n_da_ocorrencia;tipo_de_ocorrencia;km;trecho;sentido;tipo_de_acidente;automovel;bicicleta;caminhao;moto;onibus;outros;tracao_animal;transporte_de_cargas_especiais;trator_maquinas;utilitarios;ilesos;levemente_feridos;moderadamente_feridos;gravemente_feridos;mortos
15/06/2018;16:40:00;181;com vítima;297,902;BR-101/RJ;Norte;Engavetamento;1;;1;;;1;;;;;2;3;;;
15/06/2018;18:10:00;201;sem vítima;310,029;BR-101/RJ;Norte;Colisão Traseira;;;;1;1;;;;;;2;;;;
15/06/2018;19:00:00;212;com vítima;66,299;BR-101/RJ;Norte;Engavetamento;2;;;1;;;;;;;2;1;;;
15/06/2018;19:35:00;219;sem vítima;299,65;BR-101/RJ;Norte;Engavetamento;2;;1;;;;;;;;24;;;;
15/06/2018;20:22:00;224;com vítima;312,879;BR-101/RJ;Norte;Engavetamento;4;;;;;1;;;;;9;1;;;
15/06/2018;21:19:00;225;com vítima;305,695;BR-101/RJ;Norte;Colisão Traseira;1;;;1;;;;;;;4;1;;;
15/06/2018;21:19:00;229;sem vítima;305,695;BR-101/RJ;Norte;Colisão Traseira;2;;;;;;;;;;3;;;;
15/06/2018;23:55:00;243;sem vítima;277,5;BR-101/RJ;Norte;Choque - Elemento de Drenagem;1;;;;;;;;;;1;;;;
16/06/2018;05:05:00;25;sem vítima;75,213;BR-101/RJ;Norte;Choque - Defensa, barreira ou "submarino";1;;;;;;;;;;1;;;;
16/06/2018;05:26:00;26;sem vítima;303,055;BR-101/RJ;Sul;Choque - Poste;1;;;;;;;;;;1;;;;
16/06/2018;06:49:00;34;com vítima;69,033;BR-101/RJ;Sul;Colisão Frontal;2;;;;;;;;;;0;9;;;
16/06/2018;09:00:00;61;com vítima;298,353;BR-101/RJ;Sul;Colisão Traseira;1;;;1;;;;;;;1;;1;;
16/06/2018;09:37:00;67;sem vítima;72,828;BR-101/RJ;Norte;Choque - Veiculo parado no acostamento;1;;;;;1;;;;;2;;;;
16/06/2018;09:42:00;68;sem vítima;58,285;BR-101/RJ;Norte;Colisão Traseira;1;;1;;;;;;;;4;;;;
16/06/2018;09:08:00;69;sem vítima;298,35;BR-101/RJ;Sul;Colisão Traseira;2;;;;;;;;;;3;;;;
16/06/2018;13:33:00;105;com vítima;71,142;BR-101/RJ;Norte;Atropelamento - Morador;1;;;;;;;;;;0;3;;;
16/06/2018;17:25:00;141;com vítima;287,888;BR-101/RJ;Norte;Capotamento;1;;;;;;;;;;0;;1;;
16/06/2018;17:32:00;142;sem vítima;321,99;BR-101/RJ;Norte;Colisão Traseira;1;;;1;;1;;;;;5;;;;
16/06/2018;17:34:00;143;sem vítima;299,7;BR-101/RJ;Sul;Colisão Traseira;1;;1;;;;;;;;2;;;;
16/06/2018;20:16:00;167;sem vítima;260,8;BR-101/RJ;Norte;Choque - Elemento de Drenagem;1;;;;;;;;;;1;;;;
16/06/2018;20:38:00;169;sem vítima;297,878;BR-101/RJ;Norte;Choque - Elemento de Drenagem;1;;;;;;;;;;1;;;;
17/06/2018;00:53:00;14;com vítima;60,83;BR-101/RJ;Norte;Colisão Transversal;1;;;;;1;;;;;1;2;;;
17/06/2018;03:17:00;21;com vítima;64,2;BR-101/RJ;Norte;Colisão Transversal;2;;;;;;;;;;0;3;;;
17/06/2018;03:54:00;22;com vítima;281,319;BR-101/RJ;Sul;Choque - Defensa, barreira ou "submarino";1;;;;;;;;;;1;1;;;
17/06/2018;06:57:00;26;com vítima;296,608;BR-101/RJ;Sul;Colisão Lateral;1;;;;1;;;;;;4;;1;;
17/06/2018;10:34:00;50;sem vítima;255,354;BR-101/RJ;Sul;Atropelamento de Animal;1;;;;;;;;;;1;;;;
17/06/2018;11:33:00;56;sem vítima;192,261;BR-101/RJ;Sul;Colisão Traseira;2;;;;;;;;;;7;;;;
17/06/2018;12:14:00;63;sem vítima;85,8;BR-101/RJ;Norte;Choque - Elemento de Drenagem;1;;;;;;;;;;3;;;;
17/06/2018;15:59:00;89;com vítima;58,233;BR-101/RJ;Norte;Choque - Outros;;;;1;;;;;;;0;1;;;
17/06/2018;19:46:00;128;sem vítima;313,874;BR-101/RJ;Norte;Colisão Traseira;1;;;;;1;;;;;2;;;;
17/06/2018;21:23:00;140;com vítima;230,194;BR-101/RJ;Norte;Choque - Defensa, barreira ou "submarino";2;;;;;;;;;;0;3;;;
17/06/2018;22:47:00;144;com vítima;57,602;BR-101/RJ;Sul;Atropelamento - Morador;;;;;;1;;;;;1;;1;;
17/06/2018;23:58:00;154;sem vítima;252,89;BR-101/RJ;Sul;Colisão Traseira;;;2;;;;;;;;2;;;;
18/06/2018;07:28:00;48;sem vítima;293,98;BR-101/RJ;Sul;Colisão Lateral;;;;;1;1;;;;;2;;;;
18/06/2018;10:09:00;103;sem vítima;209,849;BR-101/RJ;Norte;Choque - Defensa, barreira ou "submarino";1;;;;;;;;;;2;;;;
18/06/2018;15:16:00;157;sem vítima;318,981;BR-101/RJ;Norte;Colisão Traseira;2;;;;;;;;;;2;;;;
18/06/2018;22:26:00;218;com vítima;304,265;BR-101/RJ;Norte;Tombamento;;;;1;;;;;;;0;2;;;
19/06/2018;10:26:00;118;com vítima;314,969;BR-101/RJ;Sul;Engavetamento;3;;;;;;;;;;2;1;;;
19/06/2018;21:42:00;215;sem vítima;315,2;BR-101/RJ;Norte;Choque - Elemento de Drenagem;1;;;;;;;;;;2;;;;
20/06/2018;20:33:00;184;sem vítima;217,971;BR-101/RJ;Sul;Choque - Elemento de Drenagem;;;1;;;;;;;;1;;;;
20/06/2018;21:05:00;188;com vítima;138,632;BR-101/RJ;Sul;Choque - Elemento de Drenagem;;;;1;;;;;;;0;1;;;
21/06/2018;08:30:00;79;sem vítima;252,89;BR-101/RJ;Sul;Colisão Traseira;1;;;1;;;;;;;2;;;;
21/06/2018;11:19:00;122;com vítima;205,937;BR-101/RJ;Sul;Colisão Transversal;2;;;;;;;;;;1;;2;;
21/06/2018;19:38:00;212;sem vítima;317,784;BR-101/RJ;Norte;Colisão Traseira;2;;;;;;;;;;7;;;;
22/06/2018;02:40:00;29;sem vítima;317,87;BR-101/RJ;Sul;Choque - Objeto sobre a pista;;;1;;;;;;;;4;;;;
22/06/2018;02:17:00;32;sem vítima;197,792;BR-101/RJ;Norte;Choque - Objeto sobre a pista;1;;;;;;;;;;2;;;;
22/06/2018;15:28:00;136;com vítima;295,42;BR-101/RJ;Norte;Colisão Lateral;;;;1;;1;;;;;1;1;;;
22/06/2018;16:54:00;156;sem vítima;252,89;BR-101/RJ;Norte;Choque - Cancela de Pedagio;;;1;;;;;;;;1;;;;
22/06/2018;17:15:00;163;sem vítima;243,24;BR-101/RJ;Norte;Colisão Transversal;1;;;;1;;;;;;4;;;;
22/06/2018;17:48:00;168;com vítima;294,94;BR-101/RJ;Norte;Colisão Lateral;1;;;1;;;;;;;1;1;;;
22/06/2018;18:32:00;171;com vítima;283,238;BR-101/RJ;Norte;Colisão Traseira;;;;1;;;;;;1;2;1;;;
22/06/2018;18:50:00;175;sem vítima;297,73;BR-101/RJ;Norte;Colisão Lateral;1;;1;;;;;;;;5;;;;
22/06/2018;19:03:00;180;sem vítima;297,73;BR-101/RJ;Norte;Colisão Lateral;1;;1;;;;;;;;3;;;;
22/06/2018;20:51:00;191;com vítima;296,34;BR-101/RJ;Norte;Choque - Defensa, barreira ou "submarino";1;;;;;;;;;;2;1;;;
22/06/2018;22:51:00;203;com vítima;314,38;BR-101/RJ;Norte;Capotamento;1;;;;;;;;;;0;;1;;
23/06/2018;00:24:00;15;sem vítima;255,514;BR-101/RJ;Norte;Atropelamento de Animal;1;;;;;;;;;;1;;;;
23/06/2018;04:30:00;34;sem vítima;98,957;BR-101/RJ;Sul;Choque - Defensa, barreira ou "submarino";1;;;;;;;;;;1;;;;
23/06/2018;06:55:00;48;com vítima;70,124;BR-101/RJ;Sul;Colisão Traseira;;1;;;;1;;;;;2;;1;;
23/06/2018;14:34:00;133;com vítima;301,764;BR-101/RJ;Norte;Colisão Traseira;1;;;1;;;;;;;1;1;;;
23/06/2018;15:47:00;148;com vítima;298,92;BR-101/RJ;Norte;Choque - Defensa, barreira ou "submarino";1;;;;;;;;;;0;1;;;
23/06/2018;17:59:00;160;com vítima;53,92;BR-101/RJ;Norte;Colisão Frontal;4;;;;;;;;;;2;1;;;1
23/06/2018;18:16:00;163;com vítima;301,04;BR-101/RJ;Norte;Choque - Defensa, barreira ou "submarino";1;;;;;;;;;;0;2;;;
23/06/2018;18:58:00;168;com vítima;54,485;BR-101/RJ;Norte;Colisão Traseira;2;;;;;;;;;;1;2;1;;
23/06/2018;20:29:00;180;com vítima;310,096;BR-101/RJ;Norte;Colisão Traseira;2;;;;;;;;;;5;5;;;
24/06/2018;01:26:00;20;sem vítima;123,081;BR-101/RJ;Norte;Choque - Defensa, barreira ou "submarino";1;;;;;;;;;;1;;;;
24/06/2018;05:46:00;34;com vítima;278,894;BR-101/RJ;Norte;Capotamento;1;;;;;;;;;;6;1;;;
24/06/2018;10:11:00;64;com vítima;73,532;BR-101/RJ;Norte;Colisão Traseira;;2;;;;;;;;;1;1;;;
24/06/2018;14:29:00;100;sem vítima;150,73;BR-101/RJ;Norte;Choque - Elemento de Drenagem;1;;;;;;;;;;4;;;;
24/06/2018;18:24:00;142;com vítima;264,903;BR-101/RJ;Sul;Colisão Traseira;1;;;;1;;;;;;2;2;;;
24/06/2018;21:19:00;165;sem vítima;75,229;BR-101/RJ;Norte;Choque - Suporte de Sinalização;1;;;;;;;;;;1;;;;
24/06/2018;22:23:00;170;sem vítima;280,169;BR-101/RJ;Norte;Colisão Traseira;2;;;;;;;;;;3;;;;
24/06/2018;23:58:00;178;com vítima;64,591;BR-101/RJ;Sul;Colisão Frontal;1;;1;;;;;;;;1;;;1;
25/06/2018;02:26:00;17;sem vítima;301,963;BR-101/RJ;Sul;Atropelamento de Animal;1;;;;;;;;;;1;;;;
25/06/2018;03:33:00;21;sem vítima;262,788;BR-101/RJ;Norte;Choque - Defensa, barreira ou "submarino";1;;;;;;;;;;2;;;;
25/06/2018;07:33:00;51;sem vítima;312,122;BR-101/RJ;Sul;Colisão Traseira;2;;;;;;;;;;6;;;;
25/06/2018;13:00:00;126;sem vítima;201,18;BR-101/RJ;Sul;Choque - Defensa, barreira ou "submarino";;;1;;;;;;;;1;;;;
25/06/2018;13:26:00;133;sem vítima;237,136;BR-101/RJ;Norte;Choque - Outros;;;1;;;;;;;;1;;;;
25/06/2018;18:26:00;166;com vítima;318,801;BR-101/RJ;Norte;Colisão Lateral;1;;;1;;;;;;;1;1;;;
25/06/2018;18:40:00;167;com vítima;237,6;BR-101/RJ;Sul;Colisão Lateral;1;;;;;1;;;;;2;1;;;
25/06/2018;22:31:00;190;sem vítima;313,525;BR-101/RJ;Norte;Choque - Elemento de Drenagem;1;;;;;;;;;;1;;;;
26/06/2018;07:47:00;55;com vítima;312,869;BR-101/RJ;Norte;Colisão Traseira;2;;;;;;;;;;1;2;;;
26/06/2018;14:38:00;155;com vítima;309,871;BR-101/RJ;Norte;Choque - Poste;1;;;;;;;;;;0;1;;;
26/06/2018;17:44:00;182;sem vítima;319,826;BR-101/RJ;Norte;Engavetamento;3;;;;;;;;;;5;;;;
26/06/2018;18:06:00;186;sem vítima;206,468;BR-101/RJ;Sul;Colisão Lateral;2;;;;;;;;;;2;;;;
26/06/2018;18:10:00;187;sem vítima;314,913;BR-101/RJ;Norte;Engavetamento;4;;;;;;;;;;7;;;;
26/06/2018;19:11:00;196;com vítima;258,1;BR-101/RJ;Norte;Atropelamento - Andarilho;1;;;;;;;;;;1;;1;;
27/06/2018;01:15:00;19;sem vítima;16,501;BR-101/RJ;Sul;Atropelamento de Animal;;;1;;;;;;;;1;;;;
27/06/2018;07:44:00;73;com vítima;144,5;BR-101/RJ;Sul;Capotamento;1;;;;;;;;;;0;;1;;
27/06/2018;13:21:00;134;com vítima;93,55;BR-101/RJ;Norte;Choque - Defensa, barreira ou "submarino";1;;;;;;;;;;0;1;;;
27/06/2018;13:39:00;138;sem vítima;286,1;BR-101/RJ;Sul;Choque - Defensa, barreira ou "submarino";1;;;;;;;;;;1;;;;
27/06/2018;14:10:00;145;com vítima;319,3;BR-101/RJ;Norte;Colisão Lateral;1;;;1;;;;;;;4;1;;;
27/06/2018;17:32:00;163;com vítima;316,8;BR-101/RJ;Sul;Choque - Defensa, barreira ou "submarino";1;;;;;;;;;;1;1;;;
27/06/2018;18:55:00;174;sem vítima;79,16;BR-101/RJ;Norte;Colisão Frontal;1;;1;;;;;;;;3;;;;
28/06/2018;04:47:00;30;sem vítima;271,45;BR-101/RJ;Sul;Choque - Defensa, barreira ou "submarino";1;;;;;;;;;;1;;;;
28/06/2018;13:12:00;139;com vítima;61,158;BR-101/RJ;Norte;Colisão Transversal;1;;;1;;;;;;;2;;2;;
28/06/2018;14:56:00;163;sem vítima;303,031;BR-101/RJ;Norte;Choque - Talude;1;;;;;;;;;;1;;;;
28/06/2018;17:02:00;186;sem vítima;299,6;BR-101/RJ;Sul;Colisão Traseira;1;;;1;;;;;;;3;;;;
28/06/2018;18:22:00;199;sem vítima;299,262;BR-101/RJ;Norte;Choque - Defensa, barreira ou "submarino";1;;;;;;;;;;1;;;;
28/06/2018;20:15:00;213;com vítima;290,849;BR-101/RJ;Sul;Colisão Traseira;;;;;;1;;;;1;1;1;;;
28/06/2018;21:56:00;219;sem vítima;197,8;BR-101/RJ;Norte;Objeto lançado contra veículo;;;1;;;;;;;;1;;;;
28/06/2018;22:21:00;225;sem vítima;197,8;BR-101/RJ;Norte;Objeto lançado contra veículo;;;1;;;;;;;;1;;;;
29/06/2018;01:48:00;25;sem vítima;151,933;BR-101/RJ;Sul;Choque - Defensa, barreira ou "submarino";;;2;;;;;;;;3;;;;
29/06/2018;03:54:00;32;sem vítima;293,292;BR-101/RJ;Sul;Choque - Defensa, barreira ou "submarino";;;;;;;;;;1;1;;;;
29/06/2018;03:58:00;34;sem vítima;276,258;BR-101/RJ;Norte;Choque - Defensa, barreira ou "submarino";1;;;;;;;;;;1;;;;
29/06/2018;07:10:00;66;sem vítima;312,45;BR-101/RJ;Sul;Colisão Lateral;1;;;;1;;;;;;2;;;;
29/06/2018;08:59:00;114;com vítima;294,938;BR-101/RJ;Sul;Colisão Traseira;;;1;;1;;;;;;10;6;1;;
29/06/2018;09:51:00;130;sem vítima;314,9;BR-101/RJ;Sul;Choque - Defensa, barreira ou "submarino";1;;;;;;;;;;1;;;;
29/06/2018;11:13:00;137;sem vítima;269,13;BR-101/RJ;Norte;Colisão Traseira;1;;1;;;;;;;;4;;;;
29/06/2018;11:06:00;142;sem vítima;92,798;BR-101/RJ;Norte;Choque - Defensa, barreira ou "submarino";1;;;;;1;;;;;2;;;;
29/06/2018;15:25:00;186;sem vítima;222,826;BR-101/RJ;Norte;Choque - Elemento de Drenagem;1;;;;;;;;;;3;;;;
29/06/2018;16:39:00;203;com vítima;303,745;BR-101/RJ;Sul;Tombamento;;;;1;;;;;;;0;1;;;
29/06/2018;20:13:00;249;sem vítima;311,616;BR-101/RJ;Norte;Colisão Traseira;2;;;;;;;;;;6;;;;
29/06/2018;22:28:00;268;sem vítima;75,385;BR-101/RJ;Norte;Choque - Elemento de Drenagem;1;;;;;;;;;;1;;;;
30/06/2018;00:02:00;13;sem vítima;244,122;BR-101/RJ;Norte;Choque - Defensa, barreira ou "submarino";1;;;;;;;;;;1;;;;
30/06/2018;03:57:00;30;sem vítima;308,4;BR-101/RJ;Norte;Choque - Defensa, barreira ou "submarino";1;;;;;;;;;;1;;;;
30/06/2018;04:33:00;32;sem vítima;299,22;BR-101/RJ;Norte;Colisão Lateral;1;;;1;;;;;;;2;;;;
30/06/2018;08:13:00;68;sem vítima;276,9;BR-101/RJ;Norte;Choque - Defensa, barreira ou "submarino";1;;;;;;;;;;1;;;;
30/06/2018;08:53:00;76;sem vítima;122,98;BR-101/RJ;Norte;Colisão Traseira;1;;1;;;;;;;;4;;;;
30/06/2018;13:14:00;126;com vítima;315,07;BR-101/RJ;Norte;Tombamento;;;;1;;;;;;;1;1;;;
01/07/2018;12:57:00;88;sem vítima;304,437;BR-101/RJ;Sul;Tombamento;;;;1;;;;;;;1;;;;
01/07/2018;13:31:00;98;sem vítima;297,301;BR-101/RJ;Sul;Colisão Traseira;1;;;;1;;;;;;3;;;;
01/07/2018;15:41:00;112;sem vítima;318,8;BR-101/RJ;Sul;Engavetamento;3;;;;;;;;;;3;;;;
01/07/2018;17:56:00;143;sem vítima;313,399;BR-101/RJ;Sul;Colisão Lateral;2;;;;;;;;;;2;;;;
01/07/2018;21:13:00;172;com vítima;91,001;BR-101/RJ;Norte;Atropelamento - Morador;;;;;;;;;;1;3;;;1;
01/07/2018;23:50:00;187;sem vítima;315,102;BR-101/RJ;Norte;Choque - Elemento de Drenagem;;;;1;;;;;;;2;;;;
02/07/2018;07:00:00;46;com vítima;263,399;BR-101/RJ;Sul;Queda;;1;;;;;;;;;0;;1;;
02/07/2018;09:59:00;96;sem vítima;296,652;BR-101/RJ;Sul;Choque - Poste;1;;;;1;;;;;;3;;;;
02/07/2018;11:02:00;107;sem vítima;47,001;BR-101/RJ;Norte;Objeto lançado contra veículo;1;;;;;;;;;;1;;;;
02/07/2018;17:27:00;143;sem vítima;297,667;BR-101/RJ;Norte;Colisão Lateral;2;;;;;;;;;;5;;;;
02/07/2018;17:53:00;147;sem vítima;37,042;BR-101/RJ;Sul;Atropelamento de Animal;1;;;;;;;;;;1;;;;
02/07/2018;18:02:00;151;sem vítima;171,526;BR-101/RJ;Norte;Atropelamento de Animal;1;;;;;;;;;;2;;;;
02/07/2018;18:04:00;152;sem vítima;317,189;BR-101/RJ;Norte;Colisão Traseira;2;;;;;;;;;;5;;;;
02/07/2018;19:12:00;161;com vítima;283,959;BR-101/RJ;Sul;Colisão Traseira;2;;2;;;;;;;;2;2;;;
02/07/2018;19:52:00;164;com vítima;66,493;BR-101/RJ;Norte;Colisão Lateral;1;;;1;;;;;;;1;1;;;
03/07/2018;18:28:00;222;com vítima;321,5;BR-101/RJ;Norte;Colisão Traseira;1;;;1;;;;;;;1;1;;;
03/07/2018;19:15:00;230;sem vítima;299,6;BR-101/RJ;Sul;Choque - Defensa, barreira ou "submarino";1;;;;;;;;;;4;;;;
04/07/2018;02:49:00;19;sem vítima;61,05;BR-101/RJ;Norte;Colisão Transversal;1;;1;;;;;;;;3;;;;
04/07/2018;10:13:00;100;com vítima;109,533;BR-101/RJ;Sul;Tombamento;;;2;;;;;;;;0;3;;;
05/07/2018;09:25:00;105;sem vítima;319,361;BR-101/RJ;Sul;Colisão Traseira;2;;;;;;;;;;3;;;;
05/07/2018;10:41:00;120;sem vítima;271,525;BR-101/RJ;Norte;Colisão Traseira;2;;;;;;;;;;2;;;;
05/07/2018;10:51:00;121;com vítima;321,986;BR-101/RJ;Sul;Tombamento;;;;1;;;;;;;0;1;;;
05/07/2018;20:00:00;214;sem vítima;282,797;BR-101/RJ;Norte;Colisão Transversal;2;;;;;;;;;;5;;;;
06/07/2018;04:29:00;30;com vítima;75,15;BR-101/RJ;Norte;Tombamento;;;;1;;;;;;;0;1;;;
06/07/2018;05:35:00;35;com vítima;310,86;BR-101/RJ;Norte;Colisão Traseira;1;;;;;;;;;1;1;;1;;
06/07/2018;09:05:00;104;sem vítima;320,1;BR-101/RJ;Sul;Colisão Traseira;2;;;;;;;;;;7;;;;
06/07/2018;13:31:00;152;sem vítima;59,54;BR-101/RJ;Sul;Colisão Lateral;1;;1;;;;;;;;3;;;;
06/07/2018;14:53:00;167;com vítima;66,2;BR-101/RJ;Norte;Tombamento;;;;1;;;;;;;0;1;;;
06/07/2018;15:35:00;178;sem vítima;246,7;BR-101/RJ;Norte;Choque - Defensa, barreira ou "submarino";1;;;;;1;;;;;5;;;;
06/07/2018;18:26:00;201;com vítima;244,92;BR-101/RJ;Sul;Atropelamento - Morador;2;;;;;;;;;;1;2;;;1
06/07/2018;20:35:00;212;com vítima;57,6;BR-101/RJ;Norte;Colisão Traseira;1;;;1;;;;;;;2;;1;;
06/07/2018;21:22:00;219;com vítima;320,099;BR-101/RJ;Sul;Choque - Defensa, barreira ou "submarino";1;;;;;;;;;;0;;;1;
07/07/2018;00:17:00;16;com vítima;271,088;BR-101/RJ;Norte;Tombamento;;;;1;;;;;;;0;1;;;
07/07/2018;04:03:00;26;sem vítima;294,995;BR-101/RJ;Sul;Choque - Defensa, barreira ou "submarino";1;;;;;;;;;;2;;;;
07/07/2018;07:04:00;46;com vítima;262,084;BR-101/RJ;Sul;Colisão Traseira;1;;1;;;;;;;;1;2;;;
07/07/2018;08:57:00;66;sem vítima;62,087;BR-101/RJ;Sul;Colisão Lateral;1;;;;;;;;;1;2;;;;
07/07/2018;09:30:00;73;sem vítima;297,65;BR-101/RJ;Sul;Engavetamento;2;;1;;;;;;;;6;;;;
07/07/2018;10:37:00;83;com vítima;296,406;BR-101/RJ;Sul;Tombamento;;;;1;;;;;;;0;1;;;
07/07/2018;15:18:00;129;com vítima;269,9;BR-101/RJ;Norte;Colisão Frontal;;;;2;;;;;;;0;1;;1;
07/07/2018;16:29:00;142;com vítima;302,871;BR-101/RJ;Norte;Capotamento;1;;;;;;;;;;0;1;1;;
07/07/2018;18:16:00;155;com vítima;71,017;BR-101/RJ;Sul;Colisão Transversal;1;;;1;;;;;;;1;1;1;;
08/07/2018;01:57:00;16;sem vítima;305,538;BR-101/RJ;Norte;Choque - Defensa, barreira ou "submarino";1;;;;;;;;;;2;;;;
08/07/2018;12:31:00;74;sem vítima;301,529;BR-101/RJ;Norte;Colisão Traseira;2;;;;;;;;;;2;;;;
08/07/2018;14:29:00;90;com vítima;65,5;BR-101/RJ;Norte;Colisão Traseira;1;;;1;;;;;;;1;1;;;
08/07/2018;15:22:00;97;com vítima;71,134;BR-101/RJ;Sul;Atropelamento - Morador;;;;;;1;;;;;1;1;;;
08/07/2018;16:21:00;102;com vítima;314,719;BR-101/RJ;Norte;Colisão Traseira;;;;;2;;;;;;5;2;;;
08/07/2018;18:00:00;120;com vítima;283,9;BR-101/RJ;Sul;Engavetamento;3;;;;;;;;;1;10;2;;;
08/07/2018;18:16:00;122;sem vítima;169,031;BR-101/RJ;Sul;Choque - Objeto sobre a pista;1;;;;;;;;;;1;;;;
08/07/2018;18:27:00;125;sem vítima;272,021;BR-101/RJ;Sul;Engavetamento;2;;;;;;;;;;2;;;;
08/07/2018;20:29:00;139;sem vítima;64,134;BR-101/RJ;Norte;Colisão Frontal;1;;;;;1;;;;;2;;;;
08/07/2018;22:04:00;147;sem vítima;313,089;BR-101/RJ;Norte;Choque - Elemento de Drenagem;1;;;;;;;;;;4;;;;
09/07/2018;01:11:00;19;sem vítima;129,984;BR-101/RJ;Sul;Atropelamento de Animal;1;;;;;;;;;;4;;;;
09/07/2018;02:43:00;26;com vítima;209,751;BR-101/RJ;Norte;Choque - Defensa, barreira ou "submarino";1;;;;;;;;;;4;1;;;
09/07/2018;08:01:00;86;com vítima;50,771;BR-101/RJ;Norte;Atropelamento - Morador;1;;;;;;;;;;2;1;;;1
09/07/2018;09:42:00;116;com vítima;303,256;BR-101/RJ;Norte;Colisão Traseira;2;;;;;;;;;;2;1;;;
09/07/2018;13:03:00;149;sem vítima;319,579;BR-101/RJ;Sul;Colisão Traseira;2;;;;;;;;;;7;;;;
09/07/2018;16:12:00;178;com vítima;320,59;BR-101/RJ;Norte;Tombamento;;;;1;;;;;;;0;;1;;
09/07/2018;16:41:00;181;sem vítima;122,9;BR-101/RJ;Sul;Choque - Outros;1;;;;;;;;;;1;;;;
09/07/2018;17:26:00;185;sem vítima;303,025;BR-101/RJ;Sul;Choque - Objeto sobre a pista;1;;;;;;;;;;1;;;;
10/07/2018;07:39:00;60;sem vítima;271,3;BR-101/RJ;Norte;Choque - Outros;1;;;;;;;;;;1;;;;
10/07/2018;09:28:00;91;com vítima;70,26;BR-101/RJ;Norte;Tombamento;;;;1;;;;;;;0;2;;;
10/07/2018;12:03:00;114;sem vítima;63,5;BR-101/RJ;Norte;Colisão Traseira;1;;1;;;;;;;;3;;;;
10/07/2018;14:14:00;132;com vítima;297,879;BR-101/RJ;Norte;Engavetamento;1;;;;;1;;;;1;2;1;;;
10/07/2018;17:39:00;158;com vítima;319,6;BR-101/RJ;Norte;Colisão Lateral;1;;;1;;;;;;;4;1;;;
10/07/2018;18:03:00;159;com vítima;321,25;BR-101/RJ;Norte;Tombamento;;;;1;;;;;;;0;2;;;
10/07/2018;19:11:00;171;sem vítima;293,35;BR-101/RJ;Sul;Choque - Defensa, barreira ou "submarino";1;;;;;;;;;;1;;;;
10/07/2018;19:52:00;177;sem vítima;265,2;BR-101/RJ;Sul;Colisão Traseira;1;;;;;1;;;;;2;;;;
10/07/2018;21:00:00;184;sem vítima;120,5;BR-101/RJ;Sul;Choque - Defensa, barreira ou "submarino";1;;;;;;;;;;4;;;;
10/07/2018;23:10:00;189;sem vítima;153,8;BR-101/RJ;Sul;Atropelamento de Animal;;;1;;;;;;;;1;;;;
10/07/2018;23:36:00;192;sem vítima;316,95;BR-101/RJ;Norte;Choque - Objeto sobre a pista;1;;1;;;;;;;;2;;;;
11/07/2018;02:56:00;25;com vítima;220,59;BR-101/RJ;Sul;Choque - Defensa, barreira ou "submarino";;;;;1;;;;;;1;2;;;
11/07/2018;09:55:00;91;sem vítima;58,9;BR-101/RJ;Norte;Colisão Traseira;;;1;;;;;;;1;3;;;;
11/07/2018;10:27:00;95;com vítima;244,13;BR-101/RJ;Norte;Colisão Frontal;;;1;1;;;;;;;1;;;1;
11/07/2018;17:38:00;148;sem vítima;45,8;BR-101/RJ;Norte;Colisão Lateral;;;2;;;;;;;;3;;;;
11/07/2018;18:18:00;154;sem vítima;290,397;BR-101/RJ;Sul;Atropelamento de Animal;1;;;;;;;;;;1;;;;
11/07/2018;18:59:00;160;sem vítima;307,399;BR-101/RJ;Norte;Atropelamento de Animal;;;;1;;;;;;;2;;;;
11/07/2018;20:56:00;175;sem vítima;134,398;BR-101/RJ;Sul;Choque - Elemento de Drenagem;;;1;;;;;;;;1;;;;
12/07/2018;06:26:00;38;com vítima;119,623;BR-101/RJ;Sul;Colisão Traseira;1;;;;;1;;;;;2;1;;;
12/07/2018;12:20:00;146;sem vítima;306,533;BR-101/RJ;Norte;Choque - Suporte de Sinalização;1;;;;;;;;;;1;;;;
12/07/2018;14:45:00;160;sem vítima;297,452;BR-101/RJ;Norte;Colisão Traseira;2;;;;;;;;;;3;;;;
12/07/2018;15:04:00;165;com vítima;265,066;BR-101/RJ;Sul;Outros;1;;;;;;;;;;1;2;;;
12/07/2018;18:27:00;197;com vítima;304,4;BR-101/RJ;Norte;Colisão Traseira;2;;;;;;;;;;2;1;;;
12/07/2018;19:00:00;201;com vítima;309,168;BR-101/RJ;Sul;Colisão Traseira;;;;1;;1;;;;;1;;;1;
13/07/2018;09:55:00;117;sem vítima;289,809;BR-101/RJ;Norte;Colisão Traseira;2;;;;;;;;;;3;;;;
13/07/2018;13:27:00;151;sem vítima;64,534;BR-101/RJ;Sul;Colisão Lateral;1;;1;;;;;;;;3;;;;