data;horario;n_da_ocorrencia;tipo_de_ocorrencia;km;trecho;sentido;tipo_de_acidente;automovel;bicicleta;caminhao;moto;onibus;outros;tracao_animal;transporte_de_cargas_especiais;trator_maquinas;utilitarios;ilesos;levemente_feridos;moderadamente_feridos;gravemente_feridos;mortos
13/07/2018;15:50:00;179;com vítima;281,147;BR-101/RJ;Sul;Colisão Traseira;2;;;;;1;;;;;4;2;;;
13/07/2018;16:43:00;194;sem vítima;62,35;BR-101/RJ;Sul;Colisão Traseira;1;;1;;;;;;;;2;;;;
13/07/2018;17:31:00;202;sem vítima;66,4;BR-101/RJ;Norte;Colisão Traseira;2;;;;;;;;;;2;;;;
13/07/2018;17:44:00;206;sem vítima;297,713;BR-101/RJ;Sul;Colisão Lateral;1;;1;;;;;;;;2;;;;
13/07/2018;18:20:00;214;com vítima;321,476;BR-101/RJ;Sul;Tombamento;;;;1;;;;;;;0;1;;;
13/07/2018;19:32:00;230;com vítima;69,717;BR-101/RJ;Norte;Engavetamento;8;;;;;;;;;;15;6;2;;
13/07/2018;20:37:00;246;sem vítima;317,202;BR-101/RJ;Norte;Colisão Traseira;2;;;;;;;;;;2;;;;
13/07/2018;23:21:00;269;sem vítima;293,073;BR-101/RJ;Sul;Colisão Lateral;1;;1;;;;;;;;3;;;;
14/07/2018;04:15:00;48;com vítima;9,2;BR-101/RJ;Norte;Atropelamento de Animal;1;;;;;;;;;;0;2;;;
14/07/2018;06:05:00;57;com vítima;320,2;BR-101/RJ;Norte;Choque - Defensa, barreira ou "submarino";;;;;1;;;;;;12;19;2;;
14/07/2018;06:17:00;59;com vítima;320,46;BR-101/RJ;Norte;Colisão Traseira;1;;1;;;;;;;;1;;1;;
14/07/2018;06:19:00;62;com vítima;315,967;BR-101/RJ;Norte;Choque - Elemento de Drenagem;1;;;;;;;;;;1;1;;;
14/07/2018;07:30:00;81;sem vítima;309,98;BR-101/RJ;Sul;Choque - Defensa, barreira ou "submarino";1;;;;;;;;;;1;;;;
14/07/2018;08:07:00;90;com vítima;71,1;BR-101/RJ;Norte;Tombamento;;;;1;;;;;;;0;1;;;
14/07/2018;09:13:00;119;com vítima;269,852;BR-101/RJ;Sul;Colisão Frontal;1;;;1;;;;;;;1;1;;;
14/07/2018;10:08:00;129;sem vítima;192,83;BR-101/RJ;Sul;Colisão Traseira;1;;;;;1;;;;;2;;;;
14/07/2018;10:09:00;130;sem vítima;58,3;BR-101/RJ;Sul;Colisão Traseira;1;;;;;1;;;;;5;;;;
14/07/2018;11:50:00;139;com vítima;306,98;BR-101/RJ;Norte;Engavetamento;3;;1;;;;;;;;4;1;;;
14/07/2018;12:18:00;146;sem vítima;297,7;BR-101/RJ;Norte;Colisão Lateral;1;;1;;;;;;;;2;;;;
14/07/2018;14:23:00;167;sem vítima;303,13;BR-101/RJ;Norte;Colisão Lateral;1;;1;;;;;;;;2;;;;
14/07/2018;14:29:00;169;sem vítima;302,366;BR-101/RJ;Norte;Colisão Traseira;1;;;;;;;;;;4;;;;
14/07/2018;15:25:00;180;sem vítima;304,478;BR-101/RJ;Sul;Capotamento;;;;;;;;;;1;2;;;;
14/07/2018;20:49:00;227;sem vítima;314,818;BR-101/RJ;Norte;Choque - Defensa, barreira ou "submarino";1;;;;;;;;;;1;;;;
15/07/2018;15:37:00;110;sem vítima;252,704;BR-101/RJ;Sul;Colisão Traseira;1;;1;;;;;;;;5;;;;
15/07/2018;16:52:00;128;com vítima;65,5;BR-101/RJ;Norte;Colisão Traseira;1;;;1;;;;;;;4;1;;;
15/07/2018;21:22:00;172;com vítima;303,371;BR-101/RJ;Sul;Colisão Traseira;2;;;;;;;;;;0;2;;;
15/07/2018;21:42:00;174;com vítima;66,398;BR-101/RJ;Norte;Capotamento;1;;;;;;;;;;0;1;;1;
16/07/2018;03:08:00;29;sem vítima;140,925;BR-101/RJ;Sul;Atropelamento de Animal;;;1;;;;;;;;1;;;;
16/07/2018;05:53:00;40;sem vítima;310,034;BR-101/RJ;Norte;Engavetamento;3;;;;;;;;;;5;;;;
16/07/2018;06:40:00;56;sem vítima;143,75;BR-101/RJ;Norte;Colisão Lateral;1;;;;;1;;;;;4;;;;
16/07/2018;06:51:00;59;com vítima;273,573;BR-101/RJ;Norte;Colisão Traseira;;1;;1;;;;;;;0;2;;;
16/07/2018;07:41:00;80;sem vítima;321,46;BR-101/RJ;Sul;Engavetamento;2;;;;1;;;;;;3;;;;
16/07/2018;09:51:00;128;sem vítima;319,624;BR-101/RJ;Sul;Colisão Traseira;2;;;;;;;;;;2;;;;
16/07/2018;18:21:00;256;com vítima;59,473;BR-101/RJ;Sul;Colisão Lateral;;;;1;;1;;;;;2;1;;;
16/07/2018;19:16:00;266;sem vítima;318,624;BR-101/RJ;Norte;Colisão Lateral;2;;;1;;;;;;;6;;;;
17/07/2018;06:42:00;45;sem vítima;285;BR-101/RJ;Norte;Tombamento;;;;1;;;;;;;1;;;;
17/07/2018;07:56:00;82;com vítima;0,005;BR-101/RJ;Norte;Tombamento;;;1;;;;;;;;0;1;;;
17/07/2018;11:55:00;149;com vítima;301,82;BR-101/RJ;Norte;Tombamento;;;;1;;;;;;;0;1;;;
17/07/2018;13:16:00;164;sem vítima;302,85;BR-101/RJ;Norte;Choque - Poste;1;;;;;;;;;;1;;;;
18/07/2018;07:34:00;73;sem vítima;91,757;BR-101/RJ;Sul;Choque - Defensa, barreira ou "submarino";1;;;;;;;;;;3;;;;
18/07/2018;11:02:00;131;com vítima;59,276;BR-101/RJ;Norte;Engavetamento;2;;;;;1;;;;;5;1;;;
18/07/2018;17:42:00;218;com vítima;281,652;BR-101/RJ;Norte;Atropelamento - Morador;1;;;;;;;;;;1;1;;;
18/07/2018;17:59:00;219;com vítima;256,953;BR-101/RJ;Norte;Colisão Lateral;1;;;;1;1;;;;;2;1;;;
18/07/2018;18:38:00;225;sem vítima;313,615;BR-101/RJ;Norte;Choque - Defensa, barreira ou "submarino";1;;;;;;;;;;2;;;;
19/07/2018;05:37:00;31;sem vítima;293,365;BR-101/RJ;Sul;Choque - Defensa, barreira ou "submarino";1;;;;;;;;;;1;;;;
19/07/2018;08:41:00;104;com vítima;225,784;BR-101/RJ;Norte;Tombamento;;;;1;;;;;;;0;2;;;
19/07/2018;15:01:00;172;sem vítima;297,023;BR-101/RJ;Sul;Choque - Elemento de Drenagem;1;;;;;;;;;;2;;;;
19/07/2018;16:10:00;188;sem vítima;163,8;BR-101/RJ;Norte;Choque - Outros;2;;;;;;;;;;4;;;;
19/07/2018;19:21:00;220;com vítima;65,642;BR-101/RJ;Sul;Colisão Lateral;1;;1;;;;;;;;2;1;;;
19/07/2018;19:23:00;222;com vítima;271,41;BR-101/RJ;Sul;Colisão Frontal;;1;;;;1;;;;;1;;1;;
19/07/2018;23:25:00;249;sem vítima;264,9;BR-101/RJ;Sul;Choque - Elemento de Drenagem;1;;;;;;;;;;1;;;;
19/07/2018;23:53:00;253;sem vítima;101,38;BR-101/RJ;Sul;Choque - Objeto sobre a pista;1;;;;;;;;;;1;;;;
20/07/2018;03:09:00;27;com vítima;310,369;BR-101/RJ;Norte;Choque - Suporte de Sinalização;;;;1;;;;;;;0;1;;;
20/07/2018;03:14:00;29;sem vítima;239,877;BR-101/RJ;Norte;Choque - Defensa, barreira ou "submarino";1;;;;;;;;;;2;;;;
20/07/2018;08:24:00;88;sem vítima;118;BR-101/RJ;Norte;Colisão Traseira;2;;;;;;;;;;3;;;;
20/07/2018;10:36:00;135;sem vítima;295,752;BR-101/RJ;Norte;Colisão Lateral;;;1;;;1;;;;;4;;;;
20/07/2018;14:27:00;185;com vítima;299,867;BR-101/RJ;Norte;Tombamento;;;;1;;;;;;;0;1;;;
20/07/2018;17:16:00;213;com vítima;299,939;BR-101/RJ;Norte;Atropelamento - Ambulante;;;;1;;;;;;;3;1;;;
20/07/2018;18:34:00;234;com vítima;302,094;BR-101/RJ;Norte;Colisão Traseira;1;;;1;;;;;;;2;;1;;
20/07/2018;19:02:00;240;sem vítima;297,009;BR-101/RJ;Norte;Colisão Traseira;2;;;;;;;;;;2;;;;
20/07/2018;19:16:00;242;com vítima;66,866;BR-101/RJ;Norte;Colisão Lateral;2;;;;;;;;;;2;1;;;
20/07/2018;20:46:00;259;sem vítima;206,589;BR-101/RJ;Norte;Colisão Traseira;2;;;;;;;;;;4;;;;
20/07/2018;21:25:00;264;com vítima;211,509;BR-101/RJ;Norte;Colisão Traseira;2;;;;;;;;;;3;1;1;;
21/07/2018;00:25:00;16;com vítima;313,407;BR-101/RJ;Norte;Tombamento;;;;1;;;;;;;0;1;;;
21/07/2018;05:29:00;38;sem vítima;309;BR-101/RJ;Sul;Atropelamento de Animal;;;;;;;;;;1;1;;;;
21/07/2018;06:37:00;45;sem vítima;316,6;BR-101/RJ;Sul;Colisão Traseira;2;;;;;;;;;;2;;;;
21/07/2018;06:43:00;47;sem vítima;316,4;BR-101/RJ;Sul;Colisão Traseira;2;;;;;;;;;;2;;;;
21/07/2018;07:44:00;67;sem vítima;316,6;BR-101/RJ;Sul;Choque - Defensa, barreira ou "submarino";1;;;;;;;;;;1;;;;
21/07/2018;09:22:00;96;sem vítima;300,603;BR-101/RJ;Norte;Colisão Traseira;2;;;;;;;;;;6;;;;
21/07/2018;11:37:00;128;com vítima;47,094;BR-101/RJ;Sul;Colisão Transversal;1;;1;;;;;;;;2;1;1;;
21/07/2018;16:40:00;171;com vítima;321,129;BR-101/RJ;Norte;Colisão Traseira;2;;;;;;;;;;2;1;;;
21/07/2018;22:35:00;209;sem vítima;170,9;BR-101/RJ;Norte;Atropelamento de Animal;1;;;;;;;;;;1;;;;
22/07/2018;02:39:00;28;sem vítima;313,289;BR-101/RJ;Sul;Choque - Defensa, barreira ou "submarino";1;;;;;;;;;;1;;;;
22/07/2018;08:50:00;50;sem vítima;110,9;BR-101/RJ;Sul;Choque - Defensa, barreira ou "submarino";1;;;;;;;;;;1;;;;
22/07/2018;09:01:00;52;sem vítima;310,2;BR-101/RJ;Sul;Colisão Lateral;1;;;;;1;;;;;2;;;;
22/07/2018;09:52:00;57;com vítima;285,12;BR-101/RJ;Norte;Choque - Defensa, barreira ou "submarino";1;;;;;;;;;;0;4;;;
22/07/2018;09:56:00;58;com vítima;217,1;BR-101/RJ;Norte;Colisão Frontal;1;;1;;;;;;;;1;;;;1
22/07/2018;12:36:00;88;com vítima;61,04;BR-101/RJ;Norte;Colisão Traseira;1;;;1;;;;;;;1;1;;;
22/07/2018;15:10:00;105;sem vítima;319,19;BR-101/RJ;Sul;Engavetamento;3;;;;;;;;;;11;;;;
22/07/2018;15:14:00;108;com vítima;321,489;BR-101/RJ;Sul;Colisão Lateral;1;;;1;;;;;;;1;1;;;
22/07/2018;19:22:00;156;sem vítima;199,728;BR-101/RJ;Sul;Choque - Elemento de Drenagem;1;;;;;;;;;;1;;;;
22/07/2018;20:28:00;167;sem vítima;299,7;BR-101/RJ;Sul;Colisão Traseira;2;;;;;;;;;;6;;;;
22/07/2018;23:32:00;196;sem vítima;296,5;BR-101/RJ;Sul;Objeto lançado contra veículo;1;;;;;;;;;;2;;;;
23/07/2018;01:09:00;25;sem vítima;314,67;BR-101/RJ;Sul;Colisão Traseira;2;;;;;;;;;;2;;;;
23/07/2018;03:59:00;42;sem vítima;285,983;BR-101/RJ;Norte;Saida de Pista;1;;;;;;;;;;1;;;;
23/07/2018;04:53:00;46;sem vítima;86,951;BR-101/RJ;Sul;Choque - Defensa, barreira ou "submarino";1;;;;;;;;;;1;;;;
23/07/2018;05:15:00;47;sem vítima;288,6;BR-101/RJ;Norte;Choque - Objeto sobre a pista;1;;;;;;;;;;1;;;;
23/07/2018;05:15:00;48;sem vítima;288,6;BR-101/RJ;Norte;Choque - Objeto sobre a pista;1;;;;;;;;;;1;;;;
23/07/2018;05:17:00;50;sem vítima;288,6;BR-101/RJ;Norte;Choque - Objeto sobre a pista;1;;;;;;;;;;1;;;;
23/07/2018;05:29:00;51;sem vítima;288,6;BR-101/RJ;Norte;Choque - Objeto sobre a pista;1;;;;;;;;;;1;;;;
23/07/2018;05:29:00;52;sem vítima;288,6;BR-101/RJ;Norte;Choque - Objeto sobre a pista;1;;;;;;;;;;1;;;;
23/07/2018;08:31:00;103;sem vítima;124,859;BR-101/RJ;Norte;Tombamento;;;1;;;;;;;;1;;;;
23/07/2018;13:04:00;150;sem vítima;133,208;BR-101/RJ;Sul;Choque - Suporte de Sinalização;1;;;;;;;;;;1;;;;
23/07/2018;15:24:00;176;com vítima;296,959;BR-101/RJ;Sul;Engavetamento;3;;;;;1;;;;;7;1;;;
23/07/2018;16:51:00;189;sem vítima;311,4;BR-101/RJ;Sul;Atropelamento de Animal;1;;;;;;;;;;1;;;;
23/07/2018;17:36:00;203;sem vítima;321,4;BR-101/RJ;Norte;Tombamento;;;;1;;;;;;;2;;;;
23/07/2018;17:58:00;209;sem vítima;64,988;BR-101/RJ;Norte;Colisão Transversal;2;;;;;;;;;;2;;;;
23/07/2018;18:12:00;213;sem vítima;286,271;BR-101/RJ;Norte;Colisão Traseira;2;;;;;;;;;;2;;;;
24/07/2018;08:54:00;106;sem vítima;276,034;BR-101/RJ;Norte;Colisão Traseira;2;;;;;;;;;;2;;;;
24/07/2018;08:58:00;108;sem vítima;276,036;BR-101/RJ;Norte;Colisão Traseira;1;;;;;;;;;1;2;;;;
24/07/2018;14:53:00;194;sem vítima;276,5;BR-101/RJ;Norte;Colisão Traseira;2;;;;;;;;;;2;;;;
24/07/2018;16:15:00;215;sem vítima;59,484;BR-101/RJ;Norte;Colisão Traseira;1;;1;;;;;;;;2;;;;
24/07/2018;19:30:00;253;com vítima;318,78;BR-101/RJ;Norte;Colisão Lateral;1;;;1;;;;;;;1;1;;;
25/07/2018;00:16:00;18;com vítima;69,692;BR-101/RJ;Norte;Choque - Outros;1;;;;;;;;;;2;1;;;
25/07/2018;08:57:00;110;sem vítima;221,072;BR-101/RJ;Norte;Choque - Suporte de Sinalização;1;;;;;;;;;;1;;;;
25/07/2018;11:33:00;157;com vítima;207,5;BR-101/RJ;Sul;Colisão Transversal;1;;;1;;;;;;;1;;1;;
25/07/2018;14:31:00;188;com vítima;34,648;BR-101/RJ;Norte;Queda;;;;1;;;;;;;0;2;;;
25/07/2018;15:51:00;203;sem vítima;260,12;BR-101/RJ;Sul;Choque - Outros;1;;;;;;;;;;1;;;;
25/07/2018;17:08:00;212;sem vítima;293,19;BR-101/RJ;Sul;Colisão Lateral;2;;;;;;;;;;4;;;;
25/07/2018;23:33:00;261;sem vítima;318,511;BR-101/RJ;Norte;Colisão Traseira;2;;;;;;;;;;2;;;;
26/07/2018;06:50:00;61;com vítima;289,469;BR-101/RJ;Norte;Colisão Lateral;1;;1;;;1;;;;;2;1;;;
26/07/2018;16:15:00;216;sem vítima;291,416;BR-101/RJ;Sul;Engavetamento;;;1;;;;;;;2;4;;;;
26/07/2018;17:14:00;232;com vítima;262,219;BR-101/RJ;Sul;Choque - Elemento de Drenagem;1;;;;;1;;;;;2;1;;;
26/07/2018;19:25:00;251;sem vítima;313,556;BR-101/RJ;Norte;Choque - Elemento de Drenagem;1;;;;;;;;;;1;;;;
27/07/2018;08:44:00;104;sem vítima;59,416;BR-101/RJ;Sul;Colisão Transversal;1;;;1;;;;;;;2;;;;
27/07/2018;08:48:00;105;com vítima;49,1;BR-101/RJ;Norte;Tombamento;;;;1;;;;;;;0;1;;;
27/07/2018;11:03:00;143;sem vítima;218,5;BR-101/RJ;Norte;Capotamento;1;;;;;;;;;;1;;;;
27/07/2018;15:46:00;198;sem vítima;311,416;BR-101/RJ;Sul;Colisão Traseira;1;;;;;1;;;;;2;;;;
27/07/2018;16:09:00;203;sem vítima;311,386;BR-101/RJ;Norte;Choque - Objeto sobre a pista;;;;;;;;;;1;1;;;;
27/07/2018;16:30:00;209;com vítima;64,3;BR-101/RJ;Sul;Atropelamento - Morador;;;;1;;;;;;;2;;;1;
27/07/2018;19:37:00;253;sem vítima;57,9;BR-101/RJ;Norte;Colisão Traseira;2;;;;;;;;;;3;;;;
27/07/2018;20:32:00;260;com vítima;155,5;BR-101/RJ;Sul;Capotamento;1;;;;;;;;;;0;;1;;
27/07/2018;23:43:00;277;sem vítima;296,392;BR-101/RJ;Norte;Choque - Defensa, barreira ou "submarino";;;1;;;;;;;;2;;;;
28/07/2018;03:55:00;26;sem vítima;279,87;BR-101/RJ;Sul;Choque - Outros;;;;;;;;;;1;2;;;;
28/07/2018;04:14:00;27;sem vítima;238,019;BR-101/RJ;Norte;Choque - Elemento de Drenagem;1;;;;;;;;;;1;;;;
28/07/2018;04:45:00;29;sem vítima;2,15;BR-101/RJ;Sul;Tombamento;;;1;;;;;;;;1;;;;
28/07/2018;05:55:00;31;sem vítima;24,524;BR-101/RJ;Sul;Choque - Defensa, barreira ou "submarino";;;;;;;;;;1;1;;;;
28/07/2018;08:40:00;68;sem vítima;273,433;BR-101/RJ;Norte;Colisão Lateral;1;;1;;;;;;;;3;;;;
28/07/2018;09:13:00;78;sem vítima;298,175;BR-101/RJ;Norte;Colisão Lateral;2;;;;;;;;;;5;;;;
28/07/2018;09:22:00;80;com vítima;318,655;BR-101/RJ;Norte;Choque - Defensa, barreira ou "submarino";1;;;;;;;;;;0;1;;;
28/07/2018;14:30:00;141;sem vítima;190,411;BR-101/RJ;Sul;Choque - Defensa, barreira ou "submarino";1;;;;;;;;;;1;;;;
28/07/2018;16:44:00;166;sem vítima;252,89;BR-101/RJ;Sul;Choque - Defensa, barreira ou "submarino";;;1;;;;;;;;1;;;;
28/07/2018;19:06:00;190;sem vítima;257,5;BR-101/RJ;Norte;Colisão Traseira;2;;;;;;;;;;2;;;;
29/07/2018;06:40:00;40;sem vítima;99,8;BR-101/RJ;Norte;Colisão Traseira;2;;;;;;;;;;3;;;;
29/07/2018;15:57:00;116;com vítima;295,1;BR-101/RJ;Sul;Colisão Lateral;;;;1;;1;;;;;1;1;;;
29/07/2018;17:34:00;133;com vítima;303,3;BR-101/RJ;Sul;Colisão Lateral;1;;;1;;;;;;;2;1;;;
29/07/2018;18:30:00;145;com vítima;76,7;BR-101/RJ;Norte;Colisão Lateral;;1;;;;1;;;;;1;;1;;
29/07/2018;19:27:00;155;sem vítima;262,15;BR-101/RJ;Sul;Engavetamento;4;;;;;;;;;;7;;;;
29/07/2018;22:11:00;183;sem vítima;284,173;BR-101/RJ;Sul;Colisão Traseira;2;;;;;;;;;;4;;;;
30/07/2018;05:23:00;27;sem vítima;140,5;BR-101/RJ;Norte;Choque - Objeto sobre a pista;1;;;;;;;;;;1;;;;
30/07/2018;05:29:00;29;sem vítima;140,5;BR-101/RJ;Norte;Choque - Objeto sobre a pista;1;;;;;;;;;;4;;;;
30/07/2018;09:42:00;106;sem vítima;229,267;BR-101/RJ;Sul;Colisão Traseira;2;;;;;;;;;;5;;;;
30/07/2018;10:01:00;114;com vítima;271,228;BR-101/RJ;Norte;Tombamento;;;;1;;;;;;;0;2;;;
30/07/2018;10:36:00;123;com vítima;225,455;BR-101/RJ;Sul;Tombamento;;;;1;;;;;;;1;1;;;
30/07/2018;12:59:00;146;com vítima;259,3;BR-101/RJ;Norte;Colisão Lateral;1;;;1;;;;;;;1;1;;;
30/07/2018;15:20:00;169;com vítima;320,782;BR-101/RJ;Norte;Choque - Defensa, barreira ou "submarino";1;;;;;;;;;;0;;1;;
30/07/2018;15:47:00;177;sem vítima;85,95;BR-101/RJ;Norte;Choque - Elemento de Drenagem;1;;;;;1;;;;;2;;;;
30/07/2018;18:51:00;208;com vítima;311,014;BR-101/RJ;Norte;Colisão Traseira;1;;;1;;;;;;;3;1;;;
30/07/2018;19:52:00;220;sem vítima;297,782;BR-101/RJ;Norte;Colisão Lateral;1;;1;;;;;;;;2;;;;
30/07/2018;20:29:00;226;com vítima;288,027;BR-101/RJ;Norte;Tombamento;;;;1;;;;;;;0;1;;;
30/07/2018;23:47:00;246;sem vítima;189,366;BR-101/RJ;Sul;Colisão Lateral;1;;;;;1;;;;;2;;;;
31/07/2018;11:23:00;129;sem vítima;320,824;BR-101/RJ;Norte;Choque - Defensa, barreira ou "submarino";1;;;;;;;;;;2;;;;
31/07/2018;14:14:00;144;sem vítima;280,215;BR-101/RJ;Norte;Colisão Traseira;2;;;;;;;;;;3;;;;
31/07/2018;14:28:00;149;sem vítima;320,8;BR-101/RJ;Sul;Colisão Traseira;1;;;;1;;;;;;2;;;;
31/07/2018;16:02:00;167;sem vítima;262,141;BR-101/RJ;Norte;Choque - Outros;1;;;;;;;;;;1;;;;
31/07/2018;16:26:00;172;sem vítima;66,484;BR-101/RJ;Sul;Colisão Lateral;2;;;;;;;;;;5;;;;
31/07/2018;18:19:00;191;sem vítima;61,8;BR-101/RJ;Sul;Engavetamento;3;;1;;;;;;;1;5;;;;
31/07/2018;20:14:00;205;sem vítima;147,3;BR-101/RJ;Norte;Choque - Defensa, barreira ou "submarino";1;;;;;;;;;;2;;;;
01/08/2018;04:08:00;33;sem vítima;290,301;BR-101/RJ;Norte;Atropelamento de Animal;;;;;;;;;;1;1;;;;
01/08/2018;07:28:00;58;com vítima;297,789;BR-101/RJ;Sul;Choque - Defensa, barreira ou "submarino";1;;;;;;;;;;1;1;;;
01/08/2018;14:59:00;167;sem vítima;136,488;BR-101/RJ;Sul;Capotamento;1;;;;;;;;;;1;;;;
01/08/2018;17:59:00;189;com vítima;272,46;BR-101/RJ;Sul;Colisão Traseira;1;;1;;;;;;;;0;2;;;
01/08/2018;18:55:00;203;sem vítima;284,926;BR-101/RJ;Norte;Colisão Traseira;1;;;;;1;;;;;2;;;;
01/08/2018;20:22:00;213;sem vítima;312,595;BR-101/RJ;Sul;Choque - Outros;1;;;;;;;;;;2;;;;
01/08/2018;23:26:00;235;sem vítima;296,15;BR-101/RJ;Sul;Choque - Elemento de Drenagem;1;;;;;;;;;;1;;;;
02/08/2018;05:10:00;31;sem vítima;244,4;BR-101/RJ;Norte;Choque - Defensa, barreira ou "submarino";1;;;;;;;;;;1;;;;
02/08/2018;05:38:00;33;sem vítima;56,8;BR-101/RJ;Norte;Atropelamento de Animal;;;1;;;;;;;;1;;;;
02/08/2018;09:01:00;72;com vítima;314,378;BR-101/RJ;Sul;Colisão Traseira;;;;1;;1;;;;;1;1;;;
02/08/2018;09:46:00;81;sem vítima;144,1;BR-101/RJ;Sul;Choque - Defensa, barreira ou "submarino";1;;;;;;;;;;1;;;;
02/08/2018;09:49:00;82;sem vítima;92,1;BR-101/RJ;Norte;Choque - Defensa, barreira ou "submarino";1;;;;;;;;;;1;;;;
02/08/2018;10:27:00;85;sem vítima;83,1;BR-101/RJ;Sul;Choque - Outros;1;;;;;;;;;;1;;;;
02/08/2018;10:33:00;88;sem vítima;86,9;BR-101/RJ;Sul;Choque - Talude;1;;;;;;;;;;1;;;;
02/08/2018;12:32:00;110;sem vítima;81,5;BR-101/RJ;Sul;Choque - Defensa, barreira ou "submarino";1;;;;;;;;;;1;;;;
02/08/2018;12:46:00;114;sem vítima;82,21;BR-101/RJ;Norte;Colisão Traseira;1;;;;;;;;;;1;;;;
02/08/2018;17:06:00;152;com vítima;305,8;BR-101/RJ;Sul;Choque - Suporte de Sinalização;1;;;;;;;;;;0;;1;;
02/08/2018;17:34:00;157;com vítima;163,903;BR-101/RJ;Norte;Tombamento;;;;;;1;;;;;0;;1;;
02/08/2018;18:02:00;162;com vítima;67,02;BR-101/RJ;Sul;Colisão Transversal;1;;;1;;;;;;;1;1;;;
02/08/2018;19:28:00;171;sem vítima;262,867;BR-101/RJ;Sul;Colisão Traseira;2;;;;;;;;;;2;;;;
02/08/2018;19:43:00;176;sem vítima;82,4;BR-101/RJ;Sul;Atropelamento de Animal;;;1;;;;;;;;1;;;;
02/08/2018;21:18:00;182;sem vítima;66,474;BR-101/RJ;Norte;Choque - Poste;1;;;;;;;;;;1;;;;
03/08/2018;03:30:00;25;com vítima;245,867;BR-101/RJ;Sul;Colisão Traseira;;;2;;1;;;;;;28;2;;;
03/08/2018;10:52:00;104;sem vítima;66,971;BR-101/RJ;Norte;Colisão Traseira;1;;;;;;;;;1;3;;;;
03/08/2018;11:35:00;109;sem vítima;81,65;BR-101/RJ;Norte;Colisão Frontal;3;;;;;1;;;;;5;;;;
03/08/2018;11:52:00;113;sem vítima;11,862;BR-101/RJ;Norte;Choque - Talude;1;;;;;;;;;;1;;;;
03/08/2018;15:31:00;160;sem vítima;318,405;BR-101/RJ;Norte;Engavetamento;2;;;;;;;;;1;3;;;;
03/08/2018;15:52:00;171;sem vítima;318,405;BR-101/RJ;Norte;Engavetamento;3;;;;;;;;;;4;;;;
03/08/2018;21:25:00;225;sem vítima;304,073;BR-101/RJ;Norte;Choque - Talude;1;;;;;;;;;;1;;;;
03/08/2018;21:32:00;227;com vítima;65,5;BR-101/RJ;Norte;Colisão Lateral;1;;;1;;;;;;;4;;1;;
03/08/2018;22:50:00;231;sem vítima;255,786;BR-101/RJ;Norte;Atropelamento de Animal;1;;;;;;;;;;4;;;;
03/08/2018;23:45:00;238;com vítima;215,431;BR-101/RJ;Sul;Tombamento;;;;1;;;;;;;0;1;;;
04/08/2018;00:15:00;6;sem vítima;233,3;BR-101/RJ;Norte;Saida de Pista;1;;;;;;;;;;1;;;;
04/08/2018;09:48:00;56;sem vítima;81,6;BR-101/RJ;Norte;Choque - Defensa, barreira ou "submarino";1;;;;;;;;;;2;;;;
04/08/2018;13:05:00;100;sem vítima;286,1;BR-101/RJ;Sul;Choque - Elemento de Drenagem;1;;;;;;;;;;3;;;;
04/08/2018;15:59:00;127;sem vítima;252,89;BR-101/RJ;Sul;Choque - Defensa, barreira ou "submarino";;;1;;;;;;;;1;;;;
04/08/2018;16:05:00;131;sem vítima;217,787;BR-101/RJ;Norte;Choque - Talude;;;1;;;;;;;;1;;;;
04/08/2018;20:46:00;172;com vítima;320,456;BR-101/RJ;Norte;Colisão Lateral;;;;1;;1;;;;;1;1;;;
05/08/2018;18:48:00;151;com vítima;278,282;BR-101/RJ;Norte;Colisão Traseira;1;;1;;;1;;;;;3;1;;;
05/08/2018;19:08:00;155;com vítima;297,475;BR-101/RJ;Sul;Choque - Defensa, barreira ou "submarino";1;;;;;1;;;;;3;1;;;
06/08/2018;06:32:00;49;sem vítima;311,997;BR-101/RJ;Sul;Colisão Lateral;1;;;1;;;;;;;2;;;;
06/08/2018;10:13:00;125;sem vítima;297,669;BR-101/RJ;Sul;Colisão Traseira;;;;1;;1;;;;;2;;;;
06/08/2018;10:26:00;130;sem vítima;102,1;BR-101/RJ;Sul;Capotamento;1;;;;;;;;;;1;;;;
06/08/2018;12:04:00;145;sem vítima;230,004;BR-101/RJ;Sul;Choque - Defensa, barreira ou "submarino";1;;;;;;;;;;1;;;;
06/08/2018;13:39:00;154;com vítima;198,456;BR-101/RJ;Norte;Choque - Elemento de Drenagem;1;;;;;;;;;;0;1;;;
06/08/2018;13:58:00;156;sem vítima;303;BR-101/RJ;Sul;Colisão Traseira;1;;1;;;;;;;;2;;;;
06/08/2018;15:44:00;174;sem vítima;278,06;BR-101/RJ;Norte;Choque - Elemento de Drenagem;;;;;;;;;;1;1;;;;
06/08/2018;17:59:00;188;com vítima;69,9;BR-101/RJ;Norte;Atropelamento - Morador;;;;1;;;;;;;1;;;1;
06/08/2018;19:28:00;202;sem vítima;231,825;BR-101/RJ;Sul;Tombamento;;;1;;;;;;;;1;;;;
06/08/2018;22:38:00;228;sem vítima;75,3;BR-101/RJ;Norte;Choque - Elemento de Drenagem;1;;;;;;;;;;2;;;;