data;horario;n_da_ocorrencia;tipo_de_ocorrencia;km;trecho;sentido;tipo_de_acidente;automovel;bicicleta;caminhao;moto;onibus;outros;tracao_animal;transporte_de_cargas_especiais;trator_maquinas;utilitarios;ilesos;levemente_feridos;moderadamente_feridos;gravemente_feridos;mortos
06/08/2018;23:31:00;234;sem vítima;60,05;BR-101/RJ;Norte;Colisão Transversal;2;;;;;;;;;;2;;;;
07/08/2018;15:21:00;144;sem vítima;67,966;BR-101/RJ;Norte;Engavetamento;;;2;;;1;;;;;6;;;;
07/08/2018;17:41:00;183;sem vítima;294,281;BR-101/RJ;Norte;Colisão Traseira;1;;;;;1;;;;;3;;;;
07/08/2018;19:41:00;199;sem vítima;266,9;BR-101/RJ;Norte;Capotamento;1;;;;;;;;;;1;;;;
07/08/2018;21:06:00;208;sem vítima;320,888;BR-101/RJ;Norte;Capotamento;1;;;;;;;;;;3;;;;
07/08/2018;23:31:00;223;com vítima;299,293;BR-101/RJ;Norte;Colisão Lateral;1;;;1;;;;;;;1;1;;;
08/08/2018;07:52:00;75;com vítima;317,201;BR-101/RJ;Sul;Colisão Traseira;1;;;1;;;;;;;3;;1;;
08/08/2018;07:57:00;76;sem vítima;203,465;BR-101/RJ;Sul;Colisão Traseira;;;1;;;1;;;;;2;;;;
08/08/2018;09:17:00;103;sem vítima;219,8;BR-101/RJ;Sul;Choque - Elemento de Drenagem;1;;;;;;;;;;1;;;;
08/08/2018;11:37:00;141;sem vítima;64,22;BR-101/RJ;Norte;Colisão Traseira;;;1;;;;;;;1;2;;;;
08/08/2018;22:48:00;245;sem vítima;277,739;BR-101/RJ;Norte;Tombamento;;;;;;;;;;1;4;;;;
08/08/2018;23:08:00;247;com vítima;72,951;BR-101/RJ;Sul;Colisão Transversal;;;;2;;;;;;;1;;1;1;
08/08/2018;23:13:00;248;sem vítima;288,901;BR-101/RJ;Sul;Choque - Outros;1;;;;;;;;;;1;;;;
09/08/2018;04:27:00;32;sem vítima;285,589;BR-101/RJ;Sul;Choque - Defensa, barreira ou "submarino";1;;;;;;;;;;1;;;;
09/08/2018;05:24:00;35;com vítima;266,289;BR-101/RJ;Sul;Choque - Defensa, barreira ou "submarino";1;;;;;;;;;;1;1;;;
09/08/2018;21:47:00;236;sem vítima;314,78;BR-101/RJ;Norte;Colisão Traseira;1;;;;;1;;;;;4;;;;
09/08/2018;23:49:00;250;sem vítima;300,885;BR-101/RJ;Norte;Colisão Traseira;1;;2;;;;;;;;4;;;;
10/08/2018;02:02:00;30;sem vítima;144,461;BR-101/RJ;Sul;Tombamento;;;1;;;;;;;;1;;;;
10/08/2018;10:15:00;126;sem vítima;318,4;BR-101/RJ;Sul;Colisão Traseira;2;;;;;;;;;;4;;;;
10/08/2018;15:13:00;187;sem vítima;294,35;BR-101/RJ;Sul;Colisão Traseira;2;;;;;;;;;;2;;;;
10/08/2018;15:33:00;191;sem vítima;280,06;BR-101/RJ;Norte;Engavetamento;4;;;;;;;;;;4;;;;
10/08/2018;17:04:00;209;com vítima;288,223;BR-101/RJ;Norte;Colisão Traseira;1;;;1;;;;;;;4;1;;;
10/08/2018;20:04:00;238;com vítima;144,262;BR-101/RJ;Sul;Choque - Defensa, barreira ou "submarino";;;;1;;;;;;;0;2;;;
11/08/2018;03:32:00;33;com vítima;296,352;BR-101/RJ;Norte;Choque - Defensa, barreira ou "submarino";1;;;;;;;;;;0;2;;;
11/08/2018;04:48:00;35;sem vítima;296,354;BR-101/RJ;Sul;Choque - Defensa, barreira ou "submarino";1;;;;;;;;;;1;;;;
11/08/2018;06:08:00;46;com vítima;282,588;BR-101/RJ;Norte;Colisão Lateral;1;;1;;;;;;;;1;2;;;
11/08/2018;07:30:00;65;com vítima;209,943;BR-101/RJ;Norte;Choque - Defensa, barreira ou "submarino";1;;;;;;;;;;0;2;;;
11/08/2018;11:07:00;101;sem vítima;122,9;BR-101/RJ;Sul;Choque - Defensa, barreira ou "submarino";;;;;;1;;;;;1;;;;
11/08/2018;12:04:00;114;sem vítima;317,178;BR-101/RJ;Norte;Colisão Traseira;2;;;;;;;;;;2;;;;
11/08/2018;14:25:00;138;sem vítima;309,191;BR-101/RJ;Sul;Engavetamento;3;;;;;;;;;;7;;;;
11/08/2018;19:46:00;187;sem vítima;321,437;BR-101/RJ;Norte;Colisão Traseira;1;;;;1;;;;;;3;;;;
11/08/2018;20:45:00;192;sem vítima;299,7;BR-101/RJ;Sul;Choque - Cancela de Pedagio;;;;;;1;;;;;1;;;;
12/08/2018;08:41:00;47;sem vítima;280,229;BR-101/RJ;Sul;Atropelamento de Animal;1;;;;;;;;;;1;;;;
12/08/2018;08:45:00;48;com vítima;151,791;BR-101/RJ;Norte;Colisão Lateral;1;;1;;;;;;;;0;3;;3;2
12/08/2018;09:30:00;52;sem vítima;311,143;BR-101/RJ;Sul;Capotamento;1;;;;;;;;;;2;;;;
12/08/2018;09:42:00;55;sem vítima;311,143;BR-101/RJ;Sul;Engavetamento;3;;;;;;;;;;6;;;;
12/08/2018;11:21:00;67;com vítima;58,16;BR-101/RJ;Sul;Engavetamento;2;;;;;1;;;;;5;1;;;
12/08/2018;12:17:00;77;com vítima;75,25;BR-101/RJ;Norte;Tombamento;;;;1;;;;;;;0;1;;;
12/08/2018;15:33:00;102;com vítima;58,5;BR-101/RJ;Norte;Colisão Traseira;2;;;;;;;;;;4;1;;;
12/08/2018;17:49:00;135;sem vítima;304,549;BR-101/RJ;Sul;Colisão Traseira;2;;;;;;;;;;2;;;;
12/08/2018;23:15:00;180;com vítima;130,962;BR-101/RJ;Norte;Capotamento;1;;;;;;;;;;0;1;;1;
13/08/2018;05:52:00;23;com vítima;274,001;BR-101/RJ;Sul;Atropelamento - Ciclista;;1;;;;1;;;;;1;;;;1
13/08/2018;09:50:00;94;sem vítima;273,599;BR-101/RJ;Sul;Colisão Traseira;1;;1;;;;;;;;3;;;;
13/08/2018;13:10:00;133;com vítima;117,35;BR-101/RJ;Sul;Choque - Defensa, barreira ou "submarino";;;1;;;;;;;;1;2;;;
13/08/2018;17:48:00;171;sem vítima;190,478;BR-101/RJ;Sul;Colisão Traseira;2;;;;;;;;;;2;;;;
13/08/2018;18:18:00;182;sem vítima;299,7;BR-101/RJ;Sul;Colisão Traseira;1;;;;;;;;;1;8;;;;
13/08/2018;21:39:00;212;com vítima;219,07;BR-101/RJ;Sul;Capotamento;1;;;;;;;;;;0;2;;;
13/08/2018;21:55:00;213;sem vítima;313,612;BR-101/RJ;Norte;Choque - Elemento de Drenagem;1;;;;;;;;;;1;;;;
14/08/2018;01:53:00;19;sem vítima;220,449;BR-101/RJ;Sul;Choque - Talude;;;1;;;;;;;;1;;;;
14/08/2018;05:13:00;30;sem vítima;169,032;BR-101/RJ;Norte;Choque - Defensa, barreira ou "submarino";1;;;;;;;;;;2;;;;
14/08/2018;06:29:00;42;sem vítima;312,199;BR-101/RJ;Sul;Colisão Traseira;2;;;;;;;;;;2;;;;
14/08/2018;10:05:00;116;sem vítima;319,1;BR-101/RJ;Sul;Choque - Elemento de Drenagem;1;;;;;;;;;;1;;;;
14/08/2018;12:55:00;135;com vítima;238,424;BR-101/RJ;Sul;Choque - Defensa, barreira ou "submarino";1;;;;;;;;;;0;1;;;
14/08/2018;13:25:00;147;com vítima;77,978;BR-101/RJ;Norte;Colisão Lateral;;1;1;;;;;;;;1;;1;;
14/08/2018;16:09:00;190;sem vítima;297,73;BR-101/RJ;Sul;Colisão Traseira;2;;;;;;;;;;2;;;;
14/08/2018;22:09:00;246;sem vítima;102,3;BR-101/RJ;Norte;Choque - Talude;1;;;;;;;;;;1;;;;
14/08/2018;22:48:00;250;sem vítima;296,063;BR-101/RJ;Sul;Engavetamento;2;;1;;;;;;;;3;;;;
15/08/2018;06:32:00;36;com vítima;119,8;BR-101/RJ;Sul;Tombamento;;;;1;;;;;;;0;1;;;
15/08/2018;10:35:00;118;sem vítima;206,579;BR-101/RJ;Sul;Colisão Traseira;1;;;;;1;;;;;2;;;;
15/08/2018;15:27:00;180;sem vítima;294,894;BR-101/RJ;Norte;Colisão Lateral;;;;;1;;;;;1;2;;;;
15/08/2018;17:46:00;199;sem vítima;321,216;BR-101/RJ;Sul;Colisão Traseira;1;;;;1;;;;;;2;;;;
15/08/2018;18:38:00;203;sem vítima;255,5;BR-101/RJ;Norte;Choque - Elemento de Drenagem;;;1;;;;;;;;1;;;;
15/08/2018;18:41:00;205;com vítima;213,488;BR-101/RJ;Sul;Colisão Transversal;2;;;;;;;;;;1;5;;;
15/08/2018;19:15:00;209;com vítima;318,037;BR-101/RJ;Norte;Colisão Lateral;;;;1;;1;;;;;2;1;;;
16/08/2018;05:35:00;34;sem vítima;254,539;BR-101/RJ;Sul;Choque - Defensa, barreira ou "submarino";1;;;;;;;;;;1;;;;
16/08/2018;07:23:00;66;com vítima;79,649;BR-101/RJ;Norte;Colisão Traseira;1;;1;;;;;;;;1;1;;;
16/08/2018;11:22:00;142;sem vítima;59,3;BR-101/RJ;Sul;Colisão Traseira;2;;;;;;;;;;2;;;;
16/08/2018;14:19:00;170;sem vítima;276,368;BR-101/RJ;Norte;Colisão Traseira;2;;;;;;;;;;2;;;;
16/08/2018;14:27:00;172;sem vítima;225,286;BR-101/RJ;Norte;Capotamento;;;;;;;;;;1;1;;;;
16/08/2018;23:53:00;240;com vítima;66,494;BR-101/RJ;Sul;Tombamento;;;;1;;;;;;;0;1;;;
17/08/2018;01:25:00;22;sem vítima;297,389;BR-101/RJ;Norte;Colisão Lateral;1;;;;;1;;;;;2;;;;
17/08/2018;07:34:00;60;sem vítima;293,357;BR-101/RJ;Sul;Colisão Frontal;2;;;;;;;;;;2;;;;
17/08/2018;11:17:00;121;sem vítima;298,735;BR-101/RJ;Sul;Choque - Defensa, barreira ou "submarino";1;;;;;;;;;;1;;;;
17/08/2018;13:34:00;140;sem vítima;288,938;BR-101/RJ;Sul;Colisão Traseira;2;;;;;;;;;;2;;;;
17/08/2018;14:30:00;152;com vítima;261,5;BR-101/RJ;Sul;Choque - Defensa, barreira ou "submarino";4;;1;;;;;;;;4;1;;;
17/08/2018;15:07:00;159;sem vítima;261,5;BR-101/RJ;Norte;Choque - Outros;1;;;;;;;;;;1;;;;
17/08/2018;16:12:00;174;com vítima;318,3;BR-101/RJ;Sul;Colisão Traseira;1;;;1;;;;;;;1;1;;;
17/08/2018;16:28:00;178;com vítima;318,35;BR-101/RJ;Sul;Colisão Traseira;;;;1;1;;;;;;1;1;;;
17/08/2018;17:02:00;182;sem vítima;318,45;BR-101/RJ;Sul;Choque - Defensa, barreira ou "submarino";;;1;;;;;;;;1;;;;
17/08/2018;17:38:00;187;com vítima;318,979;BR-101/RJ;Norte;Colisão Traseira;1;;;1;;;;;;;2;2;;;
18/08/2018;02:39:00;32;com vítima;313,716;BR-101/RJ;Norte;Colisão Traseira;1;;1;;;;;;;;1;;1;;
18/08/2018;09:06:00;79;com vítima;87,5;BR-101/RJ;Sul;Choque - Talude;1;;;;;;;;;;0;;1;;
18/08/2018;09:17:00;84;com vítima;262,202;BR-101/RJ;Sul;Choque - Defensa, barreira ou "submarino";1;;;;;;;;;;0;2;;;
18/08/2018;11:28:00;106;com vítima;303,055;BR-101/RJ;Norte;Colisão Traseira;2;;;;;;;;;;2;2;;;
18/08/2018;11:43:00;108;sem vítima;299,5;BR-101/RJ;Norte;Colisão Traseira;1;;;;1;;;;;;2;;;;
18/08/2018;13:13:00;117;sem vítima;64,82;BR-101/RJ;Sul;Colisão Lateral;2;;;;;;;;;;2;;;;
18/08/2018;15:14:00;133;com vítima;320,662;BR-101/RJ;Sul;Colisão Lateral;1;;;1;;;;;;;2;2;;;
18/08/2018;16:35:00;142;sem vítima;315,536;BR-101/RJ;Sul;Choque - Defensa, barreira ou "submarino";1;;;;;;;;;;1;;;;
18/08/2018;17:24:00;155;sem vítima;190,37;BR-101/RJ;Norte;Choque - Defensa, barreira ou "submarino";1;;;;;;;;;;2;;;;
18/08/2018;18:03:00;163;sem vítima;294,528;BR-101/RJ;Norte;Engavetamento;4;;;;;;;;;;9;;;;
19/08/2018;04:03:00;39;sem vítima;311,02;BR-101/RJ;Norte;Choque - Objeto sobre a pista;1;;;;;;;;;;2;;;;
19/08/2018;08:06:00;56;sem vítima;301,387;BR-101/RJ;Norte;Colisão Traseira;1;;;;;;;;;1;3;;;;
19/08/2018;08:31:00;59;sem vítima;302,075;BR-101/RJ;Norte;Engavetamento;4;;;;;;;;;;13;;;;
19/08/2018;12:47:00;93;sem vítima;212,193;BR-101/RJ;Norte;Choque - Defensa, barreira ou "submarino";1;;;;;;;;;;4;;;;
19/08/2018;16:55:00;134;sem vítima;293,091;BR-101/RJ;Sul;Colisão Traseira;1;;;;;;;;;1;5;;;;
19/08/2018;19:46:00;157;com vítima;270,854;BR-101/RJ;Sul;Capotamento;1;;;;;;;;;;2;3;;;
19/08/2018;21:09:00;165;com vítima;60,9;BR-101/RJ;Norte;Colisão Traseira;1;;;1;;;;;;;1;;2;;
20/08/2018;06:16:00;36;sem vítima;311,84;BR-101/RJ;Sul;Colisão Traseira;2;;;;;;;;;;3;;;;
20/08/2018;07:36:00;69;com vítima;284,948;BR-101/RJ;Sul;Colisão Lateral;1;;1;;;;;;;;6;1;;;
20/08/2018;14:00:00;163;sem vítima;285,829;BR-101/RJ;Norte;Colisão Traseira;1;;1;;;;;;;;2;;;;
21/08/2018;08:26:00;93;com vítima;70,196;BR-101/RJ;Sul;Colisão Traseira;;;;1;1;;;;;;1;1;;;
21/08/2018;09:25:00;114;sem vítima;271,216;BR-101/RJ;Norte;Colisão Lateral;2;;;;;;;;;;5;;;;
21/08/2018;09:42:00;123;com vítima;169,919;BR-101/RJ;Sul;Colisão Traseira;1;;1;;;1;;;;;3;1;;;
21/08/2018;10:36:00;138;com vítima;43,604;BR-101/RJ;Norte;Atropelamento - Andarilho;;;1;;;;;;;;1;1;;;
21/08/2018;10:43:00;140;sem vítima;144,05;BR-101/RJ;Sul;Colisão Lateral;1;;1;;;;;;;;2;;;;
21/08/2018;13:45:00;176;com vítima;321,8;BR-101/RJ;Norte;Colisão Traseira;1;;;1;;;;;;;2;1;;;
21/08/2018;19:07:00;239;com vítima;65,599;BR-101/RJ;Norte;Colisão Traseira;1;;;1;;;;;;;1;;2;;
21/08/2018;22:13:00;260;sem vítima;317,011;BR-101/RJ;Sul;Choque - Objeto sobre a pista;1;;;;1;;;;;;2;;;;
21/08/2018;23:55:00;275;com vítima;71,669;BR-101/RJ;Norte;Atropelamento de Animal;;;;1;;;;;;;0;1;;;
22/08/2018;06:52:00;54;com vítima;310,915;BR-101/RJ;Sul;Colisão Traseira;;;;1;1;;;;;;1;;1;;
22/08/2018;18:31:00;228;com vítima;319,237;BR-101/RJ;Norte;Colisão Lateral;2;;;1;;;;;;;2;1;;;
23/08/2018;07:28:00;56;com vítima;315,977;BR-101/RJ;Sul;Colisão Lateral;1;;;1;;;;;;;1;1;;;
23/08/2018;08:23:00;97;com vítima;65,927;BR-101/RJ;Sul;Colisão Traseira;1;;;1;;;;;;;1;1;;;
23/08/2018;13:49:00;161;sem vítima;321,355;BR-101/RJ;Sul;Colisão Traseira;3;;;;;;;;;;5;;;;
23/08/2018;14:02:00;163;sem vítima;60,7;BR-101/RJ;Norte;Colisão Transversal;2;;;;;;;;;;2;;;;
23/08/2018;14:14:00;169;com vítima;305,508;BR-101/RJ;Norte;Colisão Traseira;1;;;;1;;;;;;1;;1;;
23/08/2018;15:03:00;176;com vítima;206,533;BR-101/RJ;Norte;Colisão Transversal;1;;;1;;;;;;;1;1;;;
23/08/2018;17:43:00;203;com vítima;221,546;BR-101/RJ;Norte;Choque - Suporte de Sinalização;1;;;;;;;;;;0;1;;;
23/08/2018;19:36:00;219;sem vítima;321,971;BR-101/RJ;Sul;Colisão Traseira;2;;;;;;;;;;2;;;;
23/08/2018;22:51:00;234;sem vítima;98,763;BR-101/RJ;Sul;Objeto lançado contra veículo;;;1;;;;;;;;1;;;;
24/08/2018;04:06:00;41;sem vítima;213,473;BR-101/RJ;Norte;Atropelamento de Animal;;;1;;;;;;;;1;;;;
24/08/2018;04:43:00;42;sem vítima;213,473;BR-101/RJ;Norte;Atropelamento de Animal;;;;;;;;;;1;2;;;;
24/08/2018;09:34:00;143;sem vítima;297,626;BR-101/RJ;Sul;Engavetamento;1;;1;;;1;;;;;3;;;;
24/08/2018;10:05:00;150;sem vítima;321,309;BR-101/RJ;Sul;Colisão Traseira;1;;;;;1;;;;;2;;;;
24/08/2018;13:08:00;189;com vítima;50,996;BR-101/RJ;Norte;Colisão Lateral;;1;;;;1;;;;;1;;1;;
24/08/2018;19:13:00;263;sem vítima;294,259;BR-101/RJ;Norte;Outros - Sequência;2;1;;;;;;;;;3;;;;
24/08/2018;21:47:00;286;sem vítima;204,025;BR-101/RJ;Norte;Choque - Defensa, barreira ou "submarino";;;;;;;;;;1;1;;;;
25/08/2018;04:27:00;32;sem vítima;291,599;BR-101/RJ;Norte;Choque - Defensa, barreira ou "submarino";1;;;;;;;;;;2;;;;
25/08/2018;06:37:00;45;sem vítima;59,487;BR-101/RJ;Norte;Colisão Transversal;3;;;;;;;;;;3;;;;
25/08/2018;07:41:00;62;com vítima;190,383;BR-101/RJ;Sul;Colisão Frontal;2;;;;;;;;;;1;1;;;
25/08/2018;09:24:00;89;sem vítima;309,15;BR-101/RJ;Sul;Colisão Lateral;1;;;1;;;;;;;2;;;;
25/08/2018;16:11:00;146;sem vítima;264,154;BR-101/RJ;Sul;Colisão Traseira;1;;1;;;;;;;;2;;;;
26/08/2018;00:17:00;18;sem vítima;42,432;BR-101/RJ;Norte;Atropelamento de Animal;;;;;;1;;;;;1;;;;
26/08/2018;00:31:00;20;sem vítima;67,695;BR-101/RJ;Sul;Choque - Poste;1;;;;;;;;;;1;;;;
26/08/2018;03:11:00;37;sem vítima;239,291;BR-101/RJ;Norte;Choque - Defensa, barreira ou "submarino";1;;;;;;;;;;2;;;;
26/08/2018;03:54:00;39;com vítima;310,684;BR-101/RJ;Norte;Choque - Defensa, barreira ou "submarino";1;;;;;;;;;;0;1;;;
26/08/2018;05:50:00;46;sem vítima;267,496;BR-101/RJ;Sul;Choque - Outros;1;;;;;;;;;;1;;;;
26/08/2018;07:00:00;53;sem vítima;283,873;BR-101/RJ;Norte;Choque - Defensa, barreira ou "submarino";1;;;;;;;;;;2;;;;
26/08/2018;07:58:00;59;com vítima;297,447;BR-101/RJ;Sul;Tombamento;;;;1;;;;;;;0;1;;;
26/08/2018;11:23:00;90;sem vítima;313,399;BR-101/RJ;Norte;Choque - Defensa, barreira ou "submarino";1;;;;;;;;;;1;;;;
26/08/2018;11:30:00;93;com vítima;305,582;BR-101/RJ;Sul;Choque - Defensa, barreira ou "submarino";1;;;;;;;;;;0;2;;;
26/08/2018;16:36:00;135;com vítima;296,38;BR-101/RJ;Sul;Choque - Defensa, barreira ou "submarino";1;;;;;;;;;;0;3;;;
26/08/2018;21:15:00;175;sem vítima;288,692;BR-101/RJ;Sul;Choque - Defensa, barreira ou "submarino";2;;;;;;;;;;4;;;;
27/08/2018;00:44:00;20;sem vítima;252,853;BR-101/RJ;Sul;Choque - Cancela de Pedagio;;;1;;;;;;;;1;;;;
27/08/2018;02:22:00;28;sem vítima;309,069;BR-101/RJ;Norte;Choque - Defensa, barreira ou "submarino";1;;;;;;;;;;1;;;;
27/08/2018;06:15:00;41;com vítima;190,01;BR-101/RJ;Norte;Choque - Defensa, barreira ou "submarino";1;;;;;;;;;;0;2;2;;
27/08/2018;06:35:00;44;com vítima;196,1;BR-101/RJ;Norte;Saida de Pista;1;;;;;;;;;;2;1;;;
27/08/2018;06:45:00;51;sem vítima;87,146;BR-101/RJ;Sul;Choque - Defensa, barreira ou "submarino";1;;;;;;;;;;1;;;;
27/08/2018;06:57:00;54;sem vítima;122,9;BR-101/RJ;Sul;Choque - Defensa, barreira ou "submarino";1;;;;;;;;;;1;;;;
27/08/2018;07:39:00;64;sem vítima;66,484;BR-101/RJ;Sul;Choque - Elemento de Drenagem;1;;;;;;;;;;1;;;;
27/08/2018;08:17:00;87;sem vítima;65,599;BR-101/RJ;Norte;Colisão Transversal;1;;;;;;;;;1;2;;;;
27/08/2018;08:59:00;102;com vítima;311,013;BR-101/RJ;Sul;Colisão Traseira;2;;;;;;;;;;4;1;;;
27/08/2018;09:32:00;111;com vítima;58,5;BR-101/RJ;Norte;Choque - Suporte de Sinalização;1;;1;;;;;;;;1;1;;;
27/08/2018;14:32:00;167;com vítima;256,907;BR-101/RJ;Sul;Choque - Defensa, barreira ou "submarino";1;;;;;;;;;;3;2;;;
27/08/2018;16:57:00;193;sem vítima;214,6;BR-101/RJ;Norte;Choque - Defensa, barreira ou "submarino";1;;;;;;;;;;2;;;;
27/08/2018;17:25:00;199;com vítima;107,95;BR-101/RJ;Sul;Capotamento;1;;;;;;;;;;0;3;2;;
27/08/2018;17:54:00;206;sem vítima;302,434;BR-101/RJ;Norte;Colisão Lateral;1;;;;1;;;;;;2;;;;
27/08/2018;18:25:00;213;sem vítima;297,825;BR-101/RJ;Norte;Colisão Lateral;1;;1;;;;;;;;2;;;;
27/08/2018;19:19:00;219;sem vítima;311,961;BR-101/RJ;Norte;Engavetamento;2;;;;1;;;;;;4;;;;
27/08/2018;21:22:00;228;sem vítima;167,437;BR-101/RJ;Sul;Saida de Pista;1;;;;;;;;;;2;;;;
27/08/2018;23:08:00;234;sem vítima;262,05;BR-101/RJ;Norte;Choque - Defensa, barreira ou "submarino";1;;;;;;;;;;1;;;;
28/08/2018;01:43:00;20;sem vítima;124,71;BR-101/RJ;Sul;Choque - Outros;1;;;;;;;;;;2;;;;
28/08/2018;08:38:00;110;com vítima;61,724;BR-101/RJ;Norte;Colisão Transversal;;;1;1;;;;;;;1;2;;;
28/08/2018;09:37:00;122;sem vítima;34,249;BR-101/RJ;Sul;Colisão Traseira;2;;;;;;;;;;4;;;;
28/08/2018;10:03:00;127;sem vítima;198,146;BR-101/RJ;Sul;Choque - Elemento de Drenagem;1;;;;;;;;;;1;;;;
28/08/2018;10:15:00;132;sem vítima;318;BR-101/RJ;Sul;Colisão Lateral;2;;;1;;;;;;;3;;;;
28/08/2018;13:44:00;171;sem vítima;66,8;BR-101/RJ;Norte;Outros;1;;;1;;;;;;;2;;;;
28/08/2018;18:29:00;225;sem vítima;303,615;BR-101/RJ;Norte;Choque - Defensa, barreira ou "submarino";;;;1;;;;;;;1;;;;
28/08/2018;19:19:00;235;com vítima;321,684;BR-101/RJ;Sul;Colisão Lateral;1;;;1;;;;;;;1;1;;;
28/08/2018;21:04:00;250;sem vítima;58,59;BR-101/RJ;Norte;Choque - Elemento de Drenagem;1;;;;;;;;;;1;;;;
28/08/2018;21:25:00;254;sem vítima;258,08;BR-101/RJ;Norte;Objeto lançado contra veículo;;;;;1;;;;;;1;;;;
28/08/2018;22:12:00;261;sem vítima;310,74;BR-101/RJ;Norte;Colisão Traseira;2;;;;;;;;;;2;;;;
29/08/2018;07:38:00;64;com vítima;297,8;BR-101/RJ;Sul;Atropelamento - Outros;1;;;;;;;;;;1;1;;;
29/08/2018;08:08:00;90;sem vítima;308,946;BR-101/RJ;Sul;Engavetamento;4;;;;;;;;;;12;;;;
29/08/2018;09:10:00;114;sem vítima;309,185;BR-101/RJ;Sul;Colisão Traseira;2;;;;;;;;;;2;;;;
29/08/2018;14:14:00;187;com vítima;57;BR-101/RJ;Norte;Queda;;;;1;;;;;;;0;1;;;
29/08/2018;14:22:00;188;sem vítima;319,2;BR-101/RJ;Norte;Engavetamento;3;;;;;;;;;;4;;;;
29/08/2018;19:51:00;230;com vítima;46,316;BR-101/RJ;Norte;Colisão Transversal;;;;1;;1;;;;;1;;1;;
29/08/2018;22:26:00;249;sem vítima;229,103;BR-101/RJ;Norte;Choque - Defensa, barreira ou "submarino";1;;1;;;;;;;;2;;;;
30/08/2018;01:19:00;20;com vítima;273,168;BR-101/RJ;Sul;Choque - Talude;;;2;;;;;;;;1;;;;1
30/08/2018;07:09:00;59;sem vítima;304,1;BR-101/RJ;Norte;Engavetamento;2;;;;;1;;;;;3;;;;
30/08/2018;08:19:00;115;com vítima;317,891;BR-101/RJ;Norte;Colisão Traseira;1;;;;;1;;;;;2;1;;;
30/08/2018;08:27:00;119;sem vítima;60,281;BR-101/RJ;Norte;Colisão Transversal;2;;;;;;;;;;5;;;;
30/08/2018;09:00:00;132;sem vítima;252,25;BR-101/RJ;Sul;Choque - Suporte de Sinalização;1;;;;;;;;;;1;;;;
30/08/2018;09:37:00;143;sem vítima;236,595;BR-101/RJ;Norte;Colisão Lateral;;;;;;1;;;;1;3;;;;
30/08/2018;15:57:00;217;sem vítima;14,15;BR-101/RJ;Sul;Choque - Defensa, barreira ou "submarino";;;1;;;;;;;;1;;;;
30/08/2018;19:48:00;251;com vítima;226,709;BR-101/RJ;Norte;Atropelamento - Andarilho;1;;;;;;;;;;2;;;1;
30/08/2018;20:06:00;253;sem vítima;138,58;BR-101/RJ;Sul;Choque - Elemento de Drenagem;1;;;;;;;;;;3;;;;
30/08/2018;22:26:00;262;com vítima;68,535;BR-101/RJ;Sul;Tombamento;;;;1;;;;;;;0;;2;;
31/08/2018;07:11:00;55;sem vítima;318,4;BR-101/RJ;Sul;Colisão Lateral;2;;;1;;;;;;;6;;;;
31/08/2018;09:15:00;118;com vítima;312,797;BR-101/RJ;Sul;Tombamento;;;;1;;;;;;;0;2;;;
31/08/2018;10:06:00;139;sem vítima;58,28;BR-101/RJ;Sul;Engavetamento;1;;2;;;;;;;;3;;;;
31/08/2018;15:30:00;212;com vítima;262,8;BR-101/RJ;Norte;Choque - Defensa, barreira ou "submarino";;;;1;;;;;;;0;2;;;
31/08/2018;16:18:00;224;com vítima;313,235;BR-101/RJ;Norte;Colisão Transversal;1;1;;;;;;;;;3;;1;;
31/08/2018;16:45:00;229;com vítima;310,649;BR-101/RJ;Norte;Colisão Traseira;2;;;;;;;;;;2;1;;;
31/08/2018;18:04:00;257;sem vítima;66,495;BR-101/RJ;Norte;Colisão Lateral;1;;1;;;;;;;;2;;;;
31/08/2018;20:26:00;279;sem vítima;192,92;BR-101/RJ;Sul;Engavetamento;3;;;;;1;;;;;4;;;;
31/08/2018;21:03:00;284;com vítima;298,986;BR-101/RJ;Norte;Tombamento;;;;1;;;;;;;0;2;;;
31/08/2018;21:07:00;286;sem vítima;59,548;BR-101/RJ;Norte;Atropelamento de Animal;;;;;;1;;;;;1;;;;
31/08/2018;23:17:00;299;sem vítima;299,799;BR-101/RJ;Norte;Choque - Objeto sobre a pista;1;;;;;;;;;;1;;;;
31/08/2018;23:22:00;302;com vítima;279,507;BR-101/RJ;Norte;Colisão Traseira;2;;;;;;;;;;2;1;;;
01/09/2018;03:09:00;34;sem vítima;59,491;BR-101/RJ;Norte;Engavetamento;3;;;;;;;;;;3;;;;
01/09/2018;07:50:00;66;sem vítima;316,288;BR-101/RJ;Norte;Engavetamento;1;;1;;;1;;;;;3;;;;
01/09/2018;09:24:00;82;sem vítima;295,738;BR-101/RJ;Norte;Engavetamento;4;;;;;;;;;;10;;;;
01/09/2018;10:15:00;93;sem vítima;321,46;BR-101/RJ;Sul;Choque - Defensa, barreira ou "submarino";1;;;;;;;;;;2;;;;