data;horario;n_da_ocorrencia;tipo_de_ocorrencia;km;trecho;sentido;tipo_de_acidente;automovel;bicicleta;caminhao;moto;onibus;outros;tracao_animal;transporte_de_cargas_especiais;trator_maquinas;utilitarios;ilesos;levemente_feridos;moderadamente_feridos;gravemente_feridos;mortos
01/09/2018;19:23:00;211;com vítima;74,65;BR-101/RJ;Sul;Atropelamento - Ciclista;;1;;1;;;;;;;1;;1;;
01/09/2018;19:41:00;216;sem vítima;297,455;BR-101/RJ;Sul;Choque - Defensa, barreira ou "submarino";1;;;;;;;;;;1;;;;
01/09/2018;20:26:00;222;com vítima;297,677;BR-101/RJ;Norte;Colisão Lateral;;;;1;;1;;;;;1;;1;;
02/09/2018;01:49:00;27;sem vítima;71,299;BR-101/RJ;Norte;Choque - Defensa, barreira ou "submarino";1;;;;;;;;;;1;;;;
02/09/2018;11:53:00;117;sem vítima;319,3;BR-101/RJ;Norte;Colisão Traseira;1;;;1;;;;;;;2;;;;
02/09/2018;14:46:00;144;com vítima;314,095;BR-101/RJ;Sul;Engavetamento;3;;;;;;;;;;4;1;;;
02/09/2018;14:57:00;148;com vítima;288,98;BR-101/RJ;Norte;Colisão Traseira;2;;;;;;;;;;1;4;;;
02/09/2018;17:55:00;191;com vítima;282,5;BR-101/RJ;Norte;Atropelamento - Ciclista;1;1;;;;;;;;;2;1;;;
02/09/2018;18:26:00;196;sem vítima;297;BR-101/RJ;Norte;Colisão Lateral;1;;;;1;;;;;;2;;;;
02/09/2018;19:36:00;211;com vítima;12,911;BR-101/RJ;Norte;Tombamento;;;;1;;;;;;;0;1;1;;
02/09/2018;20:37:00;218;com vítima;286,41;BR-101/RJ;Norte;Colisão Traseira;2;;;;;;;;;;1;4;;;
03/09/2018;01:08:00;27;sem vítima;309,391;BR-101/RJ;Norte;Colisão Traseira;2;;;;;;;;;;2;;;;
03/09/2018;01:51:00;30;com vítima;60,676;BR-101/RJ;Sul;Atropelamento de Animal;;;;1;;;;;;;0;1;;;
03/09/2018;04:20:00;41;sem vítima;241,935;BR-101/RJ;Norte;Choque - Objeto sobre a pista;;;1;;;;;;;;1;;;;
03/09/2018;11:15:00;154;com vítima;277,752;BR-101/RJ;Norte;Choque - Suporte de Sinalização;1;;;;;;;;;;0;1;;;
03/09/2018;12:02:00;162;sem vítima;297,565;BR-101/RJ;Norte;Colisão Lateral;1;;1;;;;;;;;2;;;;
03/09/2018;15:56:00;208;com vítima;120,672;BR-101/RJ;Norte;Colisão Traseira;1;;1;;;;;;;;1;5;;;
03/09/2018;16:00:00;210;com vítima;73,75;BR-101/RJ;Norte;Tombamento;;;;1;;;;;;;0;2;;;
03/09/2018;16:48:00;224;com vítima;275,742;BR-101/RJ;Norte;Choque - Defensa, barreira ou "submarino";;;1;;;;;;;;1;1;;;
03/09/2018;19:47:00;247;com vítima;66,099;BR-101/RJ;Norte;Colisão Transversal;;;;1;;1;;;;;1;1;;;
03/09/2018;20:07:00;252;sem vítima;71,045;BR-101/RJ;Norte;Colisão Traseira;1;;1;;;;;;;;3;;;;
03/09/2018;21:32:00;258;com vítima;135,531;BR-101/RJ;Sul;Choque - Defensa, barreira ou "submarino";1;;;;;;;;;;0;1;;;
03/09/2018;21:41:00;261;sem vítima;267,301;BR-101/RJ;Sul;Choque - Suporte de Sinalização;1;;;;;;;;;;1;;;;
03/09/2018;22:46:00;263;com vítima;297,472;BR-101/RJ;Norte;Colisão Traseira;;;1;;;1;;;;;1;;;1;
04/09/2018;11:30:00;163;sem vítima;274,804;BR-101/RJ;Sul;Choque - Objeto sobre a pista;1;;;;;;;;;;1;;;;
04/09/2018;13:46:00;186;sem vítima;274,804;BR-101/RJ;Sul;Choque - Objeto sobre a pista;;;1;;;;;;;;1;;;;
04/09/2018;14:42:00;199;com vítima;317,144;BR-101/RJ;Sul;Colisão Traseira;1;;;1;;;;;;;1;1;;;
04/09/2018;15:42:00;212;com vítima;262,131;BR-101/RJ;Norte;Tombamento;;;;1;;;;;;;0;1;;;
04/09/2018;16:31:00;218;sem vítima;59,96;BR-101/RJ;Norte;Colisão Transversal;;;2;;;;;;;;2;;;;
04/09/2018;18:01:00;235;com vítima;302,859;BR-101/RJ;Norte;Colisão Frontal;1;;1;;;;;;;;1;1;;;
05/09/2018;02:17:00;29;sem vítima;167,32;BR-101/RJ;Norte;Choque - Objeto sobre a pista;1;;;;;;;;;;1;;;;
05/09/2018;06:07:00;40;sem vítima;297,36;BR-101/RJ;Sul;Choque - Defensa, barreira ou "submarino";1;;;;;;;;;;1;;;;
05/09/2018;06:40:00;55;sem vítima;307,015;BR-101/RJ;Norte;Colisão Traseira;2;;;;;;;;;;2;;;;
05/09/2018;07:40:00;87;sem vítima;302,863;BR-101/RJ;Norte;Colisão Traseira;2;;;;;;;;;;3;;;;
05/09/2018;08:28:00;107;sem vítima;316;BR-101/RJ;Sul;Colisão Lateral;1;;;1;;;;;;;2;;;;
05/09/2018;08:52:00;115;com vítima;295,715;BR-101/RJ;Sul;Tombamento;;;;1;;;;;;;0;;2;;
05/09/2018;09:46:00;130;sem vítima;317,15;BR-101/RJ;Sul;Colisão Traseira;;;2;;;;;;;;2;;;;
05/09/2018;22:39:00;274;sem vítima;75,38;BR-101/RJ;Norte;Choque - Elemento de Drenagem;1;;;;;;;;;;3;;;;
06/09/2018;07:22:00;73;sem vítima;212,356;BR-101/RJ;Norte;Choque - Defensa, barreira ou "submarino";1;;;;;;;;;;5;;;;
06/09/2018;07:44:00;82;com vítima;270,065;BR-101/RJ;Norte;Colisão Lateral;1;;;1;;;;;;;1;;1;;
06/09/2018;08:29:00;97;sem vítima;229,38;BR-101/RJ;Sul;Choque - Defensa, barreira ou "submarino";1;;;;;;;;;;2;;;;
06/09/2018;09:42:00;122;sem vítima;122,807;BR-101/RJ;Norte;Choque - Objeto sobre a pista;1;;;;;;;;;;1;;;;
06/09/2018;12:19:00;167;sem vítima;296,905;BR-101/RJ;Norte;Engavetamento;3;;;;;2;;;;;7;;;;
06/09/2018;13:22:00;179;com vítima;297,794;BR-101/RJ;Norte;Colisão Lateral;1;;;1;;;;;;;1;1;;;
06/09/2018;15:43:00;214;com vítima;271,45;BR-101/RJ;Sul;Capotamento;1;;;;;;;;;;0;1;;;
06/09/2018;17:22:00;246;sem vítima;193,3;BR-101/RJ;Sul;Choque - Defensa, barreira ou "submarino";1;;;;;;;;;;3;;;;
06/09/2018;18:01:00;253;sem vítima;318,8;BR-101/RJ;Norte;Colisão Lateral;1;;;;;1;;;;;2;;;;
06/09/2018;19:34:00;273;sem vítima;66,455;BR-101/RJ;Norte;Colisão Lateral;1;;1;;;;;;;;2;;;;
06/09/2018;21:33:00;297;com vítima;304,616;BR-101/RJ;Norte;Colisão Lateral;;;;1;;1;;;;;1;1;;;
06/09/2018;23:29:00;316;com vítima;309,75;BR-101/RJ;Norte;Atropelamento - Morador;;;;;;1;;;;;1;;1;;
07/09/2018;01:26:00;24;sem vítima;277,796;BR-101/RJ;Norte;Colisão Traseira;2;;;;;;;;;;7;;;;
07/09/2018;02:17:00;30;sem vítima;274,626;BR-101/RJ;Norte;Atropelamento de Animal;1;;;;;;;;;;2;;;;
07/09/2018;07:30:00;64;sem vítima;304,1;BR-101/RJ;Norte;Colisão Traseira;2;;;;;;;;;;2;;;;
07/09/2018;07:34:00;66;sem vítima;297,488;BR-101/RJ;Norte;Colisão Lateral;1;;;1;;;;;;;6;;;;
07/09/2018;09:33:00;97;com vítima;60,5;BR-101/RJ;Norte;Colisão Traseira;1;;;1;;;;;;;4;2;;;
07/09/2018;11:46:00;133;com vítima;262,694;BR-101/RJ;Norte;Tombamento;;;;1;;;;;;;0;1;;;
07/09/2018;12:30:00;141;sem vítima;299;BR-101/RJ;Norte;Engavetamento;3;;;;;;;;;;3;;;;
07/09/2018;14:43:00;166;com vítima;301,769;BR-101/RJ;Norte;Atropelamento - Morador;1;;;;;;;;;;4;1;;;
07/09/2018;15:14:00;176;com vítima;299,296;BR-101/RJ;Norte;Colisão Lateral;1;;;1;;;;;;;2;1;;;
07/09/2018;18:11:00;206;sem vítima;124,844;BR-101/RJ;Norte;Choque - Suporte de Sinalização;1;;;;;;;;;;1;;;;
07/09/2018;18:51:00;210;sem vítima;200,433;BR-101/RJ;Norte;Colisão Lateral;1;;1;;;;;;;;4;;;;
08/09/2018;07:12:00;46;sem vítima;297,34;BR-101/RJ;Norte;Colisão Lateral;1;;1;;;;;;;;5;;;;
08/09/2018;08:26:00;62;sem vítima;289,516;BR-101/RJ;Norte;Choque - Defensa, barreira ou "submarino";;;1;;;;;;;;2;;;;
08/09/2018;09:27:00;68;sem vítima;294,1;BR-101/RJ;Sul;Colisão Traseira;1;;;;;1;;;;;2;;;;
08/09/2018;11:53:00;94;com vítima;279,55;BR-101/RJ;Sul;Colisão Traseira;1;;1;;;;;;;;0;1;1;;
08/09/2018;13:54:00;107;com vítima;51,666;BR-101/RJ;Norte;Colisão Lateral;;1;;;;;;;;1;1;1;;;
08/09/2018;14:26:00;114;com vítima;118,597;BR-101/RJ;Sul;Colisão Traseira;;;1;1;;;;;;;1;;;1;
08/09/2018;15:09:00;123;sem vítima;18,1;BR-101/RJ;Norte;Choque - Suporte de Sinalização;;;1;;;;;;;;1;;;;
08/09/2018;18:51:00;173;com vítima;29,514;BR-101/RJ;Sul;Choque - Outros;1;;;;;;;;;;0;;2;;
08/09/2018;21:04:00;186;com vítima;297,821;BR-101/RJ;Sul;Queda;;;;1;;;;;;;0;1;;;
08/09/2018;23:56:00;197;com vítima;270,659;BR-101/RJ;Sul;Choque - Outros;1;;;;;;;;;;0;1;;;
09/09/2018;00:50:00;18;sem vítima;63,086;BR-101/RJ;Norte;Colisão Frontal;2;;;;;;;;;;3;;;;
09/09/2018;05:39:00;34;sem vítima;283,846;BR-101/RJ;Norte;Choque - Suporte de Sinalização;1;;;;;;;;;;1;;;;
09/09/2018;06:13:00;40;sem vítima;306,35;BR-101/RJ;Norte;Choque - Defensa, barreira ou "submarino";1;;;;;;;;;;1;;;;
09/09/2018;06:19:00;41;com vítima;293,316;BR-101/RJ;Sul;Choque - Defensa, barreira ou "submarino";1;;;;;;;;;;0;;1;;
09/09/2018;09:59:00;66;com vítima;92,67;BR-101/RJ;Norte;Choque - Talude;1;;;;;;;;;;0;;;1;
09/09/2018;17:26:00;163;sem vítima;57,4;BR-101/RJ;Sul;Engavetamento;3;;;;;;;;;;5;;;;
09/09/2018;19:57:00;197;com vítima;289,233;BR-101/RJ;Sul;Colisão Lateral;2;;;1;;;;;;;8;1;;;
09/09/2018;22:17:00;221;com vítima;269,135;BR-101/RJ;Norte;Choque - Elemento de Drenagem;1;;;;;;;;;;0;1;;;
10/09/2018;12:25:00;187;com vítima;295,774;BR-101/RJ;Sul;Engavetamento;6;;;;;;;;;;17;2;;;
10/09/2018;16:03:00;244;com vítima;59;BR-101/RJ;Norte;Colisão Lateral;1;;;1;;;;;;;1;2;;;
10/09/2018;17:18:00;258;sem vítima;66,45;BR-101/RJ;Norte;Colisão Transversal;1;;1;;;;;;;1;4;;;;
10/09/2018;20:33:00;290;com vítima;291,851;BR-101/RJ;Sul;Capotamento;1;;;;;;;;;;1;1;;;
10/09/2018;23:20:00;303;sem vítima;120,65;BR-101/RJ;Sul;Colisão Traseira;;;1;;;;;;;;1;;;;
11/09/2018;05:46:00;37;sem vítima;245,22;BR-101/RJ;Sul;Choque - Suporte de Sinalização;;;1;;;;;;;;1;;;;
11/09/2018;10:31:00;141;com vítima;61,6;BR-101/RJ;Norte;Colisão Transversal;1;;;1;;;;;;;1;1;;;
11/09/2018;18:25:00;221;com vítima;307,578;BR-101/RJ;Norte;Colisão Traseira;;;;1;;1;;;;;1;1;;;
11/09/2018;19:33:00;234;com vítima;283,626;BR-101/RJ;Norte;Choque - Elemento de Drenagem;1;;;;;;;;;;0;1;;;
12/09/2018;12:00:00;142;com vítima;73,7;BR-101/RJ;Sul;Colisão Transversal;;1;;1;;;;;;;0;3;;;
12/09/2018;13:14:00;148;com vítima;273,922;BR-101/RJ;Norte;Colisão Traseira;1;;1;;;1;;;;;4;2;;;
12/09/2018;15:19:00;171;sem vítima;58,05;BR-101/RJ;Sul;Engavetamento;1;;1;;;;;;;1;4;;;;
13/09/2018;06:50:00;41;sem vítima;22,8;BR-101/RJ;Sul;Choque - Talude;1;;;;;;;;;;1;;;;
13/09/2018;07:12:00;53;sem vítima;319,05;BR-101/RJ;Norte;Colisão Traseira;1;;;;;;;;;1;2;;;;
13/09/2018;11:49:00;137;sem vítima;272,3;BR-101/RJ;Norte;Colisão Traseira;1;;;;;1;;;;;2;;;;
13/09/2018;18:15:00;189;com vítima;314,652;BR-101/RJ;Norte;Engavetamento;3;;;;;;;;;;7;1;2;;
13/09/2018;18:46:00;191;com vítima;295,377;BR-101/RJ;Sul;Choque - Elemento de Drenagem;1;;;;;1;;;;;1;1;;;
13/09/2018;18:51:00;193;sem vítima;319,7;BR-101/RJ;Sul;Colisão Traseira;1;;1;;1;;;;;;3;;;;
13/09/2018;19:57:00;208;sem vítima;287,05;BR-101/RJ;Norte;Atropelamento de Animal;;;1;;;;;;;;1;;;;
13/09/2018;21:41:00;222;sem vítima;247,918;BR-101/RJ;Norte;Choque - Elemento de Drenagem;1;;;;;;;;;;1;;;;
14/09/2018;08:03:00;73;sem vítima;310,08;BR-101/RJ;Norte;Colisão Traseira;1;;;;1;;;;;;2;;;;
14/09/2018;16:01:00;199;sem vítima;274,95;BR-101/RJ;Sul;Colisão Traseira;2;;;;;;;;;;3;;;;
14/09/2018;16:26:00;203;com vítima;320,086;BR-101/RJ;Norte;Tombamento;;;;1;;;;;;;0;1;;;
14/09/2018;17:53:00;217;com vítima;294,986;BR-101/RJ;Norte;Colisão Traseira;2;;;;;;;;;;2;1;;;
14/09/2018;21:45:00;246;sem vítima;320,969;BR-101/RJ;Sul;Colisão Lateral;2;;;;;;;;;;2;;;;
14/09/2018;23:16:00;252;sem vítima;158,101;BR-101/RJ;Sul;Choque - Elemento de Drenagem;1;;;;;;;;;;5;;;;
15/09/2018;05:07:00;31;sem vítima;262,15;BR-101/RJ;Norte;Choque - Defensa, barreira ou "submarino";1;;;;;;;;;;2;;;;
15/09/2018;16:40:00;165;sem vítima;317,417;BR-101/RJ;Sul;Colisão Traseira;2;;;;;;;;;;3;;;;
15/09/2018;21:12:00;194;com vítima;114,202;BR-101/RJ;Norte;Choque - Defensa, barreira ou "submarino";1;;;;;;;;;;0;1;;;
15/09/2018;22:26:00;201;sem vítima;65,319;BR-101/RJ;Sul;Objeto lançado contra veículo;1;;;;;;;;;;1;;;;
16/09/2018;00:02:00;18;sem vítima;60,629;BR-101/RJ;Sul;Engavetamento;2;;;;;1;;;;;4;;;;
16/09/2018;00:06:00;19;sem vítima;149,171;BR-101/RJ;Sul;Atropelamento de Animal;1;;;;;;;;;;1;;;;
16/09/2018;01:18:00;22;sem vítima;320,788;BR-101/RJ;Norte;Choque - Defensa, barreira ou "submarino";1;;;;;;;;;;1;;;;
16/09/2018;04:46:00;32;com vítima;295,223;BR-101/RJ;Sul;Capotamento;1;;;;;;;;;;0;1;;;
16/09/2018;08:58:00;55;com vítima;295,413;BR-101/RJ;Norte;Choque - Defensa, barreira ou "submarino";1;;;;;;;;;;1;1;;;
16/09/2018;18:16:00;138;com vítima;114,005;BR-101/RJ;Norte;Capotamento;1;;;;;;;;;;0;1;;1;
16/09/2018;18:45:00;144;com vítima;252,9;BR-101/RJ;Norte;Colisão Traseira;2;;;;;;;;;;3;1;;;
16/09/2018;20:23:00;158;sem vítima;53,202;BR-101/RJ;Norte;Colisão Traseira;1;;;;;1;;;;;3;;;;
16/09/2018;22:54:00;167;com vítima;57,047;BR-101/RJ;Sul;Colisão Frontal;2;;;;;;;;;;0;2;3;;1
17/09/2018;01:13:00;25;com vítima;215,614;BR-101/RJ;Sul;Choque - Elemento de Drenagem;1;;;;;;;;;;0;;1;;4
17/09/2018;06:19:00;46;com vítima;316,277;BR-101/RJ;Sul;Colisão Traseira;1;;;1;;;;;;;2;1;;;
17/09/2018;08:14:00;85;sem vítima;318,8;BR-101/RJ;Sul;Colisão Traseira;1;;;;;1;;;;;2;;;;
17/09/2018;11:48:00;150;sem vítima;64;BR-101/RJ;Norte;Colisão Lateral;1;;;;;1;;;;;2;;;;
17/09/2018;13:09:00;163;sem vítima;198,441;BR-101/RJ;Sul;Choque - Defensa, barreira ou "submarino";1;;;;;;;;;;1;;;;
17/09/2018;13:12:00;164;com vítima;261,6;BR-101/RJ;Norte;Choque - Defensa, barreira ou "submarino";;;1;;;;;;;;0;2;;;
17/09/2018;14:28:00;174;sem vítima;261,7;BR-101/RJ;Norte;Choque - Defensa, barreira ou "submarino";1;;;;;;;;;;1;;;;
17/09/2018;15:09:00;183;sem vítima;198,47;BR-101/RJ;Sul;Choque - Elemento de Drenagem;1;;;;;;;;;;2;;;;
17/09/2018;15:39:00;190;sem vítima;209,6;BR-101/RJ;Norte;Choque - Defensa, barreira ou "submarino";1;;;;;;;;;;2;;;;
17/09/2018;15:49:00;193;com vítima;81,75;BR-101/RJ;Norte;Choque - Defensa, barreira ou "submarino";2;;;;;;;;;;3;1;;;
17/09/2018;16:22:00;196;sem vítima;196,394;BR-101/RJ;Norte;Choque - Defensa, barreira ou "submarino";1;;;;;;;;;;2;;;;
17/09/2018;16:35:00;198;sem vítima;83,583;BR-101/RJ;Norte;Choque - Defensa, barreira ou "submarino";1;;;;;;;;;;1;;;;
17/09/2018;16:44:00;200;sem vítima;61,5;BR-101/RJ;Sul;Colisão Traseira;2;;;;;;;;;;2;;;;
17/09/2018;16:52:00;201;sem vítima;93,5;BR-101/RJ;Norte;Choque - Defensa, barreira ou "submarino";1;;;;;;;;;;1;;;;
17/09/2018;17:03:00;204;sem vítima;67;BR-101/RJ;Sul;Colisão Transversal;2;;;;;;;;;;2;;;;
17/09/2018;17:30:00;206;sem vítima;296,051;BR-101/RJ;Sul;Choque - Defensa, barreira ou "submarino";1;;;;;;;;;;1;;;;
17/09/2018;17:55:00;209;com vítima;91,564;BR-101/RJ;Norte;Capotamento;;;;;;;;;;1;1;1;1;;
17/09/2018;22:44:00;241;sem vítima;36,736;BR-101/RJ;Sul;Atropelamento de Animal;;;;;;1;;;;;1;;;;
17/09/2018;23:32:00;245;sem vítima;92,571;BR-101/RJ;Norte;Choque - Defensa, barreira ou "submarino";1;;;;;;;;;;2;;;;
18/09/2018;03:04:00;30;sem vítima;186,346;BR-101/RJ;Norte;Choque - Defensa, barreira ou "submarino";;;;;;;;;;1;1;;;;
18/09/2018;07:15:00;44;sem vítima;229,67;BR-101/RJ;Sul;Choque - Outros;1;;;;;;;;;;1;;;;
18/09/2018;07:55:00;64;sem vítima;302,16;BR-101/RJ;Norte;Objeto lançado contra veículo;1;;;;;;;;;;1;;;;
18/09/2018;16:55:00;215;com vítima;92,58;BR-101/RJ;Norte;Capotamento;1;;;;;;;;;;0;1;;;
18/09/2018;17:56:00;235;sem vítima;97,8;BR-101/RJ;Norte;Colisão Traseira;;;2;;;;;;;;2;;;;
18/09/2018;18:42:00;248;sem vítima;151,895;BR-101/RJ;Sul;Choque - Objeto sobre a pista;1;;;;;;;;;;1;;;;
19/09/2018;02:52:00;28;com vítima;297,7;BR-101/RJ;Norte;Choque - Poste;1;;;;;;;;;;0;1;;;
19/09/2018;04:28:00;32;com vítima;297,413;BR-101/RJ;Norte;Atropelamento - Andarilho;;;1;;;;;;;;1;;1;;
19/09/2018;07:28:00;55;sem vítima;317,5;BR-101/RJ;Sul;Colisão Traseira;2;;;;;;;;;;2;;;;
19/09/2018;11:03:00;132;sem vítima;313,012;BR-101/RJ;Norte;Colisão Transversal;1;;;1;;;;;;;3;;;;
19/09/2018;12:49:00;146;sem vítima;65,6;BR-101/RJ;Sul;Colisão Traseira;2;;;;;;;;;;2;;;;
19/09/2018;13:22:00;155;com vítima;310,1;BR-101/RJ;Sul;Tombamento;;;;1;;;;;;;0;1;;;
19/09/2018;15:17:00;186;sem vítima;297,5;BR-101/RJ;Norte;Colisão Lateral;1;;1;;;;;;;;2;;;;
19/09/2018;17:47:00;227;sem vítima;302,586;BR-101/RJ;Norte;Colisão Traseira;1;;;;;1;;;;;4;;;;
19/09/2018;21:12:00;252;sem vítima;319,4;BR-101/RJ;Norte;Colisão Traseira;2;;;;;;;;;;2;;;;
20/09/2018;01:05:00;28;sem vítima;290,45;BR-101/RJ;Sul;Choque - Defensa, barreira ou "submarino";1;;;;;;;;;;1;;;;
20/09/2018;07:49:00;75;com vítima;295,7;BR-101/RJ;Sul;Colisão Lateral;;;1;1;;;;;;;1;;1;;
20/09/2018;11:59:00;151;com vítima;54,885;BR-101/RJ;Norte;Colisão Transversal;2;;;;;;;;;;1;3;;;
20/09/2018;14:18:00;180;com vítima;120,908;BR-101/RJ;Sul;Colisão Transversal;;;1;1;;;;;;;1;;1;;
20/09/2018;21:41:00;250;sem vítima;290,389;BR-101/RJ;Norte;Colisão Traseira;1;;1;;;;;;;;2;;;;
20/09/2018;22:43:00;256;sem vítima;320,96;BR-101/RJ;Sul;Choque - Defensa, barreira ou "submarino";;;;;;;;;;1;1;;;;
21/09/2018;00:07:00;20;sem vítima;18,732;BR-101/RJ;Norte;Colisão Traseira;;;2;;;;;;;;2;;;;
21/09/2018;01:47:00;26;sem vítima;299,737;BR-101/RJ;Norte;Choque - Suporte de Sinalização;1;;;;;;;;;;1;;;;
21/09/2018;05:04:00;30;sem vítima;224,174;BR-101/RJ;Norte;Choque - Elemento de Drenagem;1;;;;;;;;;;3;;;;
21/09/2018;05:49:00;31;sem vítima;320,146;BR-101/RJ;Sul;Colisão Lateral;1;;;;1;;;;;;2;;;;
21/09/2018;06:30:00;32;sem vítima;92,199;BR-101/RJ;Norte;Choque - Talude;1;;;;;;;;;;1;;;;
21/09/2018;06:36:00;33;sem vítima;312,302;BR-101/RJ;Sul;Choque - Elemento de Drenagem;1;;;;;;;;;;1;;;;
21/09/2018;07:06:00;35;com vítima;257,5;BR-101/RJ;Sul;Choque - Defensa, barreira ou "submarino";1;;;;;;;;;;0;1;;;
21/09/2018;08:19:00;59;sem vítima;143,85;BR-101/RJ;Sul;Choque - Defensa, barreira ou "submarino";1;;;;;;;;;;2;;;;
21/09/2018;10:21:00;90;sem vítima;91,9;BR-101/RJ;Norte;Choque - Defensa, barreira ou "submarino";1;;;;;;;;;;1;;;;
21/09/2018;13:35:00;134;sem vítima;4,9;BR-101/RJ;Sul;Choque - Suporte de Sinalização;1;;;;;;;;;;1;;;;
21/09/2018;16:10:00;163;sem vítima;62,575;BR-101/RJ;Norte;Engavetamento;2;;;;;1;;;;;3;;;;
21/09/2018;16:17:00;166;com vítima;253,341;BR-101/RJ;Norte;Tombamento;;;;1;;;;;;;0;1;;;
21/09/2018;19:43:00;220;com vítima;303,77;BR-101/RJ;Sul;Atropelamento - Morador;1;;;;;;;;;;1;;1;1;
22/09/2018;01:06:00;22;sem vítima;252,807;BR-101/RJ;Sul;Choque - Defensa, barreira ou "submarino";;;;;1;;;;;;1;;;;
22/09/2018;06:12:00;36;com vítima;279,476;BR-101/RJ;Norte;Colisão Lateral;2;;;;;;;;;;4;3;;;
22/09/2018;10:14:00;95;com vítima;294,765;BR-101/RJ;Norte;Engavetamento;3;;;;;;;;;;3;1;;;
22/09/2018;13:30:00;141;com vítima;248,69;BR-101/RJ;Sul;Colisão Lateral;1;;;1;;;;;;;1;;;;2
22/09/2018;14:31:00;150;com vítima;216,772;BR-101/RJ;Sul;Tombamento;;;;1;;;;;;;0;2;;;
22/09/2018;15:40:00;164;sem vítima;297,862;BR-101/RJ;Norte;Colisão Traseira;2;;;;;;;;;;2;;;;
22/09/2018;16:36:00;178;sem vítima;58,1;BR-101/RJ;Sul;Colisão Traseira;2;;;;;;;;;;5;;;;
22/09/2018;23:59:00;238;sem vítima;60,56;BR-101/RJ;Norte;Colisão Transversal;1;;;;;1;;;;;2;;;;
23/09/2018;01:52:00;26;sem vítima;306,02;BR-101/RJ;Sul;Capotamento;1;;;;;;;;;;1;;;;
23/09/2018;05:03:00;33;sem vítima;315,136;BR-101/RJ;Norte;Choque - Defensa, barreira ou "submarino";1;;;;;;;;;;1;;;;
23/09/2018;09:00:00;60;sem vítima;239,717;BR-101/RJ;Norte;Choque - Defensa, barreira ou "submarino";1;;;;;;;;;;1;;;;
23/09/2018;17:07:00;125;sem vítima;230;BR-101/RJ;Sul;Choque - Talude;1;;;;;;;;;;3;;;;
23/09/2018;18:21:00;137;sem vítima;312,801;BR-101/RJ;Sul;Engavetamento;3;;;;;;;;;;3;;;;
23/09/2018;21:20:00;158;sem vítima;320,562;BR-101/RJ;Norte;Colisão Traseira;2;;;;;;;;;;2;;;;
24/09/2018;00:50:00;23;sem vítima;121,8;BR-101/RJ;Sul;Colisão Traseira;1;;;;;1;;;;;2;;;;
24/09/2018;04:54:00;36;sem vítima;199,459;BR-101/RJ;Norte;Atropelamento de Animal;;;;;1;;;;;;7;;;;
24/09/2018;06:23:00;46;com vítima;311,29;BR-101/RJ;Sul;Colisão Traseira;;;;1;;1;;;;;1;1;;;
24/09/2018;07:10:00;54;com vítima;256,446;BR-101/RJ;Sul;Choque - Defensa, barreira ou "submarino";1;;;;;;;;;;0;1;;;
24/09/2018;17:03:00;225;com vítima;274,468;BR-101/RJ;Norte;Atropelamento - Morador;1;;;;;;;;;;0;2;;;
25/09/2018;10:37:00;139;sem vítima;297,4;BR-101/RJ;Norte;Colisão Traseira;2;;;;;;;;;;2;;;;
25/09/2018;11:01:00;149;sem vítima;114,631;BR-101/RJ;Sul;Colisão Lateral;1;;1;;;;;;;;3;;;;
25/09/2018;12:43:00;168;sem vítima;75,167;BR-101/RJ;Norte;Choque - Poste;1;;;;;;;;;;1;;;;
25/09/2018;18:52:00;235;sem vítima;61,206;BR-101/RJ;Norte;Engavetamento;3;;;;;;;;;;6;;;;
25/09/2018;19:11:00;236;sem vítima;94,945;BR-101/RJ;Norte;Colisão Traseira;2;;;;;;;;;;3;;;;
25/09/2018;23:18:00;262;sem vítima;292,285;BR-101/RJ;Norte;Choque - Objeto sobre a pista;;;1;;;;;;;;1;;;;
26/09/2018;03:42:00;33;sem vítima;204,9;BR-101/RJ;Norte;Objeto lançado contra veículo;;;;;;;;;;1;1;;;;
26/09/2018;06:58:00;49;com vítima;299,94;BR-101/RJ;Norte;Choque - Defensa, barreira ou "submarino";2;;;;;;;;;;3;1;;;
26/09/2018;07:11:00;52;sem vítima;299,945;BR-101/RJ;Norte;Choque - Defensa, barreira ou "submarino";1;;;;;;;;;;1;;;;
26/09/2018;07:55:00;72;sem vítima;314,8;BR-101/RJ;Sul;Colisão Traseira;2;;;;;;;;;;2;;;;
26/09/2018;10:49:00;126;sem vítima;318,151;BR-101/RJ;Sul;Colisão Traseira;2;;;;;;;;;;7;;;;
26/09/2018;13:10:00;151;com vítima;293,022;BR-101/RJ;Norte;Engavetamento;1;;2;;;;;;;;3;2;;;
26/09/2018;16:06:00;186;sem vítima;262,8;BR-101/RJ;Norte;Choque - Talude;1;;;;;;;;;;2;;;;
26/09/2018;18:19:00;205;sem vítima;297,6;BR-101/RJ;Norte;Colisão Lateral;;;2;;;;;;;;4;;;;