data;horario;n_da_ocorrencia;tipo_de_ocorrencia;km;trecho;sentido;tipo_de_acidente;automovel;bicicleta;caminhao;moto;onibus;outros;tracao_animal;transporte_de_cargas_especiais;trator_maquinas;utilitarios;ilesos;levemente_feridos;moderadamente_feridos;gravemente_feridos;mortos
26/09/2018;22:52:00;249;sem vítima;264,065;BR-101/RJ;Sul;Choque - Objeto sobre a pista;1;;;;;;;;;;1;;;;
27/09/2018;01:11:00;25;com vítima;320,877;BR-101/RJ;Sul;Tombamento;;;;1;;;;;;;0;1;;;
27/09/2018;02:40:00;28;com vítima;216,781;BR-101/RJ;Sul;Colisão Frontal;1;;1;;;;;;;;3;1;1;;
27/09/2018;04:51:00;37;sem vítima;83,516;BR-101/RJ;Norte;Choque - Defensa, barreira ou "submarino";;;1;;;;;;;;1;;;;
27/09/2018;09:31:00;111;com vítima;144,346;BR-101/RJ;Sul;Choque - Defensa, barreira ou "submarino";;;;1;;;;;;;0;;1;;
27/09/2018;09:45:00;115;sem vítima;57,989;BR-101/RJ;Sul;Engavetamento;3;;;;;;;;;;3;;;;
27/09/2018;14:30:00;171;com vítima;263,283;BR-101/RJ;Norte;Colisão Lateral;1;;;1;;;;;;;5;1;;;
27/09/2018;19:08:00;227;sem vítima;297,831;BR-101/RJ;Sul;Engavetamento;2;;;;;1;;;;;3;;;;
28/09/2018;00:19:00;18;sem vítima;287,1;BR-101/RJ;Sul;Choque - Defensa, barreira ou "submarino";1;;;;;;;;;;1;;;;
28/09/2018;00:42:00;21;sem vítima;287,8;BR-101/RJ;Sul;Choque - Defensa, barreira ou "submarino";1;;;;;;;;;;1;;;;
28/09/2018;12:41:00;151;com vítima;13,12;BR-101/RJ;Norte;Choque - Suporte de Sinalização;1;;;;;;;;;;2;1;;;
28/09/2018;13:37:00;161;sem vítima;295,35;BR-101/RJ;Sul;Colisão Transversal;2;;;;;;;;;;2;;;;
28/09/2018;15:00:00;172;sem vítima;319,05;BR-101/RJ;Sul;Colisão Lateral;1;;;1;;;;;;;3;;;;
28/09/2018;15:43:00;180;sem vítima;92,7;BR-101/RJ;Norte;Saida de Pista;1;;;;;;;;;;2;;;;
28/09/2018;18:09:00;210;com vítima;313,8;BR-101/RJ;Norte;Colisão Lateral;3;;;;;;;;;;3;2;;;
28/09/2018;19:14:00;221;sem vítima;66,7;BR-101/RJ;Norte;Colisão Lateral;1;;1;;;;;;;;3;;;;
29/09/2018;08:09:00;67;sem vítima;189,2;BR-101/RJ;Norte;Choque - Talude;1;;;;;;;;;;1;;;;
29/09/2018;12:25:00;117;sem vítima;312,3;BR-101/RJ;Norte;Colisão Traseira;2;;;;;;;;;;5;;;;
29/09/2018;12:31:00;118;sem vítima;309,36;BR-101/RJ;Norte;Colisão Traseira;1;;;;1;;;;;;4;;;;
29/09/2018;13:54:00;131;sem vítima;295,5;BR-101/RJ;Norte;Colisão Traseira;2;;;;;;;;;;4;;;;
29/09/2018;20:07:00;183;sem vítima;271,7;BR-101/RJ;Sul;Colisão Traseira;1;;;;;1;;;;;2;;;;
29/09/2018;21:54:00;192;sem vítima;236,005;BR-101/RJ;Norte;Objeto lançado contra veículo;;;1;;;;;;;;1;;;;
29/09/2018;22:06:00;195;com vítima;266,6;BR-101/RJ;Sul;Tombamento;;;;1;;;;;;;0;2;;;
30/09/2018;00:14:00;17;sem vítima;83;BR-101/RJ;Sul;Choque - Outros;1;;;;;;;;;;1;;;;
30/09/2018;10:24:00;65;com vítima;308,02;BR-101/RJ;Sul;Colisão Traseira;2;;;1;;;;;;;3;4;;;
30/09/2018;15:27:00;117;sem vítima;254,89;BR-101/RJ;Norte;Objeto lançado contra veículo;;;;;1;;;;;;1;;;;
30/09/2018;15:50:00;120;sem vítima;205,7;BR-101/RJ;Norte;Colisão Traseira;2;;;;;;;;;;4;;;;
30/09/2018;15:57:00;122;sem vítima;205,6;BR-101/RJ;Sul;Colisão Traseira;2;;;;;;;;;;2;;;;
30/09/2018;18:02:00;138;com vítima;294,2;BR-101/RJ;Norte;Engavetamento;3;;;;;;;;;;11;1;;;
30/09/2018;18:12:00;140;com vítima;267,1;BR-101/RJ;Sul;Tombamento;;;;1;;;;;;;1;1;;;
30/09/2018;18:41:00;149;sem vítima;299,7;BR-101/RJ;Sul;Colisão Traseira;2;;;;;;;;;;5;;;;
30/09/2018;20:03:00;155;sem vítima;312,2;BR-101/RJ;Sul;Engavetamento;4;;;;;;;;;;12;;;;
30/09/2018;23:20:00;176;sem vítima;262,9;BR-101/RJ;Sul;Colisão Lateral;1;;;;;1;;;;;3;;;;
01/10/2018;03:28:00;33;com vítima;66,717;BR-101/RJ;Sul;Choque - Elemento de Drenagem;1;;;;;;;;;;0;1;;;
01/10/2018;05:46:00;41;com vítima;125;BR-101/RJ;Norte;Tombamento;;;;1;;;;;;;0;;1;;
01/10/2018;06:24:00;43;com vítima;318,32;BR-101/RJ;Sul;Colisão Lateral;1;;;1;;;;;;;1;1;;;
01/10/2018;10:15:00;112;com vítima;189,3;BR-101/RJ;Sul;Colisão Frontal;2;;;;;;;;;;1;;;2;1
01/10/2018;10:30:00;117;com vítima;312,72;BR-101/RJ;Norte;Colisão Lateral;1;;;1;;;;;;;2;1;;;
01/10/2018;12:11:00;129;sem vítima;32,145;BR-101/RJ;Norte;Colisão Traseira;;;2;;;;;;;;2;;;;
01/10/2018;13:12:00;138;com vítima;261,62;BR-101/RJ;Norte;Tombamento;;;;1;;;;;;;0;;1;;
01/10/2018;14:48:00;158;com vítima;284,41;BR-101/RJ;Sul;Colisão Lateral;2;;;;;;;;;;0;3;;;
01/10/2018;16:58:00;178;sem vítima;119,8;BR-101/RJ;Sul;Colisão Traseira;2;;;;;;;;;;5;;;;
01/10/2018;17:05:00;180;sem vítima;297,5;BR-101/RJ;Norte;Colisão Lateral;1;;1;;;;;;;;2;;;;
01/10/2018;19:10:00;203;sem vítima;297,08;BR-101/RJ;Norte;Colisão Lateral;1;;1;;;;;;;;2;;;;
02/10/2018;07:32:00;67;sem vítima;314,9;BR-101/RJ;Sul;Colisão Traseira;2;;;;;;;;;;2;;;;
02/10/2018;07:51:00;77;sem vítima;66,3;BR-101/RJ;Norte;Engavetamento;2;;;;;1;;;;;3;;;;
02/10/2018;08:32:00;93;com vítima;59,15;BR-101/RJ;Norte;Colisão Frontal;3;;;;;;;;;;2;7;;;
02/10/2018;10:41:00;139;com vítima;262,5;BR-101/RJ;Sul;Colisão Lateral;;;;1;;1;;;;;1;1;;;
02/10/2018;11:10:00;153;sem vítima;58,85;BR-101/RJ;Norte;Colisão Lateral;1;;;;;1;;;;;2;;;;
02/10/2018;13:28:00;193;com vítima;315,6;BR-101/RJ;Sul;Choque - Defensa, barreira ou "submarino";1;;;;;;;;;;0;2;;;
02/10/2018;13:34:00;195;com vítima;297,855;BR-101/RJ;Sul;Atropelamento - Usuário;;;;1;;;;;;;1;1;;;
02/10/2018;19:27:00;265;com vítima;61,2;BR-101/RJ;Norte;Colisão Transversal;1;;;1;;;;;;;1;;2;;
02/10/2018;20:33:00;280;com vítima;83,9;BR-101/RJ;Sul;Atropelamento - Morador;;;;;;1;;;;;1;;;1;
02/10/2018;23:23:00;299;sem vítima;316,005;BR-101/RJ;Norte;Colisão Lateral;1;;;;;1;;;;;2;;;;
03/10/2018;00:51:00;26;sem vítima;62,313;BR-101/RJ;Sul;Choque - Outros;1;;;;;;;;;;1;;;;
03/10/2018;01:56:00;29;sem vítima;267,15;BR-101/RJ;Norte;Atropelamento de Animal;;;1;;;;;;;;1;;;;
03/10/2018;06:25:00;49;sem vítima;312,3;BR-101/RJ;Sul;Colisão Lateral;2;;;;;;;;;;2;;;;
03/10/2018;06:30:00;50;sem vítima;236,7;BR-101/RJ;Norte;Colisão Lateral;;;1;;;1;;;;;2;;;;
03/10/2018;07:21:00;66;com vítima;277,4;BR-101/RJ;Norte;Choque - Suporte de Sinalização;;;1;;;;;;;;0;1;;;
03/10/2018;10:27:00;146;com vítima;321,7;BR-101/RJ;Sul;Colisão Traseira;2;;;;;;;;;;2;1;;;
03/10/2018;12:33:00;180;com vítima;291,6;BR-101/RJ;Norte;Colisão Traseira;2;;;;;;;;;;4;2;;;
03/10/2018;12:35:00;182;sem vítima;67,1;BR-101/RJ;Sul;Colisão Traseira;2;;;;;;;;;;4;;;;
03/10/2018;15:45:00;244;com vítima;321,3;BR-101/RJ;Norte;Colisão Lateral;1;;;1;;;;;;;2;1;;;
03/10/2018;17:30:00;261;com vítima;59,7;BR-101/RJ;Norte;Colisão Lateral;;1;;;;1;;;;;1;;;1;
03/10/2018;21:47:00;299;sem vítima;278,771;BR-101/RJ;Norte;Engavetamento;2;;;;;1;;;;;5;;;;
03/10/2018;22:59:00;306;sem vítima;251,271;BR-101/RJ;Norte;Choque - Objeto sobre a pista;1;;;;;;;;;;1;;;;
03/10/2018;23:12:00;309;sem vítima;296,213;BR-101/RJ;Norte;Objeto lançado contra veículo;1;;;;;;;;;;1;;;;
04/10/2018;02:13:00;31;com vítima;289,071;BR-101/RJ;Sul;Atropelamento - Morador;;;;;;1;;;;;1;;;;1
04/10/2018;11:51:00;131;com vítima;109,08;BR-101/RJ;Norte;Engavetamento;3;;;;;;;;;;0;5;;1;
04/10/2018;12:37:00;137;com vítima;75,2;BR-101/RJ;Norte;Choque - Poste;1;;;;;;;;;;0;1;;;
04/10/2018;14:16:00;149;sem vítima;74,5;BR-101/RJ;Sul;Tombamento;;;;1;;;;;;;1;;;;
04/10/2018;18:31:00;194;sem vítima;54,4;BR-101/RJ;Norte;Atropelamento de Animal;1;;;;;;;;;;2;;;;
04/10/2018;18:32:00;197;sem vítima;317,108;BR-101/RJ;Norte;Colisão Traseira;2;;;;;;;;;;2;;;;
04/10/2018;19:16:00;205;com vítima;243,005;BR-101/RJ;Norte;Colisão Traseira;;;1;1;;;;;;;2;1;;;
04/10/2018;20:54:00;217;sem vítima;301,9;BR-101/RJ;Sul;Colisão Lateral;2;;;;;;;;;;2;;;;
05/10/2018;01:47:00;32;sem vítima;297,5;BR-101/RJ;Sul;Choque - Defensa, barreira ou "submarino";;;1;;;;;;;;1;;;;
05/10/2018;04:16:00;42;sem vítima;304,3;BR-101/RJ;Sul;Capotamento;1;;;;;;;;;;1;;;;
05/10/2018;07:04:00;50;com vítima;317,85;BR-101/RJ;Sul;Colisão Lateral;1;;;1;;;;;;;4;2;;;
05/10/2018;08:55:00;73;sem vítima;136,59;BR-101/RJ;Norte;Choque - Talude;1;;;;;;;;;;2;;;;
05/10/2018;10:04:00;83;sem vítima;286,9;BR-101/RJ;Norte;Choque - Outros;1;;;;;;;;;;1;;;;
05/10/2018;10:43:00;88;sem vítima;286,9;BR-101/RJ;Norte;Choque - Outros;1;;;;;;;;;;1;;;;
05/10/2018;10:43:00;89;sem vítima;286,9;BR-101/RJ;Norte;Choque - Outros;;;;;;;;;;1;1;;;;
05/10/2018;10:44:00;90;sem vítima;286,9;BR-101/RJ;Norte;Choque - Outros;1;;;;;;;;;;1;;;;
05/10/2018;10:44:00;91;sem vítima;286,9;BR-101/RJ;Norte;Choque - Outros;1;;;;;;;;;;1;;;;
05/10/2018;11:57:00;101;sem vítima;62,32;BR-101/RJ;Norte;Colisão Traseira;1;;1;;;;;;;;2;;;;
05/10/2018;13:00:00;112;com vítima;75,162;BR-101/RJ;Norte;Choque - Elemento de Drenagem;1;;;;;;;;;;0;5;;;
05/10/2018;13:17:00;116;sem vítima;195,14;BR-101/RJ;Sul;Choque - Talude;1;;;;;;;;;;2;;;;
05/10/2018;14:22:00;125;com vítima;92,001;BR-101/RJ;Norte;Choque - Defensa, barreira ou "submarino";1;;2;;;;;;;;0;4;;;
05/10/2018;14:26:00;127;com vítima;262,2;BR-101/RJ;Norte;Choque - Defensa, barreira ou "submarino";1;;;;;;;;;;0;1;;;
05/10/2018;16:32:00;152;com vítima;96,001;BR-101/RJ;Norte;Choque - Defensa, barreira ou "submarino";;;1;;;;;;;;0;2;;;
05/10/2018;18:18:00;170;com vítima;295,58;BR-101/RJ;Norte;Colisão Traseira;1;;;1;;;;;;;1;;1;;
05/10/2018;20:24:00;193;sem vítima;294,062;BR-101/RJ;Norte;Engavetamento;2;;1;;;;;;;;7;;;;
05/10/2018;22:59:00;217;sem vítima;76,629;BR-101/RJ;Sul;Choque - Objeto sobre a pista;1;;;;;;;;;;1;;;;
06/10/2018;01:09:00;35;sem vítima;223,5;BR-101/RJ;Sul;Choque - Suporte de Sinalização;;;1;;;1;;;;;2;;;;
06/10/2018;04:12:00;47;sem vítima;109,205;BR-101/RJ;Norte;Choque - Defensa, barreira ou "submarino";;;1;;;;;;;;2;;;;
06/10/2018;10:03:00;88;sem vítima;174,57;BR-101/RJ;Sul;Choque - Defensa, barreira ou "submarino";1;;;;;;;;;;2;;;;
06/10/2018;17:00:00;162;sem vítima;97,1;BR-101/RJ;Norte;Colisão Traseira;2;;;;;;;;;;2;;;;
06/10/2018;20:13:00;190;sem vítima;321,938;BR-101/RJ;Sul;Engavetamento;5;;;;;;;;;;6;;;;
06/10/2018;21:48:00;198;com vítima;74,597;BR-101/RJ;Norte;Atropelamento - Andarilho;;;;;;1;;;;;1;1;;;
06/10/2018;23:53:00;214;sem vítima;266,135;BR-101/RJ;Sul;Choque - Defensa, barreira ou "submarino";1;;;;;;;;;;1;;;;
07/10/2018;00:18:00;21;com vítima;66,3;BR-101/RJ;Norte;Colisão Lateral;1;;;;;;;;;1;2;1;;;
07/10/2018;05:16:00;41;com vítima;316,517;BR-101/RJ;Norte;Colisão Traseira;2;;;;;;;;;;1;1;;;
07/10/2018;05:20:00;42;com vítima;316,517;BR-101/RJ;Norte;Colisão Traseira;;;;2;;;;;;;2;2;;;
07/10/2018;06:13:00;43;sem vítima;160,39;BR-101/RJ;Sul;Choque - Defensa, barreira ou "submarino";1;;;;;;;;;;1;;;;
07/10/2018;06:27:00;45;com vítima;184,791;BR-101/RJ;Sul;Choque - Defensa, barreira ou "submarino";;;1;;;;;;;;0;;1;2;
07/10/2018;08:44:00;57;sem vítima;86,87;BR-101/RJ;Norte;Choque - Defensa, barreira ou "submarino";1;;;;;;;;;;1;;;;
07/10/2018;12:15:00;81;sem vítima;307,881;BR-101/RJ;Sul;Colisão Traseira;2;;;;;;;;;;2;;;;
07/10/2018;17:28:00;127;sem vítima;229,447;BR-101/RJ;Sul;Capotamento;1;;;;;;;;;;2;;;;
07/10/2018;19:09:00;137;sem vítima;280,334;BR-101/RJ;Sul;Colisão Traseira;2;;;;;;;;;;3;;;;
07/10/2018;20:12:00;142;sem vítima;267,5;BR-101/RJ;Sul;Choque - Elemento de Drenagem;1;;;;;;;;;;2;;;;
07/10/2018;21:01:00;145;sem vítima;75,182;BR-101/RJ;Norte;Choque - Elemento de Drenagem;1;;;;;;;;;;1;;;;
07/10/2018;21:15:00;150;sem vítima;216,699;BR-101/RJ;Sul;Outros;;;1;;;;;;;;1;;;;
08/10/2018;02:52:00;33;sem vítima;298,337;BR-101/RJ;Sul;Choque - Defensa, barreira ou "submarino";;;1;;;;;;;;1;;;;
08/10/2018;03:06:00;34;sem vítima;297,908;BR-101/RJ;Sul;Choque - Defensa, barreira ou "submarino";1;;;;;;;;;;1;;;;
08/10/2018;03:09:00;35;sem vítima;114,008;BR-101/RJ;Norte;Choque - Defensa, barreira ou "submarino";1;;;;;;;;;;1;;;;
08/10/2018;04:48:00;42;sem vítima;62,85;BR-101/RJ;Norte;Colisão Lateral;1;;;;;1;;;;;2;;;;
08/10/2018;06:19:00;50;sem vítima;87,57;BR-101/RJ;Norte;Choque - Talude;1;;;;;;;;;;1;;;;
08/10/2018;08:26:00;82;com vítima;63,12;BR-101/RJ;Norte;Colisão Lateral;;;;1;;1;;;;;1;1;;;
08/10/2018;16:17:00;172;com vítima;314,7;BR-101/RJ;Norte;Objeto lançado contra veículo;;;;;1;;;;;;0;1;;;
08/10/2018;19:37:00;196;sem vítima;217,555;BR-101/RJ;Sul;Colisão Lateral;1;;;;;1;;;;;2;;;;
09/10/2018;01:17:00;23;sem vítima;188,031;BR-101/RJ;Sul;Choque - Talude;1;;;;;;;;;;2;;;;
09/10/2018;05:19:00;36;sem vítima;214,1;BR-101/RJ;Sul;Choque - Objeto sobre a pista;1;;;;;;;;;;1;;;;
09/10/2018;07:50:00;59;com vítima;279,42;BR-101/RJ;Norte;Choque - Outros;;;1;;;;;;;;1;;1;;
09/10/2018;11:52:00;125;sem vítima;299,7;BR-101/RJ;Sul;Colisão Traseira;2;;;;;;;;;;2;;;;
09/10/2018;17:47:00;200;sem vítima;305,793;BR-101/RJ;Norte;Atropelamento de Animal;1;;;;;;;;;;1;;;;
09/10/2018;21:08:00;223;com vítima;155,5;BR-101/RJ;Sul;Choque - Defensa, barreira ou "submarino";;;;;;;;;;1;0;;;1;
10/10/2018;05:17:00;39;sem vítima;190,254;BR-101/RJ;Norte;Choque - Outros;1;;;;;;;;;;1;;;;
10/10/2018;12:24:00;139;sem vítima;295,16;BR-101/RJ;Norte;Colisão Traseira;1;;;;;1;;;;;2;;;;
10/10/2018;23:51:00;259;sem vítima;271,176;BR-101/RJ;Norte;Tombamento;;;;;;;;;;1;1;;;;
11/10/2018;04:47:00;35;com vítima;261,635;BR-101/RJ;Norte;Choque - Defensa, barreira ou "submarino";;;1;;;;;;;;0;1;;;
11/10/2018;06:43:00;45;sem vítima;194,4;BR-101/RJ;Norte;Choque - Defensa, barreira ou "submarino";1;;;;;;;;;;1;;;;
11/10/2018;07:05:00;48;sem vítima;198,03;BR-101/RJ;Sul;Choque - Talude;1;;;;;;;;;;1;;;;
11/10/2018;08:08:00;67;com vítima;247,267;BR-101/RJ;Sul;Choque - Defensa, barreira ou "submarino";1;;;;;;;;;;1;4;;;
11/10/2018;08:58:00;85;sem vítima;293,97;BR-101/RJ;Sul;Colisão Traseira;1;;;;1;;;;;;3;;;;
11/10/2018;10:26:00;106;com vítima;229,387;BR-101/RJ;Sul;Choque - Elemento de Drenagem;1;;;;;;;;;;0;1;;;
11/10/2018;10:30:00;110;sem vítima;297,729;BR-101/RJ;Norte;Colisão Lateral;1;;;;1;;;;;;2;;;;
11/10/2018;13:15:00;134;sem vítima;195,323;BR-101/RJ;Sul;Choque - Talude;1;;;;;;;;;;1;;;;
11/10/2018;13:32:00;140;com vítima;236,673;BR-101/RJ;Sul;Colisão Frontal;2;;;;;;;;;;3;2;;;
11/10/2018;13:49:00;146;sem vítima;296,03;BR-101/RJ;Norte;Colisão Lateral;2;;;;;;;;;;3;;;;
11/10/2018;14:03:00;149;sem vítima;195,347;BR-101/RJ;Sul;Choque - Talude;1;;;;;;;;;;3;;;;
11/10/2018;14:32:00;155;sem vítima;209,849;BR-101/RJ;Sul;Capotamento;;;;;;;;;;1;1;;;;
11/10/2018;18:23:00;198;com vítima;297,332;BR-101/RJ;Norte;Atropelamento - Usuário;;;;;;1;;;;;1;1;;;
11/10/2018;19:14:00;207;sem vítima;122,968;BR-101/RJ;Sul;Colisão Transversal;;;1;;;1;;;;;2;;;;
12/10/2018;05:22:00;54;sem vítima;303,043;BR-101/RJ;Norte;Colisão Frontal;2;;;;;;;;;;4;;;;
12/10/2018;06:38:00;65;sem vítima;296,01;BR-101/RJ;Norte;Colisão Frontal;2;;;;;;;;;;2;;;;
12/10/2018;08:20:00;89;sem vítima;120,681;BR-101/RJ;Sul;Colisão Lateral;2;;;;;;;;;;2;;;;
12/10/2018;09:18:00;100;sem vítima;67,785;BR-101/RJ;Norte;Engavetamento;3;;1;;;;;;;;10;;;;
12/10/2018;10:13:00;110;com vítima;71,239;BR-101/RJ;Norte;Engavetamento;5;;;;;;;;;;10;1;;;
12/10/2018;14:39:00;168;sem vítima;306,497;BR-101/RJ;Norte;Colisão Traseira;2;;;;;;;;;;2;;;;
12/10/2018;14:57:00;171;sem vítima;82,591;BR-101/RJ;Norte;Choque - Defensa, barreira ou "submarino";1;;;;;;;;;;4;;;;
12/10/2018;22:55:00;252;sem vítima;311,5;BR-101/RJ;Norte;Colisão Traseira;2;;;;;;;;;;7;;;;
13/10/2018;00:01:00;19;sem vítima;319,1;BR-101/RJ;Sul;Choque - Objeto sobre a pista;1;;;;;;;;;;2;;;;
13/10/2018;01:19:00;23;sem vítima;310,001;BR-101/RJ;Norte;Atropelamento de Animal;1;;;;;;;;;;1;;;;
13/10/2018;05:18:00;33;sem vítima;114,794;BR-101/RJ;Norte;Choque - Defensa, barreira ou "submarino";1;;;;;;;;;;3;;;;
13/10/2018;05:38:00;36;sem vítima;50,85;BR-101/RJ;Norte;Colisão Transversal;1;;;;1;;;;;;3;;;;
13/10/2018;10:07:00;73;sem vítima;297,6;BR-101/RJ;Norte;Colisão Lateral;1;;1;;;;;;;;2;;;;
13/10/2018;10:22:00;78;com vítima;46,144;BR-101/RJ;Norte;Colisão Lateral;;1;;;;1;;;;;1;1;;;
13/10/2018;10:35:00;82;com vítima;150,487;BR-101/RJ;Sul;Choque - Talude;1;;;;;;;;;;0;2;;;
13/10/2018;11:55:00;90;com vítima;272,523;BR-101/RJ;Sul;Colisão Traseira;1;;1;;;;;;;;2;3;;;
13/10/2018;14:40:00;110;com vítima;67,3;BR-101/RJ;Sul;Tombamento;;1;;;;;;;;;0;1;;;
13/10/2018;16:30:00;134;com vítima;241,46;BR-101/RJ;Sul;Choque - Defensa, barreira ou "submarino";;;;;;;;;;1;7;3;;;
13/10/2018;18:02:00;150;com vítima;308,05;BR-101/RJ;Sul;Colisão Lateral;1;;;1;;;;;;;1;2;;;
13/10/2018;20:10:00;167;com vítima;300,156;BR-101/RJ;Norte;Tombamento;;;;1;;;;;;;0;1;;;
13/10/2018;21:25:00;180;sem vítima;265,97;BR-101/RJ;Norte;Choque - Defensa, barreira ou "submarino";1;;;;;;;;;;1;;;;
13/10/2018;21:43:00;185;sem vítima;266,08;BR-101/RJ;Norte;Choque - Elemento de Drenagem;1;;;;;;;;;;1;;;;
13/10/2018;22:15:00;192;sem vítima;273,8;BR-101/RJ;Norte;Choque - Outros;1;;;;;;;;;;1;;;;
14/10/2018;11:18:00;78;sem vítima;221,66;BR-101/RJ;Sul;Choque - Suporte de Sinalização;1;;;;;;;;;;3;;;;
14/10/2018;12:01:00;84;com vítima;61,881;BR-101/RJ;Norte;Tombamento;;;;1;;;;;;;0;1;;;
14/10/2018;13:19:00;99;com vítima;64,507;BR-101/RJ;Norte;Colisão Lateral;1;;;1;;;;;;;1;2;;;
14/10/2018;14:00:00;104;sem vítima;272,662;BR-101/RJ;Sul;Choque - Outros;1;;;;;;;;;;2;;;;
14/10/2018;17:34:00;147;sem vítima;262,168;BR-101/RJ;Norte;Choque - Defensa, barreira ou "submarino";1;;;;;;;;;;2;;;;
15/10/2018;02:56:00;33;sem vítima;298,95;BR-101/RJ;Norte;Choque - Elemento de Drenagem;1;;;;;;;;;;1;;;;
15/10/2018;11:43:00;106;sem vítima;278,091;BR-101/RJ;Sul;Colisão Traseira;1;;;;;1;;;;;2;;;;
15/10/2018;14:28:00;137;sem vítima;155,888;BR-101/RJ;Norte;Capotamento;1;;;;;;;;;;4;;;;
15/10/2018;16:45:00;166;sem vítima;236,656;BR-101/RJ;Norte;Colisão Transversal;1;;;;1;;;;;;2;;;;
15/10/2018;20:39:00;200;sem vítima;62,1;BR-101/RJ;Norte;Choque - Suporte de Sinalização;1;;;;;;;;;;4;;;;
15/10/2018;22:21:00;208;sem vítima;267,535;BR-101/RJ;Sul;Choque - Elemento de Drenagem;;;1;;;;;;;;1;;;;
16/10/2018;02:43:00;33;com vítima;293,333;BR-101/RJ;Sul;Choque - Defensa, barreira ou "submarino";;;1;;;;;;;;2;;;;1
16/10/2018;07:29:00;57;com vítima;297,468;BR-101/RJ;Sul;Colisão Traseira;1;;;1;;;;;;;1;1;;;
16/10/2018;09:49:00;91;sem vítima;320,004;BR-101/RJ;Sul;Colisão Lateral;1;;;1;;;;;;;2;;;;
16/10/2018;09:53:00;93;com vítima;320,919;BR-101/RJ;Sul;Colisão Traseira;;;;1;;1;;;;;1;;1;;
16/10/2018;10:32:00;103;sem vítima;305,457;BR-101/RJ;Norte;Engavetamento;2;;;;;1;;;;;3;;;;
16/10/2018;13:15:00;137;com vítima;305,025;BR-101/RJ;Sul;Tombamento;;;;1;;;;;;;0;2;;;
16/10/2018;15:52:00;170;com vítima;295,802;BR-101/RJ;Sul;Colisão Transversal;;;;;2;;;;;;2;1;;;
16/10/2018;16:40:00;179;sem vítima;283,347;BR-101/RJ;Norte;Choque - Defensa, barreira ou "submarino";1;;;;;1;;;;;2;;;;
16/10/2018;17:02:00;183;com vítima;321,886;BR-101/RJ;Norte;Colisão Lateral;1;;;1;;;;;;;1;1;;;
16/10/2018;19:01:00;200;com vítima;65,172;BR-101/RJ;Sul;Colisão Transversal;2;;;;;;;;;;1;2;;;
17/10/2018;01:24:00;26;sem vítima;245,437;BR-101/RJ;Sul;Tombamento;;;1;;;;;;;;1;;;;
17/10/2018;05:23:00;39;sem vítima;161,036;BR-101/RJ;Sul;Choque - Talude;1;;;;;;;;;;2;;;;
17/10/2018;14:33:00;144;sem vítima;317,354;BR-101/RJ;Sul;Colisão Traseira;1;;;1;;;;;;;4;;;;
17/10/2018;16:54:00;170;sem vítima;294,147;BR-101/RJ;Norte;Colisão Traseira;2;;;;;;;;;;2;;;;
17/10/2018;17:15:00;175;sem vítima;57,618;BR-101/RJ;Norte;Colisão Lateral;1;;;;;1;;;;;2;;;;
17/10/2018;18:39:00;185;com vítima;284,475;BR-101/RJ;Norte;Atropelamento - Usuário;;;;1;;;;;;;0;1;1;;
17/10/2018;18:39:00;186;sem vítima;291,05;BR-101/RJ;Norte;Colisão Traseira;1;;;;;1;;;;;3;;;;
17/10/2018;19:23:00;196;sem vítima;67,8;BR-101/RJ;Norte;Colisão Lateral;1;;1;;;;;;;;2;;;;
17/10/2018;19:55:00;204;sem vítima;62,371;BR-101/RJ;Norte;Colisão Traseira;2;;;;;;;;;;4;;;;
17/10/2018;21:10:00;212;sem vítima;52,97;BR-101/RJ;Sul;Colisão Lateral;1;;1;;;;;;;;2;;;;
17/10/2018;21:22:00;214;sem vítima;282,773;BR-101/RJ;Norte;Choque - Defensa, barreira ou "submarino";1;;;;;;;;;;1;;;;
18/10/2018;00:29:00;22;com vítima;117,598;BR-101/RJ;Sul;Choque - Elemento de Drenagem;;;1;;;;;;;;0;1;;;
18/10/2018;03:47:00;28;sem vítima;222,965;BR-101/RJ;Sul;Colisão Traseira;;;1;;;1;;;;;2;;;;
18/10/2018;08:06:00;61;sem vítima;319,278;BR-101/RJ;Sul;Engavetamento;3;;;;;;;;;;3;;;;
18/10/2018;13:40:00;139;sem vítima;169,8;BR-101/RJ;Sul;Choque - Defensa, barreira ou "submarino";;;;;;1;;;;;1;;;;
18/10/2018;16:20:00;170;com vítima;294,252;BR-101/RJ;Norte;Engavetamento;3;;;;;;;;;;3;2;;;
18/10/2018;18:34:00;194;sem vítima;66,444;BR-101/RJ;Sul;Engavetamento;3;;;;;;;;;;5;;;;
19/10/2018;05:56:00;39;sem vítima;144,12;BR-101/RJ;Sul;Colisão Lateral;1;;;;;;;;;;1;;;;
19/10/2018;08:22:00;74;sem vítima;297,6;BR-101/RJ;Norte;Colisão Traseira;1;;1;;;;;;;;2;;;;
19/10/2018;17:13:00;179;com vítima;272,272;BR-101/RJ;Norte;Colisão Traseira;1;;;1;;;;;;;4;1;;;