data;horario;n_da_ocorrencia;tipo_de_ocorrencia;km;trecho;sentido;tipo_de_acidente;automovel;bicicleta;caminhao;moto;onibus;outros;tracao_animal;transporte_de_cargas_especiais;trator_maquinas;utilitarios;ilesos;levemente_feridos;moderadamente_feridos;gravemente_feridos;mortos
12/11/2018;01:25:00;23;com vítima;255,36;BR-101/RJ;Sul;Outros;;;;1;;;;;;;0;1;;;
12/11/2018;04:39:00;34;com vítima;272,87;BR-101/RJ;Sul;Choque - Elemento de Drenagem;1;;;;;;;;;;0;2;;;
12/11/2018;05:30:00;38;sem vítima;298,3;BR-101/RJ;Norte;Choque - Defensa, barreira ou "submarino";1;;;;;;;;;;4;;;;
12/11/2018;12:10:00;138;sem vítima;294,966;BR-101/RJ;Sul;Colisão Traseira;;;;;;1;;;;1;3;;;;
12/11/2018;18:17:00;199;com vítima;64,955;BR-101/RJ;Sul;Colisão Transversal;1;;;1;;;;;;;2;1;;;
12/11/2018;19:03:00;207;sem vítima;294,275;BR-101/RJ;Norte;Colisão Traseira;1;1;;;;;;;;;2;;;;
12/11/2018;22:56:00;226;com vítima;287,9;BR-101/RJ;Norte;Choque - Veiculo parado na pista;1;;1;;;;;;;;1;1;1;;
13/11/2018;06:18:00;31;com vítima;315,368;BR-101/RJ;Sul;Colisão Traseira;;;;1;;1;;;;;1;;1;;
13/11/2018;08:20:00;53;sem vítima;307,621;BR-101/RJ;Norte;Choque - Objeto sobre a pista;2;;;;;;;;;;2;;;;
13/11/2018;11:58:00;110;com vítima;239,637;BR-101/RJ;Sul;Tombamento;;;;1;;;;;;;0;1;;;
13/11/2018;14:12:00;130;com vítima;127,5;BR-101/RJ;Norte;Colisão Traseira;1;;1;;;;;;;;1;1;;;
13/11/2018;17:11:00;163;sem vítima;315,744;BR-101/RJ;Norte;Colisão Traseira;2;;;;;;;;;;3;;;;
13/11/2018;17:23:00;165;com vítima;319,308;BR-101/RJ;Norte;Colisão Lateral;1;;;1;;;;;;;2;1;;;
13/11/2018;17:33:00;169;com vítima;67,1;BR-101/RJ;Norte;Colisão Traseira;;;;1;;1;;;;;1;1;;;
13/11/2018;18:25:00;181;com vítima;315,744;BR-101/RJ;Norte;Colisão Traseira;;;;1;;1;;;;;2;1;;;
13/11/2018;19:06:00;191;com vítima;309,048;BR-101/RJ;Norte;Colisão Traseira;1;;;1;;;;;;;1;1;;;
13/11/2018;19:32:00;197;sem vítima;65,5;BR-101/RJ;Norte;Colisão Traseira;2;;;;;;;;;;3;;;;
14/11/2018;01:07:00;23;sem vítima;262,1;BR-101/RJ;Norte;Choque - Defensa, barreira ou "submarino";;;1;;;;;;;;1;;;;
14/11/2018;07:04:00;53;com vítima;262,762;BR-101/RJ;Norte;Colisão Lateral;2;;2;;;1;;;;;6;;1;;
14/11/2018;07:30:00;65;com vítima;310,584;BR-101/RJ;Sul;Engavetamento;4;;;;;;;;;;5;1;;;
14/11/2018;07:55:00;72;com vítima;309,071;BR-101/RJ;Sul;Engavetamento;3;;;;;;;;;;3;1;;;
14/11/2018;08:44:00;86;com vítima;302,915;BR-101/RJ;Sul;Tombamento;;;;1;;;;;;;0;2;;;
14/11/2018;08:48:00;90;com vítima;192,808;BR-101/RJ;Sul;Colisão Traseira;;;2;;;;;;;;1;1;;;
14/11/2018;17:14:00;198;sem vítima;317,5;BR-101/RJ;Norte;Colisão Traseira;2;;;;;;;;;;2;;;;
14/11/2018;18:20:00;213;sem vítima;320,9;BR-101/RJ;Sul;Colisão Traseira;2;;;;;;;;;;2;;;;
14/11/2018;20:42:00;251;sem vítima;208,801;BR-101/RJ;Norte;Colisão Lateral;1;;1;;;;;;;;2;;;;
14/11/2018;23:45:00;272;com vítima;13,9;BR-101/RJ;Norte;Colisão Traseira;1;;;1;;;;;;;1;2;;;
15/11/2018;03:21:00;36;sem vítima;48,434;BR-101/RJ;Norte;Atropelamento de Animal;;;;;;;;;;1;4;;;;
15/11/2018;04:19:00;40;sem vítima;207,884;BR-101/RJ;Norte;Choque - Outros;1;;;;;;;;;;1;;;;
15/11/2018;05:44:00;45;sem vítima;205,337;BR-101/RJ;Norte;Choque - Outros;1;;;;;;;;;;1;;;;
15/11/2018;11:12:00;129;com vítima;301,25;BR-101/RJ;Norte;Colisão Lateral;;;;1;;;;;;1;4;1;;;
15/11/2018;12:16:00;145;com vítima;224,221;BR-101/RJ;Norte;Tombamento;;;;1;;;;;;;1;1;;;
15/11/2018;13:27:00;161;sem vítima;313,107;BR-101/RJ;Norte;Atropelamento de Animal;1;;;;;;;;;;1;;;;
15/11/2018;14:00:00;171;com vítima;256,746;BR-101/RJ;Norte;Tombamento;;;;1;;;;;;;0;1;;;
15/11/2018;16:59:00;205;com vítima;291,919;BR-101/RJ;Sul;Atropelamento - Usuário;2;;;;;;;;;;0;1;;;1
15/11/2018;18:13:00;219;com vítima;321,171;BR-101/RJ;Norte;Tombamento;1;;;1;;;;;;;1;;1;;
15/11/2018;19:27:00;235;sem vítima;284,728;BR-101/RJ;Norte;Choque - Defensa, barreira ou "submarino";1;;;;;;;;;;2;;;;
15/11/2018;20:57:00;246;sem vítima;280,272;BR-101/RJ;Sul;Choque - Defensa, barreira ou "submarino";1;;;;;;;;;;1;;;;
15/11/2018;21:30:00;249;com vítima;313,1;BR-101/RJ;Norte;Choque - Poste;;;;1;;;;;;;0;;;1;
15/11/2018;22:03:00;254;sem vítima;299,7;BR-101/RJ;Sul;Colisão Traseira;2;;;;;;;;;;4;;;;
15/11/2018;23:12:00;264;com vítima;299,606;BR-101/RJ;Norte;Capotamento;1;;;;;;;;;;0;2;;;
16/11/2018;12:23:00;110;com vítima;61,452;BR-101/RJ;Norte;Colisão Transversal;2;;;;;;;;;;4;2;;;
16/11/2018;20:53:00;203;com vítima;52,89;BR-101/RJ;Norte;Colisão Frontal;1;;1;;;;;;;;2;;;1;
16/11/2018;20:54:00;204;sem vítima;52,89;BR-101/RJ;Sul;Colisão Traseira;1;;1;;;;;;;;2;;;;
16/11/2018;22:21:00;208;com vítima;72,065;BR-101/RJ;Norte;Atropelamento - Morador;;1;;;;1;;;;;1;;;;1
17/11/2018;01:49:00;28;sem vítima;167,336;BR-101/RJ;Sul;Choque - Defensa, barreira ou "submarino";1;;;;;;;;;;1;;;;
17/11/2018;05:39:00;36;sem vítima;297,749;BR-101/RJ;Sul;Choque - Defensa, barreira ou "submarino";1;;;;;;;;;;1;;;;
17/11/2018;06:29:00;37;sem vítima;244,402;BR-101/RJ;Sul;Atropelamento de Animal;1;;;;;;;;;;1;;;;
17/11/2018;08:13:00;55;com vítima;316,143;BR-101/RJ;Norte;Choque - Defensa, barreira ou "submarino";1;;;;;;;;;;0;;;;1
17/11/2018;09:08:00;64;com vítima;56,769;BR-101/RJ;Norte;Colisão Lateral;2;;;;;;;;;;0;2;;;
17/11/2018;15:16:00;110;com vítima;317,9;BR-101/RJ;Sul;Objeto lançado contra veículo;;;;1;;;;;;;0;1;;;
17/11/2018;15:58:00;122;sem vítima;314,085;BR-101/RJ;Norte;Colisão Traseira;2;;;;;;;;;;4;;;;
17/11/2018;20:41:00;154;sem vítima;1,25;BR-101/RJ;Sul;Objeto lançado contra veículo;1;;;;1;;;;;;4;;;;
17/11/2018;22:33:00;165;com vítima;61,256;BR-101/RJ;Norte;Colisão Transversal;;1;;1;;;;;;;1;1;;;
18/11/2018;00:03:00;6;sem vítima;58,776;BR-101/RJ;Sul;Colisão Traseira;1;;;;;1;;;;;2;;;;
18/11/2018;00:23:00;17;sem vítima;269,274;BR-101/RJ;Norte;Choque - Outros;1;;;;;;;;;;1;;;;
18/11/2018;03:22:00;52;sem vítima;130,918;BR-101/RJ;Norte;Choque - Suporte de Sinalização;1;;;;;;;;;;1;;;;
18/11/2018;05:11:00;58;com vítima;90,151;BR-101/RJ;Sul;Choque - Defensa, barreira ou "submarino";1;;;;;;;;;;0;;;;1
18/11/2018;09:46:00;93;com vítima;313,819;BR-101/RJ;Sul;Colisão Traseira;1;;;1;;;;;;;3;1;;;
18/11/2018;10:31:00;101;com vítima;87,515;BR-101/RJ;Norte;Choque - Elemento de Drenagem;1;;;;;;;;;;0;1;;;
18/11/2018;13:07:00;134;sem vítima;303,006;BR-101/RJ;Sul;Colisão Lateral;1;;;;;;;;;;2;;;;
18/11/2018;14:40:00;151;sem vítima;314,673;BR-101/RJ;Norte;Colisão Traseira;2;;;;;;;;;;2;;;;
18/11/2018;14:47:00;154;sem vítima;281,769;BR-101/RJ;Norte;Choque - Talude;1;;;;;;;;;;3;;;;
18/11/2018;23:35:00;232;sem vítima;158,85;BR-101/RJ;Norte;Choque - Arvore;1;;;;;;;;;;2;;;;
19/11/2018;00:32:00;20;sem vítima;313,12;BR-101/RJ;Sul;Capotamento;1;;;;;;;;;;1;;;;
19/11/2018;12:45:00;125;com vítima;292,4;BR-101/RJ;Sul;Engavetamento;2;;;1;;1;;;;;7;1;;;
19/11/2018;15:20:00;156;com vítima;283,6;BR-101/RJ;Sul;Engavetamento;1;;;;;3;;;;;5;2;;;
19/11/2018;18:29:00;189;sem vítima;86,7;BR-101/RJ;Norte;Capotamento;1;;;;;;;;;;2;;;;
19/11/2018;20:18:00;206;sem vítima;75,227;BR-101/RJ;Norte;Choque - Elemento de Drenagem;1;;;;;;;;;;2;;;;
19/11/2018;20:18:00;207;com vítima;185,83;BR-101/RJ;Sul;Tombamento;;;1;;;;;;;;0;1;1;;
20/11/2018;06:18:00;31;sem vítima;282,887;BR-101/RJ;Sul;Choque - Defensa, barreira ou "submarino";1;;;;;;;;;;5;;;;
20/11/2018;07:38:00;40;sem vítima;317,289;BR-101/RJ;Sul;Choque - Defensa, barreira ou "submarino";;;;;;;;;;1;4;;;;
20/11/2018;10:35:00;60;sem vítima;90,194;BR-101/RJ;Sul;Choque - Elemento de Drenagem;1;;;;;;;;;;1;;;;
20/11/2018;10:51:00;63;sem vítima;108,05;BR-101/RJ;Sul;Choque - Defensa, barreira ou "submarino";1;;;;;;;;;;2;;;;
20/11/2018;11:40:00;70;com vítima;247,8;BR-101/RJ;Sul;Capotamento;;;;;;;;;;1;1;1;;;
20/11/2018;11:58:00;75;sem vítima;76,66;BR-101/RJ;Norte;Colisão Traseira;2;;;;;;;;;;3;;;;
20/11/2018;12:14:00;78;com vítima;6,3;BR-101/RJ;Sul;Choque - Defensa, barreira ou "submarino";1;;;;;;;;;;1;4;;;
20/11/2018;13:40:00;88;com vítima;91,586;BR-101/RJ;Norte;Choque - Defensa, barreira ou "submarino";2;;;;;;;;;;2;1;;;
20/11/2018;15:11:00;101;sem vítima;195,453;BR-101/RJ;Sul;Choque - Defensa, barreira ou "submarino";1;;;;;;;;;;5;;;;
20/11/2018;15:12:00;102;sem vítima;267,976;BR-101/RJ;Sul;Engavetamento;3;;;;;;;;;;8;;;;
20/11/2018;16:00:00;112;sem vítima;196,2;BR-101/RJ;Sul;Choque - Outros;1;;;;;;;;;;2;;;;
20/11/2018;16:23:00;117;com vítima;82,65;BR-101/RJ;Norte;Colisão Frontal;2;;;;;;;;;;5;1;;;
20/11/2018;16:48:00;123;com vítima;282,968;BR-101/RJ;Sul;Choque - Defensa, barreira ou "submarino";1;;;;;;;;;;2;3;;;
20/11/2018;16:53:00;127;sem vítima;82,065;BR-101/RJ;Norte;Choque - Objeto sobre a pista;1;;;;;;;;;;1;;;;
20/11/2018;17:11:00;132;sem vítima;282,163;BR-101/RJ;Sul;Engavetamento;3;;;;;;;;;;5;;;;
20/11/2018;19:59:00;153;com vítima;91,8;BR-101/RJ;Norte;Capotamento;1;;;;;;;;;;2;1;;;
20/11/2018;21:07:00;163;sem vítima;30,035;BR-101/RJ;Sul;Choque - Outros;1;;;;;;;;;;1;;;;
21/11/2018;04:15:00;31;sem vítima;304,426;BR-101/RJ;Norte;Choque - Defensa, barreira ou "submarino";1;;;;;;;;;;2;;;;
21/11/2018;08:01:00;50;sem vítima;198,473;BR-101/RJ;Norte;Choque - Elemento de Drenagem;1;;;;;;;;;;1;;;;
21/11/2018;09:28:00;74;com vítima;11,15;BR-101/RJ;Sul;Tombamento;;;1;;;;;;;;0;1;;;
21/11/2018;16:21:00;150;com vítima;261,814;BR-101/RJ;Sul;Colisão Transversal;;1;;1;;;;;;;0;2;;;
21/11/2018;16:59:00;156;sem vítima;78,787;BR-101/RJ;Norte;Colisão Traseira;2;;;;;;;;;;6;;;;
21/11/2018;18:14:00;167;com vítima;317,5;BR-101/RJ;Norte;Colisão Lateral;;1;;;;;;;;1;1;1;;;
22/11/2018;03:08:00;37;sem vítima;87,35;BR-101/RJ;Sul;Atropelamento de Animal;1;;;;;;;;;;6;;;;
22/11/2018;10:34:00;116;sem vítima;292,141;BR-101/RJ;Norte;Colisão Lateral;1;;1;;;;;;;;3;;;;
22/11/2018;13:20:00;143;com vítima;296,897;BR-101/RJ;Sul;Colisão Transversal;;1;1;;;;;;;;1;1;;;
22/11/2018;13:54:00;152;com vítima;92,614;BR-101/RJ;Norte;Choque - Defensa, barreira ou "submarino";1;;;;;;;;;;1;1;;;
22/11/2018;15:44:00;170;sem vítima;285,357;BR-101/RJ;Sul;Tombamento;;;;1;;;;;;;2;;;;
22/11/2018;16:30:00;176;sem vítima;295,29;BR-101/RJ;Sul;Choque - Defensa, barreira ou "submarino";;;1;;;;;;;;1;;;;
22/11/2018;18:05:00;187;sem vítima;295,29;BR-101/RJ;Sul;Colisão Lateral;1;;1;;;;;;;;5;;;;
23/11/2018;02:25:00;34;sem vítima;72,785;BR-101/RJ;Norte;Atropelamento de Animal;;;;;1;;;;;;1;;;;
23/11/2018;05:25:00;41;sem vítima;283,879;BR-101/RJ;Norte;Choque - Objeto sobre a pista;1;;;;;;;;;;1;;;;
23/11/2018;07:26:00;57;com vítima;318,563;BR-101/RJ;Sul;Colisão Lateral;1;;;1;;;;;;;1;1;;;
23/11/2018;19:21:00;214;com vítima;139,3;BR-101/RJ;Norte;Engavetamento;3;;;;;;;;;;7;1;;;
23/11/2018;23:53:00;251;sem vítima;313,772;BR-101/RJ;Norte;Outros - Sequência;2;;;1;;;;;;;6;;;;
24/11/2018;00:56:00;18;sem vítima;41,1;BR-101/RJ;Sul;Atropelamento de Animal;;;1;;;;;;;;1;;;;
24/11/2018;00:58:00;19;com vítima;243,553;BR-101/RJ;Sul;Choque - Defensa, barreira ou "submarino";;;;1;;;;;;;0;;1;;
24/11/2018;08:52:00;71;sem vítima;76,6;BR-101/RJ;Sul;Colisão Traseira;;;1;;;;;;;1;4;;;;
24/11/2018;13:59:00;117;com vítima;66,429;BR-101/RJ;Norte;Colisão Traseira;1;;;1;;;;;;;2;2;;;
24/11/2018;18:38:00;176;sem vítima;309,055;BR-101/RJ;Norte;Engavetamento;3;;;;;;;;;;4;;;;
24/11/2018;18:46:00;178;com vítima;308,592;BR-101/RJ;Norte;Colisão Traseira;2;;;;;;;;;;1;1;;;
25/11/2018;04:47:00;43;sem vítima;320,7;BR-101/RJ;Sul;Colisão Lateral;1;;;;;;;;;;1;;;;
25/11/2018;09:30:00;68;com vítima;21,61;BR-101/RJ;Sul;Tombamento;;;;1;;;;;;;0;;1;;
25/11/2018;09:46:00;71;com vítima;284,326;BR-101/RJ;Sul;Tombamento;1;;;;;;;;;;2;1;;;
25/11/2018;15:14:00;102;sem vítima;142,584;BR-101/RJ;Sul;Saida de Pista;1;;;;;1;;;;;2;;;;
25/11/2018;20:42:00;156;sem vítima;197,729;BR-101/RJ;Norte;Choque - Objeto sobre a pista;1;;;;;;;;;;1;;;;
25/11/2018;21:30:00;164;sem vítima;197,729;BR-101/RJ;Norte;Choque - Objeto sobre a pista;1;;;;;;;;;;1;;;;
25/11/2018;21:31:00;165;sem vítima;197,729;BR-101/RJ;Norte;Choque - Objeto sobre a pista;1;;;;;;;;;;1;;;;
26/11/2018;08:11:00;75;com vítima;297,631;BR-101/RJ;Sul;Colisão Lateral;1;;;;;1;;;;;3;1;;;
26/11/2018;10:13:00;115;sem vítima;317,444;BR-101/RJ;Sul;Colisão Lateral;;;;1;;1;;;;;2;;;;
26/11/2018;14:57:00;169;sem vítima;207,646;BR-101/RJ;Norte;Choque - Outros;1;;;;;;;;;;2;;;;
26/11/2018;17:45:00;199;sem vítima;229,445;BR-101/RJ;Norte;Choque - Talude;1;;;;;;;;;;1;;;;
26/11/2018;18:31:00;203;sem vítima;317,407;BR-101/RJ;Norte;Colisão Lateral;;;;1;1;;;;;;2;;;;
27/11/2018;06:48:00;42;com vítima;320,757;BR-101/RJ;Sul;Colisão Lateral;;;;1;;1;;;;;1;;1;;
27/11/2018;06:53:00;43;sem vítima;314,059;BR-101/RJ;Sul;Colisão Traseira;2;;;;;;;;;;6;;;;
27/11/2018;10:46:00;115;sem vítima;68,001;BR-101/RJ;Norte;Colisão Traseira;1;;;;;;;;;1;2;;;;
27/11/2018;14:26:00;162;com vítima;73,08;BR-101/RJ;Norte;Engavetamento;4;;1;;;;;;;;8;1;;;
27/11/2018;18:38:00;205;sem vítima;317,095;BR-101/RJ;Norte;Engavetamento;3;;;;;;;;;;3;;;;
27/11/2018;19:21:00;211;sem vítima;316,9;BR-101/RJ;Norte;Colisão Traseira;2;;;;;;;;;;2;;;;
27/11/2018;20:26:00;218;sem vítima;320,07;BR-101/RJ;Norte;Colisão Traseira;2;;;;;;;;;;2;;;;
27/11/2018;22:58:00;233;sem vítima;310,52;BR-101/RJ;Sul;Colisão Traseira;2;;;;;;;;;;2;;;;
27/11/2018;23:13:00;235;sem vítima;316,18;BR-101/RJ;Sul;Atropelamento de Animal;1;;;;;;;;;;1;;;;
28/11/2018;04:43:00;40;com vítima;314,85;BR-101/RJ;Sul;Atropelamento - Sem Informação;;;;;;1;;;;;1;;;1;
28/11/2018;07:27:00;55;com vítima;141,68;BR-101/RJ;Sul;Colisão Lateral;1;;;1;;;;;;;3;1;;;
28/11/2018;10:07:00;97;sem vítima;319,518;BR-101/RJ;Sul;Colisão Traseira;2;;;;;;;;;;6;;;;
28/11/2018;11:29:00;120;sem vítima;305,799;BR-101/RJ;Sul;Engavetamento;2;;;;;;;;;1;6;;;;
28/11/2018;13:13:00;133;sem vítima;314,935;BR-101/RJ;Sul;Colisão Traseira;1;;;;;1;;;;;2;;;;
28/11/2018;14:02:00;137;com vítima;320,013;BR-101/RJ;Norte;Tombamento;;;;1;;;;;;;0;1;;;
28/11/2018;14:55:00;151;sem vítima;307,009;BR-101/RJ;Norte;Colisão Traseira;2;;;;;;;;;;2;;;;
28/11/2018;15:39:00;159;sem vítima;311,69;BR-101/RJ;Norte;Colisão Traseira;1;;;;;1;;;;;2;;;;
29/11/2018;03:32:00;41;sem vítima;312,468;BR-101/RJ;Norte;Colisão Traseira;1;;1;;;;;;;;3;;;;
29/11/2018;06:59:00;55;com vítima;316,904;BR-101/RJ;Sul;Colisão Lateral;;;;1;;1;;;;;1;1;;;
29/11/2018;08:05:00;67;com vítima;321,999;BR-101/RJ;Sul;Colisão Traseira;1;;;1;;;;;;;1;1;;;
29/11/2018;10:22:00;108;com vítima;312,796;BR-101/RJ;Sul;Colisão Transversal;;;;1;1;;;;;;1;1;;;
29/11/2018;10:40:00;110;sem vítima;318,803;BR-101/RJ;Sul;Colisão Traseira;2;;;;;;;;;;3;;;;
29/11/2018;14:46:00;146;sem vítima;297,652;BR-101/RJ;Sul;Tombamento;;;;1;;;;;;;1;;;;
29/11/2018;15:05:00;150;sem vítima;95,4;BR-101/RJ;Sul;Choque - Defensa, barreira ou "submarino";1;;;;;;;;;;1;;;;
29/11/2018;17:06:00;170;com vítima;297,475;BR-101/RJ;Norte;Tombamento;;;;1;;;;;;;0;;;1;
30/11/2018;02:09:00;42;sem vítima;252,89;BR-101/RJ;Sul;Choque - Cancela de Pedagio;;;;1;;;;;;;2;;;;
30/11/2018;12:05:00;125;sem vítima;190,4;BR-101/RJ;Sul;Colisão Lateral;1;;;;;;;;;1;3;;;;
30/11/2018;12:59:00;135;com vítima;266,521;BR-101/RJ;Norte;Choque - Defensa, barreira ou "submarino";;;1;;;;;;;;1;1;;;
30/11/2018;13:10:00;143;sem vítima;282,7;BR-101/RJ;Sul;Choque - Defensa, barreira ou "submarino";1;;;;;;;;;;1;;;;
30/11/2018;18:24:00;221;com vítima;295,057;BR-101/RJ;Norte;Colisão Lateral;1;;;1;;;;;;;5;1;;;
30/11/2018;18:24:00;222;sem vítima;235,572;BR-101/RJ;Norte;Colisão Transversal;2;;;;;;;;;;4;;;;
30/11/2018;19:16:00;239;sem vítima;66,347;BR-101/RJ;Sul;Engavetamento;1;;;;;2;;;;;3;;;;
30/11/2018;20:30:00;250;sem vítima;318,404;BR-101/RJ;Norte;Colisão traseira;2;;;;;;;;;;7;;;;
30/11/2018;21:03:00;258;com vítima;315,648;BR-101/RJ;Norte;Colisão Traseira;1;;;1;;;;;;;2;2;;;
30/11/2018;22:48:00;270;sem vítima;210,69;BR-101/RJ;Norte;Choque - Defensa, barreira ou "submarino";1;;;;;;;;;;1;;;;
30/11/2018;23:17:00;276;com vítima;22,568;BR-101/RJ;Sul;Colisão Frontal;1;;1;;;;;;;;1;1;1;;1
30/11/2018;23:26:00;277;sem vítima;282,78;BR-101/RJ;Sul;Colisão Frontal;2;;;;;;;;;;3;;;;
30/11/2018;23:58:00;279;com vítima;308,08;BR-101/RJ;Norte;Outros - Sequência;1;;;;1;;;;;;1;3;;;
01/12/2018;06:20:00;56;sem vítima;296,371;BR-101/RJ;Norte;Capotamento;1;;;;;;;;;;3;;;;
01/12/2018;11:56:00;127;sem vítima;296,411;BR-101/RJ;Sul;Choque - Defensa, barreira ou "submarino";1;;;;;;;;;;2;;;;
01/12/2018;12:21:00;131;sem vítima;320,924;BR-101/RJ;Sul;Colisão Lateral;1;;;1;;;;;;;4;;;;
01/12/2018;13:24:00;139;sem vítima;297,235;BR-101/RJ;Sul;Colisão Traseira;2;;;;;;;;;;2;;;;
01/12/2018;14:42:00;153;sem vítima;91,9;BR-101/RJ;Norte;Choque - Defensa, barreira ou "submarino";1;;;;;;;;;;2;;;;
01/12/2018;16:38:00;174;com vítima;222,964;BR-101/RJ;Sul;Colisão Traseira;1;;1;;;;;;;;2;1;;;
01/12/2018;23:02:00;217;com vítima;274,664;BR-101/RJ;Sul;Colisão Lateral;1;;;1;;;;;;;1;;1;;
01/12/2018;23:11:00;219;com vítima;232,337;BR-101/RJ;Norte;Queda;;;;1;;;;;;;0;;1;;
02/12/2018;05:01:00;32;sem vítima;136,592;BR-101/RJ;Sul;Choque - Elemento de Drenagem;1;;;;;;;;;;2;;;;
02/12/2018;07:28:00;42;com vítima;144,154;BR-101/RJ;Norte;Capotamento;1;;;;;;;;;;3;1;;;
02/12/2018;11:36:00;66;sem vítima;231,941;BR-101/RJ;Sul;Choque - Defensa, barreira ou "submarino";1;;;;;;;;;;2;;;;
02/12/2018;12:27:00;78;com vítima;60,553;BR-101/RJ;Sul;Colisão Frontal;1;1;;;;;;;;;1;;1;;
02/12/2018;17:21:00;139;sem vítima;18,05;BR-101/RJ;Sul;Choque - Outros;1;;;;;;;;;;1;;;;
02/12/2018;21:25:00;179;sem vítima;304,827;BR-101/RJ;Sul;Choque - Defensa, barreira ou "submarino";1;;;;;;;;;;3;;;;
02/12/2018;22:43:00;190;sem vítima;315,989;BR-101/RJ;Sul;Choque - Defensa, barreira ou "submarino";1;;;;;;;;;;1;;;;
03/12/2018;07:42:00;62;com vítima;308,361;BR-101/RJ;Sul;Colisão Traseira;;;;;2;;;;;;3;1;;;
03/12/2018;08:48:00;80;sem vítima;313,871;BR-101/RJ;Norte;Capotamento;1;;;;;;;;;;1;;;;
03/12/2018;09:26:00;94;sem vítima;177,22;BR-101/RJ;Norte;Colisão Traseira;;;2;;;;;;;;3;;;;
03/12/2018;10:17:00;104;com vítima;289,417;BR-101/RJ;Sul;Colisão Traseira;;;;1;;;;;;1;1;;;;1
03/12/2018;10:23:00;105;com vítima;60,3;BR-101/RJ;Norte;Colisão Traseira;;;;1;;1;;;;;1;;1;;
03/12/2018;10:25:00;106;com vítima;195,72;BR-101/RJ;Norte;Atropelamento - Andarilho;;;;;;1;;;;;1;;1;;
04/12/2018;11:33:00;126;com vítima;175,638;BR-101/RJ;Sul;Colisão Traseira;;;2;;;;;;;1;1;2;;;1
04/12/2018;12:30:00;139;sem vítima;300,236;BR-101/RJ;Sul;Colisão Traseira;2;;;;;;;;;;6;;;;
04/12/2018;17:37:00;192;sem vítima;253,653;BR-101/RJ;Sul;Colisão Lateral;;;2;;;;;;;;3;;;;
05/12/2018;10:52:00;120;sem vítima;321,24;BR-101/RJ;Sul;Colisão Traseira;1;;;;;1;;;;;2;;;;
05/12/2018;11:26:00;131;com vítima;272,335;BR-101/RJ;Sul;Colisão Traseira;1;;;;;1;;;;;2;1;;;
05/12/2018;12:19:00;140;com vítima;272,383;BR-101/RJ;Norte;Tombamento;1;;;;;;;;;;1;1;;;
05/12/2018;13:43:00;167;sem vítima;295,299;BR-101/RJ;Sul;Colisão Traseira;1;;;;;1;;;;;4;;;;
05/12/2018;14:04:00;173;com vítima;57,341;BR-101/RJ;Norte;Colisão Lateral;1;;1;;;;;;;;0;5;;;
05/12/2018;17:57:00;222;com vítima;71,3;BR-101/RJ;Norte;Colisão Traseira;;;;1;1;;;;;;2;1;;;
05/12/2018;21:55:00;253;com vítima;274,408;BR-101/RJ;Norte;Colisão Traseira;1;;;1;;;;;;;0;3;;;
06/12/2018;02:56:00;38;sem vítima;257,92;BR-101/RJ;Sul;Choque - Defensa, barreira ou "submarino";;;1;;;;;;;;1;;;;
06/12/2018;07:21:00;64;sem vítima;313,96;BR-101/RJ;Norte;Colisão Traseira;1;;;;;1;;;;;2;;;;
06/12/2018;07:33:00;68;com vítima;315,8;BR-101/RJ;Sul;Colisão Lateral;1;;;1;;;;;;;0;2;;;
06/12/2018;11:59:00;131;com vítima;281,739;BR-101/RJ;Sul;Tombamento;;;;1;;;;;;;0;;;1;
06/12/2018;12:13:00;135;com vítima;310,805;BR-101/RJ;Norte;Colisão Lateral;1;;;1;;;;;;;1;;1;;
06/12/2018;13:51:00;151;sem vítima;310,6;BR-101/RJ;Norte;Colisão Traseira;2;;;;;;;;;;2;;;;
06/12/2018;15:46:00;176;sem vítima;266,3;BR-101/RJ;Norte;Choque - Defensa, barreira ou "submarino";1;;;;;;;;;;2;;;;
06/12/2018;16:10:00;181;sem vítima;280,43;BR-101/RJ;Sul;Choque - Defensa, barreira ou "submarino";1;;;;;;;;;;2;;;;
07/12/2018;01:02:00;26;com vítima;151,9;BR-101/RJ;Norte;Capotamento;1;;;;;;;;;;0;;1;;
07/12/2018;01:26:00;29;sem vítima;307,82;BR-101/RJ;Sul;Atropelamento de Animal;1;;;;;;;;;;1;;;;
07/12/2018;06:08:00;40;sem vítima;194,75;BR-101/RJ;Norte;Choque - Defensa, barreira ou "submarino";1;;;;;;;;;;1;;;;
07/12/2018;08:26:00;65;sem vítima;261,222;BR-101/RJ;Sul;Choque - Defensa, barreira ou "submarino";1;;;;;;;;;;1;;;;
07/12/2018;11:58:00;126;com vítima;64,512;BR-101/RJ;Norte;Colisão Lateral;;1;;1;;;;;;;1;;;1;
07/12/2018;12:06:00;129;com vítima;297,311;BR-101/RJ;Sul;Choque - Defensa, barreira ou "submarino";1;;;;;;;;;;1;1;;;
07/12/2018;15:28:00;161;sem vítima;88,596;BR-101/RJ;Norte;Choque - Defensa, barreira ou "submarino";1;;;;;;;;;;1;;;;