data;horario;n_da_ocorrencia;tipo_de_ocorrencia;km;trecho;sentido;tipo_de_acidente;automovel;bicicleta;caminhao;moto;onibus;outros;tracao_animal;transporte_de_cargas_especiais;trator_maquinas;utilitarios;ilesos;levemente_feridos;moderadamente_feridos;gravemente_feridos;mortos
27/12/2018;21:57:00;228;sem vítima;98,293;BR-101/RJ;Norte;Choque - Elemento de Drenagem;1;;;;;;;;;;2;;;;
28/12/2018;01:59:00;27;com vítima;302,281;BR-101/RJ;Norte;Choque - Defensa, barreira ou "submarino";1;;;;;;;;;;0;5;;;
28/12/2018;02:21:00;32;sem vítima;300,101;BR-101/RJ;Norte;Colisão Traseira;1;;;;;1;;;;;4;;;;
28/12/2018;04:21:00;39;com vítima;253,062;BR-101/RJ;Sul;Colisão Traseira;;;1;;;;;;;1;1;1;;;
28/12/2018;06:51:00;53;com vítima;165,11;BR-101/RJ;Sul;Capotamento;1;;;;;;;;;;1;2;;;
28/12/2018;08:37:00;69;sem vítima;66,427;BR-101/RJ;Sul;Colisão Traseira;2;;;;;;;;;;4;;;;
28/12/2018;10:52:00;97;sem vítima;280,08;BR-101/RJ;Norte;Colisão Traseira;2;;;;;;;;;;6;;;;
28/12/2018;13:30:00;128;sem vítima;284,102;BR-101/RJ;Sul;Choque - Defensa, barreira ou "submarino";;;1;;;;;;;1;2;;;;
28/12/2018;14:55:00;138;com vítima;299,6;BR-101/RJ;Norte;Colisão Lateral;1;;;1;;;;;;;3;1;;;
28/12/2018;14:55:00;139;com vítima;169,102;BR-101/RJ;Sul;Colisão Frontal;;;2;;;;;;;;0;;1;3;
28/12/2018;15:57:00;150;sem vítima;140,5;BR-101/RJ;Sul;Choque - Elemento de Drenagem;1;;;;;;;;;;1;;;;
28/12/2018;16:02:00;152;sem vítima;136,376;BR-101/RJ;Norte;Choque - Defensa, barreira ou "submarino";1;;;;;;;;;;1;;;;
28/12/2018;16:34:00;158;sem vítima;99,843;BR-101/RJ;Norte;Choque - Defensa, barreira ou "submarino";1;;;;;;;;;;2;;;;
28/12/2018;16:45:00;162;sem vítima;92,15;BR-101/RJ;Norte;Choque - Defensa, barreira ou "submarino";1;;;;;;;;;;1;;;;
28/12/2018;17:29:00;168;sem vítima;86,5;BR-101/RJ;Sul;Choque - Talude;1;;;;;;;;;;1;;;;
28/12/2018;20:52:00;204;com vítima;74,564;BR-101/RJ;Sul;Colisão Lateral;;;1;1;;1;;;;;2;;;1;
29/12/2018;01:00:00;21;sem vítima;316,35;BR-101/RJ;Norte;Choque - Elemento de Drenagem;1;;;;;;;;;;1;;;;
29/12/2018;06:29:00;51;sem vítima;201,234;BR-101/RJ;Norte;Colisão Traseira;1;;;1;;;;;;;5;;;;
29/12/2018;07:45:00;66;sem vítima;297,45;BR-101/RJ;Sul;Tombamento;;;;1;;;;;;;1;;;;
29/12/2018;08:41:00;73;sem vítima;308,7;BR-101/RJ;Norte;Colisão Traseira;2;;;;;;;;;;2;;;;
29/12/2018;10:40:00;108;sem vítima;265,731;BR-101/RJ;Norte;Engavetamento;2;;;;;1;;;;;3;;;;
29/12/2018;11:49:00;125;com vítima;192,83;BR-101/RJ;Sul;Tombamento;;;;1;;;;;;;0;2;;;
29/12/2018;12:19:00;132;sem vítima;270,885;BR-101/RJ;Norte;Colisão Traseira;1;;;;;1;;;;;4;;;;
29/12/2018;12:22:00;134;sem vítima;27,572;BR-101/RJ;Norte;Colisão Traseira;3;;;;;1;;;;;7;;;;
29/12/2018;14:01:00;156;sem vítima;268,417;BR-101/RJ;Sul;Choque - Defensa, barreira ou "submarino";1;;;;;;;;;;1;;;;
29/12/2018;15:27:00;170;sem vítima;75,15;BR-101/RJ;Norte;Outros;1;;;;;;;;;;2;;;;
29/12/2018;18:33:00;219;sem vítima;229,75;BR-101/RJ;Norte;Choque - Outros;1;;;;;;;;;;1;;;;
29/12/2018;19:43:00;239;sem vítima;119,4;BR-101/RJ;Norte;Atropelamento de Animal;1;;;;;;;;;;1;;;;
29/12/2018;20:41:00;251;com vítima;113,309;BR-101/RJ;Norte;Colisão Traseira;1;1;;;;;;;;;7;;;1;
30/12/2018;05:06:00;39;sem vítima;287,818;BR-101/RJ;Norte;Colisão Traseira;2;;;;;;;;;;7;;;;
30/12/2018;07:49:00;58;sem vítima;209,849;BR-101/RJ;Norte;Choque - Elemento de Drenagem;1;;;;;;;;;;1;;;;
30/12/2018;08:40:00;68;com vítima;122,99;BR-101/RJ;Sul;Tombamento;;;;1;;;;;;;0;2;;;
30/12/2018;15:28:00;134;com vítima;219,382;BR-101/RJ;Norte;Choque - Defensa, barreira ou "submarino";1;;;;;;;;;;0;4;;;
30/12/2018;18:28:00;159;sem vítima;310,796;BR-101/RJ;Norte;Colisão Traseira;2;;;;;;;;;;5;;;;
30/12/2018;22:22:00;179;sem vítima;79,956;BR-101/RJ;Norte;Colisão Traseira;;;1;;1;;;;;;4;;;;
30/12/2018;22:34:00;184;sem vítima;301,93;BR-101/RJ;Sul;Choque - Objeto sobre a pista;1;;;;;;;;;;1;;;;
30/12/2018;22:37:00;185;sem vítima;301,93;BR-101/RJ;Sul;Choque - Objeto sobre a pista;1;;;;;;;;;;1;;;;
30/12/2018;22:40:00;187;sem vítima;301,93;BR-101/RJ;Sul;Choque - Objeto sobre a pista;1;;;;;;;;;;1;;;;
31/12/2018;05:12:00;31;sem vítima;293,294;BR-101/RJ;Sul;Choque - Defensa, barreira ou "submarino";;;;;;;;;;1;1;;;;
31/12/2018;14:59:00;99;com vítima;50,386;BR-101/RJ;Norte;Tombamento;;;;1;;;;;;;0;1;;;
31/12/2018;15:29:00;104;com vítima;228,449;BR-101/RJ;Norte;Choque - Elemento de Drenagem;1;;;;;;;;;;2;1;;;
31/12/2018;18:33:00;134;com vítima;311,001;BR-101/RJ;Sul;Tombamento;;;;1;;;;;;;0;2;;;
31/12/2018;22:36:00;172;com vítima;254,955;BR-101/RJ;Sul;Choque - Talude;1;;;;;;;;;;0;2;;;
01/02/2019;01:32:00;29;sem vítima;61,2;BR-101/RJ;Sul;Colisão Traseira;;;2;;;;;;;;3;;;;
01/02/2019;06:31:00;51;sem vítima;315,613;BR-101/RJ;Sul;Engavetamento;4;;;;;;;;;;7;;;;
01/02/2019;06:48:00;54;sem vítima;315,613;BR-101/RJ;Sul;Colisão Traseira;;;;;;;;;;1;3;;;;
01/02/2019;07:30:00;58;sem vítima;317,777;BR-101/RJ;Sul;Colisão Traseira;2;;;;;;;;;;5;;;;
01/02/2019;07:45:00;62;sem vítima;209,32;BR-101/RJ;Norte;Colisão Traseira;1;;;;;;;;;1;2;;;;
01/02/2019;11:19:00;123;com vítima;66,3;BR-101/RJ;Norte;Colisão Frontal;;;;1;;1;;;;;1;1;;;
01/02/2019;15:23:00;177;sem vítima;297,89;BR-101/RJ;Sul;Colisão Lateral;1;;;;;1;;;;;5;;;;
01/02/2019;16:19:00;199;com vítima;83,672;BR-101/RJ;Norte;Choque - Outros;1;;;;;;;;;;1;1;;;
01/02/2019;18:59:00;242;sem vítima;295,86;BR-101/RJ;Sul;Colisão Traseira;1;;1;;;;;;;;3;;;;
01/02/2019;19:01:00;243;com vítima;318,392;BR-101/RJ;Norte;Engavetamento;1;;;2;;;;;;;2;1;;;
01/02/2019;19:41:00;254;sem vítima;62,2;BR-101/RJ;Norte;Colisão Traseira;2;;;;;;;;;;2;;;;
01/02/2019;19:46:00;255;com vítima;308,689;BR-101/RJ;Norte;Colisão Lateral;;;;1;;1;;;;;1;1;;;
01/02/2019;22:51:00;293;com vítima;254,491;BR-101/RJ;Sul;Colisão Traseira;;;2;;;;;;;;1;;2;;1
02/02/2019;07:42:00;58;com vítima;57,917;BR-101/RJ;Norte;Colisão Traseira;1;;;1;;;;;;;1;1;;;
02/02/2019;08:15:00;66;com vítima;178,4;BR-101/RJ;Sul;Capotamento;1;;;;;;;;;;0;4;2;;
02/02/2019;13:49:00;146;sem vítima;320,05;BR-101/RJ;Sul;Engavetamento;2;;;;;1;;;;;3;;;;
02/02/2019;15:29:00;164;com vítima;314,9;BR-101/RJ;Norte;Colisão Traseira;1;;;1;;;;;;;1;1;;;
02/02/2019;16:22:00;171;com vítima;297,222;BR-101/RJ;Norte;Choque - Poste;1;;;;;;;;;;0;1;;;
02/02/2019;22:07:00;220;com vítima;287,916;BR-101/RJ;Sul;Choque - Outros;1;;;;;;;;;;0;1;;;
03/02/2019;02:54:00;42;sem vítima;299,686;BR-101/RJ;Sul;Choque - Elemento de Drenagem;1;;;;;;;;;;1;;;;
03/02/2019;08:45:00;64;com vítima;320,648;BR-101/RJ;Sul;Tombamento;;;;1;;;;;;;0;1;;;
03/02/2019;10:46:00;76;sem vítima;63,369;BR-101/RJ;Sul;Colisão Lateral;1;;1;;;;;;;;2;;;;
03/02/2019;12:26:00;87;sem vítima;289,08;BR-101/RJ;Sul;Colisão Traseira;2;;;;;;;;;;7;;;;
03/02/2019;13:49:00;101;com vítima;299,7;BR-101/RJ;Sul;Colisão Lateral;1;;;;;1;;;;;5;1;;;
03/02/2019;19:21:00;159;com vítima;308,6;BR-101/RJ;Sul;Engavetamento;2;;;;;1;;;;;5;3;;;
03/02/2019;19:51:00;165;sem vítima;267,08;BR-101/RJ;Sul;Engavetamento;5;;;;;;;;;;14;;;;
03/02/2019;20:06:00;168;com vítima;97,248;BR-101/RJ;Sul;Colisão Lateral;;;1;1;;1;;;;;2;;1;1;
03/02/2019;21:36:00;189;sem vítima;303,379;BR-101/RJ;Norte;Choque - Objeto sobre a pista;1;;;;;;;;;;1;;;;
03/02/2019;21:38:00;190;sem vítima;303,379;BR-101/RJ;Norte;Choque - Objeto sobre a pista;1;;;;;;;;;;1;;;;
04/02/2019;02:12:00;32;com vítima;306,595;BR-101/RJ;Sul;Colisão Traseira;1;;;1;;;;;;;1;;;1;
04/02/2019;10:56:00;96;sem vítima;320,859;BR-101/RJ;Sul;Colisão Lateral;1;;;;;1;;;;;2;;;;
04/02/2019;13:00:00;122;sem vítima;206,2;BR-101/RJ;Norte;Colisão Traseira;;;1;;;;;;;1;3;;;;
04/02/2019;16:16:00;156;com vítima;211,917;BR-101/RJ;Sul;Tombamento;;;;1;;;;;;;0;2;;;
04/02/2019;18:58:00;184;sem vítima;209,2;BR-101/RJ;Norte;Choque - Defensa, barreira ou "submarino";;;;;;;;;;1;1;;;;
04/02/2019;21:44:00;200;com vítima;257,636;BR-101/RJ;Sul;Choque - Defensa, barreira ou "submarino";1;;;;;;;;;;0;1;;;
04/02/2019;23:43:00;208;sem vítima;217,7;BR-101/RJ;Norte;Choque - Defensa, barreira ou "submarino";1;;;;;;;;;;1;;;;
05/02/2019;01:15:00;33;com vítima;153,5;BR-101/RJ;Norte;Colisão Transversal;1;;1;;;;;;;;2;1;;;
05/02/2019;01:37:00;37;sem vítima;272,96;BR-101/RJ;Norte;Colisão Traseira;;;1;;1;;;;;;36;;;;
05/02/2019;01:44:00;38;com vítima;215,2;BR-101/RJ;Sul;Choque - Defensa, barreira ou "submarino";;;1;;;;;;;;0;1;;;
05/02/2019;03:31:00;44;sem vítima;282,845;BR-101/RJ;Sul;Choque - Defensa, barreira ou "submarino";1;;;;;;;;;;2;;;;
05/02/2019;06:30:00;51;com vítima;198,5;BR-101/RJ;Sul;Choque - Defensa, barreira ou "submarino";1;;;;;;;;;;0;2;;;
05/02/2019;11:22:00;116;sem vítima;293,652;BR-101/RJ;Norte;Colisão Traseira;1;;1;;;;;;;;2;;;;
05/02/2019;11:59:00;124;sem vítima;67,12;BR-101/RJ;Sul;Colisão Traseira;2;;;;;;;;;;3;;;;
05/02/2019;13:43:00;144;com vítima;310,039;BR-101/RJ;Norte;Engavetamento;3;;;;;;;;;;6;1;;;
05/02/2019;13:50:00;145;sem vítima;123,044;BR-101/RJ;Sul;Colisão Traseira;2;;;;;;;;;;2;;;;
05/02/2019;21:26:00;214;com vítima;53,285;BR-101/RJ;Sul;Colisão Frontal;1;;1;;;;;;;;0;2;;;1
06/02/2019;01:29:00;28;sem vítima;62,644;BR-101/RJ;Norte;Colisão Traseira;;;1;;;1;;;;;2;;;;
06/02/2019;19:10:00;168;sem vítima;252,89;BR-101/RJ;Sul;Choque - Elemento de Drenagem;;;1;;;;;;;;1;;;;
06/02/2019;19:14:00;169;com vítima;85,783;BR-101/RJ;Norte;Tombamento;;;1;;;;;;;;0;1;;;
06/02/2019;23:40:00;202;sem vítima;76,109;BR-101/RJ;Sul;Atropelamento de Animal;;;1;;;;;;;;1;;;;
07/02/2019;00:07:00;24;sem vítima;209,5;BR-101/RJ;Sul;Tombamento;;;1;;;;;;;;1;;;;
07/02/2019;06:09:00;43;sem vítima;293,31;BR-101/RJ;Sul;Choque - Suporte de Sinalização;1;;;;;;;;;;1;;;;
07/02/2019;06:28:00;47;sem vítima;310,084;BR-101/RJ;Sul;Colisão Traseira;1;;;;1;;;;;;2;;;;
07/02/2019;06:42:00;49;sem vítima;320,1;BR-101/RJ;Norte;Capotamento;1;;;;;;;;;;1;;;;
07/02/2019;07:06:00;59;sem vítima;230,6;BR-101/RJ;Sul;Choque - Defensa, barreira ou "submarino";1;;;;;;;;;;3;;;;
07/02/2019;11:07:00;121;com vítima;293,6;BR-101/RJ;Sul;Tombamento;;;;1;;;;;;;0;2;;;
07/02/2019;12:56:00;142;sem vítima;321,5;BR-101/RJ;Sul;Choque - Defensa, barreira ou "submarino";1;;;;;;;;;;1;;;;
07/02/2019;17:08:00;191;sem vítima;276,488;BR-101/RJ;Norte;Choque - Defensa, barreira ou "submarino";1;;;;;;;;;;1;;;;
07/02/2019;17:28:00;196;com vítima;314,393;BR-101/RJ;Sul;Tombamento;;;;1;;;;;;;0;;1;;
07/02/2019;18:58:00;207;sem vítima;236,355;BR-101/RJ;Norte;Colisão Lateral;1;;1;;;;;;;;2;;;;
07/02/2019;21:04:00;228;sem vítima;179,019;BR-101/RJ;Norte;Capotamento;1;;;;;;;;;;2;;;;
08/02/2019;02:02:00;33;com vítima;310,286;BR-101/RJ;Sul;Colisão Traseira;1;;;;;1;;;;;1;1;;;
08/02/2019;05:06:00;42;com vítima;206,748;BR-101/RJ;Norte;Colisão Traseira;;;1;;1;;;;;;32;1;1;;
08/02/2019;06:19:00;46;sem vítima;240,267;BR-101/RJ;Norte;Choque - Talude;1;;;;;;;;;;1;;;;
08/02/2019;08:27:00;67;com vítima;316,5;BR-101/RJ;Sul;Colisão Lateral;1;;;1;;;;;;;1;;1;;
08/02/2019;12:42:00;146;sem vítima;209,5;BR-101/RJ;Sul;Colisão Lateral;;;1;;;;;;;1;18;;;;
08/02/2019;16:13:00;188;sem vítima;62,572;BR-101/RJ;Norte;Engavetamento;3;;;;;;;;;;3;;;;
08/02/2019;16:31:00;192;sem vítima;312,781;BR-101/RJ;Sul;Outros - Sequência;1;;1;;;;;;;1;4;;;;
08/02/2019;16:46:00;195;sem vítima;296,835;BR-101/RJ;Norte;Colisão Traseira;2;;;;;;;;;;2;;;;
08/02/2019;17:06:00;197;com vítima;296,835;BR-101/RJ;Norte;Colisão Traseira;1;;;1;;;;;;;4;1;;;
08/02/2019;17:22:00;202;sem vítima;314,8;BR-101/RJ;Norte;Colisão Traseira;2;;;;;;;;;;2;;;;
08/02/2019;20:13:00;224;sem vítima;321,08;BR-101/RJ;Sul;Colisão Traseira;2;;;;;;;;;;5;;;;
09/02/2019;06:24:00;48;com vítima;186,867;BR-101/RJ;Norte;Choque - Defensa, barreira ou "submarino";1;;;;;;;;;;1;1;;;
09/02/2019;06:52:00;55;sem vítima;247,401;BR-101/RJ;Norte;Tombamento;;;;1;;;;;;;1;;;;
09/02/2019;07:41:00;65;com vítima;260,2;BR-101/RJ;Sul;Choque - Defensa, barreira ou "submarino";1;;;;;;;;;;1;1;;;
09/02/2019;09:44:00;87;com vítima;196,127;BR-101/RJ;Norte;Saida de Pista;1;;;;;;;;;;0;1;;;
09/02/2019;23:53:00;213;sem vítima;66,484;BR-101/RJ;Norte;Choque - Outros;1;;;;;;;;;;1;;;;
10/02/2019;01:27:00;27;sem vítima;123,068;BR-101/RJ;Norte;Choque - Cancela de Pedagio;;;1;;;;;;;;1;;;;
10/02/2019;05:08:00;38;com vítima;295,598;BR-101/RJ;Sul;Choque - Defensa, barreira ou "submarino";1;;;;;;;;;;0;3;1;1;
10/02/2019;05:09:00;40;com vítima;295,627;BR-101/RJ;Sul;Atropelamento - Usuário;1;;;;;;;;;;1;1;1;;
10/02/2019;06:11:00;45;sem vítima;302,8;BR-101/RJ;Sul;Choque - Defensa, barreira ou "submarino";1;;;;;;;;;;1;;;;
10/02/2019;10:59:00;81;sem vítima;268,867;BR-101/RJ;Sul;Engavetamento;2;;;;;;;;;1;8;;;;
10/02/2019;17:37:00;156;com vítima;318,58;BR-101/RJ;Norte;Choque - Defensa, barreira ou "submarino";1;;;;;;;;;;1;1;;;
10/02/2019;21:57:00;204;com vítima;206,528;BR-101/RJ;Sul;Colisão Transversal;2;;;;;;;;;;2;2;;;
11/02/2019;01:55:00;29;sem vítima;282,597;BR-101/RJ;Norte;Choque - Objeto sobre a pista;1;;;;;;;;;;1;;;;
11/02/2019;02:00:00;31;sem vítima;282,597;BR-101/RJ;Norte;Choque - Objeto sobre a pista;1;;;;;;;;;;1;;;;
11/02/2019;08:14:00;83;com vítima;102,854;BR-101/RJ;Sul;Tombamento;;;;1;;;;;;;0;2;;;
11/02/2019;10:52:00;125;sem vítima;232,701;BR-101/RJ;Norte;Capotamento;1;;;;;;;;;;1;;;;
11/02/2019;16:39:00;186;com vítima;320,761;BR-101/RJ;Sul;Tombamento;;;;1;;;;;;;0;2;;;
12/02/2019;05:59:00;43;com vítima;295,251;BR-101/RJ;Sul;Colisão Lateral;2;;;;;;;;;;3;1;;;
12/02/2019;08:24:00;74;com vítima;93,15;BR-101/RJ;Sul;Colisão Traseira;1;;1;;;;;;;;1;2;;;
12/02/2019;10:53:00;116;com vítima;206,602;BR-101/RJ;Norte;Colisão Transversal;2;;;;;;;;;;8;1;;;
12/02/2019;14:10:00;141;sem vítima;312,1;BR-101/RJ;Norte;Colisão Traseira;;;;1;;1;;;;;2;;;;
12/02/2019;16:19:00;162;sem vítima;308,45;BR-101/RJ;Sul;Colisão Lateral;3;;;;;;;;;;6;;;;
12/02/2019;16:49:00;170;sem vítima;318,328;BR-101/RJ;Norte;Colisão Traseira;1;;;1;;;;;;;2;;;;
12/02/2019;18:09:00;188;com vítima;319,64;BR-101/RJ;Norte;Engavetamento;2;;;1;;;;;;;4;;;1;
12/02/2019;18:41:00;195;sem vítima;321,15;BR-101/RJ;Sul;Engavetamento;3;;;;;;;;;;3;;;;
13/02/2019;06:15:00;34;sem vítima;298,3;BR-101/RJ;Sul;Choque - Defensa, barreira ou "submarino";1;;;;;;;;;;2;;;;
13/02/2019;07:15:00;50;sem vítima;230,06;BR-101/RJ;Sul;Choque - Defensa, barreira ou "submarino";1;;;;;;;;;;1;;;;
13/02/2019;07:27:00;56;sem vítima;226,909;BR-101/RJ;Norte;Choque - Defensa, barreira ou "submarino";1;;;;;;;;;;1;;;;
13/02/2019;08:57:00;72;sem vítima;97,4;BR-101/RJ;Norte;Choque - Defensa, barreira ou "submarino";1;;;;;;;;;;1;;;;
13/02/2019;10:39:00;104;sem vítima;288,89;BR-101/RJ;Norte;Choque - Defensa, barreira ou "submarino";1;;;;;;;;;;1;;;;
13/02/2019;11:20:00;113;sem vítima;224,209;BR-101/RJ;Norte;Colisão Traseira;2;;;;;;;;;;2;;;;
13/02/2019;11:29:00;114;sem vítima;174,8;BR-101/RJ;Norte;Capotamento;1;;;;;;;;;;4;;;;
13/02/2019;11:54:00;117;com vítima;211,27;BR-101/RJ;Sul;Choque - Defensa, barreira ou "submarino";1;;;;;;;;;;0;1;;;
13/02/2019;12:03:00;120;sem vítima;288,787;BR-101/RJ;Norte;Choque - Defensa, barreira ou "submarino";1;;;;;;;;;;1;;;;
13/02/2019;12:41:00;125;com vítima;81,602;BR-101/RJ;Sul;Colisão Transversal;1;;;;;;;;;1;1;1;2;;
13/02/2019;14:32:00;140;com vítima;86,939;BR-101/RJ;Norte;Choque - Talude;;;;;;;;;;1;0;;1;;
13/02/2019;14:39:00;144;sem vítima;91,65;BR-101/RJ;Norte;Choque - Defensa, barreira ou "submarino";1;;;;;;;;;;1;;;;
13/02/2019;15:58:00;153;com vítima;67,355;BR-101/RJ;Norte;Atropelamento - Usuário;;;;;;1;;;;;1;1;;;
14/02/2019;00:14:00;25;sem vítima;8,15;BR-101/RJ;Norte;Atropelamento de Animal;1;;;;;;;;;;1;;;;
14/02/2019;00:29:00;27;com vítima;81,4;BR-101/RJ;Sul;Atropelamento - Ciclista;;1;;;;1;;;;;1;;1;;
14/02/2019;04:32:00;41;sem vítima;215,065;BR-101/RJ;Sul;Colisão Lateral;;;2;;;;;;;;2;;;;
14/02/2019;08:29:00;87;sem vítima;196,208;BR-101/RJ;Norte;Tombamento;;;1;;;;;;;;2;;;;
14/02/2019;11:41:00;150;sem vítima;321,8;BR-101/RJ;Norte;Colisão Traseira;2;;;;;;;;;;2;;;;
14/02/2019;15:20:00;201;sem vítima;230,4;BR-101/RJ;Norte;Choque - Defensa, barreira ou "submarino";1;;;;;;;;;;1;;;;
14/02/2019;23:46:00;278;sem vítima;314,583;BR-101/RJ;Sul;Choque - Defensa, barreira ou "submarino";1;;;;;;;;;;1;;;;
15/02/2019;01:40:00;29;com vítima;102,829;BR-101/RJ;Norte;Choque - Defensa, barreira ou "submarino";1;;;;;;;;;;4;1;;;
15/02/2019;07:49:00;59;com vítima;321,9;BR-101/RJ;Norte;Colisão Transversal;1;;;;;;;;;1;2;1;;;
15/02/2019;11:18:00;115;com vítima;303,207;BR-101/RJ;Norte;Choque - Defensa, barreira ou "submarino";;1;1;;;;;;;;1;1;;;
15/02/2019;12:16:00;127;sem vítima;251,555;BR-101/RJ;Sul;Choque - Defensa, barreira ou "submarino";1;;;;;;;;;;1;;;;
15/02/2019;13:01:00;138;com vítima;297,455;BR-101/RJ;Norte;Choque - Elemento de Drenagem;;;;;;;;;;1;0;4;;;
15/02/2019;13:32:00;145;sem vítima;290,9;BR-101/RJ;Sul;Colisão Traseira;2;;;;;;;;;;2;;;;
15/02/2019;14:06:00;155;sem vítima;267,91;BR-101/RJ;Norte;Colisão Traseira;2;;;;;;;;;;2;;;;
15/02/2019;16:34:00;182;sem vítima;319,929;BR-101/RJ;Norte;Colisão Traseira;1;;;;;1;;;;;2;;;;
15/02/2019;19:17:00;217;com vítima;188,055;BR-101/RJ;Sul;Colisão Traseira;2;;;;;;;;;;5;;1;;
15/02/2019;20:47:00;235;com vítima;320,222;BR-101/RJ;Sul;Colisão Traseira;;;;1;;;;;;1;1;1;;;
15/02/2019;21:45:00;239;com vítima;69,15;BR-101/RJ;Sul;Colisão Transversal;1;;;;;;;;;1;10;1;;;
15/02/2019;23:28:00;251;sem vítima;183,941;BR-101/RJ;Sul;Choque - Objeto sobre a pista;2;;;;;;;;;;2;;;;
16/02/2019;00:24:00;24;sem vítima;218,781;BR-101/RJ;Sul;Capotamento;1;;;;;;;;;;1;;;;
16/02/2019;03:40:00;34;com vítima;277,754;BR-101/RJ;Sul;Atropelamento de Animal;1;;;;;;;;;;1;1;;;
16/02/2019;04:34:00;37;com vítima;125,765;BR-101/RJ;Norte;Choque - Suporte de Sinalização;1;;;;;;;;;;0;1;;;
16/02/2019;06:55:00;50;sem vítima;320,844;BR-101/RJ;Sul;Colisão Traseira;2;;;;;;;;;;3;;;;
16/02/2019;07:52:00;59;sem vítima;198,35;BR-101/RJ;Norte;Choque - Talude;1;;;;;;;;;;1;;;;
16/02/2019;08:54:00;75;sem vítima;296,315;BR-101/RJ;Sul;Choque - Elemento de Drenagem;;;;;1;;;;;;1;;;;
16/02/2019;10:28:00;89;sem vítima;320,288;BR-101/RJ;Sul;Colisão Traseira;2;;;;;;;;;;2;;;;
16/02/2019;11:18:00;99;sem vítima;321,8;BR-101/RJ;Sul;Colisão Traseira;1;;;;;1;;;;;2;;;;
16/02/2019;12:19:00;109;sem vítima;280,64;BR-101/RJ;Sul;Colisão Transversal;2;;;;;;;;;;5;;;;
16/02/2019;13:33:00;120;sem vítima;198,43;BR-101/RJ;Norte;Choque - Defensa, barreira ou "submarino";1;;;;;;;;;;2;;;;
16/02/2019;16:48:00;139;sem vítima;85,446;BR-101/RJ;Sul;Choque - Defensa, barreira ou "submarino";1;;;;;;;;;;1;;;;
16/02/2019;16:05:00;143;sem vítima;321,829;BR-101/RJ;Norte;Colisão Traseira;1;;;;;1;;;;;3;;;;
16/02/2019;16:07:00;144;sem vítima;92,683;BR-101/RJ;Norte;Choque - Defensa, barreira ou "submarino";1;;;;;;;;;;1;;;;
16/02/2019;19:28:00;167;sem vítima;93,644;BR-101/RJ;Norte;Choque - Defensa, barreira ou "submarino";2;;;;;;;;;;2;;;;
16/02/2019;19:50:00;170;com vítima;88,76;BR-101/RJ;Norte;Tombamento;;;;1;;;;;;;0;1;;;
16/02/2019;19:57:00;172;sem vítima;321,813;BR-101/RJ;Norte;Colisão Traseira;1;;;;1;;;;;;2;;;;
16/02/2019;20:15:00;174;com vítima;289,465;BR-101/RJ;Sul;Atropelamento - Morador;;;;;;1;;;;;1;1;;;
16/02/2019;20:19:00;176;sem vítima;260,582;BR-101/RJ;Norte;Colisão Traseira;1;;;;;1;;;;;2;;;;
17/02/2019;00:48:00;22;sem vítima;92,59;BR-101/RJ;Norte;Choque - Defensa, barreira ou "submarino";1;;;;;;;;;;5;;;;
17/02/2019;09:02:00;49;com vítima;237,91;BR-101/RJ;Norte;Choque - Suporte de Sinalização;1;;;;;;;;;;0;2;1;;2
17/02/2019;10:25:00;59;sem vítima;320,213;BR-101/RJ;Sul;Choque - Defensa, barreira ou "submarino";1;;;;;;;;;;1;;;;
17/02/2019;14:26:00;83;sem vítima;310,3;BR-101/RJ;Sul;Choque - Defensa, barreira ou "submarino";;;;;;;;;;1;1;;;;
17/02/2019;15:01:00;88;sem vítima;319,25;BR-101/RJ;Sul;Colisão Traseira;2;;;;;;;;;;2;;;;
17/02/2019;15:48:00;96;sem vítima;314,099;BR-101/RJ;Sul;Colisão Traseira;1;;;;;1;;;;;3;;;;
17/02/2019;18:04:00;123;com vítima;288,709;BR-101/RJ;Sul;Colisão Traseira;1;;;;;1;;;;;1;4;;;
17/02/2019;19:11:00;146;sem vítima;297,307;BR-101/RJ;Norte;Colisão Transversal;1;;;;;1;;;;;5;;;;
17/02/2019;20:04:00;156;sem vítima;218,788;BR-101/RJ;Norte;Choque - Suporte de Sinalização;1;;;;;;;;;;5;;;;
18/02/2019;02:55:00;31;sem vítima;182,087;BR-101/RJ;Norte;Choque - Defensa, barreira ou "submarino";1;;;;;;;;;;1;;;;
18/02/2019;13:00:00;149;sem vítima;280,832;BR-101/RJ;Sul;Choque - Defensa, barreira ou "submarino";1;;;;;;;;;;1;;;;
18/02/2019;16:28:00;193;com vítima;260,509;BR-101/RJ;Norte;Colisão Traseira;1;;;1;;;;;;;1;1;;;
18/02/2019;17:16:00;202;sem vítima;262,15;BR-101/RJ;Sul;Choque - Defensa, barreira ou "submarino";1;;;;;;;;;;1;;;;
18/02/2019;17:47:00;209;sem vítima;66,45;BR-101/RJ;Norte;Choque - Elemento de Drenagem;1;;;;;;;;;;1;;;;