data;horario;n_da_ocorrencia;tipo_de_ocorrencia;km;trecho;sentido;tipo_de_acidente;automovel;bicicleta;caminhao;moto;onibus;outros;tracao_animal;transporte_de_cargas_especiais;trator_maquinas;utilitarios;ilesos;levemente_feridos;moderadamente_feridos;gravemente_feridos;mortos
18/02/2019;19:55:00;232;sem vítima;236,606;BR-101/RJ;Sul;Choque - Defensa, barreira ou "submarino";;;1;;;;;;;;1;;;;
18/02/2019;20:31:00;238;com vítima;65,5;BR-101/RJ;Norte;Colisão Transversal;1;;;1;;;;;;;1;2;;;
18/02/2019;22:23:00;252;com vítima;39,515;BR-101/RJ;Sul;Colisão Frontal;1;;1;;;;;;;;1;;;3;1
18/02/2019;23:16:00;255;sem vítima;296,459;BR-101/RJ;Norte;Colisão Traseira;1;;1;;;;;;;;3;;;;
18/02/2019;23:28:00;256;sem vítima;307,101;BR-101/RJ;Norte;Choque - Defensa, barreira ou "submarino";1;;;;;;;;;;1;;;;
18/02/2019;23:28:00;257;sem vítima;296,459;BR-101/RJ;Norte;Choque - Defensa, barreira ou "submarino";1;;;;;;;;;;1;;;;
19/02/2019;00:06:00;20;com vítima;256,851;BR-101/RJ;Norte;Colisão Traseira;;;1;1;;;;;;;1;1;;;1
19/02/2019;00:20:00;21;com vítima;271,137;BR-101/RJ;Norte;Tombamento;;;;1;;;;;;;0;1;;;
19/02/2019;01:24:00;26;sem vítima;179,05;BR-101/RJ;Sul;Capotamento;1;;;;;;;;;;4;;;;
19/02/2019;05:54:00;50;sem vítima;198,45;BR-101/RJ;Sul;Choque - Defensa, barreira ou "submarino";1;;;;;;;;;;1;;;;
19/02/2019;09:02:00;87;sem vítima;193,525;BR-101/RJ;Norte;Choque - Outros;;;;;;1;;;;;1;;;;
19/02/2019;16:33:00;197;com vítima;303,776;BR-101/RJ;Norte;Choque - Defensa, barreira ou "submarino";1;;;;;;;;;;0;3;1;;
19/02/2019;16:49:00;198;com vítima;87,661;BR-101/RJ;Norte;Capotamento;1;;;;;;;;;;0;1;;;
19/02/2019;17:49:00;209;com vítima;66,5;BR-101/RJ;Norte;Atropelamento - Ciclista;;1;;;;1;;;;;1;1;;;
19/02/2019;19:36:00;232;sem vítima;280,96;BR-101/RJ;Sul;Objeto lançado contra veículo;1;;1;;;;;;;;4;;;;
20/02/2019;00:58:00;24;sem vítima;309,92;BR-101/RJ;Sul;Colisão Lateral;2;;;;;;;;;;2;;;;
20/02/2019;14:53:00;163;sem vítima;136,529;BR-101/RJ;Sul;Choque - Defensa, barreira ou "submarino";1;;;;;;;;;;1;;;;
20/02/2019;14:55:00;164;com vítima;302,363;BR-101/RJ;Norte;Choque - Defensa, barreira ou "submarino";1;;;;;;;;;;0;1;;;
20/02/2019;15:07:00;169;sem vítima;300,582;BR-101/RJ;Norte;Colisão Traseira;1;;1;;;;;;;;3;;;;
20/02/2019;15:15:00;172;sem vítima;302,5;BR-101/RJ;Norte;Colisão Traseira;2;;;;;;;;;;2;;;;
20/02/2019;15:23:00;175;com vítima;319,348;BR-101/RJ;Sul;Tombamento;;;;1;;;;;;;0;1;;;
20/02/2019;19:18:00;232;com vítima;298,869;BR-101/RJ;Norte;Colisão Transversal;2;;;;;;;;;;1;;1;;
20/02/2019;19:29:00;235;com vítima;303,289;BR-101/RJ;Norte;Colisão Traseira;;;;1;;1;;;;;2;1;;;
20/02/2019;23:46:00;272;sem vítima;98,596;BR-101/RJ;Norte;Saida de Pista;1;;;;1;;;;;;2;;;;
21/02/2019;07:00:00;51;com vítima;318,378;BR-101/RJ;Sul;Engavetamento;2;;;;;1;;;;;8;1;;;
21/02/2019;12:48:00;116;sem vítima;309,552;BR-101/RJ;Norte;Engavetamento;2;;;;;1;;;;;3;;;;
21/02/2019;15:41:00;139;com vítima;116,954;BR-101/RJ;Sul;Tombamento;;;1;;;;;;;;0;1;;;
21/02/2019;16:20:00;148;sem vítima;213,5;BR-101/RJ;Sul;Colisão Lateral;1;;1;;;;;;;;2;;;;
21/02/2019;18:10:00;171;com vítima;321,89;BR-101/RJ;Norte;Colisão Lateral;1;;;1;;;;;;;4;1;;;
21/02/2019;18:32:00;179;sem vítima;299,48;BR-101/RJ;Sul;Choque - Cancela de Pedagio;;;;1;;;;;;;1;;;;
21/02/2019;20:07:00;191;sem vítima;162,132;BR-101/RJ;Norte;Atropelamento de Animal;1;;;;;;;;;;1;;;;
22/02/2019;01:11:00;28;sem vítima;271,3;BR-101/RJ;Norte;Saida de Pista;;;1;;;;;;;;1;;;;
22/02/2019;06:22:00;49;com vítima;318,855;BR-101/RJ;Sul;Colisão Traseira;2;;;1;;;;;;;2;1;;;
22/02/2019;07:15:00;63;sem vítima;211,7;BR-101/RJ;Norte;Choque - Suporte de Sinalização;;;1;;;;;;;;2;;;;
22/02/2019;11:00:00;126;sem vítima;320,045;BR-101/RJ;Sul;Colisão Transversal;1;;1;;;;;;;;4;;;;
22/02/2019;11:05:00;129;sem vítima;320,05;BR-101/RJ;Sul;Colisão Traseira;1;;;1;;;;;;;2;;;;
22/02/2019;12:19:00;151;sem vítima;313,69;BR-101/RJ;Norte;Colisão Lateral;2;;;;;;;;;;2;;;;
22/02/2019;13:02:00;162;com vítima;73,75;BR-101/RJ;Norte;Tombamento;;;;1;;;;;;;0;2;;;
22/02/2019;13:10:00;163;com vítima;75,46;BR-101/RJ;Norte;Tombamento;;;;1;;;;;;;0;;;1;
22/02/2019;14:29:00;172;com vítima;236,1;BR-101/RJ;Sul;Colisão Transversal;2;;;;;;;;;;0;2;;;
22/02/2019;15:21:00;179;com vítima;283,78;BR-101/RJ;Norte;Tombamento;;;;1;;;;;;;0;1;;;
22/02/2019;23:22:00;250;com vítima;294,465;BR-101/RJ;Sul;Colisão Traseira;1;;;1;;;;;;;1;2;;;
23/02/2019;00:00:00;19;com vítima;252,82;BR-101/RJ;Sul;Colisão Traseira;1;;;1;;;;;;;1;1;;;
23/02/2019;04:34:00;46;sem vítima;262,607;BR-101/RJ;Norte;Choque - Defensa, barreira ou "submarino";1;;;;;;;;;;1;;;;
23/02/2019;04:46:00;47;sem vítima;314,401;BR-101/RJ;Norte;Tombamento;1;;;;;;;;;;4;;;;
23/02/2019;05:04:00;48;sem vítima;320,233;BR-101/RJ;Norte;Choque - Suporte de Sinalização;1;;;;;;;;;;1;;;;
23/02/2019;07:00:00;61;com vítima;119,136;BR-101/RJ;Sul;Colisão Transversal;1;;;;;;;;;;0;2;1;;
23/02/2019;09:22:00;89;com vítima;311,018;BR-101/RJ;Sul;Colisão Traseira;;;;1;;1;;;;;1;1;;;
23/02/2019;10:34:00;105;sem vítima;284,5;BR-101/RJ;Norte;Choque - Defensa, barreira ou "submarino";1;;;;;;;;;;1;;;;
23/02/2019;11:33:00;120;sem vítima;122,9;BR-101/RJ;Norte;Colisão Traseira;1;;1;;;;;;;;3;;;;
23/02/2019;20:19:00;205;com vítima;262,517;BR-101/RJ;Sul;Capotamento;1;;;;;;;;;;0;1;;;
24/02/2019;01:56:00;28;sem vítima;301,695;BR-101/RJ;Sul;Choque - Objeto sobre a pista;1;;;;;;;;;;1;;;;
24/02/2019;03:56:00;38;com vítima;62,213;BR-101/RJ;Norte;Choque - Elemento de Drenagem;;;;1;;;;;;;0;1;;;
24/02/2019;04:15:00;40;com vítima;295,091;BR-101/RJ;Sul;Choque - Elemento de Drenagem;1;;;;;;;;;;0;6;;;
24/02/2019;14:14:00;126;sem vítima;81,524;BR-101/RJ;Norte;Colisão Lateral;1;;;;;;;;;1;5;;;;
24/02/2019;15:51:00;144;com vítima;206,859;BR-101/RJ;Sul;Atropelamento - Ambulante;1;;;;;;;;;;3;1;;;
24/02/2019;15:56:00;145;sem vítima;293,355;BR-101/RJ;Sul;Colisão Traseira;2;;;;;;;;;;2;;;;
24/02/2019;19:09:00;190;com vítima;209,328;BR-101/RJ;Sul;Tombamento;;;;1;;;;;;;1;1;;;
24/02/2019;23:00:00;220;com vítima;317,36;BR-101/RJ;Norte;Atropelamento - Andarilho;1;;;;;;;;;;2;;;;1
24/02/2019;23:49:00;224;com vítima;109,2;BR-101/RJ;Norte;Capotamento;1;;;;;;;;;;0;3;;;
25/02/2019;01:05:00;26;com vítima;20,8;BR-101/RJ;Norte;Choque - Defensa, barreira ou "submarino";;;;;;;;;;1;0;1;;;
25/02/2019;01:55:00;33;sem vítima;197,083;BR-101/RJ;Norte;Choque - Objeto sobre a pista;;;1;;;;;;;;1;;;;
25/02/2019;06:42:00;58;com vítima;18,35;BR-101/RJ;Norte;Colisão Lateral;;;1;;1;;;;;;1;3;1;;
25/02/2019;07:09:00;71;sem vítima;252,933;BR-101/RJ;Norte;Choque - Defensa, barreira ou "submarino";1;;;;;;;;;;1;;;;
25/02/2019;07:16:00;72;com vítima;46,956;BR-101/RJ;Sul;Colisão Transversal;2;;;;;;;;;;2;2;;;
25/02/2019;07:28:00;75;sem vítima;280,347;BR-101/RJ;Sul;Colisão Traseira;2;;;;;1;;;;;3;;;;
25/02/2019;08:26:00;83;com vítima;50,67;BR-101/RJ;Norte;Colisão Lateral;1;;;1;;;;;;;5;2;;;
25/02/2019;11:09:00;141;sem vítima;318,2;BR-101/RJ;Sul;Choque - Objeto sobre a pista;1;;;;;;;;;;1;;;;
25/02/2019;11:12:00;142;sem vítima;318,2;BR-101/RJ;Sul;Choque - Objeto sobre a pista;1;;;;;;;;;;1;;;;
25/02/2019;13:22:00;175;com vítima;76,337;BR-101/RJ;Norte;Colisão Frontal;1;;1;;;;;;;;0;2;;;
25/02/2019;20:10:00;254;com vítima;311,405;BR-101/RJ;Sul;Atropelamento de Animal;;;;1;;;;;;;0;1;;;
25/02/2019;21:31:00;262;sem vítima;321,058;BR-101/RJ;Sul;Colisão Traseira;2;;;;;;;;;;2;;;;
25/02/2019;22:35:00;267;sem vítima;306,433;BR-101/RJ;Norte;Colisão Traseira;1;;1;;;;;;;;2;;;;
26/02/2019;01:33:00;26;sem vítima;249,057;BR-101/RJ;Sul;Choque - Defensa, barreira ou "submarino";1;;;;;;;;;;1;;;;
26/02/2019;06:54:00;57;sem vítima;309,681;BR-101/RJ;Sul;Colisão Traseira;1;;;;;1;;;;;3;;;;
26/02/2019;12:23:00;149;com vítima;67,4;BR-101/RJ;Norte;Engavetamento;3;;;;;;;;;;4;2;;;
26/02/2019;14:23:00;164;com vítima;299,976;BR-101/RJ;Sul;Colisão Traseira;1;;;1;;;;;;;1;1;;;
26/02/2019;14:31:00;166;sem vítima;289,814;BR-101/RJ;Sul;Choque - Defensa, barreira ou "submarino";1;;;;;;;;;;1;;;;
26/02/2019;14:57:00;168;com vítima;293,15;BR-101/RJ;Norte;Colisão Traseira;1;;;1;;;;;;;3;1;;;
26/02/2019;19:57:00;204;com vítima;207;BR-101/RJ;Sul;Atropelamento - Outros;1;;;;;;;;;;1;1;;;
26/02/2019;22:38:00;221;sem vítima;309,37;BR-101/RJ;Norte;Colisão Traseira;;;1;;;1;;;;;2;;;;
27/02/2019;04:21:00;37;com vítima;285,087;BR-101/RJ;Sul;Colisão Traseira;;;2;;;;;;;;1;;1;;
27/02/2019;04:28:00;38;sem vítima;297,963;BR-101/RJ;Sul;Choque - Defensa, barreira ou "submarino";1;;;;;;;;;;1;;;;
27/02/2019;06:10:00;49;sem vítima;282,944;BR-101/RJ;Sul;Colisão Lateral;1;;1;;;;;;;;2;;;;
27/02/2019;14:50:00;145;sem vítima;193,083;BR-101/RJ;Norte;Colisão Traseira;2;;;;;;;;;;3;;;;
27/02/2019;17:18:00;176;sem vítima;297,2;BR-101/RJ;Norte;Colisão Lateral;;;1;;;;;;;1;3;;;;
27/02/2019;17:41:00;185;com vítima;175,622;BR-101/RJ;Sul;Tombamento;;;;1;;;;;;;0;;1;;
27/02/2019;18:55:00;195;sem vítima;312,99;BR-101/RJ;Norte;Engavetamento;3;;;;;;;;;;6;;;;
27/02/2019;19:45:00;204;sem vítima;67,2;BR-101/RJ;Norte;Engavetamento;2;;1;;;;;;;;5;;;;
27/02/2019;20:23:00;206;sem vítima;319,922;BR-101/RJ;Norte;Colisão Lateral;1;;;;1;;;;;;2;;;;
28/02/2019;00:13:00;19;sem vítima;317,89;BR-101/RJ;Sul;Atropelamento de Animal;;;1;;;;;;;;1;;;;
28/02/2019;10:14:00;97;sem vítima;321,166;BR-101/RJ;Sul;Colisão Traseira;;;1;;;1;;;;;3;;;;
28/02/2019;12:23:00;135;com vítima;278,681;BR-101/RJ;Norte;Capotamento;1;;;;;;;;;;3;1;;;
28/02/2019;12:38:00;138;com vítima;311,471;BR-101/RJ;Sul;Choque - Defensa, barreira ou "submarino";1;;;;;;;;;;0;1;;;
28/02/2019;15:49:00;199;sem vítima;318,421;BR-101/RJ;Norte;Engavetamento;3;;;;;;;;;;5;;;;
28/02/2019;17:15:00;224;sem vítima;91,5;BR-101/RJ;Norte;Choque - Defensa, barreira ou "submarino";1;;;;;;;;;;2;;;;
28/02/2019;18:32:00;239;sem vítima;192,82;BR-101/RJ;Norte;Choque - Outros;;;1;;;;;;;;1;;;;
28/02/2019;23:44:00;283;com vítima;259,076;BR-101/RJ;Sul;Atropelamento - Sem Informação;;;;;;1;;;;;1;;;;1
01/03/2019;03:36:00;41;sem vítima;249,03;BR-101/RJ;Sul;Choque - Elemento de Drenagem;;;1;;;;;;;;1;;;;
01/03/2019;07:44:00;80;com vítima;303,865;BR-101/RJ;Norte;Colisão Lateral;1;;;1;;;;;;;2;;1;;
01/03/2019;11:48:00;171;sem vítima;294,3;BR-101/RJ;Sul;Colisão Traseira;2;;;;;;;;;;2;;;;
01/03/2019;11:54:00;173;sem vítima;307,269;BR-101/RJ;Norte;Colisão Traseira;2;;;;;;;;;;2;;;;
01/03/2019;12:45:00;185;sem vítima;57,009;BR-101/RJ;Sul;Colisão Traseira;2;;;;;;;;;;2;;;;
01/03/2019;13:48:00;207;com vítima;51,311;BR-101/RJ;Norte;Objeto lançado contra veículo;2;;;;;;;;;;6;;1;;
01/03/2019;13:53:00;209;sem vítima;287,3;BR-101/RJ;Norte;Engavetamento;4;;;;;;;;;;13;;;;
01/03/2019;15:07:00;224;sem vítima;51,311;BR-101/RJ;Norte;Colisão Lateral;1;;;;;1;;;;;2;;;;
01/03/2019;15:08:00;225;com vítima;254,7;BR-101/RJ;Sul;Choque - Defensa, barreira ou "submarino";;;1;;;;;;;;0;;1;;
01/03/2019;15:42:00;231;sem vítima;60,38;BR-101/RJ;Norte;Colisão Transversal;1;;1;;;;;;;;2;;;;
01/03/2019;16:17:00;245;com vítima;292,459;BR-101/RJ;Sul;Engavetamento;3;;;;;;;;;;3;1;;;
01/03/2019;18:09:00;274;sem vítima;46,587;BR-101/RJ;Sul;Atropelamento de Animal;1;;;;;;;;;;1;;;;
01/03/2019;18:49:00;284;sem vítima;81,577;BR-101/RJ;Sul;Colisão Traseira;1;;1;;;;;;;;2;;;;
01/03/2019;22:04:00;324;com vítima;46,946;BR-101/RJ;Sul;Choque - Elemento de Drenagem;1;;;;;;;;;;0;1;;;
02/03/2019;01:20:00;25;sem vítima;270,2;BR-101/RJ;Sul;Choque - Elemento de Drenagem;1;;;;;;;;;;1;;;;
02/03/2019;02:13:00;28;sem vítima;279,341;BR-101/RJ;Sul;Choque - Elemento de Drenagem;1;;;;;;;;;;1;;;;
02/03/2019;06:56:00;71;sem vítima;63,456;BR-101/RJ;Sul;Choque - Defensa, barreira ou "submarino";1;;1;;;;;;;;3;;;;
02/03/2019;07:27:00;82;com vítima;255,8;BR-101/RJ;Sul;Choque - Suporte de Sinalização;;;1;;;;;;;;1;1;1;;
02/03/2019;07:30:00;83;sem vítima;27,8;BR-101/RJ;Sul;Engavetamento;3;;;;;;;;;;13;;;;
02/03/2019;09:46:00;113;com vítima;315,26;BR-101/RJ;Norte;Colisão Traseira;1;;;1;;;;;;;1;1;1;;
02/03/2019;09:49:00;118;sem vítima;190,389;BR-101/RJ;Norte;Engavetamento;4;;;;;;;;;;13;;;;
02/03/2019;11:07:00;141;com vítima;139,519;BR-101/RJ;Norte;Engavetamento;4;;;;;;;;;;10;1;;;
02/03/2019;13:42:00;195;com vítima;152,8;BR-101/RJ;Norte;Colisão Frontal;1;;1;;;;;;;;1;2;1;;2
02/03/2019;14:38:00;211;sem vítima;315,99;BR-101/RJ;Norte;Colisão Traseira;1;;;;;1;;;;;2;;;;
02/03/2019;16:50:00;254;sem vítima;154,921;BR-101/RJ;Norte;Colisão Traseira;2;;;;;;;;;;7;;;;
02/03/2019;17:35:00;266;com vítima;101,631;BR-101/RJ;Sul;Engavetamento;3;;;;;;;;;;7;5;;;
02/03/2019;18:02:00;272;com vítima;269;BR-101/RJ;Norte;Tombamento;;;;1;;;;;;;0;1;;;
02/03/2019;20:05:00;302;sem vítima;265,145;BR-101/RJ;Norte;Colisão Transversal;2;;;;;;;;;;2;;;;
02/03/2019;21:26:00;316;sem vítima;271,001;BR-101/RJ;Norte;Colisão Traseira;2;;;;;;;;;;7;;;;
03/03/2019;03:35:00;26;sem vítima;296,447;BR-101/RJ;Norte;Choque - Defensa, barreira ou "submarino";1;;;;;;;;;;1;;;;
03/03/2019;16:45:00;154;sem vítima;293,384;BR-101/RJ;Sul;Choque - Defensa, barreira ou "submarino";1;;;;;;;;;;1;;;;
03/03/2019;16:46:00;155;sem vítima;13,461;BR-101/RJ;Norte;Choque - Suporte de Sinalização;1;;;;;;;;;;4;;;;
04/03/2019;06:38:00;34;sem vítima;297,92;BR-101/RJ;Norte;Choque - Defensa, barreira ou "submarino";1;;;;;;;;;;2;;;;
04/03/2019;14:56:00;106;com vítima;232,832;BR-101/RJ;Norte;Choque - Defensa, barreira ou "submarino";1;;;;;;;;;;1;2;;;
04/03/2019;15:02:00;108;sem vítima;320,212;BR-101/RJ;Sul;Colisão Lateral;2;;;;;;;;;;2;;;;
04/03/2019;15:41:00;117;sem vítima;266,055;BR-101/RJ;Sul;Choque - Defensa, barreira ou "submarino";1;;;;;;;;;;5;;;;
04/03/2019;17:45:00;136;com vítima;289,47;BR-101/RJ;Sul;Choque - Suporte de Sinalização;1;;;;;;;;;;0;1;;;
04/03/2019;17:50:00;139;com vítima;282,76;BR-101/RJ;Norte;Colisão Lateral;1;;;1;;;;;;;3;1;;;
04/03/2019;23:00:00;176;sem vítima;63,331;BR-101/RJ;Norte;Colisão Transversal;1;;1;;;;;;;;4;;;;
05/03/2019;04:42:00;32;com vítima;297,687;BR-101/RJ;Norte;Choque - Defensa, barreira ou "submarino";1;;;;;;;;;;7;1;;;
05/03/2019;09:56:00;61;sem vítima;86,98;BR-101/RJ;Norte;Colisão Lateral;2;;;;;;;;;;3;;;;
05/03/2019;10:41:00;69;sem vítima;297,58;BR-101/RJ;Norte;Tombamento;;;;1;;;;;;;1;;;;
05/03/2019;13:28:00;86;sem vítima;320,658;BR-101/RJ;Sul;Colisão Traseira;2;;;;;;;;;;6;;;;
05/03/2019;13:29:00;88;com vítima;158,059;BR-101/RJ;Sul;Choque - Defensa, barreira ou "submarino";1;;;;;;;;;;2;1;;;
05/03/2019;14:53:00;101;sem vítima;319,386;BR-101/RJ;Sul;Engavetamento;3;;;;;;;;;;3;;;;
05/03/2019;17:36:00;135;sem vítima;59,474;BR-101/RJ;Norte;Colisão Transversal;2;;;;;;;;;;2;;;;
06/03/2019;00:46:00;20;sem vítima;218,619;BR-101/RJ;Norte;Choque - Defensa, barreira ou "submarino";1;;;;;;;;;;6;;;;
06/03/2019;05:47:00;35;sem vítima;289,511;BR-101/RJ;Sul;Colisão Traseira;2;;;;;;;;;;6;;;;
06/03/2019;07:04:00;45;sem vítima;49,5;BR-101/RJ;Sul;Colisão Traseira;1;;1;;;;;;;;2;;;;
06/03/2019;10:40:00;108;com vítima;262,061;BR-101/RJ;Sul;Colisão Lateral;1;;;1;;;;;;;1;2;;;
06/03/2019;11:03:00;116;sem vítima;290,778;BR-101/RJ;Sul;Colisão Traseira;2;;;;;;;;;;2;;;;
06/03/2019;11:22:00;127;sem vítima;210,686;BR-101/RJ;Norte;Choque - Talude;1;;;;;;;;;;2;;;;
06/03/2019;16:22:00;200;com vítima;271,08;BR-101/RJ;Sul;Atropelamento - Morador;;;;;;1;;;;;1;2;;;
06/03/2019;17:03:00;211;sem vítima;267,45;BR-101/RJ;Sul;Colisão Traseira;1;;1;;;;;;;;2;;;;
06/03/2019;18:39:00;230;com vítima;282,081;BR-101/RJ;Sul;Atropelamento - Morador;1;;;;;;;;;;2;1;;;
07/03/2019;05:57:00;31;com vítima;198,4;BR-101/RJ;Norte;Atropelamento - Ciclista;;1;;;;1;;;;;1;;;;1
07/03/2019;07:37:00;54;com vítima;313,121;BR-101/RJ;Sul;Colisão Lateral;1;;;1;;;;;;;3;1;;;
07/03/2019;11:28:00;122;sem vítima;267,414;BR-101/RJ;Sul;Colisão Traseira;2;;;;;;;;;;10;;;;
07/03/2019;11:37:00;126;com vítima;267,228;BR-101/RJ;Sul;Engavetamento;3;;;;;1;;;;;10;2;;;
07/03/2019;13:55:00;164;com vítima;72,486;BR-101/RJ;Norte;Colisão Frontal;1;;;;1;;;;;;1;1;1;;
07/03/2019;14:53:00;178;com vítima;295,156;BR-101/RJ;Sul;Colisão Traseira;1;;;1;;;;;;;3;1;;;
07/03/2019;16:15:00;206;sem vítima;299,65;BR-101/RJ;Sul;Choque - Outros;;;1;;;;;;;;1;;;;
07/03/2019;16:46:00;214;sem vítima;48,334;BR-101/RJ;Norte;Colisão Traseira;1;;1;;;;;;;;2;;;;
07/03/2019;16:55:00;219;sem vítima;83,676;BR-101/RJ;Norte;Choque - Elemento de Drenagem;1;;;;;;;;;;2;;;;
07/03/2019;17:42:00;228;com vítima;122,64;BR-101/RJ;Sul;Capotamento;1;;;;;;;;;;0;1;1;;
07/03/2019;21:31:00;275;sem vítima;109,409;BR-101/RJ;Norte;Choque - Objeto sobre a pista;1;;;;;;;;;;1;;;;
08/03/2019;04:47:00;27;com vítima;94,188;BR-101/RJ;Norte;Colisão Traseira;;;;;;1;;;;1;1;2;;;
08/03/2019;12:41:00;121;com vítima;247,756;BR-101/RJ;Sul;Colisão Lateral;1;;1;;;;;;;;5;2;;;
08/03/2019;20:40:00;199;com vítima;267,15;BR-101/RJ;Sul;Colisão Traseira;1;;;1;;;;;;;1;1;;;
09/03/2019;05:58:00;30;com vítima;320,6;BR-101/RJ;Sul;Choque - Defensa, barreira ou "submarino";1;;;;;;;;;;0;2;;;
09/03/2019;09:46:00;75;sem vítima;309,124;BR-101/RJ;Norte;Choque - Defensa, barreira ou "submarino";1;;;;;;;;;;1;;;;
09/03/2019;11:05:00;93;sem vítima;309,844;BR-101/RJ;Sul;Engavetamento;3;;;;;;;;;;10;;;;
09/03/2019;11:57:00;103;com vítima;66,495;BR-101/RJ;Norte;Tombamento;;;;1;;;;;;;0;1;;;
09/03/2019;13:44:00;126;com vítima;27,9;BR-101/RJ;Sul;Colisão Traseira;1;;1;;;;;;;;7;1;;;
09/03/2019;14:59:00;138;sem vítima;229,301;BR-101/RJ;Norte;Choque - Elemento de Drenagem;1;;;;;;;;;;1;;;;
09/03/2019;15:20:00;142;com vítima;316,642;BR-101/RJ;Norte;Colisão Lateral;;;;1;;1;;;;;1;1;;;
10/03/2019;02:45:00;27;sem vítima;57,67;BR-101/RJ;Norte;Choque - Defensa, barreira ou "submarino";1;;;;;;;;;;5;;;;
10/03/2019;06:46:00;37;com vítima;312,735;BR-101/RJ;Norte;Tombamento;;;;1;;;;;;;0;;1;;
10/03/2019;07:00:00;38;com vítima;297,796;BR-101/RJ;Sul;Colisão Lateral;1;;;1;;;;;;;1;1;;;
10/03/2019;08:03:00;50;com vítima;274,77;BR-101/RJ;Norte;Colisão Traseira;;1;;;;1;;;;;1;1;;;
10/03/2019;10:30:00;74;sem vítima;223,909;BR-101/RJ;Norte;Choque - Elemento de Drenagem;1;;;;;;;;;;5;;;;
10/03/2019;13:13:00;100;sem vítima;289,5;BR-101/RJ;Sul;Colisão Traseira;1;;;;;;;;;;1;;;;
11/03/2019;04:45:00;31;sem vítima;305,325;BR-101/RJ;Norte;Atropelamento de Animal;1;;;;;;;;;;2;;;;
11/03/2019;04:45:00;33;sem vítima;305,325;BR-101/RJ;Norte;Atropelamento de Animal;1;;;;;;;;;;1;;;;
11/03/2019;11:52:00;127;sem vítima;318,111;BR-101/RJ;Sul;Colisão Frontal;2;;;;;;;;;;3;;;;
11/03/2019;12:59:00;136;sem vítima;297,005;BR-101/RJ;Sul;Colisão Lateral;1;;;;1;;;;;;2;;;;
11/03/2019;15:12:00;154;com vítima;239,05;BR-101/RJ;Sul;Choque - Defensa, barreira ou "submarino";;;1;;;;;;;;0;1;;;
11/03/2019;17:12:00;189;sem vítima;62,559;BR-101/RJ;Norte;Engavetamento;4;;;;;;;;;;5;;;;
11/03/2019;17:57:00;193;com vítima;289,535;BR-101/RJ;Norte;Tombamento;;;;1;;;;;;;0;1;;;
11/03/2019;21:53:00;226;com vítima;297,915;BR-101/RJ;Norte;Atropelamento - Morador;;;;;;1;;;;;1;;1;;
11/03/2019;22:55:00;234;com vítima;155,613;BR-101/RJ;Norte;Saida de Pista;1;;;;;;;;;;0;;4;;
12/03/2019;08:44:00;63;com vítima;293,323;BR-101/RJ;Sul;Tombamento;;;;1;;;;;;;0;1;;;
12/03/2019;11:05:00;94;sem vítima;205,007;BR-101/RJ;Sul;Colisão Transversal;2;;;;;;;;;;3;;;;
12/03/2019;16:17:00;152;com vítima;17,03;BR-101/RJ;Norte;Tombamento;;;;1;;;;;;;0;1;;;
13/03/2019;02:32:00;27;com vítima;139,95;BR-101/RJ;Norte;Colisão Traseira;;;2;;;;;;;;1;1;;;
13/03/2019;04:48:00;35;sem vítima;67,7;BR-101/RJ;Norte;Colisão Traseira;1;;;;;;;;;;2;;;;
13/03/2019;07:33:00;57;sem vítima;319,22;BR-101/RJ;Norte;Objeto lançado contra veículo;2;;;;;;;;;;2;;;;
13/03/2019;07:43:00;60;com vítima;259,31;BR-101/RJ;Sul;Tombamento;;;;1;;;;;;;0;2;;;
13/03/2019;07:48:00;61;com vítima;169,486;BR-101/RJ;Norte;Colisão Traseira;1;;1;;;;;;;;4;1;;;
13/03/2019;07:52:00;65;com vítima;219,8;BR-101/RJ;Sul;Colisão Lateral;1;;;;;1;;;;;3;1;;;
13/03/2019;08:53:00;83;sem vítima;309,383;BR-101/RJ;Norte;Colisão Lateral;1;;;;1;1;;;;;3;;;;
13/03/2019;09:48:00;97;sem vítima;321,635;BR-101/RJ;Sul;Colisão Traseira;2;;;;;;;;;;4;;;;
13/03/2019;12:00:00;133;com vítima;308,082;BR-101/RJ;Norte;Atropelamento - Sem Informação;;;;1;;;;;;;1;;1;;
13/03/2019;13:26:00;151;com vítima;321,365;BR-101/RJ;Sul;Choque - Defensa, barreira ou "submarino";;;;1;;;;;;;0;;2;;
13/03/2019;18:08:00;212;sem vítima;316,335;BR-101/RJ;Norte;Engavetamento;4;;;;;;;;;;10;;;;
14/03/2019;10:42:00;111;sem vítima;60,571;BR-101/RJ;Norte;Colisão Traseira;1;;1;;;;;;;;6;;;;
14/03/2019;15:08:00;149;com vítima;99,589;BR-101/RJ;Norte;Choque - Defensa, barreira ou "submarino";1;;;;;;;;;;0;2;3;;