data;horario;n_da_ocorrencia;tipo_de_ocorrencia;km;trecho;sentido;tipo_de_acidente;automovel;bicicleta;caminhao;moto;onibus;outros;tracao_animal;transporte_de_cargas_especiais;trator_maquinas;utilitarios;ilesos;levemente_feridos;moderadamente_feridos;gravemente_feridos;mortos
15/03/2019;03:02:00;28;sem vítima;272,715;BR-101/RJ;Sul;Capotamento;1;;;;;;;;;;1;;;;
15/03/2019;05:10:00;36;sem vítima;64,048;BR-101/RJ;Norte;Choque - Poste;1;;;;;;;;;;2;;;;
15/03/2019;07:24:00;56;com vítima;260,787;BR-101/RJ;Sul;Colisão Traseira;;;2;;;;;;;;1;1;1;;
15/03/2019;09:20:00;79;sem vítima;297,9;BR-101/RJ;Norte;Colisão Lateral;1;;1;;;;;;;;2;;;;
15/03/2019;09:22:00;80;sem vítima;297,965;BR-101/RJ;Norte;Colisão Lateral;1;;1;;;;;;;;3;;;;
15/03/2019;09:34:00;84;com vítima;314,06;BR-101/RJ;Sul;Tombamento;;;;1;;;;;;;0;1;;;
15/03/2019;12:56:00;123;com vítima;103,31;BR-101/RJ;Norte;Choque - Talude;1;;;;;;;;;;0;1;;;
15/03/2019;13:39:00;133;com vítima;179,425;BR-101/RJ;Norte;Choque - Defensa, barreira ou "submarino";;;1;;;;;;;;1;1;;;
15/03/2019;14:19:00;141;sem vítima;294,1;BR-101/RJ;Norte;Engavetamento;4;;;;;;;;;;4;;;;
15/03/2019;14:55:00;148;sem vítima;81,541;BR-101/RJ;Sul;Colisão Traseira;1;;;;;;;;;;1;;;;
15/03/2019;15:19:00;152;com vítima;146,01;BR-101/RJ;Sul;Choque - Talude;1;;;;;;;;;;0;1;;;
15/03/2019;15:50:00;158;sem vítima;261,584;BR-101/RJ;Sul;Choque - Elemento de Drenagem;;;;;;;;;;1;1;;;;
15/03/2019;16:12:00;163;sem vítima;262,424;BR-101/RJ;Norte;Colisão Traseira;1;;;;;1;;;;;2;;;;
16/03/2019;09:50:00;82;sem vítima;175,3;BR-101/RJ;Sul;Colisão Lateral;1;;1;;;;;;;;5;;;;
16/03/2019;12:52:00;106;sem vítima;56,2;BR-101/RJ;Norte;Engavetamento;1;;2;;;1;;;;;6;;;;
16/03/2019;14:55:00;122;sem vítima;211,7;BR-101/RJ;Sul;Choque - Defensa, barreira ou "submarino";1;;;;;;;;;;1;;;;
16/03/2019;16:18:00;127;com vítima;309,2;BR-101/RJ;Norte;Engavetamento;3;;;;;;;;;;5;2;;;
16/03/2019;16:18:00;136;sem vítima;309,234;BR-101/RJ;Norte;Engavetamento;3;;;;1;;;;;;7;;;;
16/03/2019;18:37:00;156;com vítima;55,556;BR-101/RJ;Sul;Tombamento;;;;1;;;;;;;0;2;;;
16/03/2019;19:14:00;170;com vítima;312,896;BR-101/RJ;Norte;Colisão Lateral;1;;;1;;;;;;;1;1;;;
16/03/2019;20:03:00;176;com vítima;218,799;BR-101/RJ;Norte;Tombamento;;;;;;;;;;1;3;1;;;
17/03/2019;05:39:00;30;com vítima;300,673;BR-101/RJ;Sul;Choque - Defensa, barreira ou "submarino";1;;;;;;;;;;0;3;;1;
17/03/2019;14:14:00;116;sem vítima;257,4;BR-101/RJ;Sul;Choque - Defensa, barreira ou "submarino";1;;;;;;;;;;3;;;;
17/03/2019;18:07:00;139;sem vítima;139,9;BR-101/RJ;Sul;Capotamento;1;;;;;;;;;;1;;;;
17/03/2019;18:58:00;150;sem vítima;252,154;BR-101/RJ;Sul;Outros;2;;;;;;;;;;2;;;;
17/03/2019;20:32:00;160;sem vítima;268,37;BR-101/RJ;Sul;Choque - Objeto sobre a pista;1;;;;;;;;;;1;;;;
17/03/2019;20:34:00;161;sem vítima;268,37;BR-101/RJ;Sul;Choque - Objeto sobre a pista;1;;;;;;;;;;4;;;;
17/03/2019;20:35:00;164;sem vítima;268,37;BR-101/RJ;Sul;Choque - Objeto sobre a pista;1;;;;;;;;;;1;;;;
17/03/2019;20:39:00;165;sem vítima;220,5;BR-101/RJ;Sul;Choque - Defensa, barreira ou "submarino";1;;;;;;;;;;2;;;;
17/03/2019;22:11:00;189;com vítima;283,333;BR-101/RJ;Norte;Colisão Lateral;;;;2;;;;;;;0;2;;;
17/03/2019;22:20:00;192;sem vítima;58,4;BR-101/RJ;Sul;Colisão Traseira;2;;;;;;;;;;2;;;;
18/03/2019;00:42:00;16;com vítima;10,01;BR-101/RJ;Sul;Colisão Frontal;1;;;;1;;;;;;1;;;1;
18/03/2019;07:41:00;54;sem vítima;262,5;BR-101/RJ;Norte;Colisão Traseira;1;;;;;;;;;;1;;;;
18/03/2019;08:07:00;56;com vítima;315,81;BR-101/RJ;Sul;Colisão Lateral;1;;;1;;;;;;;2;2;;;
18/03/2019;09:19:00;74;sem vítima;291,315;BR-101/RJ;Sul;Colisão Traseira;1;;;;;2;;;;;3;;;;
18/03/2019;16:48:00;151;sem vítima;248,5;BR-101/RJ;Norte;Colisão Traseira;1;;;;;;;;;1;12;;;;
18/03/2019;17:02:00;153;sem vítima;233,154;BR-101/RJ;Sul;Saida de Pista;1;;;;;;;;;;1;;;;
19/03/2019;05:07:00;28;sem vítima;318,3;BR-101/RJ;Norte;Choque - Defensa, barreira ou "submarino";;;1;;;;;;;;1;;;;
19/03/2019;08:53:00;78;sem vítima;318,946;BR-101/RJ;Sul;Engavetamento;3;;;;;;;;;;5;;;;
19/03/2019;18:16:00;205;com vítima;66,3;BR-101/RJ;Norte;Atropelamento - Sem Informação;;;;;;;;;;;0;;;1;
19/03/2019;19:22:00;213;com vítima;298,559;BR-101/RJ;Norte;Atropelamento - Morador;1;;;;;;;;;;2;1;;;
19/03/2019;20:20:00;220;com vítima;298,559;BR-101/RJ;Norte;Colisão Traseira;2;;;;;;;;;;1;1;;;
20/03/2019;02:02:00;19;sem vítima;320,5;BR-101/RJ;Norte;Choque - Defensa, barreira ou "submarino";1;;;;;;;;;;1;;;;
20/03/2019;02:31:00;22;com vítima;318,4;BR-101/RJ;Norte;Choque - Arvore;1;;;;;;;;;;1;1;;;
20/03/2019;06:10:00;32;sem vítima;34,609;BR-101/RJ;Sul;Colisão Lateral;;;1;;;1;;;;;2;;;;
20/03/2019;08:03:00;65;sem vítima;319,602;BR-101/RJ;Sul;Colisão Traseira;2;;;;;;;;;;4;;;;
20/03/2019;09:18:00;89;sem vítima;291,981;BR-101/RJ;Sul;Colisão Traseira;1;;1;;;1;;;;;5;;;;
20/03/2019;11:13:00;122;sem vítima;229,3;BR-101/RJ;Sul;Colisão Lateral;;;1;;;1;;;;;2;;;;
20/03/2019;14:12:00;156;sem vítima;138,68;BR-101/RJ;Norte;Choque - Defensa, barreira ou "submarino";1;;;;;;;;;;1;;;;
20/03/2019;16:06:00;173;com vítima;310,493;BR-101/RJ;Norte;Tombamento;;;;1;;;;;;;0;2;;;
20/03/2019;21:17:00;213;sem vítima;71,428;BR-101/RJ;Sul;Choque - Defensa, barreira ou "submarino";1;;;;;;;;;;1;;;;
20/03/2019;22:36:00;223;sem vítima;272,46;BR-101/RJ;Norte;Colisão Lateral;1;;;;;1;;;;;2;;;;
21/03/2019;08:23:00;62;sem vítima;312,343;BR-101/RJ;Sul;Engavetamento;5;;;;;;;;;;6;;;;
21/03/2019;08:47:00;70;com vítima;296,8;BR-101/RJ;Sul;Colisão Traseira;;;1;1;;;;;;;1;;1;;
21/03/2019;10:52:00;104;com vítima;319,4;BR-101/RJ;Sul;Tombamento;;;;1;;1;;;;;1;;1;;
21/03/2019;14:38:00;130;com vítima;48,65;BR-101/RJ;Norte;Tombamento;;;;1;;;;;;;0;1;;;
21/03/2019;18:23:00;174;com vítima;184,349;BR-101/RJ;Sul;Colisão Lateral;;;;1;;1;;;;1;2;;;;1
21/03/2019;19:13:00;185;sem vítima;305,1;BR-101/RJ;Sul;Choque - Defensa, barreira ou "submarino";1;;;;;;;;;;1;;;;
21/03/2019;20:16:00;202;sem vítima;224,162;BR-101/RJ;Sul;Saida de Pista;1;;;;;;;;;;1;;;;
21/03/2019;22:45:00;216;com vítima;66,499;BR-101/RJ;Norte;Atropelamento - Ciclista;1;;;;;;;;;;1;1;;;
21/03/2019;23:45:00;224;sem vítima;320,3;BR-101/RJ;Sul;Colisão Traseira;2;;;;;;;;;;2;;;;
22/03/2019;09:54:00;83;com vítima;61,876;BR-101/RJ;Sul;Colisão Transversal;;;1;;1;;;;;1;4;2;;;
22/03/2019;10:22:00;90;sem vítima;297,947;BR-101/RJ;Norte;Colisão Lateral;1;;1;;;;;;;;4;;;;
22/03/2019;12:37:00;123;com vítima;180,349;BR-101/RJ;Sul;Colisão Traseira;;;2;;;;;;;;7;1;;;
22/03/2019;13:44:00;137;com vítima;79,8;BR-101/RJ;Sul;Colisão Traseira;2;;;;;;;;;;0;3;;;
22/03/2019;17:52:00;182;com vítima;313,37;BR-101/RJ;Norte;Tombamento;;;;1;;;;;;;0;1;;;
22/03/2019;19:44:00;200;sem vítima;193,769;BR-101/RJ;Sul;Choque - Defensa, barreira ou "submarino";;;;1;;;;;;;1;;;;
22/03/2019;20:10:00;204;com vítima;92,154;BR-101/RJ;Norte;Choque - Defensa, barreira ou "submarino";1;;;;;;;;;;1;1;;;
23/03/2019;00:12:00;18;sem vítima;91,473;BR-101/RJ;Sul;Choque - Defensa, barreira ou "submarino";1;;1;;;;;;;;4;;;;
23/03/2019;03:01:00;27;com vítima;93,881;BR-101/RJ;Norte;Choque - Defensa, barreira ou "submarino";1;;;;;;;;;;0;;1;;
23/03/2019;06:53:00;36;com vítima;278,5;BR-101/RJ;Norte;Colisão Traseira;1;;1;;;;;;;;1;1;;;
23/03/2019;13:55:00;107;com vítima;304,535;BR-101/RJ;Sul;Choque - Defensa, barreira ou "submarino";1;;;;;;;;;;0;1;;;
23/03/2019;19:41:00;153;sem vítima;306,584;BR-101/RJ;Norte;Choque - Defensa, barreira ou "submarino";1;;;;;;;;;;1;;;;
24/03/2019;00:17:00;17;com vítima;71,038;BR-101/RJ;Norte;Colisão Frontal;1;;;1;;;;;;;0;1;2;;
24/03/2019;04:14:00;37;com vítima;273,422;BR-101/RJ;Sul;Capotamento;1;;;;;;;;;;1;2;;;
24/03/2019;13:17:00;92;com vítima;294,956;BR-101/RJ;Sul;Capotamento;1;;;;;;;;;;1;1;;;
24/03/2019;14:35:00;114;sem vítima;195,256;BR-101/RJ;Norte;Colisão Lateral;2;;;;;;;;;;6;;;;
24/03/2019;19:32:00;169;com vítima;303,268;BR-101/RJ;Norte;Capotamento;1;;;;;;;;;;1;2;;;
24/03/2019;19:33:00;170;com vítima;64,555;BR-101/RJ;Sul;Colisão Transversal;1;;;1;;;;;;;3;2;;;
24/03/2019;20:14:00;179;sem vítima;261,9;BR-101/RJ;Sul;Choque - Suporte de Sinalização;1;;;;;;;;;;1;;;;
24/03/2019;20:22:00;180;com vítima;206,555;BR-101/RJ;Norte;Colisão Lateral;1;1;;;;;;;;;1;;1;;
25/03/2019;12:45:00;139;sem vítima;306,288;BR-101/RJ;Sul;Colisão Traseira;2;;;;;;;;;;3;;;;
26/03/2019;08:00:00;66;com vítima;301,722;BR-101/RJ;Sul;Colisão Traseira;1;;;;;;;;;;2;2;;;
26/03/2019;10:01:00;114;sem vítima;320,881;BR-101/RJ;Norte;Colisão Lateral;1;;;;;;;;;1;2;;;;
27/03/2019;01:10:00;19;sem vítima;47,031;BR-101/RJ;Sul;Choque - Outros;1;;;;;;;;;;1;;;;
27/03/2019;06:49:00;48;com vítima;32,298;BR-101/RJ;Norte;Atropelamento de Animal;;;;1;;;;;;;0;1;;;
27/03/2019;13:25:00;143;com vítima;314,915;BR-101/RJ;Sul;Engavetamento;1;;2;;;;;;;;1;3;;;
27/03/2019;22:59:00;210;sem vítima;312,66;BR-101/RJ;Norte;Choque - Defensa, barreira ou "submarino";1;;;;;;;;;;1;;;;
28/03/2019;07:07:00;57;sem vítima;196,398;BR-101/RJ;Sul;Choque - Defensa, barreira ou "submarino";1;;;;;;;;;;1;;;;
28/03/2019;13:09:00;148;sem vítima;320,05;BR-101/RJ;Sul;Colisão Traseira;2;;;;;;;;;;3;;;;
28/03/2019;15:48:00;176;sem vítima;259,8;BR-101/RJ;Norte;Choque - Defensa, barreira ou "submarino";1;;;;;;;;;;3;;;;
28/03/2019;15:53:00;177;com vítima;257,657;BR-101/RJ;Sul;Capotamento;1;;;;;;;;;;1;1;;;
28/03/2019;19:28:00;217;sem vítima;224,355;BR-101/RJ;Norte;Choque - Outros;1;;;;;;;;;;1;;;;
29/03/2019;15:12:00;162;sem vítima;24,85;BR-101/RJ;Sul;Choque - Talude;1;;;;;;;;;;1;;;;
29/03/2019;17:54:00;201;com vítima;195,226;BR-101/RJ;Sul;Capotamento;1;;;;;;;;;;0;1;;;
30/03/2019;00:24:00;18;sem vítima;140,001;BR-101/RJ;Sul;Saida de Pista;1;;;;;;;;;;4;;;;
30/03/2019;01:59:00;25;com vítima;309,113;BR-101/RJ;Norte;Colisão Traseira;;;1;1;;;;;;;1;;1;;
30/03/2019;02:53:00;30;sem vítima;320,101;BR-101/RJ;Norte;Choque - Suporte de Sinalização;1;;;;;;;;;;1;;;;
30/03/2019;03:31:00;35;sem vítima;297,42;BR-101/RJ;Norte;Engavetamento;1;;2;;;;;;;;4;;;;
30/03/2019;05:01:00;38;com vítima;295,541;BR-101/RJ;Sul;Tombamento;;;;1;;;;;;;0;2;;;
30/03/2019;06:00:00;42;com vítima;139,954;BR-101/RJ;Sul;Choque - Defensa, barreira ou "submarino";1;;;;;;;;;;1;1;;;
30/03/2019;06:17:00;44;sem vítima;139,954;BR-101/RJ;Norte;Choque - Elemento de Drenagem;;;1;;;;;;;;2;;;;
30/03/2019;07:18:00;56;com vítima;271,179;BR-101/RJ;Norte;Choque - Defensa, barreira ou "submarino";;;1;;;;;;;;0;1;;;
30/03/2019;09:15:00;86;sem vítima;75,523;BR-101/RJ;Norte;Colisão Traseira;1;;;;;1;;;;;2;;;;
30/03/2019;15:28:00;148;com vítima;282,702;BR-101/RJ;Norte;Colisão Traseira;;;;2;;;;;;;0;3;;;
30/03/2019;15:45:00;152;com vítima;282,05;BR-101/RJ;Sul;Outros;1;;;1;;;;;;;2;1;;;
30/03/2019;17:42:00;171;sem vítima;92,637;BR-101/RJ;Norte;Choque - Talude;;;1;;;;;;;;3;;;;
30/03/2019;22:03:00;207;sem vítima;309,235;BR-101/RJ;Sul;Atropelamento de Animal;1;;;;;;;;;;1;;;;
31/03/2019;04:52:00;32;com vítima;297,31;BR-101/RJ;Sul;Atropelamento - Morador;;;;;;1;;;;;1;1;;;
31/03/2019;07:16:00;40;sem vítima;79,238;BR-101/RJ;Sul;Colisão Traseira;2;;;;;;;;;;4;;;;
31/03/2019;11:16:00;81;com vítima;304,778;BR-101/RJ;Sul;Tombamento;;;;1;;;;;;;0;2;;;
31/03/2019;12:11:00;90;sem vítima;283,788;BR-101/RJ;Sul;Colisão Traseira;1;;;;;;;;;1;6;;;;
31/03/2019;12:28:00;94;sem vítima;283,788;BR-101/RJ;Sul;Colisão Traseira;2;;;;;;;;;;5;;;;
31/03/2019;13:55:00;102;com vítima;282,896;BR-101/RJ;Sul;Saida de Pista;1;;;;;;;;;;4;1;;;
31/03/2019;16:11:00;125;sem vítima;320,158;BR-101/RJ;Sul;Colisão Traseira;1;;;1;;;;;;;2;;;;
31/03/2019;18:33:00;145;com vítima;311,154;BR-101/RJ;Sul;Colisão Lateral;1;;;1;;;;;;1;2;1;;;
31/03/2019;22:23:00;174;sem vítima;137,8;BR-101/RJ;Norte;Choque - Objeto sobre a pista;1;;;;;;;;;;1;;;;
31/03/2019;23:35:00;185;sem vítima;114,512;BR-101/RJ;Sul;Atropelamento - Andarilho;;;1;;;1;;;;;2;;;;
01/01/2019;04:26:00;32;sem vítima;302,8;BR-101/RJ;Sul;Choque - Defensa, barreira ou "submarino";1;;;;;;;;;;3;;;;
01/01/2019;06:25:00;34;com vítima;294,565;BR-101/RJ;Sul;Choque - Defensa, barreira ou "submarino";1;;;;;;;;;;7;2;;;
01/01/2019;06:56:00;35;com vítima;296,395;BR-101/RJ;Sul;Choque - Defensa, barreira ou "submarino";1;;;;;;;;;;0;1;;;
01/01/2019;08:55:00;48;sem vítima;268,503;BR-101/RJ;Sul;Colisão Traseira;2;;;;;;;;;1;8;;;;
01/01/2019;11:44:00;74;com vítima;71,042;BR-101/RJ;Norte;Colisão Frontal;;;;1;;1;;;;;1;1;;;
01/01/2019;15:00:00;120;sem vítima;315,59;BR-101/RJ;Norte;Colisão Traseira;1;;;;;1;;;;;2;;;;
01/01/2019;17:12:00;161;sem vítima;261,8;BR-101/RJ;Sul;Colisão Traseira;2;;;;;;;;;;2;;;;
01/01/2019;19:04:00;203;sem vítima;262,076;BR-101/RJ;Norte;Engavetamento;1;;;;;3;;;;;4;;;;
01/01/2019;19:08:00;204;sem vítima;272,8;BR-101/RJ;Sul;Colisão Traseira;1;;;;;1;;;;;3;;;;
01/01/2019;19:20:00;209;sem vítima;294,743;BR-101/RJ;Sul;Colisão Traseira;2;;;;;;;;;;2;;;;
01/01/2019;22:11:00;259;sem vítima;200,087;BR-101/RJ;Sul;Choque - Elemento de Drenagem;;;;;;;;;;1;1;;;;
02/01/2019;06:29:00;74;sem vítima;277,078;BR-101/RJ;Sul;Engavetamento;3;;;;;;;;;;14;;;;
02/01/2019;07:11:00;79;sem vítima;299,7;BR-101/RJ;Sul;Choque - Objeto sobre a pista;;;;;1;;;;;;1;;;;
02/01/2019;07:49:00;89;sem vítima;105,015;BR-101/RJ;Norte;Choque - Defensa, barreira ou "submarino";1;;;;;;;;;;5;;;;
02/01/2019;09:39:00;115;com vítima;297,1;BR-101/RJ;Sul;Atropelamento - Morador;;;;1;;;;;;;2;2;;;
02/01/2019;10:34:00;130;sem vítima;192,83;BR-101/RJ;Sul;Colisão Traseira;2;;;;;;;;;;2;;;;
02/01/2019;11:15:00;141;sem vítima;262,591;BR-101/RJ;Sul;Colisão Traseira;2;;;;;;;;;;6;;;;
02/01/2019;13:20:00;175;com vítima;164,994;BR-101/RJ;Sul;Choque - Arvore;1;;;;;;;;;;0;;;2;
02/01/2019;16:39:00;224;com vítima;46,952;BR-101/RJ;Sul;Colisão Transversal;2;;;;;;;;;;1;2;2;;
02/01/2019;17:47:00;240;com vítima;67,389;BR-101/RJ;Sul;Colisão Lateral;1;;;1;;;;;;;1;;1;;
02/01/2019;23:43:00;319;sem vítima;252,89;BR-101/RJ;Sul;Colisão Traseira;1;;1;;;;;;;;2;;;;
03/01/2019;10:45:00;114;sem vítima;297,7;BR-101/RJ;Sul;Colisão Lateral;1;;1;;;;;;;;2;;;;
03/01/2019;11:08:00;122;com vítima;295,201;BR-101/RJ;Sul;Colisão Traseira;1;;1;;;;;;;;1;2;;;
03/01/2019;12:08:00;138;sem vítima;271,847;BR-101/RJ;Sul;Colisão Traseira;2;;;;;;;;;;7;;;;
03/01/2019;12:35:00;141;sem vítima;289,56;BR-101/RJ;Sul;Engavetamento;2;;;;;;;;;1;3;;;;
03/01/2019;14:39:00;175;sem vítima;303,555;BR-101/RJ;Norte;Colisão Traseira;2;;;;;;;;;;6;;;;
03/01/2019;15:32:00;191;sem vítima;287,607;BR-101/RJ;Norte;Colisão Traseira;2;;;;;;;;;;7;;;;
03/01/2019;17:53:00;245;com vítima;274,384;BR-101/RJ;Sul;Colisão Transversal;;1;;;;1;;;;;1;1;;;
03/01/2019;19:11:00;263;sem vítima;297,855;BR-101/RJ;Norte;Colisão Lateral;1;;1;;;;;;;;2;;;;
03/01/2019;20:16:00;282;sem vítima;318,328;BR-101/RJ;Norte;Colisão Lateral;2;;;;;;;;;;2;;;;
03/01/2019;22:07:00;300;sem vítima;213,2;BR-101/RJ;Sul;Choque - Defensa, barreira ou "submarino";;;1;;;;;;;;1;;;;
03/01/2019;23:51:00;315;sem vítima;101,908;BR-101/RJ;Sul;Colisão Traseira;1;;;;;1;;;;;2;;;;
04/01/2019;01:28:00;28;sem vítima;63,85;BR-101/RJ;Sul;Choque - Elemento de Drenagem;;;;;1;;;;;;1;;;;
04/01/2019;07:01:00;55;com vítima;317,331;BR-101/RJ;Sul;Tombamento;;;;1;;;;;;;0;2;;;
04/01/2019;08:09:00;67;com vítima;253,881;BR-101/RJ;Norte;Choque - Defensa, barreira ou "submarino";1;;;;;;;;;;0;3;;;
04/01/2019;10:05:00;95;sem vítima;280,089;BR-101/RJ;Norte;Colisão Traseira;1;;;;;;;;;1;3;;;;
04/01/2019;15:24:00;166;com vítima;217,65;BR-101/RJ;Sul;Colisão Transversal;2;;;;;;;;;;0;2;2;;2
04/01/2019;15:35:00;169;com vítima;302,639;BR-101/RJ;Sul;Capotamento;1;;;;;;;;;;0;1;1;;
04/01/2019;15:49:00;174;com vítima;321,668;BR-101/RJ;Norte;Tombamento;;;;1;;;;;;;0;;;1;
04/01/2019;15:49:00;175;com vítima;294,087;BR-101/RJ;Sul;Colisão Traseira;2;;;;;;;;;;4;2;;;
04/01/2019;16:49:00;192;com vítima;319,25;BR-101/RJ;Norte;Tombamento;;;;1;;;;;;;0;1;;;
04/01/2019;19:55:00;234;com vítima;58,677;BR-101/RJ;Sul;Colisão Traseira;1;;;;;1;;;;;2;2;;;
05/01/2019;04:09:00;35;com vítima;296,356;BR-101/RJ;Sul;Choque - Defensa, barreira ou "submarino";1;;;;;;;;;;0;1;;;
05/01/2019;06:44:00;45;sem vítima;276,713;BR-101/RJ;Sul;Colisão Traseira;1;;;;;;;;;1;6;;;;
05/01/2019;09:16:00;74;com vítima;310,01;BR-101/RJ;Sul;Engavetamento;3;;;;;;;;;;4;3;;;
05/01/2019;09:16:00;75;sem vítima;61,3;BR-101/RJ;Norte;Colisão Traseira;2;;;;;;;;;;2;;;;
05/01/2019;10:12:00;84;com vítima;67,5;BR-101/RJ;Norte;Colisão Traseira;1;;;1;;;;;;;2;1;;;
05/01/2019;12:05:00;101;sem vítima;314,6;BR-101/RJ;Sul;Colisão Traseira;1;;;;;;;;;;1;;;;
05/01/2019;12:50:00;112;com vítima;302,2;BR-101/RJ;Norte;Colisão Traseira;2;;;;;;;;;;3;1;;;
05/01/2019;13:27:00;118;sem vítima;266,1;BR-101/RJ;Sul;Colisão Lateral;2;;;;;;;;;;6;;;;
05/01/2019;16:52:00;154;com vítima;282,77;BR-101/RJ;Norte;Tombamento;;;;1;;;;;;;0;2;;;
05/01/2019;17:43:00;169;com vítima;275,647;BR-101/RJ;Sul;Choque - Defensa, barreira ou "submarino";1;;;;;;;;;;1;1;;;
05/01/2019;18:43:00;181;com vítima;193,35;BR-101/RJ;Sul;Colisão Transversal;2;;;;;;;;;;2;1;;;
05/01/2019;22:52:00;218;com vítima;297,048;BR-101/RJ;Norte;Colisão Traseira;1;;;1;;;;;;;2;1;;;
06/01/2019;18:03:00;174;com vítima;61,123;BR-101/RJ;Norte;Outros - Sequência;1;;2;;;;;;;;4;1;;;
06/01/2019;21:10:00;209;com vítima;266,578;BR-101/RJ;Sul;Colisão Traseira;2;;;;;;;;;;7;1;1;;
06/01/2019;21:18:00;211;com vítima;51,699;BR-101/RJ;Norte;Colisão Lateral;;;;1;;1;;;;;1;2;;;
07/01/2019;07:47:00;65;com vítima;56,32;BR-101/RJ;Sul;Tombamento;;;;1;;;;;;;0;2;;;
07/01/2019;07:47:00;66;com vítima;321,28;BR-101/RJ;Sul;Colisão Lateral;;;;2;;;;;;;1;1;;;
07/01/2019;08:41:00;80;com vítima;297,31;BR-101/RJ;Sul;Colisão Traseira;3;;;;;1;;;;;4;1;;;
07/01/2019;09:33:00;97;sem vítima;318,14;BR-101/RJ;Sul;Colisão Traseira;1;;;;;1;;;;;2;;;;
07/01/2019;12:07:00;146;sem vítima;314,1;BR-101/RJ;Sul;Colisão Traseira;1;;;;1;;;;;;4;;;;
07/01/2019;17:27:00;237;com vítima;293,965;BR-101/RJ;Sul;Tombamento;;;;1;;;;;;;0;2;;;
07/01/2019;18:07:00;245;sem vítima;297,436;BR-101/RJ;Sul;Colisão Traseira;;;;;1;;;;;1;2;;;;
08/01/2019;09:21:00;86;sem vítima;297,406;BR-101/RJ;Sul;Engavetamento;2;;1;;;;;;;;3;;;;
08/01/2019;11:14:00;119;com vítima;319,65;BR-101/RJ;Norte;Colisão Lateral;1;;;1;;;;;;;1;;1;;
08/01/2019;14:48:00;171;com vítima;284,1;BR-101/RJ;Norte;Choque - Suporte de Sinalização;;;;1;;;;;;;1;1;;;
08/01/2019;19:02:00;252;sem vítima;303,714;BR-101/RJ;Norte;Colisão Lateral;2;;1;;;;;;;;3;;;;
08/01/2019;19:41:00;263;sem vítima;192,83;BR-101/RJ;Norte;Choque - Cancela de Pedagio;;;1;;;;;;;;1;;;;
08/01/2019;20:37:00;276;sem vítima;294,3;BR-101/RJ;Sul;Colisão Lateral;1;;1;;;;;;;;2;;;;
08/01/2019;22:00:00;295;sem vítima;297,698;BR-101/RJ;Norte;Choque - Outros;;;1;;;;;;;;1;;;;
09/01/2019;15:12:00;162;sem vítima;183,925;BR-101/RJ;Norte;Colisão Traseira;;;2;;;;;;;;2;;;;
09/01/2019;15:12:00;163;com vítima;255;BR-101/RJ;Norte;Tombamento;;;;1;;;;;;;1;2;;;
09/01/2019;16:29:00;177;com vítima;314,635;BR-101/RJ;Norte;Colisão Traseira;1;;;1;;;;;;;1;1;;;
09/01/2019;17:57:00;200;com vítima;262,352;BR-101/RJ;Norte;Colisão Traseira;;;;1;;;;;;1;1;1;;;
09/01/2019;18:36:00;207;sem vítima;310,4;BR-101/RJ;Norte;Colisão Traseira;4;;;;;;;;;;9;;;;
09/01/2019;19:04:00;214;com vítima;312,383;BR-101/RJ;Norte;Colisão Lateral;1;;;1;;;;;;;3;1;;;
09/01/2019;19:28:00;222;com vítima;313,4;BR-101/RJ;Norte;Colisão Traseira;1;;1;;;;;;;;1;1;;;
09/01/2019;23:44:00;268;sem vítima;199,773;BR-101/RJ;Sul;Choque - Talude;1;;;;;;;;;;1;;;;
10/01/2019;07:25:00;74;sem vítima;299,7;BR-101/RJ;Sul;Colisão Traseira;2;;;;;;;;;;2;;;;
10/01/2019;09:14:00;105;com vítima;269,401;BR-101/RJ;Norte;Colisão Traseira;;;;1;;;;;;1;1;1;;;
10/01/2019;15:35:00;186;sem vítima;42,6;BR-101/RJ;Norte;Engavetamento;3;;;;;;;;;;9;;;;
10/01/2019;15:54:00;190;com vítima;297,428;BR-101/RJ;Sul;Tombamento;;;;1;;;;;;;0;;1;;
10/01/2019;16:03:00;194;sem vítima;282,794;BR-101/RJ;Norte;Choque - Defensa, barreira ou "submarino";;;1;;;;;;;;1;;;;
10/01/2019;16:16:00;198;com vítima;297,428;BR-101/RJ;Sul;Tombamento;;;;1;;;;;;;0;1;;;
10/01/2019;16:30:00;202;sem vítima;282,795;BR-101/RJ;Norte;Colisão Lateral;2;;;;;;;;;;6;;;;
10/01/2019;17:31:00;213;sem vítima;299,565;BR-101/RJ;Sul;Colisão Traseira;1;;1;;;;;;;;2;;;;
10/01/2019;19:11:00;229;sem vítima;213,488;BR-101/RJ;Sul;Colisão Lateral;1;;1;;;;;;;;2;;;;
10/01/2019;20:28:00;241;sem vítima;97,143;BR-101/RJ;Sul;Colisão Traseira;1;;1;;;;;;;;4;;;;
11/01/2019;00:21:00;27;com vítima;107,883;BR-101/RJ;Sul;Colisão Traseira;;;2;;;;;;;;1;;1;;1
11/01/2019;06:53:00;60;sem vítima;125,656;BR-101/RJ;Sul;Outros;3;;;;;;;;;;8;;;;
11/01/2019;08:07:00;81;sem vítima;64,3;BR-101/RJ;Norte;Choque - Outros;1;;;;;;;;;;1;;;;