data;horario;n_da_ocorrencia;tipo_de_ocorrencia;km;trecho;sentido;tipo_de_acidente;automovel;bicicleta;caminhao;moto;onibus;outros;tracao_animal;transporte_de_cargas_especiais;trator_maquinas;utilitarios;ilesos;levemente_feridos;moderadamente_feridos;gravemente_feridos;mortos
09/06/2019;22:08:00;169;com vítima;41,857;BR-101/RJ;Norte;Choque - Outros;1;;;;;;;;;;0;1;;;
09/06/2019;22:19:00;171;com vítima;64,166;BR-101/RJ;Norte;Colisão Traseira;1;1;;;;;;;;;1;1;;;
09/06/2019;23:31:00;182;sem vítima;297,871;BR-101/RJ;Sul;Choque - Elemento de Drenagem;1;;;;;;;;;;1;;;;
10/06/2019;01:42:00;25;com vítima;313,034;BR-101/RJ;Norte;Choque - Defensa, barreira ou "submarino";2;;;;;;;;;;1;1;;;
10/06/2019;05:42:00;37;sem vítima;318,45;BR-101/RJ;Sul;Atropelamento de Animal;1;;;;;;;;;;1;;;;
10/06/2019;05:48:00;38;sem vítima;195,435;BR-101/RJ;Norte;Choque - Defensa, barreira ou "submarino";1;;;;;;;;;;2;;;;
10/06/2019;06:08:00;39;com vítima;273,75;BR-101/RJ;Sul;Atropelamento de Animal;;;;1;;;;;;;0;;;;1
10/06/2019;06:30:00;41;sem vítima;297,87;BR-101/RJ;Sul;Choque - Elemento de Drenagem;1;;;;;;;;;;1;;;;
10/06/2019;06:08:00;44;sem vítima;273,75;BR-101/RJ;Sul;Atropelamento de Animal;1;;;;;;;;;;1;;;;
10/06/2019;07:23:00;51;sem vítima;297,295;BR-101/RJ;Sul;Engavetamento;3;;;;;;;;;;3;;;;
10/06/2019;08:27:00;68;com vítima;313,701;BR-101/RJ;Sul;Colisão Lateral;;;;1;;;;;;1;1;1;;;
10/06/2019;09:08:00;78;com vítima;313,65;BR-101/RJ;Sul;Colisão Traseira;;;;1;;;;;;1;2;1;;;
10/06/2019;09:49:00;94;com vítima;71,014;BR-101/RJ;Norte;Colisão Lateral;;;;1;1;;;;;;2;1;;;
10/06/2019;10:31:00;104;com vítima;273,75;BR-101/RJ;Sul;Colisão Traseira;;;1;1;;;;;;;1;1;;;
10/06/2019;12:27:00;123;com vítima;318,655;BR-101/RJ;Norte;Engavetamento;4;;;;;;;;;;6;1;;;
10/06/2019;13:01:00;129;com vítima;63,08;BR-101/RJ;Norte;Engavetamento;3;;;;;;;;;;2;3;;;
10/06/2019;13:52:00;136;sem vítima;61,2;BR-101/RJ;Norte;Colisão Lateral;;;;;;1;;;;1;4;;;;
10/06/2019;13:55:00;137;sem vítima;318,7;BR-101/RJ;Norte;Colisão Traseira;1;;1;;;;;;;;2;;;;
10/06/2019;17:31:00;172;sem vítima;312,661;BR-101/RJ;Sul;Colisão Traseira;1;;1;;;;;;;;3;;;;
10/06/2019;17:40:00;173;sem vítima;297,257;BR-101/RJ;Sul;Colisão Traseira;3;;;;;;;;;;3;;;;
10/06/2019;18:12:00;177;sem vítima;154,11;BR-101/RJ;Norte;Colisão Traseira;1;;1;;;;;;;;2;;;;
10/06/2019;20:32:00;196;sem vítima;12,08;BR-101/RJ;Sul;Colisão Traseira;;;2;;;;;;;;2;;;;
11/06/2019;01:15:00;17;sem vítima;170,226;BR-101/RJ;Sul;Choque - Defensa, barreira ou "submarino";1;;;;;;;;;;2;;;;
11/06/2019;01:46:00;21;com vítima;124,609;BR-101/RJ;Norte;Colisão Traseira;;;2;;;;;;;;1;1;;;
11/06/2019;07:06:00;45;sem vítima;125,2;BR-101/RJ;Norte;Choque - Objeto sobre a pista;1;;;;;;;;;;1;;;;
11/06/2019;08:02:00;65;com vítima;146,8;BR-101/RJ;Norte;Capotamento;1;;;;;;;;;;0;3;;;
11/06/2019;13:41:00;144;sem vítima;276,526;BR-101/RJ;Sul;Colisão Traseira;1;;;;;1;;;;;2;;;;
11/06/2019;15:37:00;170;sem vítima;12,4;BR-101/RJ;Norte;Colisão Lateral;;;1;;;;;;;1;4;;;;
11/06/2019;17:45:00;185;sem vítima;67,9;BR-101/RJ;Norte;Colisão Transversal;1;;1;;;;;;;;2;;;;
11/06/2019;19:18:00;197;com vítima;261,789;BR-101/RJ;Norte;Choque - Defensa, barreira ou "submarino";1;;;;;;;;;;0;1;;;
11/06/2019;23:02:00;220;com vítima;103,2;BR-101/RJ;Norte;Colisão Traseira;;;;;;1;;;;1;1;1;;;
12/06/2019;02:59:00;32;sem vítima;266,207;BR-101/RJ;Sul;Choque - Defensa, barreira ou "submarino";;;1;;;;;;;;1;;;;
12/06/2019;05:35:00;44;sem vítima;308,2;BR-101/RJ;Sul;Choque - Defensa, barreira ou "submarino";1;;;;;;;;;;1;;;;
12/06/2019;06:40:00;57;com vítima;75,479;BR-101/RJ;Norte;Capotamento;2;;;;;;;;;;0;2;;;
12/06/2019;07:01:00;65;sem vítima;319,192;BR-101/RJ;Sul;Colisão Traseira;2;;;;;;;;;;2;;;;
12/06/2019;08:27:00;84;com vítima;307,724;BR-101/RJ;Norte;Colisão Traseira;1;;;;;1;;;;;2;1;;;
12/06/2019;08:55:00;88;com vítima;308,825;BR-101/RJ;Sul;Colisão Lateral;2;;;;;;;;;;3;1;;;
12/06/2019;10:39:00;112;sem vítima;286,234;BR-101/RJ;Norte;Engavetamento;3;;;;;;;;;;4;;;;
12/06/2019;10:54:00;113;sem vítima;299,356;BR-101/RJ;Norte;Engavetamento;3;;;;;;;;;;5;;;;
12/06/2019;13:17:00;135;sem vítima;302,837;BR-101/RJ;Norte;Colisão Traseira;2;;;;;;;;;;2;;;;
12/06/2019;16:18:00;163;com vítima;318,09;BR-101/RJ;Sul;Colisão Frontal;2;;;;;;;;;;2;1;;;
12/06/2019;17:41:00;176;sem vítima;296,763;BR-101/RJ;Sul;Colisão Traseira;2;;;;;;;;;;4;;;;
12/06/2019;19:04:00;195;com vítima;319,4;BR-101/RJ;Norte;Colisão Traseira;1;;;1;;;;;;;2;1;;;
13/06/2019;13:57:00;125;com vítima;321,405;BR-101/RJ;Sul;Colisão Lateral;1;;;1;;;;;;;1;1;;;
14/06/2019;06:32:00;40;sem vítima;303,444;BR-101/RJ;Norte;Colisão Traseira;1;;;;;1;;;;;2;;;;
14/06/2019;07:01:00;46;com vítima;314,25;BR-101/RJ;Sul;Colisão Lateral;;;;1;;1;;;;;1;1;;;
14/06/2019;07:42:00;53;com vítima;283,31;BR-101/RJ;Norte;Colisão Lateral;;;1;;1;;;;;;3;2;;;
14/06/2019;10:13:00;102;com vítima;70,029;BR-101/RJ;Norte;Colisão Frontal;1;;1;;;;;;;;3;;;1;
14/06/2019;10:47:00;108;sem vítima;320,063;BR-101/RJ;Norte;Colisão Transversal;1;;1;;;;;;;;2;;;;
14/06/2019;12:28:00;120;sem vítima;298,544;BR-101/RJ;Sul;Colisão Traseira;;;1;;1;;;;;;4;;;;
14/06/2019;14:56:00;140;sem vítima;107,976;BR-101/RJ;Norte;Choque - Elemento de Drenagem;1;;;;;;;;;;1;;;;
14/06/2019;15:13:00;147;com vítima;289,656;BR-101/RJ;Sul;Colisão Traseira;2;;;;;;;;;;1;2;;;
14/06/2019;19:21:00;194;com vítima;154,743;BR-101/RJ;Norte;Engavetamento;1;;2;;;;;;;1;3;1;;;
14/06/2019;23:32:00;222;sem vítima;272,942;BR-101/RJ;Sul;Choque - Elemento de Drenagem;1;;;;;;;;;;2;;;;
15/06/2019;02:24:00;27;sem vítima;272,188;BR-101/RJ;Norte;Choque - Outros;1;;;;;;;;;;1;;;;
15/06/2019;03:21:00;32;sem vítima;319,818;BR-101/RJ;Norte;Choque - Defensa, barreira ou "submarino";1;;;;;;;;;;2;;;;
15/06/2019;05:03:00;40;com vítima;260,714;BR-101/RJ;Norte;Atropelamento - Morador;;;;;;1;;;;;1;;;;1
15/06/2019;06:09:00;42;com vítima;289,919;BR-101/RJ;Sul;Capotamento;1;;;;;;;;;;1;4;;;
15/06/2019;06:45:00;49;com vítima;94,4;BR-101/RJ;Norte;Colisão Traseira;2;;;;;;;;;;6;1;;;
15/06/2019;07:55:00;61;sem vítima;297,72;BR-101/RJ;Norte;Colisão Traseira;3;;;;;;;;;;5;;;;
15/06/2019;08:44:00;71;com vítima;229,2;BR-101/RJ;Sul;Choque - Defensa, barreira ou "submarino";1;;;;;;;;;;4;4;;;
15/06/2019;13:48:00;134;sem vítima;310,65;BR-101/RJ;Sul;Colisão Lateral;1;;;;;;;;;1;4;;;;
15/06/2019;15:15:00;142;com vítima;51,7;BR-101/RJ;Sul;Colisão Transversal;1;;;1;;;;;;;3;2;;;
15/06/2019;16:26:00;157;com vítima;282,9;BR-101/RJ;Norte;Choque - Elemento de Drenagem;;;;1;;;;;;;0;2;;;
15/06/2019;19:22:00;191;sem vítima;320,755;BR-101/RJ;Sul;Colisão Lateral;1;;;;1;;;;;;2;;;;
15/06/2019;20:50:00;203;com vítima;282,9;BR-101/RJ;Norte;Colisão Frontal;1;;;;1;;;;;;1;2;1;;
15/06/2019;23:21:00;212;com vítima;270,865;BR-101/RJ;Norte;Atropelamento - Morador;;;;;;1;;;;;1;;;;1
15/06/2019;23:38:00;214;com vítima;46;BR-101/RJ;Sul;Colisão Frontal;1;;1;;;;;;;;1;;;1;1
16/06/2019;03:38:00;31;sem vítima;285,324;BR-101/RJ;Norte;Atropelamento de Animal;1;;;;;;;;;;4;;;;
16/06/2019;04:54:00;35;sem vítima;66,8;BR-101/RJ;Norte;Choque - Defensa, barreira ou "submarino";1;;;;;;;;;;3;;;;
16/06/2019;06:34:00;46;sem vítima;306,2;BR-101/RJ;Sul;Choque - Talude;1;;;;;;;;;;1;;;;
16/06/2019;07:10:00;53;sem vítima;306,1;BR-101/RJ;Sul;Choque - Elemento de Drenagem;1;;;;;;;;;;1;;;;
16/06/2019;07:20:00;55;sem vítima;313,2;BR-101/RJ;Sul;Colisão Traseira;2;;;;;;;;;;2;;;;
16/06/2019;09:18:00;75;com vítima;61,3;BR-101/RJ;Norte;Colisão Transversal;1;;1;;;1;;;;;2;;;4;
16/06/2019;11:23:00;97;sem vítima;61,7;BR-101/RJ;Norte;Colisão Lateral;2;;;;;;;;;;2;;;;
16/06/2019;11:49:00;101;com vítima;318,965;BR-101/RJ;Norte;Colisão Traseira;1;;;1;;;;;;;2;2;;;
16/06/2019;13:19:00;118;com vítima;285,798;BR-101/RJ;Sul;Engavetamento;1;;;;;1;;;;1;5;2;;;
16/06/2019;15:58:00;152;com vítima;241,93;BR-101/RJ;Norte;Choque - Defensa, barreira ou "submarino";;;1;;;;;;;;0;1;;;
16/06/2019;16:40:00;166;com vítima;291,612;BR-101/RJ;Sul;Engavetamento;4;;;;;;;;;;8;2;;;
16/06/2019;18:09:00;184;sem vítima;280,234;BR-101/RJ;Sul;Engavetamento;3;;;;;;;;;;7;;;;
16/06/2019;19:16:00;197;com vítima;51,598;BR-101/RJ;Sul;Colisão Traseira;1;1;;;;1;;;;;2;1;;;
16/06/2019;19:18:00;198;com vítima;71,051;BR-101/RJ;Norte;Colisão Transversal;1;;;1;;;;;;;1;1;1;;
16/06/2019;19:28:00;202;sem vítima;299,725;BR-101/RJ;Sul;Choque - Suporte de Sinalização;1;;;;;;;;;;1;;;;
16/06/2019;20:36:00;211;sem vítima;32,286;BR-101/RJ;Sul;Choque - Defensa, barreira ou "submarino";1;;;;;;;;;;5;;;;
17/06/2019;14:34:00;164;sem vítima;42,821;BR-101/RJ;Norte;Colisão Lateral;2;;;;;;;;;;4;;;;
17/06/2019;16:31:00;190;sem vítima;313,33;BR-101/RJ;Norte;Colisão Traseira;2;;;;;;;;;;4;;;;
17/06/2019;17:07:00;198;sem vítima;310,735;BR-101/RJ;Norte;Colisão Traseira;2;;;;;;;;;;2;;;;
17/06/2019;18:44:00;218;sem vítima;12,296;BR-101/RJ;Norte;Colisão Traseira;1;;1;;;;;;;;2;;;;
17/06/2019;18:47:00;219;sem vítima;314,465;BR-101/RJ;Norte;Colisão Traseira;2;;;;;;;;;;2;;;;
17/06/2019;22:23:00;249;com vítima;64,51;BR-101/RJ;Norte;Colisão Traseira;2;;;;;;;;;;2;1;;;
18/06/2019;03:19:00;29;com vítima;286,233;BR-101/RJ;Sul;Atropelamento de Animal;1;;;;;;;;;;0;1;;;
18/06/2019;03:47:00;33;sem vítima;286,542;BR-101/RJ;Sul;Atropelamento de Animal;;;1;;;;;;;;1;;;;
18/06/2019;03:47:00;34;sem vítima;286,543;BR-101/RJ;Sul;Atropelamento de Animal;;;1;;;;;;;;3;;;;
18/06/2019;08:30:00;75;com vítima;308,525;BR-101/RJ;Sul;Tombamento;;;;1;;;;;;;1;1;;;
18/06/2019;15:50:00;168;sem vítima;162,2;BR-101/RJ;Norte;Colisão Traseira;2;;;;;;;;;;4;;;;
18/06/2019;18:52:00;199;com vítima;66,878;BR-101/RJ;Sul;Colisão Transversal;1;;;1;;;;;;;2;;1;;
19/06/2019;06:56:00;55;sem vítima;282,756;BR-101/RJ;Norte;Choque - Defensa, barreira ou "submarino";1;;;;;;;;;;1;;;;
19/06/2019;08:55:00;90;com vítima;266,22;BR-101/RJ;Sul;Choque - Defensa, barreira ou "submarino";1;;;;;;;;;;0;1;;;
19/06/2019;16:12:00;187;sem vítima;257,831;BR-101/RJ;Sul;Choque - Defensa, barreira ou "submarino";1;;;;;;;;;;1;;;;
20/06/2019;04:49:00;27;com vítima;59,442;BR-101/RJ;Sul;Colisão Traseira;2;;;;;;;;;;5;2;;;
20/06/2019;07:01:00;43;sem vítima;228,3;BR-101/RJ;Norte;Choque - Defensa, barreira ou "submarino";1;;;;;;;;;;4;;;;
20/06/2019;18:32:00;171;com vítima;275,045;BR-101/RJ;Norte;Atropelamento - Morador;;;;;;1;;;;;1;;;1;
20/06/2019;21:33:00;189;sem vítima;321,154;BR-101/RJ;Norte;Colisão Lateral;1;;1;;;;;;;;2;;;;
20/06/2019;21:46:00;190;sem vítima;321,2;BR-101/RJ;Norte;Colisão Traseira;2;;;;;;;;;;2;;;;
20/06/2019;22:50:00;194;sem vítima;321,5;BR-101/RJ;Norte;Choque - Objeto sobre a pista;1;;;;;;;;;;1;;;;
20/06/2019;23:16:00;196;com vítima;177,72;BR-101/RJ;Norte;Colisão Lateral;;;1;;;;;;;1;7;1;;;
21/06/2019;06:48:00;45;com vítima;92,179;BR-101/RJ;Sul;Choque - Defensa, barreira ou "submarino";1;;;;;;;;;;0;1;;;
21/06/2019;09:47:00;70;sem vítima;306,598;BR-101/RJ;Norte;Colisão Traseira;2;;;;;;;;;;5;;;;
21/06/2019;17:06:00;128;sem vítima;40,89;BR-101/RJ;Norte;Choque - Cancela de Pedagio;1;;;;;;;;;;1;;;;
21/06/2019;19:48:00;166;com vítima;250,952;BR-101/RJ;Norte;Tombamento;;;;1;;;;;;;0;1;;;
22/06/2019;01:27:00;16;com vítima;59,9;BR-101/RJ;Sul;Colisão Lateral;1;;;1;;;;;;;0;3;;;
22/06/2019;05:31:00;30;sem vítima;125,715;BR-101/RJ;Sul;Atropelamento de Animal;;;1;;;;;;;;1;;;;
22/06/2019;09:16:00;68;com vítima;294,455;BR-101/RJ;Norte;Choque - Defensa, barreira ou "submarino";1;;;;;;;;;;0;2;;;
22/06/2019;12:32:00;103;sem vítima;271,155;BR-101/RJ;Sul;Colisão Traseira;;;;;;;;;;2;4;;;;
22/06/2019;15:30:00;125;com vítima;301,547;BR-101/RJ;Norte;Atropelamento - Morador;;;;;;1;;;;;1;1;;;
22/06/2019;18:35:00;155;sem vítima;297,45;BR-101/RJ;Norte;Colisão Lateral;2;;;;;;;;;;2;;;;
22/06/2019;20:52:00;168;sem vítima;290,683;BR-101/RJ;Sul;Choque - Defensa, barreira ou "submarino";1;;;;;;;;;;1;;;;
22/06/2019;20:52:00;169;com vítima;316,9;BR-101/RJ;Sul;Tombamento;;;;1;;;;;;;0;1;;;
22/06/2019;21:14:00;173;com vítima;290,69;BR-101/RJ;Sul;Atropelamento - Usuário;2;;;;;;;;;;0;2;1;;
23/06/2019;02:00:00;24;com vítima;61,154;BR-101/RJ;Norte;Colisão Lateral;1;;;1;;;;;;;1;1;1;;
23/06/2019;14:01:00;118;com vítima;286,323;BR-101/RJ;Sul;Engavetamento;3;;;;;;;;;;10;2;;;
23/06/2019;15:55:00;134;sem vítima;295,154;BR-101/RJ;Sul;Colisão Traseira;1;;;;;1;;;;;2;;;;
23/06/2019;16:40:00;145;sem vítima;117,566;BR-101/RJ;Sul;Capotamento;1;;;;;;;;;;1;;;;
23/06/2019;18:17:00;165;com vítima;290,154;BR-101/RJ;Sul;Colisão Lateral;;;;1;;1;;;;;1;1;;;
24/06/2019;01:31:00;16;com vítima;52,623;BR-101/RJ;Norte;Colisão Transversal;2;;;;;;;;;;4;1;;;
24/06/2019;05:59:00;32;sem vítima;252,89;BR-101/RJ;Norte;Choque - Defensa, barreira ou "submarino";1;;;;;;;;;;1;;;;
24/06/2019;11:24:00;102;sem vítima;307,56;BR-101/RJ;Sul;Colisão Traseira;2;;;;;;;;;;2;;;;
24/06/2019;11:42:00;106;sem vítima;62,365;BR-101/RJ;Sul;Colisão Lateral;1;;;1;;;;;;;2;;;;
24/06/2019;12:39:00;113;com vítima;56,6;BR-101/RJ;Norte;Engavetamento;3;;;;;1;;;;;5;1;;;
24/06/2019;14:20:00;131;sem vítima;314,768;BR-101/RJ;Sul;Engavetamento;;;;;;2;;;;1;3;;;;
24/06/2019;18:20:00;164;com vítima;320,973;BR-101/RJ;Norte;Colisão Traseira;;;;1;;1;;;;;1;1;;;
25/06/2019;00:22:00;19;sem vítima;87,666;BR-101/RJ;Norte;Choque - Talude;1;;;;;;;;;;4;;;;
25/06/2019;07:41:00;54;sem vítima;92,626;BR-101/RJ;Norte;Capotamento;1;;;;;;;;;;2;;;;
25/06/2019;08:09:00;63;sem vítima;214,2;BR-101/RJ;Norte;Choque - Objeto sobre a pista;1;;;;;;;;;;1;;;;
25/06/2019;09:11:00;85;sem vítima;86,526;BR-101/RJ;Norte;Colisão Lateral;;;1;;1;;;;;;2;;;;
25/06/2019;21:25:00;197;com vítima;311,892;BR-101/RJ;Sul;Tombamento;;;;1;;;;;;;0;;1;;
25/06/2019;21:28:00;198;sem vítima;94,29;BR-101/RJ;Norte;Engavetamento;2;;;;;1;;;;;3;;;;
26/06/2019;06:37:00;41;com vítima;313,995;BR-101/RJ;Sul;Colisão Lateral;;;;1;;1;;;;;1;;1;;
26/06/2019;07:19:00;49;com vítima;295,7;BR-101/RJ;Sul;Choque - Poste;;;1;;1;;;;;;2;5;;;
26/06/2019;07:23:00;51;com vítima;13;BR-101/RJ;Norte;Tombamento;;;;1;;;;;;;0;1;;;
26/06/2019;09:04:00;71;sem vítima;308,95;BR-101/RJ;Norte;Colisão Lateral;;;;;1;;;;;1;3;;;;
26/06/2019;09:59:00;83;com vítima;80,899;BR-101/RJ;Norte;Colisão Frontal;1;;;1;;;;;;;0;1;;1;
26/06/2019;10:29:00;91;sem vítima;294,225;BR-101/RJ;Sul;Colisão Lateral;2;;;;;;;;;;3;;;;
26/06/2019;11:26:00;106;sem vítima;269,568;BR-101/RJ;Sul;Colisão Traseira;2;;;;;;;;;;2;;;;
26/06/2019;13:15:00;124;sem vítima;40,531;BR-101/RJ;Sul;Choque - Suporte de Sinalização;;;1;;;;;;;;1;;;;
26/06/2019;15:28:00;146;sem vítima;321,08;BR-101/RJ;Sul;Colisão Traseira;1;;;;;;;;;1;3;;;;
27/06/2019;10:37:00;104;com vítima;59,537;BR-101/RJ;Norte;Colisão Lateral;1;;2;;;;;;;;2;1;1;;
28/06/2019;06:21:00;36;com vítima;311,596;BR-101/RJ;Sul;Engavetamento;3;;;;;;;;;;7;1;;;
28/06/2019;07:04:00;43;com vítima;319,85;BR-101/RJ;Sul;Colisão Lateral;1;;;1;;;;;;;1;2;;;
28/06/2019;11:45:00;110;sem vítima;261,95;BR-101/RJ;Sul;Colisão Traseira;1;;1;;;;;;;;6;;;;
28/06/2019;13:14:00;122;sem vítima;315,614;BR-101/RJ;Norte;Engavetamento;3;;;;;;;;;;3;;;;
28/06/2019;15:29:00;141;com vítima;58,574;BR-101/RJ;Norte;Colisão Traseira;1;1;;;;1;;;;;2;;1;;
28/06/2019;16:36:00;160;com vítima;67,177;BR-101/RJ;Norte;Outros - Sequência;;;;1;1;1;;;;;2;;1;;
28/06/2019;17:26:00;177;sem vítima;303,85;BR-101/RJ;Norte;Colisão Traseira;2;;;;;;;;;;2;;;;
28/06/2019;20:59:00;217;com vítima;304,1;BR-101/RJ;Norte;Colisão Traseira;1;;;1;;;;;;;1;1;;;
28/06/2019;22:50:00;222;sem vítima;13,063;BR-101/RJ;Norte;Colisão Traseira;2;;;;;;;;;;6;;;;
29/06/2019;05:19:00;27;sem vítima;282,05;BR-101/RJ;Sul;Choque - Defensa, barreira ou "submarino";1;;;;;;;;;;1;;;;
29/06/2019;09:35:00;60;sem vítima;64,4;BR-101/RJ;Norte;Engavetamento;3;;;;;;;;;;4;;;;
29/06/2019;13:25:00;113;sem vítima;313,72;BR-101/RJ;Norte;Colisão Traseira;2;;;;;;;;;;5;;;;
29/06/2019;13:40:00;118;com vítima;316,161;BR-101/RJ;Norte;Capotamento;1;;;;;;;;;;0;;1;;
29/06/2019;17:45:00;156;sem vítima;294,09;BR-101/RJ;Norte;Engavetamento;4;;;;;;;;;;10;;;;
30/06/2019;03:47:00;26;sem vítima;36,083;BR-101/RJ;Sul;Choque - Defensa, barreira ou "submarino";1;;;;;;;;;;1;;;;
30/06/2019;04:26:00;29;com vítima;296,381;BR-101/RJ;Norte;Choque - Outros;1;;;;;;;;;;1;4;;;
30/06/2019;11:56:00;79;sem vítima;321,9;BR-101/RJ;Sul;Engavetamento;3;;;;;;;;;;3;;;;
30/06/2019;16:23:00;127;com vítima;316,98;BR-101/RJ;Norte;Choque - Defensa, barreira ou "submarino";;;;1;;;;;;;0;;1;;1
30/06/2019;16:33:00;130;com vítima;94,824;BR-101/RJ;Sul;Capotamento;;;1;;;;;;;;0;1;;;
30/06/2019;17:45:00;141;com vítima;312,1;BR-101/RJ;Sul;Colisão Traseira;1;;;1;;;;;;;3;;;1;
30/06/2019;18:11:00;147;com vítima;292,293;BR-101/RJ;Sul;Engavetamento;4;;;;;;;;;;8;2;;;
30/06/2019;22:26:00;181;com vítima;56,8;BR-101/RJ;Norte;Colisão Traseira;2;;;;;;;;;;3;1;;;
30/06/2019;22:55:00;183;com vítima;300,213;BR-101/RJ;Norte;Choque - Defensa, barreira ou "submarino";1;;;;;;;;;;3;1;;;
01/11/2019;09:15:00;80;sem vítima;144,4;BR-101/RJ;Sul;Choque - Talude;1;;;;;;;;;;1;;;;
01/11/2019;14:30:00;141;sem vítima;291,074;BR-101/RJ;Sul;Choque - Defensa, barreira ou "submarino";1;;;;;;;;;;1;;;;
01/11/2019;16:54:00;176;com vítima;312,3;BR-101/RJ;Norte;Colisão Lateral;;;;1;;;;;;1;2;2;;;
02/11/2019;01:11:00;25;com vítima;147,408;BR-101/RJ;Norte;Choque - Defensa, barreira ou "submarino";1;;;;;;;;;;0;1;;2;
02/11/2019;02:09:00;28;sem vítima;279,544;BR-101/RJ;Norte;Choque - Defensa, barreira ou "submarino";1;;;;;;;;;;1;;;;
02/11/2019;05:34:00;40;com vítima;63,26;BR-101/RJ;Norte;Choque - Elemento de Drenagem;;;;1;;;;;;;0;2;;;
02/11/2019;09:27:00;78;sem vítima;221,65;BR-101/RJ;Norte;Choque - Suporte de Sinalização;1;;;;;;;;;;5;;;;
02/11/2019;11:49:00;95;sem vítima;273,697;BR-101/RJ;Norte;Outros - Sequência;1;;1;;;1;;;;;4;;;;
02/11/2019;14:28:00;120;sem vítima;206,487;BR-101/RJ;Norte;Colisão Lateral;2;;;;;;;;;;2;;;;
02/11/2019;16:02:00;134;com vítima;301,2;BR-101/RJ;Norte;Colisão Traseira;;;;1;;1;;;;;1;1;;;
02/11/2019;20:01:00;165;sem vítima;298,88;BR-101/RJ;Norte;Colisão Lateral;;;;;;2;;;;;2;;;;
03/11/2019;07:06:00;39;sem vítima;308,407;BR-101/RJ;Norte;Choque - Defensa, barreira ou "submarino";2;;;;;;;;;;2;;;;
03/11/2019;07:20:00;41;com vítima;262,23;BR-101/RJ;Norte;Choque - Defensa, barreira ou "submarino";1;;;;;;;;;;2;1;;;
03/11/2019;11:54:00;87;com vítima;299,646;BR-101/RJ;Sul;Colisão Lateral;1;;;1;;;;;;;1;2;;;
03/11/2019;17:26:00;140;sem vítima;295,076;BR-101/RJ;Sul;Engavetamento;2;;;;;1;;;;;7;;;;
03/11/2019;18:30:00;158;sem vítima;242,241;BR-101/RJ;Norte;Colisão Lateral;1;;;;;1;;;;;3;;;;
03/11/2019;20:13:00;181;com vítima;75,37;BR-101/RJ;Sul;Atropelamento - Ciclista;2;1;;;;;;;;;3;;;1;
03/11/2019;21:57:00;203;com vítima;315,27;BR-101/RJ;Sul;Colisão Lateral;1;;;1;;;;;;;2;2;;;
04/11/2019;00:07:00;12;com vítima;295,278;BR-101/RJ;Sul;Colisão Traseira;2;;;;;;;;;;3;2;;;
04/11/2019;02:35:00;20;sem vítima;64,049;BR-101/RJ;Sul;Colisão Transversal;1;;1;;;;;;;;4;;;;
04/11/2019;02:53:00;23;com vítima;296,2;BR-101/RJ;Sul;Colisão Traseira;1;;;;;1;;;;;1;1;;;
04/11/2019;11:50:00;122;sem vítima;191,6;BR-101/RJ;Norte;Colisão Traseira;1;;1;;;;;;;;2;;;;
04/11/2019;12:14:00;130;com vítima;66,471;BR-101/RJ;Norte;Tombamento;;;;1;;;;;;;0;2;;;
04/11/2019;12:36:00;135;sem vítima;164,54;BR-101/RJ;Norte;Colisão Traseira;;;1;;;;;;;1;3;;;;
04/11/2019;17:05:00;197;sem vítima;318,5;BR-101/RJ;Norte;Colisão Traseira;1;;;;;1;;;;;3;;;;
05/11/2019;02:30:00;25;sem vítima;66,484;BR-101/RJ;Norte;Outros;1;;;;;;;;;;1;;;;
05/11/2019;05:49:00;43;sem vítima;298,4;BR-101/RJ;Sul;Engavetamento;2;;1;;;;;;;;5;;;;
05/11/2019;05:50:00;44;sem vítima;279,46;BR-101/RJ;Norte;Choque - Elemento de Drenagem;1;;;;;;;;;;2;;;;
05/11/2019;08:03:00;73;com vítima;310,5;BR-101/RJ;Sul;Tombamento;;;;1;;;;;;;0;2;;;
05/11/2019;08:49:00;85;com vítima;96,785;BR-101/RJ;Norte;Choque - Talude;1;;;;;;;;;;1;1;;;
05/11/2019;12:49:00;153;com vítima;223,001;BR-101/RJ;Sul;Capotamento;1;;;;;;;;;;0;1;;;
05/11/2019;14:15:00;173;sem vítima;119,691;BR-101/RJ;Sul;Outros;;;;;;;;;;1;1;;;;
05/11/2019;14:31:00;176;com vítima;321,587;BR-101/RJ;Sul;Colisão Traseira;2;;;;;;;;;;2;1;;;
05/11/2019;20:28:00;264;sem vítima;314,613;BR-101/RJ;Norte;Colisão Traseira;2;;;;;;;;;;2;;;;
06/11/2019;04:39:00;29;com vítima;128,1;BR-101/RJ;Sul;Colisão Traseira;;;2;;;;;;;;1;;;;1
06/11/2019;07:42:00;55;sem vítima;318,117;BR-101/RJ;Sul;Colisão Traseira;1;;;;1;;;;;;6;;;;
06/11/2019;13:18:00;130;sem vítima;243,25;BR-101/RJ;Norte;Engavetamento;2;;1;;;;;;;;5;;;;
06/11/2019;14:20:00;141;sem vítima;310,963;BR-101/RJ;Norte;Engavetamento;5;;;;;;;;;;7;;;;