data;horario;n_da_ocorrencia;tipo_de_ocorrencia;km;trecho;sentido;tipo_de_acidente;automovel;bicicleta;caminhao;moto;onibus;outros;tracao_animal;transporte_de_cargas_especiais;trator_maquinas;utilitarios;ilesos;levemente_feridos;moderadamente_feridos;gravemente_feridos;mortos
19/12/2019;09:01:00;72;sem vítima;287,827;BR-101/RJ;Norte;Choque - Objeto sobre a pista;1;;;;;;;;;;1;;;;
19/12/2019;09:40:00;89;sem vítima;70,3;BR-101/RJ;Sul;Colisão Transversal;2;;;;;;;;;;3;;;;
19/12/2019;09:53:00;94;com vítima;273,856;BR-101/RJ;Norte;Choque - Defensa, barreira ou "submarino";1;;;;;;;;;;0;;2;;
19/12/2019;11:33:00;121;sem vítima;315,65;BR-101/RJ;Norte;Engavetamento;2;;1;;;;;;;1;7;;;;
19/12/2019;14:00:00;150;sem vítima;316,844;BR-101/RJ;Norte;Colisão Lateral;1;;;;;;;;;1;6;;;;
19/12/2019;20:24:00;224;com vítima;67,5;BR-101/RJ;Norte;Colisão Traseira;2;;;;;;;;;;3;1;;;
19/12/2019;22:08:00;246;sem vítima;20,5;BR-101/RJ;Norte;Colisão Lateral;1;;;;;1;;;;;3;;;;
19/12/2019;22:48:00;251;sem vítima;154,1;BR-101/RJ;Norte;Colisão Traseira;;;1;;;1;;;;;2;;;;
20/12/2019;07:31:00;57;sem vítima;70,041;BR-101/RJ;Norte;Colisão Traseira;1;;1;;;;;;;;2;;;;
20/12/2019;09:54:00;102;sem vítima;66,423;BR-101/RJ;Norte;Colisão Traseira;1;;;;;1;;;;;2;;;;
20/12/2019;11:25:00;120;com vítima;106,049;BR-101/RJ;Sul;Tombamento;;;;1;;;;;;;0;1;1;;
20/12/2019;12:43:00;146;sem vítima;63,349;BR-101/RJ;Sul;Colisão Traseira;1;;;;;;;;;1;4;;;;
20/12/2019;13:08:00;153;sem vítima;159,187;BR-101/RJ;Norte;Outros;;;1;;;;;;;1;4;;;;
20/12/2019;13:15:00;158;sem vítima;66,12;BR-101/RJ;Sul;Colisão Lateral;;;1;;;1;;;;;2;;;;
20/12/2019;14:59:00;182;sem vítima;319,3;BR-101/RJ;Sul;Engavetamento;3;;;;;;;;;;6;;;;
20/12/2019;15:54:00;200;sem vítima;196,25;BR-101/RJ;Norte;Saida de Pista;1;;;;;;;;;;1;;;;
20/12/2019;17:16:00;217;sem vítima;122,88;BR-101/RJ;Sul;Engavetamento;2;;1;;;;;;;;7;;;;
20/12/2019;20:47:00;256;com vítima;313,903;BR-101/RJ;Sul;Colisão Traseira;2;;;;;;;;;;6;2;;;
20/12/2019;23:17:00;279;sem vítima;321,2;BR-101/RJ;Norte;Colisão Lateral;1;;;;;1;;;;;2;;;;
21/12/2019;02:14:00;20;sem vítima;303,103;BR-101/RJ;Norte;Choque - Objeto sobre a pista;1;;;;;;;;;1;3;;;;
21/12/2019;04:22:00;27;sem vítima;255,417;BR-101/RJ;Norte;Saida de Pista;1;;;;;;;;;;4;;;;
21/12/2019;05:24:00;38;sem vítima;82,85;BR-101/RJ;Norte;Colisão Traseira;2;;;;;;;;;;4;;;;
21/12/2019;05:50:00;41;sem vítima;252,89;BR-101/RJ;Sul;Choque - Suporte de Sinalização;;;1;;;;;;;;1;;;;
21/12/2019;06:07:00;43;com vítima;193,4;BR-101/RJ;Norte;Colisão Traseira;2;;;;;;;;;;2;2;;;
21/12/2019;06:30:00;46;sem vítima;298,99;BR-101/RJ;Norte;Colisão Lateral;1;;1;;;;;;;;3;;;;
21/12/2019;09:29:00;80;com vítima;308,875;BR-101/RJ;Norte;Atropelamento - Outros;1;;;;;;;;;;2;1;;;
21/12/2019;10:51:00;101;com vítima;161,709;BR-101/RJ;Norte;Engavetamento;3;;;;;;;;;;8;1;;;
21/12/2019;11:00:00;103;com vítima;71,448;BR-101/RJ;Norte;Colisão Traseira;1;;;1;;;;;;;1;1;;;
21/12/2019;11:28:00;113;sem vítima;62,461;BR-101/RJ;Norte;Colisão Lateral;1;;1;;;;;;;;2;;;;
21/12/2019;15:40:00;177;com vítima;313,461;BR-101/RJ;Norte;Colisão Lateral;2;;;;;;;;;;1;1;;;
21/12/2019;19:22:00;220;com vítima;303,832;BR-101/RJ;Norte;Colisão Lateral;1;;;1;;;;;;;2;;;1;
22/12/2019;00:27:00;5;sem vítima;318,9;BR-101/RJ;Sul;Choque - Defensa, barreira ou "submarino";1;;;;;;;;;;3;;;;
22/12/2019;06:19:00;22;sem vítima;297,9;BR-101/RJ;Norte;Choque - Defensa, barreira ou "submarino";1;;;;;;;;;;1;;;;
22/12/2019;06:21:00;23;com vítima;275,324;BR-101/RJ;Sul;Colisão Lateral;;;;;;;;;;1;1;1;;;
22/12/2019;07:05:00;30;sem vítima;295,5;BR-101/RJ;Norte;Choque - Defensa, barreira ou "submarino";1;;;;;;;;;;1;;;;
22/12/2019;07:52:00;41;com vítima;13,109;BR-101/RJ;Norte;Colisão Traseira;;;2;;;;;;;;1;1;;;
22/12/2019;07:57:00;44;sem vítima;106,9;BR-101/RJ;Norte;Choque - Talude;1;;;;;;;;;;1;;;;
22/12/2019;12:22:00;108;sem vítima;66,427;BR-101/RJ;Sul;Colisão Traseira;2;;;;;;;;;;5;;;;
22/12/2019;13:44:00;126;sem vítima;225,296;BR-101/RJ;Norte;Choque - Talude;1;;;;;;;;;;4;;;;
22/12/2019;13:50:00;128;sem vítima;196,5;BR-101/RJ;Norte;Saida de Pista;;;1;;;;;;;;1;;;;
22/12/2019;13:56:00;130;sem vítima;200,677;BR-101/RJ;Norte;Choque - Objeto sobre a pista;1;;;;;;;;;;1;;;;
22/12/2019;15:17:00;138;sem vítima;314,707;BR-101/RJ;Sul;Choque - Objeto sobre a pista;1;;;;;1;;;;;2;;;;
22/12/2019;15:50:00;143;com vítima;229,601;BR-101/RJ;Sul;Choque - Defensa, barreira ou "submarino";1;;;;;;;;;;2;3;;;
22/12/2019;16:46:00;153;com vítima;86,85;BR-101/RJ;Norte;Capotamento;1;;;;;;;;;;0;2;1;;
22/12/2019;23:38:00;231;com vítima;143,9;BR-101/RJ;Sul;Capotamento;1;;;;;;;;;;0;;1;;
23/12/2019;01:22:00;9;sem vítima;295,668;BR-101/RJ;Sul;Choque - Defensa, barreira ou "submarino";1;;;;;;;;;;2;;;;
23/12/2019;04:54:00;17;sem vítima;289,375;BR-101/RJ;Sul;Colisão Traseira;1;;;;;;;;;1;2;;;;
23/12/2019;06:56:00;35;sem vítima;72,648;BR-101/RJ;Norte;Colisão Traseira;2;;;;;;;;;;2;;;;
23/12/2019;06:58:00;36;com vítima;309,991;BR-101/RJ;Sul;Colisão Lateral;;;;;1;1;;;;;2;1;;;
23/12/2019;10:33:00;98;com vítima;69,9;BR-101/RJ;Sul;Engavetamento;3;;;;;;;;;;6;2;;;
23/12/2019;10:48:00;103;sem vítima;287,5;BR-101/RJ;Norte;Choque - Outros;1;;;;;;;;;;1;;;;
23/12/2019;12:58:00;134;com vítima;72,2;BR-101/RJ;Sul;Colisão Traseira;2;;;;;;;;;;6;1;;;
23/12/2019;13:19:00;140;com vítima;289,711;BR-101/RJ;Norte;Colisão Lateral;1;;1;;;;;;;;2;4;;;
23/12/2019;14:33:00;155;sem vítima;191,5;BR-101/RJ;Norte;Choque - Elemento de Drenagem;1;;;;;;;;;;4;;;;
23/12/2019;16:14:00;185;com vítima;195,196;BR-101/RJ;Sul;Tombamento;;;;1;;;;;;;0;1;;;
23/12/2019;16:43:00;190;sem vítima;245,898;BR-101/RJ;Sul;Choque - Defensa, barreira ou "submarino";1;;;;;;;;;;3;;;;
23/12/2019;17:44:00;201;sem vítima;294,028;BR-101/RJ;Norte;Engavetamento;2;;1;;;;;;;1;4;;;;
23/12/2019;18:00:00;205;sem vítima;271,451;BR-101/RJ;Sul;Choque - Defensa, barreira ou "submarino";;;1;;;;;;;;1;;;;
23/12/2019;21:20:00;243;sem vítima;295,079;BR-101/RJ;Sul;Colisão Traseira;1;;;;;;;;;1;4;;;;
24/12/2019;08:26:00;43;sem vítima;122,9;BR-101/RJ;Norte;Colisão Traseira;1;;1;;;;;;;;5;;;;
24/12/2019;09:27:00;60;com vítima;293,193;BR-101/RJ;Norte;Colisão Lateral;1;;;1;;;;;;;3;1;;;
24/12/2019;11:29:00;85;sem vítima;66,6;BR-101/RJ;Norte;Colisão Traseira;2;;;;;;;;;;2;;;;
24/12/2019;11:44:00;86;sem vítima;282,794;BR-101/RJ;Norte;Choque - Defensa, barreira ou "submarino";1;;;;;;;;;;1;;;;
24/12/2019;12:47:00;96;com vítima;137,487;BR-101/RJ;Norte;Choque - Defensa, barreira ou "submarino";1;;;;;;;;;;3;1;;;
24/12/2019;12:58:00;98;sem vítima;247,9;BR-101/RJ;Norte;Colisão Lateral;1;;;;;1;;;;;2;;;;
24/12/2019;13:34:00;103;sem vítima;293,965;BR-101/RJ;Sul;Colisão Transversal;1;;;;1;;;;;;4;;;;
24/12/2019;13:51:00;106;com vítima;81,65;BR-101/RJ;Norte;Colisão Frontal;2;;;;;;;;;;0;;4;;
24/12/2019;13:56:00;107;com vítima;232,852;BR-101/RJ;Sul;Choque - Defensa, barreira ou "submarino";1;;;;;;;;;;1;2;;;
24/12/2019;14:22:00;109;com vítima;4,575;BR-101/RJ;Norte;Capotamento;1;;;;;;;;;;0;3;;;
24/12/2019;14:31:00;110;com vítima;66,099;BR-101/RJ;Sul;Engavetamento;3;;1;;;1;;;;;6;1;;;
24/12/2019;14:43:00;113;sem vítima;52,769;BR-101/RJ;Norte;Colisão Traseira;2;;;;;;;;;;2;;;;
24/12/2019;14:56:00;115;com vítima;145,015;BR-101/RJ;Sul;Tombamento;;;;1;;;;;;;1;;1;;
24/12/2019;16:59:00;138;com vítima;67,892;BR-101/RJ;Sul;Colisão Lateral;1;;;1;;;;;;;1;2;;;
24/12/2019;17:32:00;148;sem vítima;88,925;BR-101/RJ;Norte;Saida de Pista;1;;;;;;;;;;1;;;;
24/12/2019;18:51:00;161;sem vítima;315,676;BR-101/RJ;Norte;Choque - Suporte de Sinalização;1;;;;;;;;;;1;;;;
24/12/2019;19:26:00;167;sem vítima;262,777;BR-101/RJ;Norte;Colisão Traseira;2;;;;;;;;;;2;;;;
24/12/2019;20:03:00;175;sem vítima;230,741;BR-101/RJ;Sul;Choque - Elemento de Drenagem;1;;;;;;;;;;2;;;;
24/12/2019;20:04:00;176;sem vítima;94,955;BR-101/RJ;Sul;Saida de Pista;1;;;;;;;;;;1;;;;
24/12/2019;20:04:00;177;com vítima;304,105;BR-101/RJ;Norte;Colisão Traseira;1;;;;;1;;;;;2;1;;;
24/12/2019;20:27:00;180;sem vítima;252,885;BR-101/RJ;Norte;Engavetamento;2;;;;;;;;;1;7;;;;
25/12/2019;00:42:00;8;sem vítima;100,05;BR-101/RJ;Norte;Choque - Outros;;;1;;;;;;;;2;;;;
25/12/2019;05:00:00;22;com vítima;53,86;BR-101/RJ;Sul;Choque - Defensa, barreira ou "submarino";1;;;;;;;;;;0;1;2;;
25/12/2019;13:27:00;99;sem vítima;39,9;BR-101/RJ;Norte;Saida de Pista;1;;;;;;;;;;1;;;;
25/12/2019;13:53:00;106;com vítima;318,136;BR-101/RJ;Norte;Choque - Poste;1;;;;;;;;;;0;1;;;
25/12/2019;15:52:00;119;com vítima;214,011;BR-101/RJ;Norte;Capotamento;1;;;;;;;;;;0;1;;;
25/12/2019;17:05:00;135;com vítima;314,626;BR-101/RJ;Sul;Capotamento;1;;;;;;;;;;0;1;;;
25/12/2019;23:25:00;195;com vítima;320,303;BR-101/RJ;Sul;Choque - Defensa, barreira ou "submarino";1;;;;;;;;;;0;1;;;
26/12/2019;01:58:00;10;sem vítima;293,101;BR-101/RJ;Sul;Choque - Talude;1;;;;;;;;;;2;;;;
26/12/2019;06:05:00;33;sem vítima;320,101;BR-101/RJ;Sul;Colisão Transversal;1;;;;1;;;;;;2;;;;
26/12/2019;06:14:00;35;sem vítima;317,775;BR-101/RJ;Sul;Engavetamento;2;;;;;1;;;;;9;;;;
26/12/2019;07:13:00;55;com vítima;61,177;BR-101/RJ;Norte;Tombamento;;;1;1;;;;;;;1;;1;;
26/12/2019;09:02:00;87;sem vítima;71,25;BR-101/RJ;Norte;Engavetamento;3;;;;;;;;;;7;;;;
26/12/2019;10:08:00;107;sem vítima;67,8;BR-101/RJ;Norte;Engavetamento;2;;;;;1;;;;;3;;;;
26/12/2019;10:51:00;119;com vítima;297,167;BR-101/RJ;Sul;Tombamento;;;;1;;;;;;;0;2;;;
26/12/2019;11:52:00;144;sem vítima;179,849;BR-101/RJ;Norte;Colisão Traseira;2;;;;;;;;;;4;;;;
26/12/2019;12:16:00;152;sem vítima;297;BR-101/RJ;Norte;Colisão Lateral;1;;1;;;;;;;;4;;;;
26/12/2019;12:45:00;165;com vítima;298,005;BR-101/RJ;Norte;Colisão Traseira;2;;;;;;;;;;7;1;;;
26/12/2019;13:24:00;175;com vítima;282,926;BR-101/RJ;Sul;Capotamento;1;;;;;;;;;;1;1;;;
26/12/2019;17:04:00;239;com vítima;314,001;BR-101/RJ;Norte;Colisão Lateral;1;;;1;;;;;;;2;1;;;
26/12/2019;20:30:00;296;sem vítima;303,043;BR-101/RJ;Sul;Colisão Frontal;2;;;;;;;;;;2;;;;
26/12/2019;21:48:00;316;sem vítima;231,993;BR-101/RJ;Sul;Choque - Defensa, barreira ou "submarino";1;;;;;;;;;;2;;;;
27/12/2019;05:26:00;18;com vítima;143,75;BR-101/RJ;Norte;Colisão Lateral;2;;;;;;;;;;5;1;;;
27/12/2019;06:37:00;23;com vítima;293,249;BR-101/RJ;Sul;Colisão Lateral;1;;;1;;;;;;;1;1;;;
27/12/2019;06:44:00;25;sem vítima;234,162;BR-101/RJ;Norte;Choque - Defensa, barreira ou "submarino";1;;;;;;;;;;5;;;;
27/12/2019;07:50:00;42;sem vítima;269,733;BR-101/RJ;Norte;Engavetamento;3;;;;;1;;;;1;8;;;;
27/12/2019;06:37:00;43;com vítima;293,25;BR-101/RJ;Sul;Tombamento;;;;1;;;;;;;0;2;;;
27/12/2019;08:12:00;49;com vítima;209,97;BR-101/RJ;Norte;Colisão Traseira;2;;;;;;;;;;7;1;;;
27/12/2019;12:41:00;119;sem vítima;144,5;BR-101/RJ;Sul;Colisão Lateral;1;;;;;1;;;;;3;;;;
27/12/2019;16:30:00;168;com vítima;313,85;BR-101/RJ;Norte;Colisão Transversal;1;;;1;;;;;;;1;1;;;
27/12/2019;16:52:00;174;com vítima;66,483;BR-101/RJ;Sul;Colisão Transversal;1;;;1;;;;;;;1;;1;;
27/12/2019;16:58:00;177;com vítima;313,9;BR-101/RJ;Norte;Colisão Traseira;1;;;1;;;;;;;1;1;;;
27/12/2019;17:02:00;178;sem vítima;265;BR-101/RJ;Norte;Colisão Traseira;2;;;;;;;;;;2;;;;
27/12/2019;17:27:00;186;sem vítima;271,5;BR-101/RJ;Norte;Colisão Traseira;2;;;;;;;;;;2;;;;
27/12/2019;18:09:00;200;com vítima;308,364;BR-101/RJ;Sul;Tombamento;;;;1;;;;;;;0;2;;;
27/12/2019;19:36:00;221;sem vítima;297,047;BR-101/RJ;Norte;Colisão Traseira;2;;;;;;;;;;4;;;;
27/12/2019;19:50:00;224;sem vítima;249,55;BR-101/RJ;Norte;Atropelamento de Animal;1;;;;;;;;;;1;;;;
27/12/2019;20:37:00;236;com vítima;51,159;BR-101/RJ;Norte;Atropelamento - Ciclista;;1;;1;;;;;;;1;1;;;
28/12/2019;04:43:00;24;com vítima;273,166;BR-101/RJ;Sul;Choque - Talude;1;;;;;;;;;;0;;1;;
28/12/2019;06:13:00;30;sem vítima;297,323;BR-101/RJ;Norte;Colisão Lateral;1;;1;;;;;;;;2;;;;
28/12/2019;06:25:00;34;sem vítima;64,299;BR-101/RJ;Sul;Colisão Transversal;2;;;;;;;;;;6;;;;
28/12/2019;06:56:00;43;com vítima;67,346;BR-101/RJ;Norte;Colisão Traseira;1;;1;;;;;;;;1;1;;;
28/12/2019;09:19:00;74;sem vítima;276,8;BR-101/RJ;Norte;Colisão Traseira;2;;;;;;;;;;2;;;;
28/12/2019;09:44:00;80;com vítima;309,547;BR-101/RJ;Norte;Colisão Traseira;1;;;1;;;;;;;4;1;;;
28/12/2019;09:52:00;82;com vítima;277,431;BR-101/RJ;Norte;Engavetamento;3;;;;;;;;;;6;1;;;
28/12/2019;10:39:00;87;sem vítima;221,515;BR-101/RJ;Sul;Colisão Traseira;2;;;;;;;;;;3;;;;
28/12/2019;10:49:00;91;sem vítima;302,1;BR-101/RJ;Norte;Colisão Traseira;2;;;;;;;;;;2;;;;
28/12/2019;10:59:00;95;sem vítima;304,442;BR-101/RJ;Norte;Colisão Traseira;1;;;;1;;;;;;3;;;;
28/12/2019;13:39:00;137;com vítima;284,36;BR-101/RJ;Norte;Colisão Traseira;1;;;;1;;;;;;4;2;;;
28/12/2019;13:49:00;140;com vítima;104,038;BR-101/RJ;Sul;Capotamento;1;;;;;;;;;;0;;;3;
28/12/2019;15:07:00;143;sem vítima;131,677;BR-101/RJ;Norte;Choque - Objeto sobre a pista;1;;;;;;;;;;1;;;;
28/12/2019;14:20:00;147;com vítima;316,948;BR-101/RJ;Norte;Colisão Traseira;1;;;1;;;;;;;1;1;;;
28/12/2019;16:27:00;173;sem vítima;230,691;BR-101/RJ;Sul;Choque - Elemento de Drenagem;1;;;;;;;;;;1;;;;
29/12/2019;05:04:00;17;sem vítima;254,687;BR-101/RJ;Norte;Choque - Defensa, barreira ou "submarino";1;;;;;;;;;;1;;;;
29/12/2019;06:55:00;31;com vítima;312,249;BR-101/RJ;Sul;Choque - Outros;1;;;;;;;;;;2;1;;;1
29/12/2019;10:32:00;64;com vítima;228,486;BR-101/RJ;Sul;Capotamento;1;;;;;;;;;;0;1;;;
29/12/2019;15:11:00;109;com vítima;212,202;BR-101/RJ;Norte;Capotamento;1;;;;;;;;;;0;1;1;2;
29/12/2019;16:57:00;124;com vítima;27,5;BR-101/RJ;Norte;Tombamento;;;;1;;;;;;;0;2;;;
29/12/2019;22:11:00;166;com vítima;243,608;BR-101/RJ;Sul;Colisão Traseira;2;;;;;;;;;;1;5;;;
30/12/2019;04:19:00;14;sem vítima;52;BR-101/RJ;Norte;;;;;1;;;;;;;1;;;;
30/12/2019;10:24:00;73;sem vítima;272,951;BR-101/RJ;Sul;Engavetamento;1;;;;;2;;;;;4;;;;
30/12/2019;14:16:00;122;com vítima;310,9;BR-101/RJ;Norte;Outros - Sequência;1;;;;;;;;;2;8;2;;;
30/12/2019;14:32:00;125;sem vítima;311,736;BR-101/RJ;Norte;Engavetamento;2;;;;;;;;;1;5;;;;
30/12/2019;16:20:00;145;com vítima;70,791;BR-101/RJ;Sul;Capotamento;1;;;;;;;;;;0;2;;;
31/12/2019;07:53:00;39;com vítima;62,849;BR-101/RJ;Norte;Colisão Transversal;1;1;;;;;;;;;1;1;;;
31/12/2019;10:16:00;62;com vítima;245,129;BR-101/RJ;Norte;Tombamento;;;;1;;;;;;;0;2;;;
31/12/2019;12:02:00;78;com vítima;144,2;BR-101/RJ;Norte;Objeto lançado contra veículo;1;;;;;1;;;;;2;1;;;
31/12/2019;12:48:00;90;sem vítima;309,176;BR-101/RJ;Norte;Colisão Transversal;1;;1;;;;;;;;3;;;;
31/12/2019;19:34:00;160;com vítima;56,795;BR-101/RJ;Sul;Colisão Traseira;;;1;1;;;;;;;1;1;;;
31/12/2019;21:46:00;175;com vítima;62,07;BR-101/RJ;Norte;Colisão Frontal;1;1;;;;;;;;;2;;1;;
01/01/2020;06:49:00;32;com vítima;290,7;BR-101/RJ;Sul;Colisão Traseira;1;;;1;;;;;;;2;1;;;
01/01/2020;09:07:00;41;com vítima;100,268;BR-101/RJ;Norte;Choque - Defensa, barreira ou "submarino";1;;;;;;;;;;0;1;;;
01/01/2020;15:20:00;106;com vítima;279,38;BR-101/RJ;Sul;Colisão Traseira;2;;;;;;;;;;6;1;;;
01/01/2020;16:48:00;124;sem vítima;64,218;BR-101/RJ;Norte;Colisão Frontal;2;;;;;;;;;;2;;;;
01/01/2020;23:04:00;196;sem vítima;46,85;BR-101/RJ;Norte;Choque - Defensa, barreira ou "submarino";2;;;;;;;;;;5;;;;
02/01/2020;05:47:00;28;sem vítima;299,701;BR-101/RJ;Sul;Colisão Lateral;;;;1;;1;;;;;2;;;;
02/01/2020;07:44:00;53;com vítima;57,564;BR-101/RJ;Norte;Colisão Lateral;1;;;1;;;;;;;1;1;;;
02/01/2020;08:12:00;64;com vítima;316,962;BR-101/RJ;Norte;Colisão Lateral;1;;;;;;;;;;2;1;;;
02/01/2020;08:40:00;73;sem vítima;287;BR-101/RJ;Sul;Engavetamento;;;;;;3;;;;;3;;;;
02/01/2020;10:46:00;101;sem vítima;293,2;BR-101/RJ;Sul;Colisão Lateral;1;;1;;;;;;;;2;;;;
02/01/2020;10:47:00;103;sem vítima;293,201;BR-101/RJ;Sul;Colisão Traseira;2;;;;;;;;;;2;;;;
02/01/2020;10:57:00;106;sem vítima;183,5;BR-101/RJ;Sul;Colisão Traseira;2;;;;;;;;;;5;;;;
02/01/2020;13:02:00;142;sem vítima;314,134;BR-101/RJ;Sul;Colisão Lateral;1;;;1;;;;;;;3;;;;
02/01/2020;13:53:00;157;com vítima;205,801;BR-101/RJ;Sul;Colisão Transversal;2;;;;;;;;;;0;2;;;
02/01/2020;15:59:00;185;sem vítima;13,113;BR-101/RJ;Norte;Colisão Traseira;2;;;;;;;;;;2;;;;
02/01/2020;17:17:00;213;com vítima;76,439;BR-101/RJ;Norte;Colisão Traseira;2;;;;;;;;;;7;1;;;
02/01/2020;20:28:00;259;sem vítima;20,345;BR-101/RJ;Sul;Colisão Traseira;1;;;;;1;;;;;6;;;;
02/01/2020;21:10:00;270;com vítima;92,566;BR-101/RJ;Norte;Choque - Defensa, barreira ou "submarino";1;;;;;;;;;;2;2;;;
02/01/2020;23:26:00;286;com vítima;61,6;BR-101/RJ;Sul;Colisão Transversal;;;;1;;;;;;1;1;;;1;
03/01/2020;00:44:00;6;com vítima;11,6;BR-101/RJ;Sul;Colisão Traseira;1;;1;;;;;;;;2;1;1;;
03/01/2020;01:46:00;10;sem vítima;259,095;BR-101/RJ;Norte;Choque - Objeto sobre a pista;1;;;;;;;;;;1;;;;
03/01/2020;01:57:00;14;sem vítima;259,094;BR-101/RJ;Norte;Choque - Objeto sobre a pista;1;;;;;;;;;;1;;;;
03/01/2020;09:15:00;76;com vítima;113,8;BR-101/RJ;Norte;Tombamento;;;;1;;;;;;;0;2;;;
03/01/2020;15:49:00;155;sem vítima;196,8;BR-101/RJ;Sul;Saida de Pista;;;;;;;;;;1;1;;;;
03/01/2020;16:38:00;169;sem vítima;261,858;BR-101/RJ;Sul;Choque - Defensa, barreira ou "submarino";1;;;;;;;;;;4;;;;
03/01/2020;17:22:00;176;sem vítima;103,935;BR-101/RJ;Norte;Choque - Defensa, barreira ou "submarino";1;;;;;;;;;;3;;;;
03/01/2020;20:02:00;201;sem vítima;238,504;BR-101/RJ;Sul;Atropelamento de Animal;1;;;;;;;;;;1;;;;
03/01/2020;20:40:00;204;com vítima;86,6;BR-101/RJ;Norte;Choque - Defensa, barreira ou "submarino";1;;;;;;;;;;1;1;;;
03/01/2020;20:46:00;206;sem vítima;86,6;BR-101/RJ;Norte;Saida de Pista;1;;;;;;;;;;3;;;;
03/01/2020;21:19:00;210;sem vítima;299,752;BR-101/RJ;Sul;Colisão Traseira;1;;1;;;;;;;;3;;;;
04/01/2020;01:27:00;5;sem vítima;264,136;BR-101/RJ;Norte;Choque - Objeto sobre a pista;1;;;;;;;;;;1;;;;
04/01/2020;05:17:00;29;sem vítima;312,545;BR-101/RJ;Sul;Colisão Lateral;1;;;;;;;;;1;2;;;;
04/01/2020;07:06:00;37;sem vítima;58,57;BR-101/RJ;Norte;Colisão Traseira;1;;1;;;;;;;;2;;;;
04/01/2020;09:38:00;61;com vítima;212,969;BR-101/RJ;Norte;Tombamento;;;;1;;;;;;;0;1;;;
04/01/2020;09:51:00;64;sem vítima;294,494;BR-101/RJ;Norte;Engavetamento;3;;;;1;1;;;;;52;;;;
04/01/2020;10:49:00;78;com vítima;79,988;BR-101/RJ;Norte;Engavetamento;2;;1;;;;;;;;4;1;;;
04/01/2020;14:06:00;110;com vítima;289,642;BR-101/RJ;Sul;Colisão Traseira;3;;;;;;;;;;6;1;;;
04/01/2020;16:26:00;141;sem vítima;308,389;BR-101/RJ;Norte;Colisão Traseira;2;;;;;;;;;;2;;;;
04/01/2020;20:43:00;184;com vítima;47,977;BR-101/RJ;Sul;Choque - Poste;1;;;1;;;;;;;2;;;1;
04/01/2020;20:57:00;187;sem vítima;271,857;BR-101/RJ;Sul;Choque - Outros;1;;;;;;;;;;1;;;;
05/01/2020;05:01:00;15;sem vítima;315,976;BR-101/RJ;Norte;Choque - Elemento de Drenagem;1;;;;;;;;;;1;;;;
05/01/2020;05:33:00;19;sem vítima;297,893;BR-101/RJ;Sul;Choque - Defensa, barreira ou "submarino";1;;;;;;;;;;3;;;;
05/01/2020;06:15:00;24;sem vítima;144,4;BR-101/RJ;Sul;Tombamento;1;;;;;;;;;;1;;;;
05/01/2020;07:57:00;35;com vítima;266,685;BR-101/RJ;Sul;Colisão Lateral;1;;;1;;;;;;;2;1;;;
05/01/2020;16:04:00;123;com vítima;206,6;BR-101/RJ;Sul;Atropelamento - Morador;1;;;;;;;;;;3;;1;;
06/01/2020;06:26:00;42;sem vítima;314,911;BR-101/RJ;Sul;Colisão Traseira;2;;;;;;;;;;5;;;;
06/01/2020;07:46:00;67;com vítima;206,165;BR-101/RJ;Sul;Colisão Lateral;1;;1;;;;;;;;4;1;;;
06/01/2020;12:44:00;152;sem vítima;287,743;BR-101/RJ;Sul;Choque - Objeto sobre a pista;1;;;;;;;;;;1;;;;
06/01/2020;15:46:00;189;com vítima;224,155;BR-101/RJ;Norte;Capotamento;1;;;;;;;;;;1;1;;;
06/01/2020;18:36:00;222;com vítima;111,85;BR-101/RJ;Sul;Tombamento;;;;1;;;;;;;0;2;;;
06/01/2020;21:43:00;264;sem vítima;300,595;BR-101/RJ;Norte;Atropelamento de Animal;1;;;;;;;;;;1;;;;
06/01/2020;22:00:00;266;sem vítima;321,9;BR-101/RJ;Sul;Colisão Lateral;1;;;;;1;;;;;3;;;;
06/01/2020;22:16:00;268;com vítima;314,7;BR-101/RJ;Sul;Tombamento;;;;1;;;;;;;0;;;1;
06/01/2020;22:51:00;274;sem vítima;305,9;BR-101/RJ;Sul;Atropelamento de Animal;1;;;;;;;;;;1;;;;
06/01/2020;23:21:00;277;sem vítima;305,905;BR-101/RJ;Sul;Atropelamento de Animal;1;;;;;;;;;;1;;;;
07/01/2020;10:04:00;75;com vítima;268,39;BR-101/RJ;Sul;Engavetamento;3;;;;;;;;;;7;3;;;
07/01/2020;10:25:00;86;com vítima;67,5;BR-101/RJ;Sul;Outros;;;;1;;1;;;;;1;1;;;
07/01/2020;12:26:00;123;com vítima;66,2;BR-101/RJ;Norte;Atropelamento - Outros;;;1;;;;;;;;1;1;;;
07/01/2020;13:39:00;139;sem vítima;262,856;BR-101/RJ;Norte;Colisão Traseira;;;2;;;;;;;;2;;;;
07/01/2020;14:21:00;149;sem vítima;262,5;BR-101/RJ;Norte;Colisão Traseira;1;;1;;;;;;;;6;;;;
07/01/2020;17:13:00;188;sem vítima;246,114;BR-101/RJ;Sul;Choque - Defensa, barreira ou "submarino";;;;;;;;;;1;1;;;;
07/01/2020;17:27:00;191;com vítima;317,145;BR-101/RJ;Norte;Engavetamento;3;;;;;;;;;;4;1;;;