data;horario;n_da_ocorrencia;tipo_de_ocorrencia;km;trecho;sentido;tipo_de_acidente;automovel;bicicleta;caminhao;moto;onibus;outros;tracao_animal;transporte_de_cargas_especiais;trator_maquinas;utilitarios;ilesos;levemente_feridos;moderadamente_feridos;gravemente_feridos;mortos
14/05/2020;06:47:00;21;sem vítima;172,024;BR-101/RJ;Norte;Atropelamento de Animal;1;;;;;;;;;;1;;;;
14/05/2020;18:16:00;133;sem vítima;54,475;BR-101/RJ;Norte;Colisão Traseira;1;;;;;1;;;;;3;;;;
14/05/2020;18:47:00;138;com vítima;54,355;BR-101/RJ;Norte;Engavetamento;2;;;;;;;;;1;3;1;;;
14/05/2020;19:02:00;139;com vítima;255,653;BR-101/RJ;Norte;Choque - Outros;;;;1;;1;;;;;1;;1;;
15/05/2020;03:46:00;18;com vítima;148,25;BR-101/RJ;Norte;Tombamento;;;1;;;;;;;;0;2;;;
15/05/2020;06:44:00;34;sem vítima;198,476;BR-101/RJ;Norte;Choque - Defensa, barreira ou "submarino";;;;;;;;;;1;2;;;;
15/05/2020;06:54:00;35;com vítima;254,819;BR-101/RJ;Norte;Colisão Traseira;;;2;;;;;;;;4;1;;;
15/05/2020;07:31:00;38;com vítima;130,52;BR-101/RJ;Sul;Choque - Elemento de Drenagem;1;;;;;;;;;;0;1;;;
15/05/2020;08:52:00;46;sem vítima;158,086;BR-101/RJ;Sul;Saida de Pista;1;;;;;;;;;;2;;;;
15/05/2020;09:56:00;61;sem vítima;231,842;BR-101/RJ;Sul;Choque - Defensa, barreira ou "submarino";1;;;;;;;;;;1;;;;
15/05/2020;10:00:00;62;sem vítima;319,658;BR-101/RJ;Sul;Colisão Lateral;2;;;;;1;;;;;4;;;;
15/05/2020;11:18:00;69;sem vítima;215,782;BR-101/RJ;Sul;Capotamento;1;;;;;;;;;;1;;;;
15/05/2020;12:04:00;71;sem vítima;320,783;BR-101/RJ;Norte;Choque - Defensa, barreira ou "submarino";1;;;;;;;;;;1;;;;
15/05/2020;14:15:00;85;sem vítima;122,88;BR-101/RJ;Sul;Choque - Defensa, barreira ou "submarino";;;1;;;;;;;;1;;;;
15/05/2020;14:44:00;93;sem vítima;311,818;BR-101/RJ;Norte;Atropelamento de Animal;1;;;;;;;;;;1;;;;
15/05/2020;15:35:00;100;com vítima;285,528;BR-101/RJ;Sul;Colisão Lateral;2;;;;;;;;;;5;1;;;
16/05/2020;13:13:00;69;com vítima;275,387;BR-101/RJ;Norte;Tombamento;;1;;;;;;;;;0;1;;;
16/05/2020;16:36:00;88;com vítima;229,296;BR-101/RJ;Norte;Tombamento;;;;1;;;;;;;0;1;;;
16/05/2020;16:58:00;93;com vítima;60,733;BR-101/RJ;Sul;Colisão Traseira;2;;;;;;;;;;3;4;;;
16/05/2020;17:53:00;103;com vítima;308,058;BR-101/RJ;Sul;Colisão Transversal;;1;;;1;;;;;;1;1;;;
16/05/2020;19:03:00;112;sem vítima;270,133;BR-101/RJ;Norte;Choque - Elemento de Drenagem;1;;;;;;;;;;1;;;;
17/05/2020;07:51:00;31;sem vítima;230,249;BR-101/RJ;Norte;Colisão Lateral;1;;;;;1;;;;;4;;;;
17/05/2020;15:04:00;72;com vítima;295,804;BR-101/RJ;Sul;Tombamento;;;;1;;;;;;;0;1;;;
17/05/2020;16:14:00;84;com vítima;250,309;BR-101/RJ;Sul;Choque - Defensa, barreira ou "submarino";;;;1;;;;;;;0;2;;;
17/05/2020;17:56:00;98;sem vítima;304,55;BR-101/RJ;Norte;Atropelamento de Animal;1;;;;;;;;;;1;;;;
18/05/2020;11:08:00;96;com vítima;117,438;BR-101/RJ;Sul;Capotamento;1;;;;;;;;;;0;5;;;
18/05/2020;12:04:00;112;sem vítima;293,013;BR-101/RJ;Norte;Choque - Defensa, barreira ou "submarino";1;;;;;;;;;;1;;;;
18/05/2020;17:32:00;165;com vítima;261,689;BR-101/RJ;Norte;Colisão Lateral;1;1;;;;;;;;;1;1;;;
18/05/2020;20:08:00;175;sem vítima;314,834;BR-101/RJ;Sul;Colisão Traseira;1;;;;;1;;;;;4;;;;
19/05/2020;06:46:00;12;com vítima;209,849;BR-101/RJ;Sul;Tombamento;;;1;;;;;;;;0;1;;;
19/05/2020;07:40:00;26;com vítima;197,995;BR-101/RJ;Sul;Colisão Traseira;2;;;;;;;;;;2;;1;;
19/05/2020;09:20:00;55;com vítima;88,795;BR-101/RJ;Sul;Tombamento;;;1;;;;;;;;0;1;;;
20/05/2020;06:23:00;20;com vítima;273,6;BR-101/RJ;Sul;Tombamento;;;;1;;;;;;;0;1;;;
20/05/2020;15:33:00;124;com vítima;315,953;BR-101/RJ;Norte;Choque - Outros;;;;1;;;;;;;0;;1;;
20/05/2020;22:27:00;158;sem vítima;169,428;BR-101/RJ;Norte;Saida de Pista;1;;;;;;;;;;1;;;;
21/05/2020;02:11:00;4;com vítima;53,566;BR-101/RJ;Norte;Tombamento;;;;1;;;;;;;0;1;;;
21/05/2020;03:20:00;7;sem vítima;11,2;BR-101/RJ;Norte;Choque - Talude;1;;;;;;;;;;2;;;;
21/05/2020;17:27:00;133;sem vítima;315,26;BR-101/RJ;Norte;Colisão Lateral;1;;;1;;;;;;;2;;;;
21/05/2020;19:20:00;149;com vítima;307,471;BR-101/RJ;Norte;Colisão Lateral;1;;;1;;;;;;;3;;1;;
22/05/2020;19:35:00;168;com vítima;259,658;BR-101/RJ;Sul;Choque - Outros;;1;;;;;;;;;0;1;;;
23/05/2020;05:15:00;13;sem vítima;282,887;BR-101/RJ;Sul;Choque - Defensa, barreira ou "submarino";1;;;;;;;;;;1;;;;
23/05/2020;20:33:00;114;com vítima;66,754;BR-101/RJ;Norte;Tombamento;;1;;;;;;;;;0;1;;;
24/05/2020;00:55:00;2;sem vítima;299,701;BR-101/RJ;Sul;Choque - Cancela de Pedagio;1;;;;;;;;;;1;;;;
24/05/2020;01:33:00;5;com vítima;307,937;BR-101/RJ;Norte;Colisão Lateral;1;;;;;;;;;1;5;2;;;
24/05/2020;06:59:00;21;sem vítima;319,912;BR-101/RJ;Sul;Choque - Defensa, barreira ou "submarino";1;;;;;;;;;;1;;;;
24/05/2020;15:51:00;65;com vítima;4,34;BR-101/RJ;Sul;Colisão Lateral;1;;1;;;;;;;;3;;1;;
24/05/2020;19:48:00;85;com vítima;277,012;BR-101/RJ;Norte;Choque - Elemento de Drenagem;1;;;;;;;;;;1;;1;;
25/05/2020;05:45:00;11;com vítima;321,643;BR-101/RJ;Norte;Colisão Traseira;;;1;;;;;;;1;1;1;;;
25/05/2020;06:56:00;18;com vítima;144,248;BR-101/RJ;Sul;Tombamento;;;;1;;;;;;;1;1;;;
25/05/2020;08:07:00;31;sem vítima;87,606;BR-101/RJ;Norte;Choque - Elemento de Drenagem;1;;;;;;;;;;1;;;;
25/05/2020;20:00:00;118;sem vítima;234,216;BR-101/RJ;Norte;Choque - Defensa, barreira ou "submarino";1;;;;;;;;;;3;;;;
26/05/2020;00:24:00;4;com vítima;293,301;BR-101/RJ;Norte;Tombamento;;;;1;;;;;;;0;1;;;
26/05/2020;18:24:00;131;sem vítima;84,116;BR-101/RJ;Sul;Outros;;;2;;;;;;;;3;;;;
27/05/2020;10:25:00;73;com vítima;72,476;BR-101/RJ;Sul;Tombamento;;;;1;;;;;;;0;2;;;
27/05/2020;23:33:00;163;sem vítima;123,1;BR-101/RJ;Sul;Choque - Defensa, barreira ou "submarino";;;1;;;;;;;;1;;;;
28/05/2020;07:02:00;26;com vítima;288,236;BR-101/RJ;Norte;Colisão Traseira;;;;1;;1;;;;;1;1;;;
28/05/2020;16:41:00;136;sem vítima;308,942;BR-101/RJ;Norte;Colisão Traseira;2;;;;;;;;;;5;;;;
28/05/2020;22:23:00;170;sem vítima;68,13;BR-101/RJ;Norte;Atropelamento de Animal;;;1;;;;;;;;1;;;;
28/05/2020;22:50:00;174;sem vítima;305,188;BR-101/RJ;Sul;Atropelamento de Animal;;;1;;;;;;;;1;;;;
29/05/2020;14:01:00;105;sem vítima;67,327;BR-101/RJ;Norte;Colisão Traseira;1;;;;;1;;;;;2;;;;
29/05/2020;16:58:00;133;com vítima;217,912;BR-101/RJ;Norte;Choque - Elemento de Drenagem;1;;;;;;;;;;0;1;;;
30/05/2020;00:36:00;4;sem vítima;64,304;BR-101/RJ;Sul;Colisão Transversal;1;;;;;;;;;1;2;;;;
30/05/2020;12:31:00;75;com vítima;295,35;BR-101/RJ;Norte;Choque - Defensa, barreira ou "submarino";1;;;;;;;;;;1;1;;;
30/05/2020;14:51:00;96;com vítima;311,947;BR-101/RJ;Norte;Colisão Traseira;1;;;1;;;;;;;2;;1;;
30/05/2020;18:33:00;122;com vítima;297,917;BR-101/RJ;Sul;Choque - Defensa, barreira ou "submarino";1;;;;;;;;;;0;1;;;
30/05/2020;18:55:00;125;com vítima;200,305;BR-101/RJ;Norte;Colisão Transversal;3;;;;;;;;;;2;;;2;
31/05/2020;02:57:00;12;sem vítima;297,46;BR-101/RJ;Sul;Choque - Defensa, barreira ou "submarino";1;;;;;;;;;;1;;;;
31/05/2020;18:03:00;103;sem vítima;306,921;BR-101/RJ;Sul;Colisão Traseira;2;;;;;;;;;;7;;;;
31/05/2020;18:07:00;104;sem vítima;294,478;BR-101/RJ;Sul;Colisão Transversal;1;;;;1;;;;;;5;;;;
31/05/2020;18:23:00;105;com vítima;242,49;BR-101/RJ;Sul;Capotamento;1;;;;;;;;;;1;1;;;
31/05/2020;18:33:00;108;com vítima;309,77;BR-101/RJ;Norte;Colisão Traseira;;;;1;;1;;;;;1;;;1;
31/05/2020;18:50:00;110;com vítima;295,565;BR-101/RJ;Sul;Choque - Defensa, barreira ou "submarino";1;;;;;;;;;;0;;1;;
31/05/2020;20:36:00;123;sem vítima;295,738;BR-101/RJ;Sul;Choque - Defensa, barreira ou "submarino";1;;;;;;;;;;1;;;;
31/05/2020;22:00:00;128;sem vítima;21,3;BR-101/RJ;Sul;Choque - Suporte de Sinalização;;;1;;;;;;;;1;;;;
01/06/2020;00:07:00;17;sem vítima;313,354;BR-101/RJ;Sul;Choque - Suporte de Sinalização;1;;;;;;;;;;1;;;;
01/06/2020;15:55:00;147;sem vítima;297,5;BR-101/RJ;Norte;Colisão Traseira;1;;1;;;;;;;;2;;;;
01/06/2020;21:37:00;187;com vítima;303,067;BR-101/RJ;Norte;Colisão Frontal;1;;1;;;;;;;;1;2;;;
02/06/2020;19:06:00;151;sem vítima;277,528;BR-101/RJ;Sul;Colisão Traseira;2;;;;;;;;;;4;;;;
02/06/2020;19:29:00;154;com vítima;306,633;BR-101/RJ;Norte;Colisão Traseira;2;;;;;;;;;;2;1;;;
02/06/2020;20:12:00;160;sem vítima;299,5;BR-101/RJ;Sul;Colisão Lateral;2;;;;;;;;;;2;;;;
03/06/2020;06:53:00;34;com vítima;288,372;BR-101/RJ;Sul;Colisão Traseira;3;;;1;;1;;;;;7;1;1;;
03/06/2020;11:34:00;87;com vítima;308,051;BR-101/RJ;Sul;Colisão Frontal;2;;;;;;;;;;0;2;1;;
03/06/2020;17:56:00;151;sem vítima;252,89;BR-101/RJ;Sul;Choque - Outros;;;1;;;;;;;;1;;;;
03/06/2020;17:58:00;152;com vítima;57,573;BR-101/RJ;Sul;Colisão Transversal;1;;;1;;;;;;;2;;1;;
04/06/2020;07:45:00;39;sem vítima;318,508;BR-101/RJ;Norte;Colisão Traseira;2;;1;;;;;;;;4;;;;
04/06/2020;12:52:00;98;com vítima;299,115;BR-101/RJ;Norte;Atropelamento - Morador;;;;1;;;;;;;0;1;1;;
05/06/2020;06:34:00;19;sem vítima;300,242;BR-101/RJ;Sul;Choque - Elemento de Drenagem;;;;;;;;;;1;1;;;;
05/06/2020;08:36:00;54;com vítima;297,91;BR-101/RJ;Sul;Choque - Defensa, barreira ou "submarino";1;;;;;;;;;;0;2;;;
05/06/2020;09:32:00;70;com vítima;295,824;BR-101/RJ;Norte;Colisão Traseira;2;;;;;;;;;;2;1;;;
05/06/2020;11:35:00;100;sem vítima;66,421;BR-101/RJ;Sul;Colisão Traseira;2;;;;;;;;;;2;;;;
05/06/2020;13:06:00;115;sem vítima;184,175;BR-101/RJ;Sul;Choque - Defensa, barreira ou "submarino";1;;;;;;;;;;1;;;;
06/06/2020;06:47:00;20;com vítima;288,822;BR-101/RJ;Norte;Colisão Traseira;1;1;;;;;;;;;4;;;;1
06/06/2020;08:05:00;31;com vítima;75,25;BR-101/RJ;Sul;Queda;;;;;;;1;;;;2;1;;;
06/06/2020;11:16:00;63;com vítima;64,8;BR-101/RJ;Sul;Choque - Outros;;;;1;;;;;;;0;;1;;
06/06/2020;14:14:00;89;com vítima;281,97;BR-101/RJ;Sul;Colisão Transversal;;1;;;;1;;;;;1;1;;;
06/06/2020;15:02:00;96;com vítima;294,577;BR-101/RJ;Sul;Tombamento;;;;1;;;;;;;0;;1;;
06/06/2020;17:12:00;119;sem vítima;285,61;BR-101/RJ;Norte;Choque - Defensa, barreira ou "submarino";;;1;;;;;;;;1;;;;
06/06/2020;22:20:00;142;com vítima;319,4;BR-101/RJ;Sul;Capotamento;1;;;;;;;;;;0;1;;;
06/06/2020;22:33:00;143;com vítima;201,267;BR-101/RJ;Norte;Colisão Traseira;;;2;;;;;;;;2;;1;;
07/06/2020;00:05:00;2;sem vítima;304,446;BR-101/RJ;Norte;Choque - Suporte de Sinalização;1;;;;;;;;;;1;;;;
07/06/2020;01:25:00;9;sem vítima;267,528;BR-101/RJ;Sul;Choque - Talude;1;;;;;;;;;;1;;;;
07/06/2020;03:21:00;15;sem vítima;273,268;BR-101/RJ;Norte;Choque - Talude;1;;;;;;;;;;1;;;;
07/06/2020;08:44:00;44;sem vítima;135,848;BR-101/RJ;Sul;Choque - Defensa, barreira ou "submarino";1;;;;;;;;;;1;;;;
07/06/2020;17:06:00;96;sem vítima;252,89;BR-101/RJ;Sul;Colisão Traseira;1;;1;;;;;;;;2;;;;
08/06/2020;01:22:00;6;sem vítima;253,89;BR-101/RJ;Norte;Choque - Defensa, barreira ou "submarino";;;1;;;;;;;;1;;;;
08/06/2020;04:01:00;17;sem vítima;282,291;BR-101/RJ;Sul;Choque - Suporte de Sinalização;;;1;;;;;;;;1;;;;
08/06/2020;07:55:00;49;com vítima;60,132;BR-101/RJ;Norte;Colisão Transversal;1;1;;;;;;;;;1;1;;;
08/06/2020;12:35:00;104;sem vítima;158,487;BR-101/RJ;Sul;Choque - Defensa, barreira ou "submarino";;;1;;;;;;;;1;;;;
08/06/2020;13:11:00;115;com vítima;311,384;BR-101/RJ;Sul;Atropelamento - Morador;;;;;;1;;;;;1;1;;;
08/06/2020;15:14:00;131;sem vítima;65,474;BR-101/RJ;Norte;Colisão Traseira;1;;;;;1;;;;;2;;;;
08/06/2020;17:11:00;153;sem vítima;300,5;BR-101/RJ;Norte;Tombamento;;;;1;;;;;;;1;;;;
09/06/2020;00:05:00;2;sem vítima;297,45;BR-101/RJ;Norte;Colisão Traseira;1;;;;;1;;;;;2;;;;
09/06/2020;07:23:00;33;com vítima;285,06;BR-101/RJ;Norte;Capotamento;1;;;;;;;;;;0;1;;;
09/06/2020;10:23:00;75;com vítima;13,822;BR-101/RJ;Sul;Choque - Talude;1;;;;;;;;;;0;1;;;
09/06/2020;10:38:00;78;com vítima;276,486;BR-101/RJ;Sul;Tombamento;;;;1;;;;;;;0;1;;;
09/06/2020;14:15:00;112;sem vítima;282,92;BR-101/RJ;Norte;Colisão Lateral;1;;1;;;;;;;;3;;;;
09/06/2020;18:02:00;146;com vítima;318,4;BR-101/RJ;Sul;Engavetamento;3;;;;;;;;;;3;2;;;
09/06/2020;20:44:00;162;com vítima;253,545;BR-101/RJ;Sul;Choque - Defensa, barreira ou "submarino";1;;;;;;;;;;4;1;;;
10/06/2020;03:23:00;17;com vítima;217,782;BR-101/RJ;Sul;Tombamento;;;;1;;;;;;;0;;1;;
10/06/2020;08:32:00;59;com vítima;293,452;BR-101/RJ;Sul;Colisão Traseira;1;;;1;;;;;;;1;2;;;
10/06/2020;11:21:00;92;sem vítima;293,452;BR-101/RJ;Sul;Tombamento;;;;1;;;;;;;1;;;;
10/06/2020;13:06:00;108;com vítima;57,591;BR-101/RJ;Sul;Colisão Transversal;1;;;;;;;;;1;2;;2;;
10/06/2020;15:28:00;125;sem vítima;46,898;BR-101/RJ;Norte;Atropelamento de Animal;1;;;;;;;;;;4;;;;
10/06/2020;16:12:00;129;com vítima;286,765;BR-101/RJ;Norte;Colisão Traseira;2;;;;;;;;;;5;1;;;
10/06/2020;17:19:00;136;com vítima;236,725;BR-101/RJ;Sul;Atropelamento - Outros;;;;;;;;;;1;3;;1;1;
10/06/2020;17:24:00;137;sem vítima;297,395;BR-101/RJ;Sul;Colisão Traseira;1;;;;;;;;;1;2;;;;
11/06/2020;09:16:00;44;com vítima;297,777;BR-101/RJ;Sul;Tombamento;;;;1;;;;;;;0;;1;;
11/06/2020;13:46:00;85;sem vítima;197,771;BR-101/RJ;Sul;Choque - Objeto sobre a pista;;;1;;;;;;;;1;;;;
11/06/2020;18:28:00;128;sem vítima;284,567;BR-101/RJ;Sul;Choque - Defensa, barreira ou "submarino";1;;;;;;;;;;3;;;;
11/06/2020;19:06:00;133;com vítima;263,76;BR-101/RJ;Norte;Atropelamento - Sem Informação;;;;;;1;;;;;1;;;1;
11/06/2020;19:14:00;136;com vítima;263,76;BR-101/RJ;Norte;Tombamento;;;;1;;;;;;;0;;;1;
11/06/2020;22:09:00;156;com vítima;314,553;BR-101/RJ;Norte;Choque - Defensa, barreira ou "submarino";1;;;;;;;;;;0;;1;;
12/06/2020;03:22:00;13;com vítima;276,573;BR-101/RJ;Norte;Colisão Traseira;2;;;;;;;;;;1;1;;;
12/06/2020;04:00:00;15;sem vítima;295,727;BR-101/RJ;Sul;Choque - Elemento de Drenagem;1;;;;;;;;;;1;;;;
12/06/2020;09:35:00;56;sem vítima;299,7;BR-101/RJ;Sul;Colisão Traseira;2;;;;;;;;;;2;;;;
12/06/2020;14:39:00;108;com vítima;300,754;BR-101/RJ;Norte;Engavetamento;3;;;;;;;;;;3;3;1;;
12/06/2020;17:18:00;146;com vítima;317,38;BR-101/RJ;Norte;Tombamento;;;;1;;;;;;;1;1;;;
12/06/2020;20:03:00;171;sem vítima;269,162;BR-101/RJ;Sul;Colisão Lateral;;;1;;;1;;;;;2;;;;
12/06/2020;23:01:00;194;com vítima;315,874;BR-101/RJ;Norte;Choque - Poste;;;;1;;;;;;;1;;1;;
13/06/2020;03:34:00;15;com vítima;288,638;BR-101/RJ;Norte;Atropelamento de Animal;1;;;;;;;;;;0;1;;;
13/06/2020;06:07:00;24;sem vítima;240,241;BR-101/RJ;Norte;Choque - Defensa, barreira ou "submarino";1;;;;;;;;;;2;;;;
13/06/2020;08:41:00;53;sem vítima;308,327;BR-101/RJ;Norte;Choque - Defensa, barreira ou "submarino";1;;1;;;;;;;;3;;;;
13/06/2020;09:54:00;65;sem vítima;236,628;BR-101/RJ;Sul;Colisão Lateral;1;;1;;;;;;;;3;;;;
13/06/2020;12:18:00;82;sem vítima;320,76;BR-101/RJ;Norte;Colisão Traseira;1;;;;;1;;;;;8;;;;
13/06/2020;22:35:00;161;sem vítima;192,82;BR-101/RJ;Norte;Choque - Cancela de Pedagio;1;;;;;;;;;;1;;;;
14/06/2020;02:44:00;7;sem vítima;295,403;BR-101/RJ;Norte;Choque - Defensa, barreira ou "submarino";1;;;;;;;;;;1;;;;
14/06/2020;05:57:00;11;sem vítima;132,232;BR-101/RJ;Norte;Tombamento;;;1;;;;;;;;1;;;;
14/06/2020;06:04:00;12;sem vítima;182,4;BR-101/RJ;Sul;Choque - Objeto sobre a pista;1;;1;;;;;;;;2;;;;
14/06/2020;10:33:00;46;com vítima;273,57;BR-101/RJ;Sul;Atropelamento de Animal;;;;1;;;;;;;0;1;;;
14/06/2020;13:31:00;71;com vítima;305,85;BR-101/RJ;Norte;Colisão Traseira;1;;;;;1;;;;;3;;1;;
14/06/2020;14:23:00;74;com vítima;217,93;BR-101/RJ;Sul;Tombamento;;;;1;;;;;;;0;2;;;
14/06/2020;15:23:00;86;sem vítima;196,856;BR-101/RJ;Sul;Choque - Defensa, barreira ou "submarino";1;;;;;;;;;;1;;;;
14/06/2020;17:47:00;105;sem vítima;295,031;BR-101/RJ;Sul;Engavetamento;2;;;;;1;;;;;3;;;;
14/06/2020;20:22:00;130;sem vítima;305,657;BR-101/RJ;Sul;Choque - Defensa, barreira ou "submarino";1;;;;;;;;;;1;;;;
14/06/2020;20:58:00;135;com vítima;293,29;BR-101/RJ;Sul;Choque - Defensa, barreira ou "submarino";1;;;;;;;;;;4;;1;;
14/06/2020;21:25:00;137;com vítima;296,8;BR-101/RJ;Norte;Choque - Talude;1;;;;;;;;;;0;1;;;
15/06/2020;04:48:00;13;com vítima;198,469;BR-101/RJ;Sul;Choque - Defensa, barreira ou "submarino";1;;;;;;;;;;2;1;;;
15/06/2020;06:24:00;20;sem vítima;319,1;BR-101/RJ;Norte;Choque - Defensa, barreira ou "submarino";;;;;1;1;;;;1;3;;;;
15/06/2020;07:33:00;38;com vítima;317,226;BR-101/RJ;Sul;Colisão Lateral;1;;;1;;;;;;;1;1;;;
15/06/2020;09:43:00;65;com vítima;97,153;BR-101/RJ;Norte;Choque - Defensa, barreira ou "submarino";1;;;;;;;;;;0;;1;;
15/06/2020;09:45:00;66;sem vítima;65,6;BR-101/RJ;Sul;Colisão Transversal;1;;;1;;;;;;;2;;;;
15/06/2020;13:33:00;111;com vítima;51,6;BR-101/RJ;Norte;Colisão Traseira;1;;;1;;;;;;;1;;1;1;
15/06/2020;19:09:00;149;com vítima;305,961;BR-101/RJ;Norte;Engavetamento;1;;;;;;;;;2;3;1;;;
16/06/2020;06:44:00;23;com vítima;276,315;BR-101/RJ;Sul;Colisão Traseira;;;;;;;;;;2;1;3;;;
16/06/2020;09:57:00;67;sem vítima;60,7;BR-101/RJ;Norte;Colisão Traseira;2;;;;;;;;;;3;;;;
16/06/2020;17:54:00;135;com vítima;151,815;BR-101/RJ;Norte;Atropelamento - Andarilho;;;1;;;;;;;;1;1;;;
16/06/2020;18:30:00;141;com vítima;236,588;BR-101/RJ;Sul;Colisão Transversal;;;1;1;;;;;;;1;;1;1;
17/06/2020;06:48:00;28;sem vítima;304,3;BR-101/RJ;Sul;Tombamento;1;;;;;;;;;;1;;;;
17/06/2020;07:50:00;42;sem vítima;303,741;BR-101/RJ;Norte;Colisão Traseira;2;;;;;;;;;;2;;;;
17/06/2020;08:30:00;50;sem vítima;295,336;BR-101/RJ;Sul;Colisão Traseira;1;;;;;1;;;;;2;;;;
17/06/2020;14:19:00;105;sem vítima;309,828;BR-101/RJ;Sul;Choque - Defensa, barreira ou "submarino";;;1;;;;;;;;1;;;;
17/06/2020;23:14:00;173;com vítima;299,7;BR-101/RJ;Sul;Tombamento;;1;;;;;;;;;0;1;;;
18/06/2020;03:50:00;10;com vítima;100,266;BR-101/RJ;Norte;Capotamento;;;;;;;;;;1;0;1;;;
18/06/2020;06:50:00;18;sem vítima;293,705;BR-101/RJ;Norte;Atropelamento de Animal;1;;;;;;;;;;1;;;;
18/06/2020;12:14:00;94;sem vítima;307,7;BR-101/RJ;Norte;Choque - Objeto sobre a pista;1;;1;;;;;;;;2;;;;
19/06/2020;07:25:00;32;com vítima;315,815;BR-101/RJ;Norte;Choque - Defensa, barreira ou "submarino";1;;;;;1;;;;;2;1;;;
19/06/2020;16:22:00;134;sem vítima;255,956;BR-101/RJ;Norte;Colisão Traseira;1;;1;;;;;;;;3;;;;
19/06/2020;16:30:00;135;sem vítima;311,469;BR-101/RJ;Norte;Colisão Traseira;2;;;;;;;;;;4;;;;
19/06/2020;17:46:00;147;sem vítima;295,175;BR-101/RJ;Norte;Engavetamento;5;;;;;;;;;;8;;;;
20/06/2020;04:50:00;12;sem vítima;270,611;BR-101/RJ;Sul;Capotamento;1;;;;;;;;;;1;;;;
20/06/2020;05:56:00;17;sem vítima;92,85;BR-101/RJ;Norte;Choque - Defensa, barreira ou "submarino";1;;;;;;;;;;1;;;;
20/06/2020;06:26:00;23;sem vítima;298,688;BR-101/RJ;Norte;Choque - Defensa, barreira ou "submarino";1;;;;;;;;;;1;;;;
20/06/2020;07:03:00;28;sem vítima;240,409;BR-101/RJ;Norte;Choque - Defensa, barreira ou "submarino";;;1;;;;;;;;1;;;;
20/06/2020;10:45:00;54;sem vítima;79,05;BR-101/RJ;Sul;Colisão Transversal;2;;;;;;;;;;5;;;;
20/06/2020;17:45:00;136;com vítima;310,088;BR-101/RJ;Norte;Outros - Sequência;3;;;1;;;;;;;4;1;;;
20/06/2020;18:20:00;143;com vítima;317,479;BR-101/RJ;Norte;Tombamento;;;;1;;;;;;;0;2;;;
20/06/2020;18:46:00;149;sem vítima;313,028;BR-101/RJ;Norte;Colisão Traseira;1;;1;;;;;;;;2;;;;
20/06/2020;19:46:00;160;com vítima;319,4;BR-101/RJ;Norte;Colisão Traseira;2;;;;;;;;;;4;4;;;
21/06/2020;06:06:00;20;sem vítima;262,182;BR-101/RJ;Norte;Choque - Defensa, barreira ou "submarino";1;;;;;;;;;;1;;;;
21/06/2020;09:08:00;38;com vítima;283,358;BR-101/RJ;Norte;Tombamento;;;;1;;;;;;;0;;1;;
21/06/2020;09:38:00;43;sem vítima;310,486;BR-101/RJ;Norte;Colisão Lateral;1;;1;;;;;;;;2;;;;
22/06/2020;03:54:00;7;com vítima;156,092;BR-101/RJ;Norte;Colisão Frontal;1;;1;;;;;;;;2;1;;;2
22/06/2020;09:42:00;60;com vítima;110,117;BR-101/RJ;Norte;Choque - Talude;1;;;;;;;;;;0;1;;;
22/06/2020;10:35:00;68;com vítima;297,722;BR-101/RJ;Sul;Choque - Outros;;;;2;;;;;;;1;;1;;
22/06/2020;12:29:00;81;com vítima;312,72;BR-101/RJ;Sul;Choque - Defensa, barreira ou "submarino";1;;;;;;;;;;1;2;;;
22/06/2020;16:52:00;126;sem vítima;316,777;BR-101/RJ;Norte;Colisão Traseira;2;;;;;;;;;;3;;;;
22/06/2020;18:43:00;141;com vítima;319,228;BR-101/RJ;Norte;Engavetamento;5;;;;;1;;;;;5;1;1;;
23/06/2020;10:33:00;62;com vítima;299,959;BR-101/RJ;Norte;Colisão Traseira;2;;;;;;;;;;2;2;;;
23/06/2020;18:42:00;118;com vítima;58,225;BR-101/RJ;Norte;Colisão Traseira;;;;1;;;;;;1;1;;1;;
23/06/2020;19:43:00;120;sem vítima;122,9;BR-101/RJ;Norte;Choque - Defensa, barreira ou "submarino";;;1;;;;;;;;1;;;;
23/06/2020;21:32:00;127;com vítima;61,8;BR-101/RJ;Norte;Colisão Traseira;1;;;;;1;;;;;3;1;;;
23/06/2020;21:54:00;130;sem vítima;298,957;BR-101/RJ;Norte;Colisão Transversal;2;;;;;;;;;;2;;;;
24/06/2020;07:43:00;45;com vítima;308,09;BR-101/RJ;Norte;Tombamento;;;;1;;;;;;;1;1;;;
24/06/2020;19:23:00;170;com vítima;313,44;BR-101/RJ;Sul;Tombamento;;;;1;;;;;;;0;1;;;
25/06/2020;00:53:00;11;sem vítima;252,89;BR-101/RJ;Norte;Choque - Cancela de Pedagio;;;1;;;;;;;;1;;;;