data;horario;n_da_ocorrencia;tipo_de_ocorrencia;km;trecho;sentido;tipo_de_acidente;automovel;bicicleta;caminhao;moto;onibus;outros;tracao_animal;transporte_de_cargas_especiais;trator_maquinas;utilitarios;ilesos;levemente_feridos;moderadamente_feridos;gravemente_feridos;mortos
25/07/2020;13:48:00;95;com vítima;320,1;BR-101/RJ;Sul;Colisão Traseira;1;;;1;;;;;;;1;1;;;
25/07/2020;19:10:00;151;com vítima;284,018;BR-101/RJ;Sul;Colisão Traseira;2;;;;;;;;;;3;1;;;
25/07/2020;19:12:00;153;sem vítima;293,47;BR-101/RJ;Sul;Choque - Defensa, barreira ou "submarino";1;;;;;;;;;;1;;;;
25/07/2020;19:17:00;156;sem vítima;144,262;BR-101/RJ;Sul;Choque - Defensa, barreira ou "submarino";1;;;;;;;;;;1;;;;
26/07/2020;01:58:00;9;com vítima;297,211;BR-101/RJ;Norte;Atropelamento - Outros;;;;;;1;;;;;1;1;;;
26/07/2020;07:53:00;36;sem vítima;275,11;BR-101/RJ;Norte;Choque - Outros;1;;;;;;;;;;3;;;;
26/07/2020;08:10:00;39;com vítima;282,79;BR-101/RJ;Norte;Tombamento;;;;1;;;;;;;0;;;1;
26/07/2020;19:42:00;147;sem vítima;251,868;BR-101/RJ;Sul;Choque - Defensa, barreira ou "submarino";1;;;;;;;;;;3;;;;
26/07/2020;20:37:00;155;sem vítima;307,638;BR-101/RJ;Sul;Engavetamento;1;;;;;1;;;;;5;;;;
26/07/2020;23:05:00;168;com vítima;271,405;BR-101/RJ;Sul;Choque - Elemento de Drenagem;1;;;;;;;;;;1;1;;;
27/07/2020;08:07:00;51;sem vítima;193,83;BR-101/RJ;Norte;Choque - Outros;;;1;;;;;;;;1;;;;
27/07/2020;13:49:00;142;sem vítima;63,365;BR-101/RJ;Sul;Colisão Transversal;2;;;;;;;;;;2;;;;
27/07/2020;16:07:00;173;sem vítima;106,967;BR-101/RJ;Sul;Choque - Talude;1;;;;;;;;;;5;;;;
28/07/2020;06:09:00;23;sem vítima;218,815;BR-101/RJ;Sul;Choque - Elemento de Drenagem;1;;;;;;;;;;1;;;;
28/07/2020;06:12:00;24;sem vítima;296,605;BR-101/RJ;Norte;Tombamento;;;1;;;;;;;;2;;;;
28/07/2020;10:17:00;78;com vítima;309,909;BR-101/RJ;Sul;Colisão Traseira;2;;;;;;;;;;4;1;1;;
28/07/2020;10:28:00;80;sem vítima;309,909;BR-101/RJ;Sul;Colisão Traseira;2;;;;;;;;;;2;;;;
28/07/2020;11:31:00;95;sem vítima;216,556;BR-101/RJ;Norte;Engavetamento;1;;1;;;1;;;;1;4;;;;
28/07/2020;11:46:00;99;sem vítima;66;BR-101/RJ;Norte;Colisão Traseira;1;;;;;1;;;;;2;;;;
28/07/2020;16:23:00;150;sem vítima;178,354;BR-101/RJ;Norte;Colisão Traseira;1;;1;;;;;;;;2;;;;
28/07/2020;18:26:00;174;sem vítima;299,7;BR-101/RJ;Sul;Colisão Traseira;1;;;;1;;;;;;2;;;;
28/07/2020;19:11:00;185;sem vítima;45,049;BR-101/RJ;Sul;Choque - Objeto sobre a pista;1;;;;;;;;;;4;;;;
28/07/2020;20:47:00;196;com vítima;274,601;BR-101/RJ;Norte;Colisão Frontal;;;;2;;;;;;;0;2;;;
29/07/2020;14:57:00;154;sem vítima;281,647;BR-101/RJ;Sul;Choque - Defensa, barreira ou "submarino";1;;;;;;;;;;1;;;;
29/07/2020;15:08:00;160;sem vítima;292,271;BR-101/RJ;Sul;Colisão Traseira;1;;;;;1;;;;;4;;;;
29/07/2020;19:27:00;196;com vítima;260,046;BR-101/RJ;Norte;Colisão Lateral;1;;;1;;;;;;1;2;1;;;
29/07/2020;22:03:00;216;sem vítima;282,753;BR-101/RJ;Norte;Tombamento;;;1;;;;;;;;1;;;;
30/07/2020;04:33:00;13;sem vítima;264,918;BR-101/RJ;Sul;Choque - Elemento de Drenagem;1;;;;;;;;;;1;;;;
30/07/2020;08:47:00;47;sem vítima;247,469;BR-101/RJ;Norte;Choque - Defensa, barreira ou "submarino";1;;;;;;;;;;1;;;;
30/07/2020;09:58:00;62;com vítima;58,867;BR-101/RJ;Sul;Tombamento;;1;;;;;;;;;0;1;;;
30/07/2020;11:07:00;71;com vítima;184,771;BR-101/RJ;Sul;Choque - Talude;;;1;;;;;;;;0;2;;;
30/07/2020;12:35:00;82;sem vítima;139,918;BR-101/RJ;Norte;Choque - Defensa, barreira ou "submarino";1;;;;;1;;;;;2;;;;
30/07/2020;12:51:00;83;sem vítima;139,918;BR-101/RJ;Norte;Choque - Defensa, barreira ou "submarino";1;;;;;1;;;;;3;;;;
30/07/2020;16:04:00;111;sem vítima;196,35;BR-101/RJ;Sul;Choque - Suporte de Sinalização;1;;;;;;;;;;1;;;;
30/07/2020;16:07:00;113;com vítima;292,453;BR-101/RJ;Norte;Atropelamento de Animal;1;;;;;;;;;;1;1;;;
30/07/2020;16:24:00;117;sem vítima;112,962;BR-101/RJ;Norte;Choque - Talude;1;;;;;;;;;;3;;;;
30/07/2020;16:26:00;118;sem vítima;215,658;BR-101/RJ;Sul;Choque - Defensa, barreira ou "submarino";;;1;;;;;;;;2;;;;
30/07/2020;18:08:00;141;sem vítima;267,178;BR-101/RJ;Norte;Atropelamento de Animal;1;;;;;;;;;;4;;;;
30/07/2020;18:52:00;151;com vítima;320,4;BR-101/RJ;Sul;Atropelamento - Andarilho;1;;;;;;;;;;1;1;;;
30/07/2020;20:35:00;162;sem vítima;217,945;BR-101/RJ;Sul;Capotamento;;;;;;;;;;1;1;;;;
30/07/2020;21:32:00;169;com vítima;13,063;BR-101/RJ;Norte;Colisão Traseira;1;;;;;1;;;;;1;4;1;;
30/07/2020;22:14:00;173;sem vítima;142,616;BR-101/RJ;Sul;Tombamento;;;1;;;;;;;;2;;;;
31/07/2020;02:00:00;12;sem vítima;229,345;BR-101/RJ;Norte;Capotamento;1;;;;;;;;;;4;;;;
31/07/2020;07:26:00;49;sem vítima;281,1;BR-101/RJ;Norte;Colisão Lateral;1;;;;;1;;;;;4;;;;
31/07/2020;15:03:00;157;com vítima;205,98;BR-101/RJ;Sul;Colisão Transversal;2;;;;;;;;;;1;2;;;
31/07/2020;17:28:00;178;sem vítima;91,067;BR-101/RJ;Norte;Choque - Defensa, barreira ou "submarino";1;;;;;;;;;;1;;;;
31/07/2020;18:05:00;185;com vítima;297,227;BR-101/RJ;Sul;Engavetamento;4;;;;;1;;;;;3;2;;;
31/07/2020;20:37:00;215;sem vítima;318;BR-101/RJ;Norte;Colisão Traseira;1;;;;;1;;;;;2;;;;
31/07/2020;21:27:00;224;sem vítima;247,74;BR-101/RJ;Norte;Choque - Defensa, barreira ou "submarino";1;;;;;;;;;;1;;;;
31/07/2020;21:40:00;227;sem vítima;260,764;BR-101/RJ;Sul;Atropelamento de Animal;1;;;;;;;;;;1;;;;
31/07/2020;22:05:00;231;com vítima;297,321;BR-101/RJ;Sul;Colisão Transversal;1;;;1;;;;;;;2;1;;;
01/08/2020;05:04:00;22;3 - Acidente com Danos Materiais;200,491;BR-101/RJ;Norte;Choque - Defensa, barreira ou "submarino";1;;;;;;;;;;1;;;;
01/08/2020;09:33:00;75;3 - Acidente com Danos Materiais;307,658;BR-101/RJ;Norte;Colisão Traseira;1;;;;;1;;;;;5;;;;
01/08/2020;10:24:00;84;3 - Acidente com Danos Materiais;79,593;BR-101/RJ;Sul;Colisão Traseira;1;;;;;;;;;1;2;;;;
01/08/2020;12:20:00;108;3 - Acidente com Danos Materiais;297,91;BR-101/RJ;Norte;Colisão Lateral;1;;1;;;;;;;;2;;;;
01/08/2020;12:35:00;113;2 - Acidente com VITIMA;272,08;BR-101/RJ;Norte;Colisão Lateral;;1;;1;;;;;;;0;3;;;
01/08/2020;14:46:00;137;3 - Acidente com Danos Materiais;303,606;BR-101/RJ;Norte;Colisão Traseira;1;;1;;;;;;;;2;;;;
01/08/2020;17:01:00;158;2 - Acidente com VITIMA;318,15;BR-101/RJ;Norte;Choque - Defensa, barreira ou "submarino";1;;;;;;;;;;3;1;;;
01/08/2020;17:45:00;168;3 - Acidente com Danos Materiais;320,82;BR-101/RJ;Norte;Choque - Defensa, barreira ou "submarino";1;;;;;;;;;;4;;;;
01/08/2020;19:25:00;180;2 - Acidente com VITIMA;211,738;BR-101/RJ;Sul;Atropelamento - Ciclista;;1;;;;1;;;;;1;;;1;
01/08/2020;20:10:00;185;3 - Acidente com Danos Materiais;305,415;BR-101/RJ;Norte;Colisão Traseira;2;;;;;;;;;;3;;;;
01/08/2020;20:27:00;189;3 - Acidente com Danos Materiais;112,58;BR-101/RJ;Sul;Colisão Traseira;;;2;;;;;;;;3;;;;
02/08/2020;01:06:00;7;2 - Acidente com VITIMA;64,508;BR-101/RJ;Norte;Choque - Arvore;1;;;;;;;;;;1;1;;;
02/08/2020;06:01:00;16;2 - Acidente com VITIMA;310,665;BR-101/RJ;Sul;Tombamento;;1;;;;;;;;;0;1;;;
02/08/2020;06:41:00;19;3 - Acidente com Danos Materiais;311,455;BR-101/RJ;Norte;Atropelamento de Animal;1;;;;;;;;;;1;;;;
02/08/2020;09:14:00;38;3 - Acidente com Danos Materiais;307,091;BR-101/RJ;Sul;Colisão Traseira;2;;;;;;;;;;2;;;;
02/08/2020;11:55:00;62;2 - Acidente com VITIMA;295,621;BR-101/RJ;Norte;Capotamento;1;;;;;;;;;;0;1;;;
02/08/2020;14:56:00;81;3 - Acidente com Danos Materiais;294,144;BR-101/RJ;Sul;Choque - Suporte de Sinalização;1;;;;;;;;;;1;;;;
02/08/2020;17:01:00;102;2 - Acidente com VITIMA;296,377;BR-101/RJ;Norte;Capotamento;1;;;;;;;;;;0;1;;;
02/08/2020;18:22:00;120;3 - Acidente com Danos Materiais;284,878;BR-101/RJ;Sul;Colisão Traseira;1;;;;;;;;;1;5;;;;
02/08/2020;18:22:00;126;2 - Acidente com VITIMA;284,878;BR-101/RJ;Sul;Engavetamento;2;;;;;;;;;1;10;1;;;
02/08/2020;19:05:00;127;2 - Acidente com VITIMA;57,57;BR-101/RJ;Sul;Colisão Transversal;2;;;;;1;;;;;10;;;1;
02/08/2020;22:50:00;153;2 - Acidente com VITIMA;217,988;BR-101/RJ;Sul;Choque - Elemento de Drenagem;;;1;;;;;;;;1;1;;;
03/08/2020;06:50:00;27;3 - Acidente com Danos Materiais;12,122;BR-101/RJ;Norte;Colisão Traseira;1;;;;;1;;;;;2;;;;
03/08/2020;07:43:00;42;3 - Acidente com Danos Materiais;317,848;BR-101/RJ;Norte;Engavetamento;3;;;;;;;;;;5;;;;
03/08/2020;07:52:00;47;3 - Acidente com Danos Materiais;317,84;BR-101/RJ;Sul;Colisão Traseira;1;;;;;1;;;;;3;;;;
03/08/2020;08:45:00;63;3 - Acidente com Danos Materiais;297,774;BR-101/RJ;Norte;Colisão Lateral;1;;1;;;;;;;;2;;;;
03/08/2020;13:42:00;132;3 - Acidente com Danos Materiais;308,81;BR-101/RJ;Norte;Engavetamento;4;;;;;;;;;;6;;;;
03/08/2020;17:50:00;170;3 - Acidente com Danos Materiais;315,988;BR-101/RJ;Norte;Colisão Traseira;2;;;;;;;;;;4;;;;
03/08/2020;18:49:00;177;3 - Acidente com Danos Materiais;318,401;BR-101/RJ;Norte;Colisão Traseira;1;;1;;;;;;;;5;;;;
04/08/2020;01:35:00;18;2 - Acidente com VITIMA;296,489;BR-101/RJ;Norte;Choque - Defensa, barreira ou "submarino";1;;;;;;;;;;0;1;;;
04/08/2020;05:13:00;25;2 - Acidente com VITIMA;286,146;BR-101/RJ;Norte;Atropelamento de Animal;4;;;;;;;;;;3;3;1;;
04/08/2020;08:10:00;55;2 - Acidente com VITIMA;59,706;BR-101/RJ;Sul;Colisão Traseira;1;;1;;;;;;;;1;1;;;
04/08/2020;13:46:00;141;3 - Acidente com Danos Materiais;264,438;BR-101/RJ;Norte;Colisão Lateral;;;1;;;1;;;;;4;;;;
04/08/2020;15:45:00;156;3 - Acidente com Danos Materiais;302,936;BR-101/RJ;Norte;Engavetamento;3;;;;;;;;;;6;;;;
04/08/2020;15:45:00;157;3 - Acidente com Danos Materiais;192,83;BR-101/RJ;Norte;Choque - Outros;;;1;;;;;;;;1;;;;
04/08/2020;15:45:00;163;3 - Acidente com Danos Materiais;302,936;BR-101/RJ;Norte;Engavetamento;3;;;;;;;;;;3;;;;
04/08/2020;22:21:00;218;3 - Acidente com Danos Materiais;223,209;BR-101/RJ;Sul;Choque - Defensa, barreira ou "submarino";1;;;;;;;;;;1;;;;
04/08/2020;22:27:00;219;3 - Acidente com Danos Materiais;66,8;BR-101/RJ;Sul;Colisão Traseira;2;;;;;;;;;;4;;;;
05/08/2020;08:06:00;54;2 - Acidente com VITIMA;144,284;BR-101/RJ;Sul;Tombamento;;;;1;;;;;;;0;2;;;
05/08/2020;09:24:00;79;3 - Acidente com Danos Materiais;306,517;BR-101/RJ;Sul;Engavetamento;2;;;;;;;;;1;5;;;;
05/08/2020;12:16:00;118;3 - Acidente com Danos Materiais;83,303;BR-101/RJ;Norte;Choque - Outros;;;1;;;;;;;;1;;;;
05/08/2020;15:37:00;155;2 - Acidente com VITIMA;212,598;BR-101/RJ;Norte;Capotamento;1;;;;;;;;;;0;;1;;
05/08/2020;21:26:00;224;3 - Acidente com Danos Materiais;296,399;BR-101/RJ;Norte;Engavetamento;2;;;;;;;;;1;5;;;;
06/08/2020;05:32:00;25;3 - Acidente com Danos Materiais;259,585;BR-101/RJ;Norte;Choque - Defensa, barreira ou "submarino";1;;;;;;;;;;2;;;;
06/08/2020;09:13:00;76;2 - Acidente com VITIMA;293,334;BR-101/RJ;Sul;Tombamento;;;1;;;;;;;;2;1;;;
06/08/2020;10:45:00;100;3 - Acidente com Danos Materiais;307,023;BR-101/RJ;Norte;Colisão Traseira;1;;;;;1;;;;;2;;;;
06/08/2020;15:52:00;160;2 - Acidente com VITIMA;279,701;BR-101/RJ;Norte;Choque - Elemento de Drenagem;1;;1;;;;;;;;1;1;;;
06/08/2020;19:26:00;189;3 - Acidente com Danos Materiais;319,69;BR-101/RJ;Norte;Colisão Traseira;1;;;;;;;;;1;3;;;;
06/08/2020;20:08:00;196;2 - Acidente com VITIMA;80,424;BR-101/RJ;Sul;Colisão Frontal;2;;;;;;;;;;1;3;;;
07/08/2020;09:10:00;55;3 - Acidente com Danos Materiais;66,974;BR-101/RJ;Norte;Colisão Transversal;1;;;;;;;;;1;2;;;;
07/08/2020;10:12:00;64;2 - Acidente com VITIMA;242,4;BR-101/RJ;Sul;Colisão Traseira;1;;;;;;;;;1;0;2;;;
07/08/2020;14:18:00;100;2 - Acidente com VITIMA;269,681;BR-101/RJ;Norte;Colisão Lateral;;;;2;;;;;;;0;2;;;
07/08/2020;16:21:00;131;3 - Acidente com Danos Materiais;206,138;BR-101/RJ;Sul;Colisão Traseira;2;;;;;;;;;;2;;;;
07/08/2020;19:10:00;163;2 - Acidente com VITIMA;206,906;BR-101/RJ;Sul;Colisão Transversal;1;;;;;;;;;1;2;2;;;
07/08/2020;19:38:00;170;3 - Acidente com Danos Materiais;217,914;BR-101/RJ;Sul;Choque - Suporte de Sinalização;1;;;;;;;;;;2;;;;
07/08/2020;20:54:00;184;3 - Acidente com Danos Materiais;310,02;BR-101/RJ;Norte;Engavetamento;4;;;;;;;;;;6;;;;
07/08/2020;21:24:00;191;2 - Acidente com VITIMA;271,096;BR-101/RJ;Norte;Colisão Transversal;1;1;;;;;;;;;1;1;;;
08/08/2020;06:28:00;41;3 - Acidente com Danos Materiais;296,532;BR-101/RJ;Norte;Colisão Traseira;1;;;;;1;;;;;2;;;;
08/08/2020;12:00:00;98;2 - Acidente com VITIMA;294,67;BR-101/RJ;Norte;Colisão Lateral;1;;;1;;;;;;;2;1;;;
08/08/2020;13:14:00;108;3 - Acidente com Danos Materiais;295,892;BR-101/RJ;Norte;Engavetamento;3;;;;;;;;;;9;;;;
08/08/2020;13:29:00;109;3 - Acidente com Danos Materiais;302,668;BR-101/RJ;Sul;Choque - Defensa, barreira ou "submarino";;;;;;;;;;1;1;;;;
08/08/2020;14:50:00;119;3 - Acidente com Danos Materiais;58,871;BR-101/RJ;Sul;Colisão Traseira;2;;;;;;;;;;2;;;;
08/08/2020;17:32:00;146;3 - Acidente com Danos Materiais;283,737;BR-101/RJ;Sul;Colisão Lateral;1;;;;;1;;;;;2;;;;
08/08/2020;18:12:00;154;2 - Acidente com VITIMA;244,3;BR-101/RJ;Sul;Choque - Outros;;;;1;;;;;;;0;;1;;
08/08/2020;20:09:00;169;3 - Acidente com Danos Materiais;302,381;BR-101/RJ;Norte;Colisão Traseira;1;;;;;;;;;1;7;;;;
08/08/2020;22:44:00;186;2 - Acidente com VITIMA;56,473;BR-101/RJ;Norte;Atropelamento de Animal;1;;;;;;;;;;1;1;;;
09/08/2020;02:57:00;23;2 - Acidente com VITIMA;26,25;BR-101/RJ;Sul;Tombamento;;;;1;;;;;;;0;2;;;
09/08/2020;08:18:00;43;3 - Acidente com Danos Materiais;318,526;BR-101/RJ;Norte;Atropelamento de Animal;1;;;;;;;;;;1;;;;
09/08/2020;09:08:00;50;3 - Acidente com Danos Materiais;66,502;BR-101/RJ;Norte;Colisão Lateral;1;;1;;;;;;;;6;;;;
09/08/2020;09:36:00;53;3 - Acidente com Danos Materiais;142,18;BR-101/RJ;Sul;Choque - Defensa, barreira ou "submarino";1;;;;;;;;;;1;;;;
09/08/2020;11:56:00;78;3 - Acidente com Danos Materiais;306,571;BR-101/RJ;Norte;Colisão Traseira;1;;;;;1;;;;;3;;;;
09/08/2020;15:41:00;126;2 - Acidente com VITIMA;190,375;BR-101/RJ;Sul;Colisão Transversal;1;;;;;;;;;1;6;;1;;
09/08/2020;20:30:00;165;3 - Acidente com Danos Materiais;293,2;BR-101/RJ;Sul;Colisão Lateral;2;;;;;;;;;;2;;;;
10/08/2020;06:00:00;24;1 - Acidente com Vitima Fatal;269,702;BR-101/RJ;Sul;Atropelamento - Andarilho;;;1;;;;;;;;1;;;;1
10/08/2020;06:12:00;25;2 - Acidente com VITIMA;297,953;BR-101/RJ;Sul;Atropelamento - Andarilho;1;;;;;;;;;;1;1;;;
10/08/2020;08:18:00;53;3 - Acidente com Danos Materiais;252,89;BR-101/RJ;Norte;Choque - Defensa, barreira ou "submarino";;;1;;;;;;;;1;;;;
10/08/2020;09:10:00;67;2 - Acidente com VITIMA;60,396;BR-101/RJ;Sul;Atropelamento - Ciclista;1;1;;;;;;;;;1;;1;;
10/08/2020;11:29:00;105;1 - Acidente com Vitima Fatal;208,641;BR-101/RJ;Sul;Colisão Frontal;2;;;;;;;;;;0;;1;;1
10/08/2020;12:00:00;111;3 - Acidente com Danos Materiais;208,4;BR-101/RJ;Sul;Engavetamento;1;;1;;;;;;;1;3;;;;
10/08/2020;20:24:00;199;2 - Acidente com VITIMA;284,771;BR-101/RJ;Norte;Colisão Traseira;1;;1;;;;;;;;1;1;;;
11/08/2020;08:20:00;52;2 - Acidente com VITIMA;321,476;BR-101/RJ;Sul;Engavetamento;5;;;;;1;;;;;7;1;;;
11/08/2020;11:57:00;102;3 - Acidente com Danos Materiais;66,5;BR-101/RJ;Sul;Engavetamento;2;;1;;;;;;;;3;;;;
11/08/2020;18:31:00;173;2 - Acidente com VITIMA;262,539;BR-101/RJ;Norte;Colisão Lateral;1;;;1;;;;;;;3;2;;;
11/08/2020;23:03:00;193;3 - Acidente com Danos Materiais;128,139;BR-101/RJ;Norte;Choque - Suporte de Sinalização;;;1;;;1;;;;;2;;;;
11/08/2020;23:22:00;196;3 - Acidente com Danos Materiais;125,715;BR-101/RJ;Norte;Choque - Objeto sobre a pista;1;;;;;;;;;;1;;;;
11/08/2020;23:22:00;197;3 - Acidente com Danos Materiais;125,715;BR-101/RJ;Norte;Choque - Objeto sobre a pista;1;;;;;;;;;;1;;;;
12/08/2020;10:58:00;92;2 - Acidente com VITIMA;314,087;BR-101/RJ;Norte;Tombamento;;;;1;;;;;;;0;2;;;
12/08/2020;11:18:00;97;3 - Acidente com Danos Materiais;253,547;BR-101/RJ;Sul;Choque - Cancela de Pedagio;1;;;;;;;;;;1;;;;
12/08/2020;16:28:00;149;2 - Acidente com VITIMA;270,329;BR-101/RJ;Norte;Colisão Traseira;1;;;;;1;;;;;1;;1;;
12/08/2020;16:45:00;151;3 - Acidente com Danos Materiais;297,21;BR-101/RJ;Sul;Colisão Traseira;1;;;;1;;;;;;6;;;;
12/08/2020;18:04:00;158;2 - Acidente com VITIMA;296,388;BR-101/RJ;Norte;Saida de Pista;1;;;;;;;;;;0;;1;;
12/08/2020;23:12:00;188;2 - Acidente com VITIMA;80,111;BR-101/RJ;Norte;Atropelamento - Usuário;1;;;;;;;;;;6;1;;;
13/08/2020;08:02:00;49;2 - Acidente com VITIMA;128,375;BR-101/RJ;Norte;Tombamento;;2;;;;;;;;;1;1;;;
13/08/2020;11:45:00;111;3 - Acidente com Danos Materiais;313,062;BR-101/RJ;Sul;Colisão Traseira;2;;;;;;;;;;2;;;;
13/08/2020;18:18:00;176;3 - Acidente com Danos Materiais;65,29;BR-101/RJ;Sul;Colisão Transversal;2;;;;;;;;;;2;;;;
13/08/2020;20:00:00;183;1 - Acidente com Vitima Fatal;247,378;BR-101/RJ;Norte;Colisão Traseira;;1;;;;1;;;;;1;;;;1
14/08/2020;07:17:00;26;3 - Acidente com Danos Materiais;267,511;BR-101/RJ;Sul;Tombamento;1;;;;;;;;;;1;;;;
14/08/2020;10:43:00;84;3 - Acidente com Danos Materiais;178,095;BR-101/RJ;Norte;Engavetamento;2;;3;;;;;;;;9;;;;
14/08/2020;10:53:00;87;2 - Acidente com VITIMA;287,987;BR-101/RJ;Norte;Colisão Traseira;1;;;;;1;;;;;1;1;;;
14/08/2020;13:56:00;125;3 - Acidente com Danos Materiais;317,223;BR-101/RJ;Norte;Colisão Traseira;1;;;;;;;;;1;2;;;;
14/08/2020;15:31:00;159;3 - Acidente com Danos Materiais;295,258;BR-101/RJ;Norte;Colisão Lateral;1;;1;;;;;;;;4;;;;
14/08/2020;15:35:00;162;3 - Acidente com Danos Materiais;278,476;BR-101/RJ;Sul;Choque - Talude;;;1;;;;;;;;2;;;;
14/08/2020;20:14:00;220;2 - Acidente com VITIMA;279,558;BR-101/RJ;Norte;Choque - Defensa, barreira ou "submarino";1;;;;;;;;;;0;;1;;
14/08/2020;22:24:00;237;2 - Acidente com VITIMA;246,492;BR-101/RJ;Sul;Choque - Defensa, barreira ou "submarino";1;;;;;;;;;;0;;1;;
14/08/2020;23:20:00;247;3 - Acidente com Danos Materiais;303,701;BR-101/RJ;Sul;Saida de Pista;1;;;;;;;;;;1;;;;
15/08/2020;01:43:00;15;2 - Acidente com VITIMA;319,819;BR-101/RJ;Sul;Colisão Traseira;2;;;;;;;;;;1;1;;;
15/08/2020;02:30:00;18;1 - Acidente com Vitima Fatal;68,344;BR-101/RJ;Norte;Colisão Frontal;;1;1;;;;;;;;1;;;;1
15/08/2020;02:50:00;20;3 - Acidente com Danos Materiais;88,835;BR-101/RJ;Norte;Choque - Defensa, barreira ou "submarino";;;1;;;;;;;;2;;;;
15/08/2020;07:52:00;44;2 - Acidente com VITIMA;308,559;BR-101/RJ;Norte;Colisão Lateral;2;;;;;;;;;;3;1;;;
15/08/2020;08:23:00;50;2 - Acidente com VITIMA;290,377;BR-101/RJ;Norte;Choque - Elemento de Drenagem;1;;;;;;;;;;0;1;;;
15/08/2020;08:30:00;54;3 - Acidente com Danos Materiais;291,6;BR-101/RJ;Sul;Colisão Lateral;;;1;;;;;;;1;2;;;;
15/08/2020;09:16:00;62;2 - Acidente com VITIMA;297,656;BR-101/RJ;Sul;Colisão Traseira;2;;;;;;;;;;2;1;;;
15/08/2020;15:40:00;133;3 - Acidente com Danos Materiais;300;BR-101/RJ;Norte;Colisão Traseira;;;;;;2;;;;;2;;;;
15/08/2020;16:22:00;142;3 - Acidente com Danos Materiais;158,059;BR-101/RJ;Norte;Saida de Pista;1;;;;;;;;;;4;;;;
16/08/2020;15:11:00;94;3 - Acidente com Danos Materiais;25,272;BR-101/RJ;Norte;Choque - Defensa, barreira ou "submarino";;;;;;;;;;1;2;;;;
17/08/2020;00:01:00;2;3 - Acidente com Danos Materiais;16,65;BR-101/RJ;Sul;Atropelamento de Animal;;;1;;;;;;;;1;;;;
17/08/2020;01:28:00;12;2 - Acidente com VITIMA;123,05;BR-101/RJ;Sul;Colisão Traseira;1;;1;;;;;;;;1;1;;;
17/08/2020;04:48:00;23;2 - Acidente com VITIMA;293,479;BR-101/RJ;Norte;Capotamento;1;;;;;;;;;;3;1;;;
17/08/2020;05:03:00;25;3 - Acidente com Danos Materiais;76,85;BR-101/RJ;Sul;Tombamento;;;;1;;;;;;;1;;;;
17/08/2020;06:55:00;38;2 - Acidente com VITIMA;134,89;BR-101/RJ;Norte;Choque - Elemento de Drenagem;1;;;;;;;;;;0;2;1;;
17/08/2020;07:19:00;43;2 - Acidente com VITIMA;321,649;BR-101/RJ;Sul;Colisão Traseira;1;;;1;;;;;;;1;1;;;
17/08/2020;16:18:00;160;3 - Acidente com Danos Materiais;67,337;BR-101/RJ;Sul;Colisão Traseira;1;;;;;1;;;;;2;;;;
17/08/2020;16:21:00;161;3 - Acidente com Danos Materiais;314,5;BR-101/RJ;Norte;Engavetamento;3;;;;;;;;;;3;;;;
17/08/2020;16:29:00;163;3 - Acidente com Danos Materiais;302,929;BR-101/RJ;Sul;Choque - Outros;1;;;;;;;;;;1;;;;
17/08/2020;17:01:00;165;3 - Acidente com Danos Materiais;316,516;BR-101/RJ;Norte;Engavetamento;3;;;;;;;;;;6;;;;
17/08/2020;19:30:00;194;2 - Acidente com VITIMA;318,032;BR-101/RJ;Sul;Choque - Defensa, barreira ou "submarino";1;;;;;;;;;;0;1;;;
18/08/2020;05:55:00;16;1 - Acidente com Vitima Fatal;301,146;BR-101/RJ;Sul;Atropelamento - Ciclista;;1;;;;1;;;;;1;;;;1
18/08/2020;15:24:00;150;2 - Acidente com VITIMA;282,789;BR-101/RJ;Norte;Colisão Frontal;1;;;;;;;;;1;1;2;;;
18/08/2020;16:08:00;158;3 - Acidente com Danos Materiais;72,821;BR-101/RJ;Sul;Colisão Transversal;2;;;;;;;;;;2;;;;
18/08/2020;18:22:00;179;3 - Acidente com Danos Materiais;318,409;BR-101/RJ;Norte;Engavetamento;3;;;;;;;;;;4;;;;
18/08/2020;19:19:00;188;3 - Acidente com Danos Materiais;11,546;BR-101/RJ;Sul;Choque - Outros;;;1;;;;;;;;1;;;;