data;horario;n_da_ocorrencia;tipo_de_ocorrencia;km;trecho;sentido;tipo_de_acidente;automovel;bicicleta;caminhao;moto;onibus;outros;tracao_animal;transporte_de_cargas_especiais;trator_maquinas;utilitarios;ilesos;levemente_feridos;moderadamente_feridos;gravemente_feridos;mortos
18/08/2020;21:29:00;200;2 - Acidente com VITIMA;305,275;BR-101/RJ;Sul;Capotamento;1;;;;;;;;;;1;2;1;;
18/08/2020;22:14:00;204;2 - Acidente com VITIMA;262,09;BR-101/RJ;Norte;Outros;;;;3;;;;;;;2;;1;1;
18/08/2020;23:19:00;210;3 - Acidente com Danos Materiais;295,691;BR-101/RJ;Sul;Choque - Defensa, barreira ou "submarino";1;;;;;;;;;;1;;;;
19/08/2020;00:30:00;6;3 - Acidente com Danos Materiais;295,758;BR-101/RJ;Sul;Colisão Lateral;;;1;;;1;;;;;2;;;;
19/08/2020;04:19:00;18;3 - Acidente com Danos Materiais;243,566;BR-101/RJ;Sul;Colisão Traseira;1;;;;;1;;;;;2;;;;
19/08/2020;10:07:00;85;2 - Acidente com VITIMA;65,599;BR-101/RJ;Sul;Queda;;;;;;;1;;;;0;2;;;
19/08/2020;14:02:00;119;3 - Acidente com Danos Materiais;320,214;BR-101/RJ;Norte;Engavetamento;2;;;;;1;;;;;3;;;;
19/08/2020;15:31:00;134;3 - Acidente com Danos Materiais;156,32;BR-101/RJ;Sul;Colisão Traseira;;;;;;2;;;;;2;;;;
19/08/2020;16:17:00;142;3 - Acidente com Danos Materiais;311,546;BR-101/RJ;Norte;Colisão Traseira;2;;;;;;;;;;2;;;;
19/08/2020;17:57:00;164;2 - Acidente com VITIMA;61,548;BR-101/RJ;Sul;Tombamento;;;;1;;;;;;;0;;1;;
19/08/2020;18:06:00;167;3 - Acidente com Danos Materiais;318,41;BR-101/RJ;Norte;Colisão Traseira;1;;;;;1;;;;;2;;;;
19/08/2020;18:24:00;171;3 - Acidente com Danos Materiais;61,9;BR-101/RJ;Norte;Engavetamento;2;;;;;;;;;1;6;;;;
19/08/2020;18:32:00;173;2 - Acidente com VITIMA;208,792;BR-101/RJ;Norte;Colisão Traseira;;;1;;;;;;;1;1;1;;;
19/08/2020;19:04:00;180;2 - Acidente com VITIMA;318,745;BR-101/RJ;Norte;Colisão Lateral;1;;;1;;;;;;;1;;1;;
19/08/2020;19:53:00;185;3 - Acidente com Danos Materiais;264,917;BR-101/RJ;Sul;Choque - Elemento de Drenagem;1;;;;;;;;;;2;;;;
20/08/2020;05:58:00;23;3 - Acidente com Danos Materiais;192,82;BR-101/RJ;Sul;Colisão Traseira;1;;;;;1;;;;;6;;;;
20/08/2020;07:14:00;37;2 - Acidente com VITIMA;75,473;BR-101/RJ;Norte;Tombamento;;;;1;;1;;;;;2;1;;;
20/08/2020;14:22:00;135;3 - Acidente com Danos Materiais;195,306;BR-101/RJ;Sul;Choque - Talude;1;;;;;;;;;;1;;;;
20/08/2020;16:10:00;160;3 - Acidente com Danos Materiais;297,818;BR-101/RJ;Norte;Colisão Lateral;1;;1;;;;;;;;6;;;;
20/08/2020;17:55:00;181;3 - Acidente com Danos Materiais;299,98;BR-101/RJ;Sul;Choque - Defensa, barreira ou "submarino";1;;;;;;;;;;1;;;;
20/08/2020;22:14:00;210;3 - Acidente com Danos Materiais;288,826;BR-101/RJ;Norte;Choque - Defensa, barreira ou "submarino";1;;;;;;;;;;1;;;;
21/08/2020;07:33:00;30;3 - Acidente com Danos Materiais;258,531;BR-101/RJ;Sul;Choque - Defensa, barreira ou "submarino";1;;;;;;;;;;3;;;;
21/08/2020;07:58:00;34;3 - Acidente com Danos Materiais;266,136;BR-101/RJ;Norte;Choque - Defensa, barreira ou "submarino";1;;;;;;;;;;1;;;;
21/08/2020;09:39:00;61;2 - Acidente com VITIMA;209,294;BR-101/RJ;Norte;Capotamento;1;;;;;;;;;;0;3;;;
21/08/2020;10:49:00;79;2 - Acidente com VITIMA;65,284;BR-101/RJ;Sul;Engavetamento;3;;;;;;;;;;2;1;;;
21/08/2020;16:04:00;117;2 - Acidente com VITIMA;138,953;BR-101/RJ;Sul;Choque - Defensa, barreira ou "submarino";1;;;;;;;;;;2;1;;;
21/08/2020;18:42:00;141;2 - Acidente com VITIMA;196,025;BR-101/RJ;Norte;Choque - Defensa, barreira ou "submarino";1;;;;;;;;;;2;4;;;
21/08/2020;20:50:00;163;2 - Acidente com VITIMA;229,356;BR-101/RJ;Norte;Capotamento;1;;;;;;;;;;0;3;;;
22/08/2020;01:27:00;9;2 - Acidente com VITIMA;294,524;BR-101/RJ;Norte;Colisão Traseira;1;;1;;;;;;;;2;1;;;
22/08/2020;05:16:00;18;3 - Acidente com Danos Materiais;215,057;BR-101/RJ;Norte;Choque - Defensa, barreira ou "submarino";1;;;;;;;;;;1;;;;
22/08/2020;06:43:00;23;3 - Acidente com Danos Materiais;293,952;BR-101/RJ;Norte;Choque - Defensa, barreira ou "submarino";1;;;;;;;;;;1;;;;
22/08/2020;10:55:00;67;2 - Acidente com VITIMA;196,373;BR-101/RJ;Sul;Choque - Defensa, barreira ou "submarino";1;;;;;;;;;;0;1;;;
22/08/2020;11:43:00;78;3 - Acidente com Danos Materiais;278,092;BR-101/RJ;Norte;Choque - Outros;1;;;;;;;;;;3;;;;
22/08/2020;11:47:00;79;3 - Acidente com Danos Materiais;297,613;BR-101/RJ;Sul;Engavetamento;4;;;;;;;;;;4;;;;
22/08/2020;12:08:00;82;3 - Acidente com Danos Materiais;271,298;BR-101/RJ;Sul;Choque - Defensa, barreira ou "submarino";1;;;;;;;;;;3;;;;
22/08/2020;12:48:00;98;3 - Acidente com Danos Materiais;91,534;BR-101/RJ;Norte;Choque - Defensa, barreira ou "submarino";;;;;;;;;;1;2;;;;
22/08/2020;14:14:00;112;2 - Acidente com VITIMA;320,053;BR-101/RJ;Norte;Capotamento;1;;;;;;;;;;0;;1;;
22/08/2020;14:47:00;117;2 - Acidente com VITIMA;82,466;BR-101/RJ;Sul;Colisão Transversal;4;;;;;;;;;;6;1;1;1;
22/08/2020;15:39:00;126;3 - Acidente com Danos Materiais;198,328;BR-101/RJ;Sul;Choque - Talude;1;;;;;;;;;;4;;;;
22/08/2020;16:54:00;134;3 - Acidente com Danos Materiais;169,289;BR-101/RJ;Norte;Choque - Outros;1;;;;;;;;;;1;;;;
22/08/2020;16:56:00;135;3 - Acidente com Danos Materiais;196,369;BR-101/RJ;Sul;Choque - Outros;1;;;;;;;;;;5;;;;
22/08/2020;18:36:00;152;2 - Acidente com VITIMA;312,456;BR-101/RJ;Sul;Colisão Lateral;2;;;;;;;;;;1;3;;;
22/08/2020;21:55:00;174;1 - Acidente com Vitima Fatal;275,537;BR-101/RJ;Sul;Atropelamento - Morador;1;;;;;;;;;;3;;;;1
22/08/2020;21:57:00;175;3 - Acidente com Danos Materiais;196,444;BR-101/RJ;Norte;Choque - Elemento de Drenagem;1;;;;;;;;;;1;;;;
22/08/2020;22:40:00;176;2 - Acidente com VITIMA;282,753;BR-101/RJ;Norte;Choque - Defensa, barreira ou "submarino";1;;;;;;;;;;2;2;;;
23/08/2020;00:42:00;5;3 - Acidente com Danos Materiais;135,04;BR-101/RJ;Norte;Atropelamento de Animal;1;;;;;;;;;;1;;;;
23/08/2020;02:21:00;12;2 - Acidente com VITIMA;287,74;BR-101/RJ;Sul;Atropelamento de Animal;1;;;;;;;;;;0;1;;;
23/08/2020;03:49:00;17;2 - Acidente com VITIMA;310,95;BR-101/RJ;Sul;Atropelamento - Andarilho;;;;;;1;;;;;1;;1;;
23/08/2020;07:26:00;42;3 - Acidente com Danos Materiais;252,89;BR-101/RJ;Norte;Choque - Cancela de Pedagio;1;;;;;;;;;;5;;;;
23/08/2020;08:26:00;52;2 - Acidente com VITIMA;295,172;BR-101/RJ;Sul;Choque - Talude;1;;;;;;;;;;0;1;;;
23/08/2020;10:03:00;63;3 - Acidente com Danos Materiais;255,509;BR-101/RJ;Norte;Choque - Defensa, barreira ou "submarino";;;1;;;;;;;;1;;;;
23/08/2020;11:18:00;71;3 - Acidente com Danos Materiais;35,766;BR-101/RJ;Sul;Saida de Pista;1;;;;;;;;;;3;;;;
23/08/2020;12:56:00;81;2 - Acidente com VITIMA;305,484;BR-101/RJ;Sul;Colisão Traseira;2;;;;;;;;;;3;1;;;
23/08/2020;13:03:00;86;2 - Acidente com VITIMA;305,798;BR-101/RJ;Sul;Choque - Defensa, barreira ou "submarino";2;;;;;;;;;;6;1;;;
23/08/2020;18:45:00;144;2 - Acidente com VITIMA;311,779;BR-101/RJ;Norte;Engavetamento;3;;;;;;;;;;3;1;;;
23/08/2020;19:04:00;146;2 - Acidente com VITIMA;57,046;BR-101/RJ;Sul;Tombamento;;1;;;;;;;;;0;1;;;
23/08/2020;22:51:00;173;2 - Acidente com VITIMA;303,106;BR-101/RJ;Sul;Tombamento;;;;1;;;;;;;0;1;;;
23/08/2020;23:35:00;179;3 - Acidente com Danos Materiais;87,841;BR-101/RJ;Norte;Atropelamento de Animal;1;;;;;;;;;;1;;;;
24/08/2020;05:24:00;21;3 - Acidente com Danos Materiais;72,058;BR-101/RJ;Sul;Atropelamento de Animal;;;1;;;;;;;;2;;;;
24/08/2020;07:01:00;35;2 - Acidente com VITIMA;312,451;BR-101/RJ;Sul;Engavetamento;4;;;;;;;;;;4;1;;;
24/08/2020;08:53:00;59;3 - Acidente com Danos Materiais;180,349;BR-101/RJ;Norte;Colisão Lateral;1;;1;;;;;;;;2;;;;
24/08/2020;12:00:00;94;3 - Acidente com Danos Materiais;294,447;BR-101/RJ;Sul;Choque - Defensa, barreira ou "submarino";1;;;;;;;;;;2;;;;
24/08/2020;18:39:00;173;2 - Acidente com VITIMA;306,386;BR-101/RJ;Norte;Engavetamento;3;;;;;;;;;;2;2;2;;
25/08/2020;04:34:00;28;2 - Acidente com VITIMA;53,5;BR-101/RJ;Norte;Atropelamento de Animal;;;;1;;;;;;;0;;;1;
25/08/2020;08:04:00;62;3 - Acidente com Danos Materiais;318,811;BR-101/RJ;Sul;Engavetamento;2;;;;;1;;;;;4;;;;
25/08/2020;12:44:00;134;3 - Acidente com Danos Materiais;192,83;BR-101/RJ;Sul;Colisão Traseira;1;;1;;;;;;;;2;;;;
25/08/2020;14:39:00;157;3 - Acidente com Danos Materiais;228,858;BR-101/RJ;Norte;Choque - Elemento de Drenagem;1;;;;;;;;;;2;;;;
26/08/2020;02:33:00;11;2 - Acidente com VITIMA;66,425;BR-101/RJ;Norte;Outros;;;;1;;1;;;;;1;1;;;
26/08/2020;14:21:00;126;2 - Acidente com VITIMA;299,623;BR-101/RJ;Sul;Tombamento;;;;1;;;;;;;0;;1;;
26/08/2020;16:42:00;154;2 - Acidente com VITIMA;266,457;BR-101/RJ;Sul;Colisão Traseira;;1;;;;1;;;;;1;1;;;
26/08/2020;18:04:00;169;2 - Acidente com VITIMA;53,281;BR-101/RJ;Sul;Colisão Frontal;1;;;1;;;;;;;2;;1;1;
26/08/2020;21:40:00;190;3 - Acidente com Danos Materiais;312,3;BR-101/RJ;Norte;Choque - Defensa, barreira ou "submarino";1;;;;;;;;;;2;;;;
27/08/2020;05:00:00;35;2 - Acidente com VITIMA;47,3;BR-101/RJ;Norte;Tombamento;;;;1;;;;;;;0;;1;;
27/08/2020;07:51:00;55;2 - Acidente com VITIMA;315,619;BR-101/RJ;Sul;Engavetamento;3;;;;;;;;;;3;2;;;
27/08/2020;10:14:00;103;3 - Acidente com Danos Materiais;169,321;BR-101/RJ;Sul;Colisão Traseira;;;2;;;;;;;;2;;;;
27/08/2020;21:10:00;204;3 - Acidente com Danos Materiais;98,474;BR-101/RJ;Norte;Choque - Defensa, barreira ou "submarino";1;;;;;;;;;;1;;;;
27/08/2020;21:10:00;205;3 - Acidente com Danos Materiais;295,597;BR-101/RJ;Norte;Outros - Sequência;2;;;;;;;;;1;4;;;;
28/08/2020;02:25:00;18;3 - Acidente com Danos Materiais;174,847;BR-101/RJ;Norte;Tombamento;;;1;;;;;;;;1;;;;
28/08/2020;05:42:00;28;3 - Acidente com Danos Materiais;72,706;BR-101/RJ;Sul;Atropelamento de Animal;1;;;;;;;;;;1;;;;
28/08/2020;07:56:00;54;2 - Acidente com VITIMA;312,945;BR-101/RJ;Sul;Colisão Traseira;1;;;1;;;;;;;1;1;;;
28/08/2020;11:15:00;106;2 - Acidente com VITIMA;319,4;BR-101/RJ;Sul;Tombamento;;;;1;;;;;;;0;1;;;
28/08/2020;14:57:00;143;3 - Acidente com Danos Materiais;300,628;BR-101/RJ;Norte;Tombamento;;1;;;;;;;;;1;;;;
29/08/2020;05:08:00;27;3 - Acidente com Danos Materiais;303,401;BR-101/RJ;Norte;Colisão Traseira;2;;;;;;;;;;4;;;;
29/08/2020;11:18:00;92;2 - Acidente com VITIMA;294,9;BR-101/RJ;Sul;Colisão Traseira;2;;;;;;;;;;2;1;;;
29/08/2020;12:28:00;114;3 - Acidente com Danos Materiais;281,102;BR-101/RJ;Sul;Choque - Outros;1;;;;;;;;;;1;;;;
29/08/2020;20:21:00;200;3 - Acidente com Danos Materiais;267,147;BR-101/RJ;Sul;Choque - Defensa, barreira ou "submarino";1;;;;;;;;;;3;;;;
30/08/2020;05:38:00;26;3 - Acidente com Danos Materiais;278,595;BR-101/RJ;Sul;Choque - Outros;1;;;;;;;;;;2;;;;
30/08/2020;06:55:00;38;3 - Acidente com Danos Materiais;79,632;BR-101/RJ;Norte;Choque - Outros;;;1;;;;;;;;1;;;;
30/08/2020;08:12:00;49;3 - Acidente com Danos Materiais;303,419;BR-101/RJ;Norte;Choque - Defensa, barreira ou "submarino";;;;;;;;;;1;1;;;;
30/08/2020;09:07:00;59;2 - Acidente com VITIMA;266,166;BR-101/RJ;Norte;Choque - Defensa, barreira ou "submarino";1;;;;;;;;;;1;1;;;
30/08/2020;15:47:00;130;3 - Acidente com Danos Materiais;252,89;BR-101/RJ;Norte;Colisão Traseira;1;;1;;;;;;;;2;;;;
30/08/2020;17:03:00;143;3 - Acidente com Danos Materiais;252,89;BR-101/RJ;Sul;Colisão Traseira;1;;1;;;;;;;;2;;;;
30/08/2020;20:54:00;194;2 - Acidente com VITIMA;217,934;BR-101/RJ;Sul;Capotamento;1;;;;;;;;;;0;2;;;
30/08/2020;21:01:00;196;2 - Acidente com VITIMA;46,6;BR-101/RJ;Norte;Tombamento;;;;1;;;;;;;0;1;;;
30/08/2020;21:39:00;203;3 - Acidente com Danos Materiais;285,975;BR-101/RJ;Norte;Atropelamento de Animal;2;;;;;;;;;;2;;;;
30/08/2020;21:57:00;205;2 - Acidente com VITIMA;295,549;BR-101/RJ;Sul;Colisão Traseira;2;;;;;;;;;;3;;2;;
30/08/2020;22:03:00;206;2 - Acidente com VITIMA;278,235;BR-101/RJ;Norte;Choque - Talude;;;1;;;;;;;;0;;1;;
31/08/2020;03:01:00;13;3 - Acidente com Danos Materiais;254,871;BR-101/RJ;Norte;Colisão Traseira;;;2;;;;;;;;2;;;;
31/08/2020;03:13:00;15;2 - Acidente com VITIMA;306,481;BR-101/RJ;Norte;Choque - Defensa, barreira ou "submarino";1;;;;;;;;;;0;;1;2;
31/08/2020;05:22:00;22;3 - Acidente com Danos Materiais;307,155;BR-101/RJ;Norte;Colisão Lateral;1;;1;;;;;;;;3;;;;
31/08/2020;05:24:00;23;2 - Acidente com VITIMA;293,293;BR-101/RJ;Norte;Tombamento;;;;1;;;;;;;0;;1;;
31/08/2020;08:00:00;49;3 - Acidente com Danos Materiais;309,286;BR-101/RJ;Sul;Engavetamento;3;;;;;;;;;;4;;;;
31/08/2020;13:12:00;117;2 - Acidente com VITIMA;299,656;BR-101/RJ;Norte;Tombamento;;;;1;;;;;;;1;1;;;
31/08/2020;22:29:00;194;3 - Acidente com Danos Materiais;209,349;BR-101/RJ;Norte;Choque - Objeto sobre a pista;1;;1;;;;;;;;2;;;;
01/09/2020;06:25:00;33;3 - Acidente com Danos Materiais;4,572;BR-101/RJ;Sul;Outros;;;2;;;;;;;;2;;;;
01/09/2020;07:06:00;45;2 - Acidente com VITIMA;318,115;BR-101/RJ;Sul;Colisão Lateral;;;;1;;1;;;;;1;1;;;
01/09/2020;07:24:00;48;3 - Acidente com Danos Materiais;311,079;BR-101/RJ;Sul;Colisão Traseira;1;;;;;1;;;;;3;;;;
01/09/2020;11:35:00;114;3 - Acidente com Danos Materiais;311,537;BR-101/RJ;Sul;Colisão Lateral;;;1;;;1;;;;;2;;;;
01/09/2020;12:22:00;120;3 - Acidente com Danos Materiais;175,5;BR-101/RJ;Norte;Engavetamento;2;;;;;;;;;1;4;;;;
01/09/2020;12:32:00;122;3 - Acidente com Danos Materiais;297,65;BR-101/RJ;Norte;Colisão Traseira;1;;1;;;;;;;;4;;;;
01/09/2020;18:56:00;170;2 - Acidente com VITIMA;52,689;BR-101/RJ;Norte;Tombamento;;;;1;;;;;;;6;;1;;
01/09/2020;21:31:00;189;2 - Acidente com VITIMA;310,06;BR-101/RJ;Sul;Colisão Traseira;2;;;;;;;;;;1;2;;;
01/09/2020;23:20:00;195;2 - Acidente com VITIMA;321,62;BR-101/RJ;Norte;Colisão Transversal;1;;;1;;;;;;;1;2;;;
02/09/2020;02:37:00;10;3 - Acidente com Danos Materiais;201,33;BR-101/RJ;Sul;Choque - Defensa, barreira ou "submarino";;;1;;;;;;;;4;;;;
02/09/2020;07:46:00;39;2 - Acidente com VITIMA;320,834;BR-101/RJ;Norte;Colisão Traseira;1;;;1;;;;;;;1;1;;;
02/09/2020;08:29:00;57;2 - Acidente com VITIMA;321,244;BR-101/RJ;Sul;Colisão Traseira;1;;;1;;;;;;;1;1;;;
02/09/2020;10:30:00;80;2 - Acidente com VITIMA;299,716;BR-101/RJ;Sul;Engavetamento;2;;1;;;;;;;;4;2;;;
02/09/2020;10:36:00;83;2 - Acidente com VITIMA;46,942;BR-101/RJ;Sul;Colisão Transversal;1;;;1;;;;;;;2;1;;;
02/09/2020;11:17:00;96;2 - Acidente com VITIMA;298,623;BR-101/RJ;Norte;Atropelamento - Outros;;;;;;1;;;;;1;1;;;
02/09/2020;11:35:00;100;2 - Acidente com VITIMA;263,333;BR-101/RJ;Sul;Colisão Lateral;1;;;1;;;;;;;1;;1;;
02/09/2020;11:58:00;105;3 - Acidente com Danos Materiais;86,5;BR-101/RJ;Norte;Tombamento;;;1;;;;;;;;2;;;;
02/09/2020;14:21:00;139;2 - Acidente com VITIMA;312,612;BR-101/RJ;Norte;Colisão Lateral;1;;;1;;;;;;;1;;1;;
02/09/2020;19:41:00;185;3 - Acidente com Danos Materiais;319,509;BR-101/RJ;Norte;Colisão Lateral;1;;1;;;;;;;;3;;;;
02/09/2020;22:32:00;196;2 - Acidente com VITIMA;305,542;BR-101/RJ;Norte;Choque - Defensa, barreira ou "submarino";1;;;;;;;;;;1;1;;;
03/09/2020;08:36:00;55;1 - Acidente com Vitima Fatal;62,037;BR-101/RJ;Sul;Colisão Transversal;;1;;;1;;;;;;1;;;;1
03/09/2020;15:09:00;133;3 - Acidente com Danos Materiais;211,211;BR-101/RJ;Norte;Colisão Traseira;;;1;;;;;;;1;3;;;;
03/09/2020;16:19:00;150;3 - Acidente com Danos Materiais;252,89;BR-101/RJ;Sul;Colisão Traseira;2;;;;;;;;;;2;;;;
03/09/2020;18:08:00;169;3 - Acidente com Danos Materiais;207,336;BR-101/RJ;Norte;Outros;;;1;;;;;;;;1;;;;
03/09/2020;18:28:00;173;3 - Acidente com Danos Materiais;253,3;BR-101/RJ;Sul;Colisão Traseira;1;;1;;;;;;;;4;;;;
03/09/2020;19:16:00;182;2 - Acidente com VITIMA;59,437;BR-101/RJ;Norte;Colisão Traseira;1;;;1;;;;;;;1;1;;;
03/09/2020;20:02:00;187;3 - Acidente com Danos Materiais;130,424;BR-101/RJ;Sul;Objeto lançado contra veículo;2;;1;;;;;;;;3;;;;
03/09/2020;21:02:00;195;3 - Acidente com Danos Materiais;131,534;BR-101/RJ;Norte;Colisão Lateral;;;1;;1;;;;;;3;;;;
04/09/2020;05:43:00;34;2 - Acidente com VITIMA;310,834;BR-101/RJ;Sul;Tombamento;;;;1;;;;;;;0;1;;;
04/09/2020;07:31:00;49;2 - Acidente com VITIMA;307,419;BR-101/RJ;Norte;Colisão Traseira;1;;;;1;;;;;;1;;1;;
04/09/2020;16:31:00;180;3 - Acidente com Danos Materiais;29,3;BR-101/RJ;Norte;Choque - Defensa, barreira ou "submarino";1;;;;;;;;;;2;;;;
04/09/2020;16:33:00;181;3 - Acidente com Danos Materiais;294,517;BR-101/RJ;Norte;Engavetamento;1;;;;1;1;;;;;3;;;;
04/09/2020;17:16:00;195;2 - Acidente com VITIMA;299,854;BR-101/RJ;Norte;Outros - Sequência;1;;;1;;;;;;;2;2;;;
04/09/2020;18:48:00;204;3 - Acidente com Danos Materiais;307,525;BR-101/RJ;Norte;Engavetamento;2;;;;;1;;;;;3;;;;
05/09/2020;04:01:00;23;3 - Acidente com Danos Materiais;320,95;BR-101/RJ;Sul;Choque - Defensa, barreira ou "submarino";;;1;;;;;;;;1;;;;
05/09/2020;06:48:00;44;3 - Acidente com Danos Materiais;79,799;BR-101/RJ;Norte;Colisão Traseira;1;;;;;;;;;1;4;;;;
05/09/2020;07:53:00;59;2 - Acidente com VITIMA;318,044;BR-101/RJ;Sul;Colisão Lateral;1;;;1;;;;;;;2;1;;;
05/09/2020;08:34:00;77;3 - Acidente com Danos Materiais;63,356;BR-101/RJ;Sul;Colisão Transversal;2;;;;;;;;;;2;;;;
05/09/2020;09:38:00;101;2 - Acidente com VITIMA;130,207;BR-101/RJ;Norte;Capotamento;1;;;;;;;;;;0;3;;1;
05/09/2020;10:47:00;113;3 - Acidente com Danos Materiais;313,76;BR-101/RJ;Norte;Colisão Traseira;2;;;;;;;;;;2;;;;
05/09/2020;20:41:00;216;2 - Acidente com VITIMA;281,342;BR-101/RJ;Sul;Atropelamento - Morador;;;;;;1;;;;;1;;1;1;
06/09/2020;02:03:00;13;2 - Acidente com VITIMA;310,65;BR-101/RJ;Sul;Colisão Traseira;2;;;;;;;;;;4;1;;;
06/09/2020;06:05:00;28;2 - Acidente com VITIMA;297,975;BR-101/RJ;Sul;Choque - Elemento de Drenagem;1;;;;;;;;;;0;1;;;
06/09/2020;06:45:00;33;3 - Acidente com Danos Materiais;306,721;BR-101/RJ;Norte;Choque - Defensa, barreira ou "submarino";1;;;;;;;;;;6;;;;
06/09/2020;08:25:00;47;2 - Acidente com VITIMA;315,918;BR-101/RJ;Norte;Colisão Traseira;;;1;1;;;;;;;1;2;;;
06/09/2020;12:59:00;92;1 - Acidente com Vitima Fatal;156,107;BR-101/RJ;Sul;Colisão Frontal;1;;1;;;;;;;;5;;;;4
06/09/2020;16:05:00;119;3 - Acidente com Danos Materiais;286,01;BR-101/RJ;Sul;Colisão Lateral;2;;;;;;;;;;5;;;;
06/09/2020;16:17:00;121;2 - Acidente com VITIMA;320,952;BR-101/RJ;Norte;Tombamento;;;;1;;;;;;;0;;1;;
06/09/2020;19:38:00;140;2 - Acidente com VITIMA;242,451;BR-101/RJ;Sul;Colisão Traseira;2;;;;;;;;;;4;3;;;
07/09/2020;04:48:00;20;3 - Acidente com Danos Materiais;269,249;BR-101/RJ;Norte;Choque - Elemento de Drenagem;1;;;;;;;;;;1;;;;
07/09/2020;06:59:00;32;2 - Acidente com VITIMA;282,826;BR-101/RJ;Sul;Choque - Defensa, barreira ou "submarino";1;;;;;;;;;;0;2;;;
07/09/2020;08:27:00;50;3 - Acidente com Danos Materiais;179,596;BR-101/RJ;Sul;Colisão Traseira;2;;;;;;;;;;6;;;;
07/09/2020;11:51:00;85;2 - Acidente com VITIMA;294,777;BR-101/RJ;Sul;Colisão Lateral;1;;;;;1;;;;;2;;1;;
07/09/2020;17:22:00;156;1 - Acidente com Vitima Fatal;216,843;BR-101/RJ;Norte;Outros - Sequência;2;;1;;;;;;;1;3;1;;;2
07/09/2020;17:33:00;160;2 - Acidente com VITIMA;81,337;BR-101/RJ;Sul;Colisão Traseira;2;;;;;;;;;;2;4;;;
07/09/2020;17:53:00;161;2 - Acidente com VITIMA;56,338;BR-101/RJ;Norte;Colisão Traseira;1;;;1;;;;;;;5;1;;;
07/09/2020;18:32:00;171;2 - Acidente com VITIMA;271,377;BR-101/RJ;Sul;Atropelamento - Outros;1;;;;;1;;;;;2;;;1;
07/09/2020;19:10:00;179;3 - Acidente com Danos Materiais;217,791;BR-101/RJ;Sul;Engavetamento;2;;;;1;;;;;;7;;;;
07/09/2020;22:11:00;203;3 - Acidente com Danos Materiais;119,863;BR-101/RJ;Norte;Atropelamento de Animal;1;;;;;;;;;;1;;;;
08/09/2020;05:43:00;24;3 - Acidente com Danos Materiais;205,293;BR-101/RJ;Sul;Colisão Traseira;2;;;;;;;;;;4;;;;
08/09/2020;06:34:00;31;3 - Acidente com Danos Materiais;304,127;BR-101/RJ;Sul;Engavetamento;3;;;;;1;;;;;12;;;;
08/09/2020;07:55:00;58;2 - Acidente com VITIMA;88,58;BR-101/RJ;Norte;Capotamento;1;;;;;;;;;;1;;1;;
08/09/2020;08:19:00;72;2 - Acidente com VITIMA;57,883;BR-101/RJ;Sul;Engavetamento;3;;;;;1;;;;;4;1;;;
08/09/2020;08:21:00;74;3 - Acidente com Danos Materiais;310,614;BR-101/RJ;Sul;Colisão Traseira;2;;;;;;;;;;6;;;;
08/09/2020;08:26:00;78;2 - Acidente com VITIMA;287,879;BR-101/RJ;Norte;Choque - Defensa, barreira ou "submarino";1;;;;;;;;;;0;1;;;
08/09/2020;09:11:00;92;2 - Acidente com VITIMA;282,826;BR-101/RJ;Sul;Tombamento;;;;1;;;;;;;0;;1;;
08/09/2020;15:10:00;183;3 - Acidente com Danos Materiais;252,881;BR-101/RJ;Sul;Colisão Traseira;2;;;;;;;;;;2;;;;
08/09/2020;17:52:00;233;2 - Acidente com VITIMA;276,428;BR-101/RJ;Sul;Colisão Traseira;;;;1;;1;;;;;1;1;;;
09/09/2020;09:05:00;65;2 - Acidente com VITIMA;56,7;BR-101/RJ;Sul;Colisão Transversal;;;1;;;;;;;1;1;1;1;;
09/09/2020;09:30:00;74;2 - Acidente com VITIMA;268,1;BR-101/RJ;Sul;Colisão Traseira;2;;;;;;;;;;7;1;;;
09/09/2020;18:29:00;164;2 - Acidente com VITIMA;276,429;BR-101/RJ;Sul;Colisão Lateral;2;;;;;;;;;;4;;2;;
09/09/2020;21:51:00;185;2 - Acidente com VITIMA;69,7;BR-101/RJ;Norte;Colisão Lateral;;1;;;;1;;;;;2;1;;;