data;horario;n_da_ocorrencia;tipo_de_ocorrencia;km;trecho;sentido;tipo_de_acidente;automovel;bicicleta;caminhao;moto;onibus;outros;tracao_animal;transporte_de_cargas_especiais;trator_maquinas;utilitarios;ilesos;levemente_feridos;moderadamente_feridos;gravemente_feridos;mortos
30/09/2020;15:47:00;131;3 - Acidente com Danos Materiais;312,486;BR-101/RJ;Norte;Outros - Sequência;3;;;;1;;;;;;4;;;;
30/09/2020;18:03:00;166;3 - Acidente com Danos Materiais;66,299;BR-101/RJ;Sul;Engavetamento;3;;;;;1;;;;;6;;;;
30/09/2020;19:03:00;174;2 - Acidente com VITIMA;252,906;BR-101/RJ;Sul;Tombamento;;;;1;;;;;;;0;1;1;;
01/10/2020;08:49:00;71;2 - Acidente com VITIMA;61,106;BR-101/RJ;Sul;Colisão Traseira;1;1;;;;1;;;;;2;;1;;
01/10/2020;10:34:00;105;2 - Acidente com VITIMA;280,865;BR-101/RJ;Sul;Colisão Traseira;2;;;;;;;;;;2;1;;;
01/10/2020;20:45:00;231;3 - Acidente com Danos Materiais;160,146;BR-101/RJ;Norte;Objeto lançado contra veículo;1;;1;;;;;;;;3;;;;
02/10/2020;05:52:00;21;2 - Acidente com VITIMA;144,2;BR-101/RJ;Norte;Capotamento;1;;;;;;;;;;0;;1;;
02/10/2020;09:06:00;69;3 - Acidente com Danos Materiais;320,92;BR-101/RJ;Sul;Colisão Traseira;2;;;;;;;;;;3;;;;
02/10/2020;10:02:00;84;3 - Acidente com Danos Materiais;303,852;BR-101/RJ;Sul;Engavetamento;2;;;;;1;;;;;4;;;;
02/10/2020;10:33:00;94;3 - Acidente com Danos Materiais;306,428;BR-101/RJ;Sul;Colisão Traseira;2;;;;;;;;;;2;;;;
02/10/2020;10:38:00;99;3 - Acidente com Danos Materiais;294,44;BR-101/RJ;Norte;Colisão Traseira;1;;;;;1;;;;;2;;;;
02/10/2020;11:10:00;112;2 - Acidente com VITIMA;136,428;BR-101/RJ;Norte;Colisão Lateral;1;;1;;;;;;;;1;1;;;
02/10/2020;11:34:00;120;3 - Acidente com Danos Materiais;296,901;BR-101/RJ;Sul;Colisão Traseira;1;;;;;1;;;;;2;;;;
02/10/2020;12:53:00;145;3 - Acidente com Danos Materiais;297,606;BR-101/RJ;Norte;Colisão Lateral;1;;1;;;;;;;;2;;;;
02/10/2020;18:40:00;236;2 - Acidente com VITIMA;313,611;BR-101/RJ;Norte;Engavetamento;1;;;1;;1;;;;;3;1;;;
02/10/2020;19:57:00;246;2 - Acidente com VITIMA;247,289;BR-101/RJ;Norte;Capotamento;1;;;;;;;;;;0;2;;;
02/10/2020;20:31:00;254;3 - Acidente com Danos Materiais;317,175;BR-101/RJ;Norte;Colisão Traseira;2;;;;;;;;;;2;;;;
02/10/2020;21:34:00;264;2 - Acidente com VITIMA;314,951;BR-101/RJ;Norte;Choque - Arvore;1;;;;;;;;;;0;3;;;
02/10/2020;22:42:00;272;2 - Acidente com VITIMA;304,154;BR-101/RJ;Sul;Tombamento;;;;1;;;;;;;0;2;;;
02/10/2020;22:49:00;275;3 - Acidente com Danos Materiais;318,35;BR-101/RJ;Norte;Colisão Traseira;1;;;;;;;;;1;3;;;;
02/10/2020;23:57:00;288;3 - Acidente com Danos Materiais;299,73;BR-101/RJ;Sul;Colisão Traseira;1;;1;;;;;;;;2;;;;
03/10/2020;02:21:00;18;2 - Acidente com VITIMA;69,22;BR-101/RJ;Sul;Tombamento;;;;1;;;;;;;0;1;;;
03/10/2020;04:31:00;29;3 - Acidente com Danos Materiais;300,37;BR-101/RJ;Sul;Choque - Elemento de Drenagem;1;;;;;;;;;;1;;;;
03/10/2020;07:50:00;48;3 - Acidente com Danos Materiais;299,127;BR-101/RJ;Norte;Colisão Lateral;1;;;;;;;;;1;3;;;;
03/10/2020;12:35:00;108;3 - Acidente com Danos Materiais;308,063;BR-101/RJ;Norte;Choque - Defensa, barreira ou "submarino";1;;;;;;;;;;1;;;;
03/10/2020;14:16:00;125;3 - Acidente com Danos Materiais;284,222;BR-101/RJ;Norte;Colisão Traseira;2;;;;;;;;;;5;;;;
03/10/2020;14:25:00;127;2 - Acidente com VITIMA;275,68;BR-101/RJ;Sul;Tombamento;;;;1;;;;;;;0;;2;;
03/10/2020;14:41:00;129;2 - Acidente com VITIMA;284,425;BR-101/RJ;Norte;Tombamento;;;;1;;;;;;;0;2;;;
03/10/2020;15:09:00;134;2 - Acidente com VITIMA;269,179;BR-101/RJ;Norte;Colisão Transversal;1;;;1;;;;;;;1;1;;;
03/10/2020;16:24:00;149;2 - Acidente com VITIMA;282,764;BR-101/RJ;Norte;Choque - Poste;1;;;;;;;;;;0;1;;;
03/10/2020;19:58:00;174;1 - Acidente com Vitima Fatal;270,808;BR-101/RJ;Norte;Atropelamento - Usuário;3;;;1;;1;;;;;6;;1;;1
04/10/2020;00:08:00;3;3 - Acidente com Danos Materiais;119,982;BR-101/RJ;Sul;Choque - Defensa, barreira ou "submarino";;;;;;;;;;1;1;;;;
04/10/2020;01:02:00;6;3 - Acidente com Danos Materiais;320,454;BR-101/RJ;Norte;Choque - Defensa, barreira ou "submarino";1;;;;;;;;;;3;;;;
04/10/2020;07:16:00;24;2 - Acidente com VITIMA;175,91;BR-101/RJ;Norte;Choque - Suporte de Sinalização;1;;;;;;;;;;5;;1;;
04/10/2020;10:06:00;47;3 - Acidente com Danos Materiais;198,438;BR-101/RJ;Sul;Choque - Elemento de Drenagem;1;;;;;;;;;;1;;;;
04/10/2020;11:19:00;58;3 - Acidente com Danos Materiais;75,166;BR-101/RJ;Norte;Choque - Outros;1;;;;;;;;;;1;;;;
04/10/2020;16:23:00;90;3 - Acidente com Danos Materiais;262,111;BR-101/RJ;Norte;Choque - Elemento de Drenagem;1;;;;;;;;;;2;;;;
04/10/2020;16:29:00;91;3 - Acidente com Danos Materiais;234,203;BR-101/RJ;Norte;Choque - Defensa, barreira ou "submarino";1;;;;;;;;;;3;;;;
04/10/2020;17:25:00;94;3 - Acidente com Danos Materiais;206,752;BR-101/RJ;Norte;Saida de Pista;1;;;;;;;;;;1;;;;
04/10/2020;17:29:00;97;3 - Acidente com Danos Materiais;297,596;BR-101/RJ;Norte;Capotamento;1;;;;;;;;;;1;;;;
04/10/2020;18:02:00;101;3 - Acidente com Danos Materiais;283,1;BR-101/RJ;Sul;Choque - Defensa, barreira ou "submarino";1;;;;;;;;;;4;;;;
04/10/2020;18:44:00;109;3 - Acidente com Danos Materiais;198,389;BR-101/RJ;Sul;Choque - Talude;;;;;;;;;;1;1;;;;
04/10/2020;18:47:00;110;3 - Acidente com Danos Materiais;279,933;BR-101/RJ;Sul;Engavetamento;2;;;;;1;;;;;3;;;;
04/10/2020;19:35:00;116;2 - Acidente com VITIMA;196,349;BR-101/RJ;Sul;Choque - Outros;1;;;;;;;;;;0;2;1;;
04/10/2020;22:16:00;134;2 - Acidente com VITIMA;72,803;BR-101/RJ;Norte;Atropelamento - Morador;;;;;;1;;;;;1;;1;;
04/10/2020;22:36:00;138;3 - Acidente com Danos Materiais;320,01;BR-101/RJ;Sul;Capotamento;1;;;;;;;;;;1;;;;
04/10/2020;23:13:00;139;3 - Acidente com Danos Materiais;298,966;BR-101/RJ;Sul;Choque - Defensa, barreira ou "submarino";1;;;;;;;;;;1;;;;
04/10/2020;23:24:00;140;3 - Acidente com Danos Materiais;262,115;BR-101/RJ;Norte;Choque - Suporte de Sinalização;1;;;;;;;;;;4;;;;
05/10/2020;03:53:00;18;2 - Acidente com VITIMA;310,95;BR-101/RJ;Sul;Atropelamento - Sem Informação;;;;;;1;;;;;1;;1;;
05/10/2020;05:58:00;22;2 - Acidente com VITIMA;309,1;BR-101/RJ;Norte;Colisão Traseira;;;;1;;1;;;;;1;1;;;
05/10/2020;06:56:00;29;3 - Acidente com Danos Materiais;309,216;BR-101/RJ;Sul;Engavetamento;3;;;;;;;;;;6;;;;
05/10/2020;07:30:00;36;3 - Acidente com Danos Materiais;198,375;BR-101/RJ;Sul;Choque - Elemento de Drenagem;1;;;;;;;;;;1;;;;
05/10/2020;07:45:00;39;3 - Acidente com Danos Materiais;198,375;BR-101/RJ;Sul;Choque - Talude;1;;;;;;;;;;2;;;;
05/10/2020;11:25:00;96;2 - Acidente com VITIMA;293,13;BR-101/RJ;Norte;Colisão Traseira;1;;;1;;;;;;;1;1;;;
05/10/2020;12:26:00;110;3 - Acidente com Danos Materiais;309,929;BR-101/RJ;Sul;Colisão Traseira;2;;;;;;;;;;3;;;;
05/10/2020;13:29:00;130;2 - Acidente com VITIMA;111,839;BR-101/RJ;Norte;Colisão Traseira;1;;1;;;;;;;;1;1;;;
05/10/2020;14:15:00;138;3 - Acidente com Danos Materiais;122,9;BR-101/RJ;Sul;Engavetamento;1;;1;;;1;;;;;3;;;;
05/10/2020;15:06:00;146;3 - Acidente com Danos Materiais;143,705;BR-101/RJ;Sul;Choque - Defensa, barreira ou "submarino";1;;;;;;;;;;2;;;;
05/10/2020;15:18:00;150;3 - Acidente com Danos Materiais;168,488;BR-101/RJ;Norte;Choque - Defensa, barreira ou "submarino";1;;;;;;;;;;2;;;;
05/10/2020;15:43:00;156;3 - Acidente com Danos Materiais;143,913;BR-101/RJ;Sul;Choque - Defensa, barreira ou "submarino";1;;;;;;;;;;1;;;;
06/10/2020;07:45:00;37;2 - Acidente com VITIMA;172,535;BR-101/RJ;Norte;Colisão Traseira;1;;;;;;;;;1;3;1;;;
06/10/2020;14:56:00;132;2 - Acidente com VITIMA;242,336;BR-101/RJ;Sul;Colisão Traseira;2;;;;;;;;;;0;4;;;
06/10/2020;19:08:00;174;3 - Acidente com Danos Materiais;219,5;BR-101/RJ;Norte;Atropelamento de Animal;1;;;;;;;;;;2;;;;
06/10/2020;19:08:00;175;2 - Acidente com VITIMA;68,663;BR-101/RJ;Sul;Colisão Transversal;;;;2;;;;;;;0;2;1;;
07/10/2020;10:51:00;103;3 - Acidente com Danos Materiais;247,405;BR-101/RJ;Sul;Choque - Defensa, barreira ou "submarino";;;1;;;;;;;;1;;;;
07/10/2020;11:59:00;111;2 - Acidente com VITIMA;265,43;BR-101/RJ;Norte;Tombamento;;;;1;;;;;;;0;;1;;
07/10/2020;13:56:00;118;3 - Acidente com Danos Materiais;12,724;BR-101/RJ;Sul;Saida de Pista;;;;;;;;;;1;1;;;;
07/10/2020;17:19:00;146;2 - Acidente com VITIMA;57,6;BR-101/RJ;Norte;Colisão Lateral;;;;2;;;;;;;1;1;;;
07/10/2020;21:45:00;182;3 - Acidente com Danos Materiais;301,039;BR-101/RJ;Norte;Outros - Sequência;2;;;;;;;;;;5;;;;
07/10/2020;21:50:00;183;3 - Acidente com Danos Materiais;301,039;BR-101/RJ;Norte;Colisão Traseira;2;;;;;;;;;;6;;;;
07/10/2020;23:06:00;187;2 - Acidente com VITIMA;296,366;BR-101/RJ;Norte;Capotamento;1;;;;;;;;;;0;1;;;
08/10/2020;05:56:00;21;3 - Acidente com Danos Materiais;209,548;BR-101/RJ;Sul;Choque - Defensa, barreira ou "submarino";1;;;;;;;;;;1;;;;
08/10/2020;07:30:00;42;2 - Acidente com VITIMA;309,174;BR-101/RJ;Sul;Colisão Lateral;1;;;1;;;;;;;3;1;;;
08/10/2020;09:04:00;73;3 - Acidente com Danos Materiais;61,267;BR-101/RJ;Norte;Colisão Traseira;2;;;;;;;;;;2;;;;
08/10/2020;10:37:00;99;3 - Acidente com Danos Materiais;262,8;BR-101/RJ;Norte;Colisão Traseira;2;;;;;;;;;;7;;;;
08/10/2020;11:30:00;112;3 - Acidente com Danos Materiais;297,25;BR-101/RJ;Sul;Engavetamento;2;;;;;2;;;;;9;;;;
08/10/2020;17:30:00;183;2 - Acidente com VITIMA;300,107;BR-101/RJ;Norte;Colisão Traseira;1;;;;;1;;;;;5;;1;;
08/10/2020;18:20:00;196;2 - Acidente com VITIMA;319,352;BR-101/RJ;Norte;Colisão Lateral;1;;;1;;;;;;;1;1;;;
08/10/2020;18:27:00;198;2 - Acidente com VITIMA;61,707;BR-101/RJ;Sul;Colisão Transversal;2;;;;;;;;;;2;2;;;
08/10/2020;20:20:00;212;3 - Acidente com Danos Materiais;196,71;BR-101/RJ;Sul;Capotamento;1;;;;;;;;;;1;;;;
09/10/2020;00:45:00;7;2 - Acidente com VITIMA;293,279;BR-101/RJ;Sul;Tombamento;;;1;;;;;;;;0;1;;;
09/10/2020;00:46:00;8;3 - Acidente com Danos Materiais;313,167;BR-101/RJ;Norte;Choque - Defensa, barreira ou "submarino";;;1;;;;;;;;1;;;;
09/10/2020;05:59:00;18;3 - Acidente com Danos Materiais;137,9;BR-101/RJ;Sul;Capotamento;1;;;;;;;;;;1;;;;
09/10/2020;06:31:00;23;3 - Acidente com Danos Materiais;312,9;BR-101/RJ;Sul;Colisão Traseira;1;;;;;1;;;;;3;;;;
09/10/2020;10:21:00;80;3 - Acidente com Danos Materiais;59,312;BR-101/RJ;Norte;Engavetamento;3;;;;;;;;;;3;;;;
09/10/2020;14:27:00;126;2 - Acidente com VITIMA;84,005;BR-101/RJ;Norte;Colisão Transversal;1;;;1;;;;;;;1;;1;;
09/10/2020;15:39:00;144;2 - Acidente com VITIMA;196,289;BR-101/RJ;Sul;Choque - Outros;1;;;;;;;;;;0;4;;;
09/10/2020;16:05:00;148;3 - Acidente com Danos Materiais;61,8;BR-101/RJ;Norte;Colisão Traseira;1;;;;;;;;;1;3;;;;
09/10/2020;19:53:00;196;2 - Acidente com VITIMA;69,669;BR-101/RJ;Sul;Colisão Lateral;;;1;;;;;;;1;0;6;;;
09/10/2020;22:06:00;213;2 - Acidente com VITIMA;255,966;BR-101/RJ;Sul;Tombamento;;;1;;;;;;;;0;1;;;
09/10/2020;22:37:00;221;2 - Acidente com VITIMA;290,074;BR-101/RJ;Sul;Choque - Defensa, barreira ou "submarino";1;;;;;;;;;;0;2;;;
09/10/2020;23:05:00;224;3 - Acidente com Danos Materiais;282,76;BR-101/RJ;Norte;Choque - Defensa, barreira ou "submarino";1;;;;;;;;;;1;;;;
09/10/2020;23:10:00;225;3 - Acidente com Danos Materiais;79,528;BR-101/RJ;Norte;Colisão Traseira;1;;;;;1;;;;;4;;;;
10/10/2020;01:49:00;9;3 - Acidente com Danos Materiais;284,381;BR-101/RJ;Norte;Colisão Frontal;1;;1;;;;;;;;2;;;;
10/10/2020;06:49:00;34;3 - Acidente com Danos Materiais;134,3;BR-101/RJ;Sul;Choque - Defensa, barreira ou "submarino";1;;;;;;;;;;4;;;;
10/10/2020;07:22:00;39;3 - Acidente com Danos Materiais;297,38;BR-101/RJ;Sul;Colisão Traseira;2;;;;;;;;;;2;;;;
10/10/2020;08:35:00;52;3 - Acidente com Danos Materiais;269,408;BR-101/RJ;Norte;Choque - Outros;1;;;;;;;;;;2;;;;
10/10/2020;10:26:00;72;3 - Acidente com Danos Materiais;308,935;BR-101/RJ;Norte;Engavetamento;3;;;;;;;;;;7;;;;
10/10/2020;12:54:00;99;2 - Acidente com VITIMA;33,835;BR-101/RJ;Norte;Colisão Frontal;1;;;1;;;;;;;2;1;;;
10/10/2020;15:33:00;118;3 - Acidente com Danos Materiais;318,142;BR-101/RJ;Sul;Colisão Lateral;1;;1;;;;;;;;2;;;;
10/10/2020;18:46:00;151;3 - Acidente com Danos Materiais;214,046;BR-101/RJ;Norte;Colisão Traseira;2;;;;;;;;;;2;;;;
10/10/2020;18:53:00;152;2 - Acidente com VITIMA;37,193;BR-101/RJ;Norte;Colisão Transversal;;;1;1;;;;;;;1;1;;;
10/10/2020;20:17:00;158;3 - Acidente com Danos Materiais;318,651;BR-101/RJ;Sul;Colisão Traseira;2;;;;;;;;;;2;;;;
11/10/2020;01:54:00;8;3 - Acidente com Danos Materiais;197,242;BR-101/RJ;Norte;Choque - Defensa, barreira ou "submarino";;;1;;;;;;;;1;;;;
11/10/2020;02:35:00;13;3 - Acidente com Danos Materiais;117,253;BR-101/RJ;Sul;Colisão Lateral;2;;;;;1;;;;;5;;;;
11/10/2020;07:21:00;31;2 - Acidente com VITIMA;99,719;BR-101/RJ;Norte;Choque - Defensa, barreira ou "submarino";1;;;;;;;;;;0;1;;;
11/10/2020;12:54:00;71;2 - Acidente com VITIMA;305,089;BR-101/RJ;Sul;Colisão Traseira;2;;;;;;;;;;1;2;;;
11/10/2020;13:47:00;74;2 - Acidente com VITIMA;316,5;BR-101/RJ;Norte;Capotamento;1;;;;;;;;;;0;;;1;
11/10/2020;14:55:00;78;2 - Acidente com VITIMA;314,316;BR-101/RJ;Sul;Engavetamento;3;;;;;;;;;;5;1;;;
11/10/2020;23:43:00;138;2 - Acidente com VITIMA;307,39;BR-101/RJ;Norte;Colisão Traseira;;;;1;;;;;;1;1;1;;;
11/10/2020;23:48:00;139;1 - Acidente com Vitima Fatal;56,497;BR-101/RJ;Norte;Colisão Frontal;1;;1;;;;;;;;2;;;;1
12/10/2020;04:43:00;13;3 - Acidente com Danos Materiais;296,078;BR-101/RJ;Sul;Choque - Defensa, barreira ou "submarino";1;;;;;;;;;;1;;;;
12/10/2020;14:25:00;81;2 - Acidente com VITIMA;271,874;BR-101/RJ;Sul;Colisão Traseira;2;;;;;;;;;;4;1;;;
12/10/2020;14:25:00;82;3 - Acidente com Danos Materiais;290,705;BR-101/RJ;Sul;Colisão Traseira;2;;;;;;;;;;2;;;;
12/10/2020;14:52:00;88;2 - Acidente com VITIMA;304,195;BR-101/RJ;Sul;Colisão Traseira;2;;;;;;;;;;4;1;;;
12/10/2020;20:41:00;154;3 - Acidente com Danos Materiais;54,419;BR-101/RJ;Sul;Colisão Traseira;2;;;;;;;;;;2;;;;
13/10/2020;02:20:00;16;3 - Acidente com Danos Materiais;306,873;BR-101/RJ;Sul;Atropelamento de Animal;;;;;;;;;;1;4;;;;
13/10/2020;06:39:00;35;2 - Acidente com VITIMA;289,13;BR-101/RJ;Sul;Colisão Traseira;2;;;;;;;;;;3;1;;;
13/10/2020;06:54:00;38;3 - Acidente com Danos Materiais;306,49;BR-101/RJ;Sul;Colisão Traseira;1;;;;;1;;;;;2;;;;
13/10/2020;07:20:00;46;3 - Acidente com Danos Materiais;123,115;BR-101/RJ;Norte;Engavetamento;3;;;;;;;;;;10;;;;
13/10/2020;07:27:00;50;3 - Acidente com Danos Materiais;303,023;BR-101/RJ;Sul;Colisão Lateral;1;;1;;;;;;;;5;;;;
13/10/2020;10:15:00;89;3 - Acidente com Danos Materiais;321,923;BR-101/RJ;Sul;Colisão Lateral;;;1;;;2;;;;;3;;;;
13/10/2020;10:16:00;92;3 - Acidente com Danos Materiais;81,861;BR-101/RJ;Sul;Choque - Defensa, barreira ou "submarino";1;;;;;;;;;;1;;;;
13/10/2020;10:20:00;93;3 - Acidente com Danos Materiais;296,341;BR-101/RJ;Sul;Colisão Lateral;2;;;;;1;;;;;4;;;;
13/10/2020;16:02:00;165;3 - Acidente com Danos Materiais;313,1;BR-101/RJ;Sul;Engavetamento;2;;;;;1;;;;;3;;;;
13/10/2020;16:28:00;174;3 - Acidente com Danos Materiais;204,485;BR-101/RJ;Norte;Atropelamento de Animal;1;;;;;;;;;;1;;;;
14/10/2020;11:13:00;82;2 - Acidente com VITIMA;291,122;BR-101/RJ;Sul;Choque - Outros;9;;;;;1;;;;3;13;1;;;
14/10/2020;16:43:00;141;3 - Acidente com Danos Materiais;290,754;BR-101/RJ;Sul;Colisão Traseira;1;;1;;;;;;;;2;;;;
14/10/2020;19:26:00;156;2 - Acidente com VITIMA;72,803;BR-101/RJ;Norte;Colisão Transversal;2;;;;;;;;;;1;3;;;
15/10/2020;17:17:00;143;2 - Acidente com VITIMA;68,055;BR-101/RJ;Norte;Colisão Traseira;1;;1;;;;;;;;0;3;;;
16/10/2020;06:02:00;31;3 - Acidente com Danos Materiais;260,24;BR-101/RJ;Sul;Colisão Traseira;1;;1;;;;;;;;2;;;;
16/10/2020;08:59:00;69;3 - Acidente com Danos Materiais;297;BR-101/RJ;Norte;Colisão Lateral;1;;1;;;;;;;;2;;;;
16/10/2020;09:53:00;89;3 - Acidente com Danos Materiais;297,837;BR-101/RJ;Norte;Colisão Traseira;1;;;;;1;;;;;2;;;;
16/10/2020;16:05:00;151;2 - Acidente com VITIMA;64,43;BR-101/RJ;Norte;Colisão Transversal;1;;;1;;;;;;;1;1;;;
16/10/2020;18:01:00;172;2 - Acidente com VITIMA;317,165;BR-101/RJ;Norte;Colisão Lateral;1;;;1;;;;;;;1;1;;;
16/10/2020;21:18:00;202;2 - Acidente com VITIMA;67,2;BR-101/RJ;Norte;Colisão Transversal;1;;;1;;;;;;;1;1;;;
16/10/2020;21:35:00;206;3 - Acidente com Danos Materiais;122,9;BR-101/RJ;Norte;Choque - Defensa, barreira ou "submarino";;;;;;;;;;1;1;;;;
17/10/2020;00:34:00;4;3 - Acidente com Danos Materiais;314,384;BR-101/RJ;Norte;Choque - Defensa, barreira ou "submarino";1;;;;;;;;;;1;;;;
17/10/2020;05:04:00;24;3 - Acidente com Danos Materiais;272,057;BR-101/RJ;Sul;Choque - Outros;1;;;;;;;;;;1;;;;
17/10/2020;05:17:00;25;2 - Acidente com VITIMA;217,958;BR-101/RJ;Norte;Colisão Transversal;2;;;;;;;;;;0;4;;;
17/10/2020;05:30:00;27;2 - Acidente com VITIMA;304,215;BR-101/RJ;Sul;Colisão Traseira;1;;;1;;;;;;;4;1;;;
17/10/2020;05:50:00;32;3 - Acidente com Danos Materiais;88,5;BR-101/RJ;Sul;Choque - Defensa, barreira ou "submarino";1;;;;;;;;;;1;;;;
17/10/2020;06:31:00;33;2 - Acidente com VITIMA;252,904;BR-101/RJ;Norte;Choque - Defensa, barreira ou "submarino";1;;1;;;;;;;;3;1;;;
17/10/2020;08:27:00;54;3 - Acidente com Danos Materiais;272,299;BR-101/RJ;Sul;Choque - Defensa, barreira ou "submarino";1;;;;;;;;;;2;;;;
17/10/2020;09:58:00;74;3 - Acidente com Danos Materiais;164,682;BR-101/RJ;Norte;Choque - Defensa, barreira ou "submarino";1;;;;;;;;;;3;;;;
17/10/2020;18:54:00;154;3 - Acidente com Danos Materiais;291,199;BR-101/RJ;Norte;Colisão Lateral;1;;1;;;;;;;;3;;;;
17/10/2020;22:42:00;177;3 - Acidente com Danos Materiais;310,988;BR-101/RJ;Sul;Colisão Traseira;2;;;;;;;;;;2;;;;
18/10/2020;05:36:00;27;3 - Acidente com Danos Materiais;271,3;BR-101/RJ;Norte;Capotamento;1;;;;;;;;;;2;;;;
19/10/2020;01:47:00;6;2 - Acidente com VITIMA;137,162;BR-101/RJ;Norte;Tombamento;;;;1;;;;;;;0;1;;;
19/10/2020;11:43:00;85;3 - Acidente com Danos Materiais;308,847;BR-101/RJ;Sul;Colisão Traseira;1;;;;;;;;;1;4;;;;
19/10/2020;11:55:00;88;3 - Acidente com Danos Materiais;308,306;BR-101/RJ;Norte;Engavetamento;2;;;;;1;;;;;3;;;;
19/10/2020;14:01:00;105;3 - Acidente com Danos Materiais;96,304;BR-101/RJ;Norte;Choque - Defensa, barreira ou "submarino";1;;;;;;;;;;1;;;;
19/10/2020;14:12:00;110;3 - Acidente com Danos Materiais;87,533;BR-101/RJ;Norte;Choque - Talude;1;;;;;;;;;;2;;;;
19/10/2020;14:26:00;111;3 - Acidente com Danos Materiais;296,223;BR-101/RJ;Norte;Engavetamento;3;;;;;;;;;;7;;;;
19/10/2020;14:27:00;113;3 - Acidente com Danos Materiais;318,379;BR-101/RJ;Norte;Choque - Defensa, barreira ou "submarino";1;;;;;;;;;;3;;;;
19/10/2020;21:44:00;175;2 - Acidente com VITIMA;309,785;BR-101/RJ;Sul;Engavetamento;3;;;;;1;;;;;5;1;;;
19/10/2020;23:03:00;184;2 - Acidente com VITIMA;320,93;BR-101/RJ;Norte;Capotamento;1;;;;;;;;;;0;1;;;
20/10/2020;06:39:00;27;2 - Acidente com VITIMA;309,027;BR-101/RJ;Sul;Engavetamento;3;;;;;;;;;;4;1;;;
20/10/2020;06:58:00;31;2 - Acidente com VITIMA;257,99;BR-101/RJ;Norte;Tombamento;;;1;;;;;;;;1;1;;;
20/10/2020;07:23:00;35;2 - Acidente com VITIMA;309,035;BR-101/RJ;Sul;Tombamento;;;;1;;;;;;;0;1;;;
20/10/2020;07:51:00;45;3 - Acidente com Danos Materiais;305,5;BR-101/RJ;Sul;Colisão Traseira;1;;;;;1;;;;;2;;;;
20/10/2020;10:49:00;87;2 - Acidente com VITIMA;277,8;BR-101/RJ;Norte;Tombamento;;;;1;;;;;;;0;2;;;
20/10/2020;16:28:00;153;3 - Acidente com Danos Materiais;261,454;BR-101/RJ;Sul;Capotamento;1;;;;;;;;;;1;;;;
20/10/2020;21:03:00;189;3 - Acidente com Danos Materiais;159,114;BR-101/RJ;Sul;Colisão Traseira;;;2;;;;;;;;2;;;;
21/10/2020;02:03:00;8;3 - Acidente com Danos Materiais;86,916;BR-101/RJ;Sul;Atropelamento de Animal;1;;;;;;;;;;4;;;;
21/10/2020;04:13:00;13;3 - Acidente com Danos Materiais;128,645;BR-101/RJ;Norte;Choque - Defensa, barreira ou "submarino";1;;;;;;;;;;1;;;;
21/10/2020;08:10:00;45;2 - Acidente com VITIMA;305,643;BR-101/RJ;Norte;Capotamento;1;;;;;;;;;;0;1;;;
21/10/2020;08:39:00;54;3 - Acidente com Danos Materiais;297,369;BR-101/RJ;Norte;Colisão Traseira;1;;;;;;;;;1;2;;;;
21/10/2020;09:08:00;62;2 - Acidente com VITIMA;57,57;BR-101/RJ;Sul;Colisão Transversal;1;;;1;;;;;;;1;;1;;
21/10/2020;09:56:00;74;2 - Acidente com VITIMA;298,558;BR-101/RJ;Sul;Colisão Traseira;2;;;;;;;;;;5;2;;;
21/10/2020;11:56:00;91;2 - Acidente com VITIMA;64,262;BR-101/RJ;Sul;Colisão Transversal;;;;1;;1;;;;;1;1;;;
21/10/2020;18:16:00;155;3 - Acidente com Danos Materiais;318,654;BR-101/RJ;Norte;Colisão Lateral;1;;;;1;;;;;;2;;;;
22/10/2020;08:42:00;59;3 - Acidente com Danos Materiais;312,487;BR-101/RJ;Sul;Colisão Traseira;1;;;;;1;;;;;2;;;;
22/10/2020;11:41:00;100;3 - Acidente com Danos Materiais;208,004;BR-101/RJ;Norte;Atropelamento de Animal;1;;;;;;;;;;1;;;;