data;horario;n_da_ocorrencia;tipo_de_ocorrencia;km;trecho;sentido;tipo_de_acidente;automovel;bicicleta;caminhao;moto;onibus;outros;tracao_animal;transporte_de_cargas_especiais;trator_maquinas;utilitarios;ilesos;levemente_feridos;moderadamente_feridos;gravemente_feridos;mortos
12/11/2020;06:38:00;35;2 - Acidente com VITIMA;317,335;BR-101/RJ;Sul;Colisão Lateral;;;;1;;1;;;;;1;1;;;
12/11/2020;10:27:00;91;3 - Acidente com Danos Materiais;264,64;BR-101/RJ;Sul;Colisão Traseira;2;;;;;;;;;;2;;;;
12/11/2020;12:43:00;127;3 - Acidente com Danos Materiais;252,814;BR-101/RJ;Norte;Colisão Traseira;;;2;;;;;;;;2;;;;
12/11/2020;13:21:00;138;3 - Acidente com Danos Materiais;155,915;BR-101/RJ;Sul;Choque - Defensa, barreira ou "submarino";1;;;;;;;;;;1;;;;
12/11/2020;16:11:00;162;3 - Acidente com Danos Materiais;194,361;BR-101/RJ;Sul;Colisão Lateral;1;;1;;;;;;;;2;;;;
12/11/2020;18:50:00;183;2 - Acidente com VITIMA;321,585;BR-101/RJ;Norte;Colisão Traseira;1;;;1;;;;;;;1;2;;;
12/11/2020;22:55:00;201;2 - Acidente com VITIMA;62,514;BR-101/RJ;Norte;Colisão Traseira;2;;;;;;;;;;2;2;;;
13/11/2020;00:17:00;4;2 - Acidente com VITIMA;85,509;BR-101/RJ;Sul;Capotamento;1;;;;;1;;;;;1;2;;;
13/11/2020;04:22:00;16;2 - Acidente com VITIMA;139,5;BR-101/RJ;Norte;Choque - Defensa, barreira ou "submarino";1;;;;;;;;;;1;1;;;
13/11/2020;04:45:00;19;3 - Acidente com Danos Materiais;25,9;BR-101/RJ;Norte;Choque - Defensa, barreira ou "submarino";;;1;;;;;;;;2;;;;
13/11/2020;10:54:00;95;3 - Acidente com Danos Materiais;85,574;BR-101/RJ;Sul;Choque - Outros;1;;;;;;;;;;1;;;;
13/11/2020;13:41:00;132;3 - Acidente com Danos Materiais;229,964;BR-101/RJ;Norte;Capotamento;1;;;;;;;;;;1;;;;
13/11/2020;15:24:00;148;3 - Acidente com Danos Materiais;297,115;BR-101/RJ;Sul;Engavetamento;3;;;;;;;;;;3;;;;
13/11/2020;19:02:00;181;3 - Acidente com Danos Materiais;144,461;BR-101/RJ;Sul;Tombamento;;;1;;;;;;;;1;;;;
14/11/2020;01:07:00;5;3 - Acidente com Danos Materiais;242,513;BR-101/RJ;Sul;Choque - Defensa, barreira ou "submarino";;;1;;;;;;;;1;;;;
14/11/2020;01:14:00;7;3 - Acidente com Danos Materiais;153,187;BR-101/RJ;Norte;Choque - Veiculo parado no acostamento;1;;;;;1;;;;;3;;;;
14/11/2020;01:33:00;9;3 - Acidente com Danos Materiais;318,845;BR-101/RJ;Sul;Choque - Defensa, barreira ou "submarino";1;;;;;;;;;;3;;;;
14/11/2020;01:52:00;10;3 - Acidente com Danos Materiais;156,663;BR-101/RJ;Norte;Saida de Pista;;;1;;;;;;;;1;;;;
14/11/2020;02:58:00;13;2 - Acidente com VITIMA;50,124;BR-101/RJ;Sul;Tombamento;;;;1;;;;;;;0;2;;;
14/11/2020;04:23:00;16;3 - Acidente com Danos Materiais;316,52;BR-101/RJ;Sul;Choque - Defensa, barreira ou "submarino";1;;;;;;;;;;1;;;;
14/11/2020;05:39:00;26;3 - Acidente com Danos Materiais;69,089;BR-101/RJ;Sul;Choque - Talude;1;;;;;;;;;;1;;;;
14/11/2020;06:22:00;29;2 - Acidente com VITIMA;299,643;BR-101/RJ;Sul;Choque - Defensa, barreira ou "submarino";1;;;;;;;;;;2;1;;;
14/11/2020;07:05:00;37;3 - Acidente com Danos Materiais;307,703;BR-101/RJ;Sul;Colisão Traseira;;;1;;;;;;;1;2;;;;
14/11/2020;09:03:00;64;3 - Acidente com Danos Materiais;282,192;BR-101/RJ;Norte;Choque - Outros;1;;;;;;;;;;2;;;;
14/11/2020;09:18:00;66;3 - Acidente com Danos Materiais;282,192;BR-101/RJ;Norte;Engavetamento;2;;1;;;;;;;;3;;;;
14/11/2020;15:22:00;152;3 - Acidente com Danos Materiais;275,143;BR-101/RJ;Norte;Colisão Transversal;;;;1;;1;;;;;2;;;;
14/11/2020;15:27:00;154;2 - Acidente com VITIMA;297,469;BR-101/RJ;Norte;Choque - Outros;;1;;;;;;;;;0;;1;;
15/11/2020;05:19:00;21;3 - Acidente com Danos Materiais;303,2;BR-101/RJ;Norte;Colisão Traseira;1;;;;;1;;;;;2;;;;
15/11/2020;06:33:00;29;2 - Acidente com VITIMA;285,893;BR-101/RJ;Sul;Choque - Outros;1;;;;;;;;;;0;1;;;
15/11/2020;08:07:00;37;2 - Acidente com VITIMA;283,3;BR-101/RJ;Norte;Tombamento;;;;1;;;;;;;0;1;;;
15/11/2020;08:57:00;42;3 - Acidente com Danos Materiais;297,767;BR-101/RJ;Sul;Engavetamento;3;;;;;;;;;;3;;;;
15/11/2020;09:24:00;45;3 - Acidente com Danos Materiais;290,7;BR-101/RJ;Norte;Choque - Defensa, barreira ou "submarino";1;;;;;;;;;;1;;;;
15/11/2020;10:36:00;57;3 - Acidente com Danos Materiais;190,1;BR-101/RJ;Sul;Choque - Defensa, barreira ou "submarino";1;;;;;;;;;;1;;;;
15/11/2020;11:46:00;75;3 - Acidente com Danos Materiais;277,572;BR-101/RJ;Sul;Choque - Outros;1;;;;;;;;;;2;;;;
15/11/2020;12:44:00;84;2 - Acidente com VITIMA;189,155;BR-101/RJ;Norte;Colisão Lateral;;;2;;;;;;;;1;1;;;
15/11/2020;13:03:00;87;3 - Acidente com Danos Materiais;270,131;BR-101/RJ;Norte;Colisão Transversal;2;;;;;;;;;;2;;;;
15/11/2020;13:58:00;96;2 - Acidente com VITIMA;269,067;BR-101/RJ;Sul;Colisão Traseira;2;;;;;;;;;;2;2;;;
15/11/2020;17:47:00;138;2 - Acidente com VITIMA;297,794;BR-101/RJ;Sul;Choque - Outros;1;;;;;;;;;;0;1;;;
15/11/2020;19:41:00;154;2 - Acidente com VITIMA;282,543;BR-101/RJ;Norte;Colisão Lateral;1;;;;;1;;;;;4;1;;;
15/11/2020;21:53:00;173;2 - Acidente com VITIMA;315,762;BR-101/RJ;Norte;Colisão Lateral;1;;;1;;;;;;;1;2;;;
15/11/2020;22:35:00;178;2 - Acidente com VITIMA;316,99;BR-101/RJ;Norte;Choque - Defensa, barreira ou "submarino";1;;;;;;;;;;2;3;;;
16/11/2020;01:49:00;8;3 - Acidente com Danos Materiais;304,429;BR-101/RJ;Norte;Colisão Traseira;2;;;;;;;;;;2;;;;
16/11/2020;04:44:00;19;2 - Acidente com VITIMA;254,851;BR-101/RJ;Norte;Atropelamento de Animal;1;;1;;;;;;;;2;1;;;
16/11/2020;05:55:00;25;2 - Acidente com VITIMA;317,744;BR-101/RJ;Sul;Colisão Traseira;2;;;;;;;;;;0;3;;;
16/11/2020;07:04:00;43;2 - Acidente com VITIMA;309,244;BR-101/RJ;Sul;Colisão Traseira;2;;;;;;;;;;1;1;;;
16/11/2020;08:35:00;65;3 - Acidente com Danos Materiais;316,026;BR-101/RJ;Sul;Colisão Traseira;2;;;;;;;;;;5;;;;
16/11/2020;15:04:00;150;3 - Acidente com Danos Materiais;308,936;BR-101/RJ;Norte;Colisão Traseira;2;;;;;;;;;;4;;;;
16/11/2020;15:11:00;153;2 - Acidente com VITIMA;57,05;BR-101/RJ;Sul;Tombamento;;;;1;;;;;;;0;1;1;;
16/11/2020;15:53:00;160;3 - Acidente com Danos Materiais;311,555;BR-101/RJ;Norte;Colisão Traseira;1;;;;;;;;;;4;;;;
16/11/2020;18:52:00;183;3 - Acidente com Danos Materiais;64,845;BR-101/RJ;Sul;Colisão Transversal;;;;1;;1;;;;;2;;;;
16/11/2020;19:24:00;188;3 - Acidente com Danos Materiais;254,323;BR-101/RJ;Sul;Choque - Outros;1;;;;;;;;;;1;;;;
16/11/2020;20:07:00;194;3 - Acidente com Danos Materiais;122,901;BR-101/RJ;Sul;Choque - Outros;;;;;;1;;;;;1;;;;
17/11/2020;04:30:00;20;3 - Acidente com Danos Materiais;122,406;BR-101/RJ;Sul;Colisão Traseira;;;1;;;1;;;;;2;;;;
17/11/2020;14:06:00;138;3 - Acidente com Danos Materiais;316,986;BR-101/RJ;Sul;Colisão Traseira;2;;;;;;;;;;2;;;;
17/11/2020;19:37:00;190;3 - Acidente com Danos Materiais;319,517;BR-101/RJ;Norte;Colisão Traseira;2;;;;;;;;;;3;;;;
18/11/2020;00:42:00;3;3 - Acidente com Danos Materiais;120,16;BR-101/RJ;Sul;Choque - Defensa, barreira ou "submarino";;;;;;;;;;1;1;;;;
18/11/2020;01:45:00;7;3 - Acidente com Danos Materiais;69,7;BR-101/RJ;Norte;Atropelamento de Animal;;;1;;;;;;;;1;;;;
18/11/2020;01:50:00;8;2 - Acidente com VITIMA;244,288;BR-101/RJ;Norte;Colisão Lateral;1;;;;;1;;;;;1;2;;;
18/11/2020;02:05:00;10;3 - Acidente com Danos Materiais;151,833;BR-101/RJ;Sul;Choque - Elemento de Drenagem;;;1;;;;;;;;1;;;;
18/11/2020;08:11:00;49;3 - Acidente com Danos Materiais;313,884;BR-101/RJ;Sul;Colisão Traseira;;;;1;;;;;;1;3;;;;
18/11/2020;09:04:00;63;3 - Acidente com Danos Materiais;309,043;BR-101/RJ;Sul;Colisão Traseira;2;;;;;;;;;;2;;;;
18/11/2020;13:37:00;122;1 - Acidente com Vitima Fatal;320,976;BR-101/RJ;Norte;Colisão Lateral;;;1;1;;;;;;;1;;;;1
18/11/2020;15:25:00;137;3 - Acidente com Danos Materiais;262,794;BR-101/RJ;Sul;Colisão Lateral;1;;1;;;;;;;;2;;;;
18/11/2020;16:52:00;159;2 - Acidente com VITIMA;282,772;BR-101/RJ;Norte;Tombamento;;;;1;;;;;;;0;1;;;
18/11/2020;19:24:00;174;1 - Acidente com Vitima Fatal;48,35;BR-101/RJ;Norte;Atropelamento - Outros;1;;;;;;;;;;2;;;;1
18/11/2020;20:56:00;187;3 - Acidente com Danos Materiais;259,216;BR-101/RJ;Norte;Outros - Sequência;1;;;;;1;;;;;2;;;;
18/11/2020;21:30:00;193;2 - Acidente com VITIMA;76,625;BR-101/RJ;Norte;Colisão Traseira;1;;;;;1;;;;;1;;1;;
18/11/2020;22:46:00;200;2 - Acidente com VITIMA;306,559;BR-101/RJ;Sul;Choque - Defensa, barreira ou "submarino";1;;;;;;;;;;0;1;;;
18/11/2020;23:13:00;204;3 - Acidente com Danos Materiais;182,99;BR-101/RJ;Sul;Atropelamento de Animal;;;1;;;;;;;;1;;;;
19/11/2020;01:09:00;11;3 - Acidente com Danos Materiais;288,699;BR-101/RJ;Norte;Choque - Elemento de Drenagem;1;;;;;;;;;;1;;;;
19/11/2020;10:21:00;88;3 - Acidente com Danos Materiais;299,5;BR-101/RJ;Sul;Colisão Traseira;2;;;;;;;;;;2;;;;
19/11/2020;12:59:00;125;3 - Acidente com Danos Materiais;294,5;BR-101/RJ;Norte;Colisão Lateral;1;;;;;1;;;;;2;;;;
19/11/2020;13:30:00;132;3 - Acidente com Danos Materiais;262,101;BR-101/RJ;Sul;Colisão Frontal;2;;;;;;;;;;2;;;;
19/11/2020;20:11:00;220;3 - Acidente com Danos Materiais;295,766;BR-101/RJ;Norte;Engavetamento;3;;;;;;;;;;7;;;;
19/11/2020;20:25:00;224;3 - Acidente com Danos Materiais;313,754;BR-101/RJ;Norte;Colisão Traseira;2;;;;;;;;;;3;;;;
19/11/2020;22:40:00;253;3 - Acidente com Danos Materiais;203,343;BR-101/RJ;Norte;Colisão Traseira;2;;;;;;;;;;2;;;;
19/11/2020;23:45:00;262;3 - Acidente com Danos Materiais;46,93;BR-101/RJ;Norte;Choque - Outros;1;;;;;;;;;;2;;;;
20/11/2020;00:42:00;5;3 - Acidente com Danos Materiais;282,765;BR-101/RJ;Norte;Choque - Defensa, barreira ou "submarino";1;;;;;;;;;;2;;;;
20/11/2020;04:36:00;14;3 - Acidente com Danos Materiais;274,623;BR-101/RJ;Norte;Colisão Traseira;1;;1;;;;;;;;5;;;;
20/11/2020;06:21:00;25;2 - Acidente com VITIMA;196,707;BR-101/RJ;Sul;Capotamento;1;;;;;;;;;;0;1;1;;
20/11/2020;06:58:00;29;3 - Acidente com Danos Materiais;262,984;BR-101/RJ;Norte;Colisão Lateral;1;;;1;;;;;;;5;;;;
20/11/2020;07:06:00;32;3 - Acidente com Danos Materiais;306,617;BR-101/RJ;Norte;Colisão Traseira;;;;;;1;;;;1;3;;;;
20/11/2020;07:15:00;34;3 - Acidente com Danos Materiais;308,739;BR-101/RJ;Norte;Colisão Traseira;2;;;;;;;;;;5;;;;
20/11/2020;08:06:00;42;3 - Acidente com Danos Materiais;306,62;BR-101/RJ;Norte;Engavetamento;4;;;;;;;;;;9;;;;
20/11/2020;11:57:00;102;3 - Acidente com Danos Materiais;69,229;BR-101/RJ;Norte;Choque - Outros;1;;;;;;;;;;1;;;;
20/11/2020;13:11:00;120;3 - Acidente com Danos Materiais;297,008;BR-101/RJ;Norte;Engavetamento;2;;1;;;;;;;;6;;;;
20/11/2020;14:09:00;126;3 - Acidente com Danos Materiais;192,79;BR-101/RJ;Sul;Colisão Traseira;2;;;;;;;;;;4;;;;
20/11/2020;15:09:00;138;3 - Acidente com Danos Materiais;196,026;BR-101/RJ;Sul;Choque - Defensa, barreira ou "submarino";;;;;;;;;;1;3;;;;
20/11/2020;16:15:00;150;3 - Acidente com Danos Materiais;310,66;BR-101/RJ;Sul;Choque - Defensa, barreira ou "submarino";1;;;;;;;;;;2;;;;
20/11/2020;16:38:00;160;3 - Acidente com Danos Materiais;309,279;BR-101/RJ;Norte;Atropelamento de Animal;1;;;;;;;;;;3;;;;
20/11/2020;19:58:00;192;2 - Acidente com VITIMA;44,889;BR-101/RJ;Sul;Atropelamento - Usuário;;1;;;;;;;;;0;2;;;
21/11/2020;05:38:00;31;3 - Acidente com Danos Materiais;297,896;BR-101/RJ;Sul;Choque - Defensa, barreira ou "submarino";1;;;;;;;;;;2;;;;
21/11/2020;06:48:00;35;2 - Acidente com VITIMA;296,856;BR-101/RJ;Sul;Colisão Traseira;1;;1;;;;;;;;2;1;;;
21/11/2020;11:49:00;82;2 - Acidente com VITIMA;306,185;BR-101/RJ;Norte;Colisão Lateral;;;;1;;1;;;;;1;1;;;
21/11/2020;14:29:00;104;3 - Acidente com Danos Materiais;306,829;BR-101/RJ;Sul;Choque - Defensa, barreira ou "submarino";1;;;;;;;;;;1;;;;
21/11/2020;18:18:00;142;2 - Acidente com VITIMA;149,115;BR-101/RJ;Norte;Tombamento;;;1;;;;;;;;3;;1;;
21/11/2020;19:25:00;151;1 - Acidente com Vitima Fatal;296,157;BR-101/RJ;Sul;Tombamento;;;;1;;;;;;;0;;;;1
21/11/2020;19:34:00;155;3 - Acidente com Danos Materiais;313,525;BR-101/RJ;Norte;Colisão Lateral;2;;;;;;;;;;2;;;;
22/11/2020;05:12:00;17;1 - Acidente com Vitima Fatal;257,24;BR-101/RJ;Norte;Colisão Transversal;1;1;;;;;;;;;3;1;;;1
22/11/2020;05:36:00;22;2 - Acidente com VITIMA;73,8;BR-101/RJ;Norte;Choque - Poste;1;;;;;;;;;;0;1;;;
22/11/2020;06:51:00;36;3 - Acidente com Danos Materiais;290,454;BR-101/RJ;Norte;Choque - Defensa, barreira ou "submarino";1;;;;;;;;;;1;;;;
22/11/2020;08:18:00;49;3 - Acidente com Danos Materiais;272,836;BR-101/RJ;Norte;Atropelamento de Animal;1;;;;;;;;;;1;;;;
22/11/2020;10:26:00;70;2 - Acidente com VITIMA;293,358;BR-101/RJ;Norte;Colisão Lateral;1;1;;;;;;;;;1;;1;;
22/11/2020;11:48:00;85;2 - Acidente com VITIMA;67,595;BR-101/RJ;Norte;Colisão Lateral;1;1;;;;;;;;;1;1;;;
22/11/2020;15:24:00;114;3 - Acidente com Danos Materiais;215,472;BR-101/RJ;Sul;Colisão Lateral;2;;;;;;;;;;2;;;;
22/11/2020;21:02:00;167;3 - Acidente com Danos Materiais;276,877;BR-101/RJ;Sul;Colisão Traseira;2;;;;;;;;;;6;;;;
23/11/2020;05:00:00;10;3 - Acidente com Danos Materiais;303,403;BR-101/RJ;Sul;Tombamento;;;1;;;;;;;;2;;;;
23/11/2020;06:33:00;14;3 - Acidente com Danos Materiais;91,001;BR-101/RJ;Norte;Outros - Sequência;1;;;;;;;;;;1;;;;
23/11/2020;12:28:00;91;3 - Acidente com Danos Materiais;26,352;BR-101/RJ;Sul;Outros - Sequência;1;;;;;;;;;;1;;;;
23/11/2020;13:44:00;103;3 - Acidente com Danos Materiais;305,558;BR-101/RJ;Sul;Engavetamento;4;;;;;;;;;;10;;;;
23/11/2020;15:40:00;132;2 - Acidente com VITIMA;58,331;BR-101/RJ;Norte;Colisão Frontal;2;;;;;;;;;;2;1;;;
23/11/2020;15:57:00;134;2 - Acidente com VITIMA;294,57;BR-101/RJ;Norte;Engavetamento;3;;;;1;;;;;;4;1;;;
24/11/2020;07:21:00;36;3 - Acidente com Danos Materiais;114,027;BR-101/RJ;Sul;Choque - Defensa, barreira ou "submarino";;;;;;;;;;1;1;;;;
24/11/2020;07:24:00;39;2 - Acidente com VITIMA;51,6;BR-101/RJ;Sul;Tombamento;;;;1;;;;;;;0;1;;;
24/11/2020;12:35:00;109;3 - Acidente com Danos Materiais;17,277;BR-101/RJ;Norte;Choque - Defensa, barreira ou "submarino";1;;;;;;;;;;5;;;;
24/11/2020;13:37:00;121;3 - Acidente com Danos Materiais;92,181;BR-101/RJ;Sul;Tombamento;;;1;;;;;;;;2;;;;
24/11/2020;14:51:00;130;2 - Acidente com VITIMA;284,324;BR-101/RJ;Sul;Tombamento;;;;1;;;;;;;0;1;;;
24/11/2020;15:42:00;138;2 - Acidente com VITIMA;74,313;BR-101/RJ;Sul;Engavetamento;2;;1;;;;;;;;4;1;;;
24/11/2020;18:30:00;164;3 - Acidente com Danos Materiais;297,461;BR-101/RJ;Norte;Engavetamento;4;;;;;;;;;;7;;;;
25/11/2020;04:51:00;16;3 - Acidente com Danos Materiais;252,828;BR-101/RJ;Norte;Choque - Defensa, barreira ou "submarino";;;1;;;;;;;;1;;;;
25/11/2020;13:57:00;137;2 - Acidente com VITIMA;167,401;BR-101/RJ;Norte;Colisão Lateral;1;;;;;;;;;1;2;;1;;
25/11/2020;17:17:00;169;3 - Acidente com Danos Materiais;92,523;BR-101/RJ;Norte;Choque - Defensa, barreira ou "submarino";1;;;;;;;;;;1;;;;
26/11/2020;01:54:00;10;2 - Acidente com VITIMA;214,247;BR-101/RJ;Norte;Colisão Lateral;1;;;;;1;;;;;1;1;;;
26/11/2020;03:13:00;12;1 - Acidente com Vitima Fatal;121,31;BR-101/RJ;Sul;Colisão Traseira;;;2;;;;;;;;1;;1;;1
26/11/2020;07:28:00;41;2 - Acidente com VITIMA;303,965;BR-101/RJ;Sul;Colisão Traseira;1;;1;;;;;;;;1;1;;;
26/11/2020;12:48:00;119;3 - Acidente com Danos Materiais;267,24;BR-101/RJ;Sul;Colisão Traseira;1;;;;;1;;;;;6;;;;
26/11/2020;14:59:00;142;2 - Acidente com VITIMA;286,122;BR-101/RJ;Sul;Tombamento;;;;1;;;;;;;0;2;;;
26/11/2020;21:16:00;225;2 - Acidente com VITIMA;287,875;BR-101/RJ;Norte;Atropelamento - Morador;1;;;;;1;;;;;2;;;1;
27/11/2020;01:04:00;5;2 - Acidente com VITIMA;56,035;BR-101/RJ;Sul;Tombamento;;;;1;;;;;;;0;;1;;
27/11/2020;01:53:00;6;2 - Acidente com VITIMA;320,136;BR-101/RJ;Sul;Tombamento;;;;1;;;;;;;1;1;;;
27/11/2020;11:43:00;97;1 - Acidente com Vitima Fatal;274,58;BR-101/RJ;Norte;Choque - Defensa, barreira ou "submarino";;;;1;;;;;;;0;1;;;1
27/11/2020;15:21:00;138;3 - Acidente com Danos Materiais;295,763;BR-101/RJ;Norte;Colisão Traseira;;;;;;2;;;;;2;;;;
27/11/2020;15:37:00;142;2 - Acidente com VITIMA;295,69;BR-101/RJ;Norte;Colisão Traseira;2;;;;;;;;;;4;1;;;
27/11/2020;17:31:00;178;3 - Acidente com Danos Materiais;122,9;BR-101/RJ;Norte;Colisão Traseira;2;;;;;;;;;;3;;;;
27/11/2020;18:09:00;190;2 - Acidente com VITIMA;297,852;BR-101/RJ;Norte;Tombamento;;;;1;;;;;;;0;1;;;
27/11/2020;19:48:00;217;3 - Acidente com Danos Materiais;68,038;BR-101/RJ;Norte;Colisão Traseira;2;;;;;;;;;;2;;;;
27/11/2020;20:28:00;226;2 - Acidente com VITIMA;61,172;BR-101/RJ;Sul;Colisão Transversal;1;;;1;;;;;;;3;1;;;
28/11/2020;01:30:00;7;3 - Acidente com Danos Materiais;267,051;BR-101/RJ;Sul;Choque - Defensa, barreira ou "submarino";1;;;;;;;;;;1;;;;
28/11/2020;06:19:00;29;3 - Acidente com Danos Materiais;318,821;BR-101/RJ;Sul;Colisão Traseira;2;;;;;;;;;;2;;;;
28/11/2020;09:04:00;63;3 - Acidente com Danos Materiais;217,9;BR-101/RJ;Sul;Choque - Elemento de Drenagem;1;;;;;;;;;;3;;;;
28/11/2020;09:46:00;79;2 - Acidente com VITIMA;180,469;BR-101/RJ;Sul;Colisão Traseira;1;;;1;;;;;;;2;1;;;
28/11/2020;10:21:00;85;3 - Acidente com Danos Materiais;193,849;BR-101/RJ;Sul;Saida de Pista;;;;;;;;;;1;2;;;;
28/11/2020;10:23:00;86;3 - Acidente com Danos Materiais;209,764;BR-101/RJ;Norte;Colisão Lateral;2;;;;;;;;;;3;;;;
28/11/2020;10:48:00;94;2 - Acidente com VITIMA;296,021;BR-101/RJ;Norte;Colisão Lateral;2;;;;;;;;;;2;1;;;
28/11/2020;15:16:00;131;1 - Acidente com Vitima Fatal;312,147;BR-101/RJ;Sul;Outros - Sequência;1;;1;1;;;;;;;3;;;;1
28/11/2020;16:39:00;142;3 - Acidente com Danos Materiais;312,25;BR-101/RJ;Norte;Engavetamento;3;;;;;;;;;;3;;;;
28/11/2020;16:53:00;145;2 - Acidente com VITIMA;312,224;BR-101/RJ;Norte;Colisão Lateral;1;;;1;;;;;;;1;;2;;
28/11/2020;17:16:00;147;2 - Acidente com VITIMA;285,135;BR-101/RJ;Sul;Capotamento;1;;;;;;;;;;0;2;;;
28/11/2020;21:46:00;174;3 - Acidente com Danos Materiais;298,074;BR-101/RJ;Sul;Saida de Pista;1;;;;;;;;;;2;;;;
29/11/2020;02:55:00;15;2 - Acidente com VITIMA;51,824;BR-101/RJ;Sul;Tombamento;;;;;;1;;;;;0;;;1;
29/11/2020;07:07:00;32;2 - Acidente com VITIMA;69,732;BR-101/RJ;Sul;Colisão Lateral;;2;;;;;;;;;1;;1;;
29/11/2020;11:55:00;72;2 - Acidente com VITIMA;49,139;BR-101/RJ;Sul;Atropelamento - Outros;;;;;;1;;;;;1;;1;;
29/11/2020;15:34:00;109;2 - Acidente com VITIMA;282,791;BR-101/RJ;Norte;Tombamento;;;;1;;;;;;;0;2;;;
29/11/2020;15:56:00;114;2 - Acidente com VITIMA;57,012;BR-101/RJ;Sul;Tombamento;;;;1;;;;;;;0;2;;;
29/11/2020;16:32:00;122;2 - Acidente com VITIMA;271,783;BR-101/RJ;Norte;Capotamento;1;;;;;;;;;;0;;1;;
29/11/2020;19:08:00;154;2 - Acidente com VITIMA;267,275;BR-101/RJ;Sul;Tombamento;;;;1;;;;;;;1;1;;;
30/11/2020;00:09:00;3;3 - Acidente com Danos Materiais;49,767;BR-101/RJ;Sul;Choque - Defensa, barreira ou "submarino";1;;;;;;;;;;3;;;;
30/11/2020;04:29:00;17;2 - Acidente com VITIMA;284,948;BR-101/RJ;Sul;Colisão Traseira;;;2;;;;;;;;1;2;;;
30/11/2020;13:11:00;116;3 - Acidente com Danos Materiais;242,231;BR-101/RJ;Sul;Colisão Lateral;1;;;;;;;;;1;5;;;;
30/11/2020;14:24:00;137;3 - Acidente com Danos Materiais;199,784;BR-101/RJ;Norte;Choque - Defensa, barreira ou "submarino";;;1;;;;;;;;2;;;;
30/11/2020;18:07:00;175;2 - Acidente com VITIMA;87,502;BR-101/RJ;Sul;Tombamento;;;1;;;;;;;;0;1;;;
30/11/2020;23:07:00;214;2 - Acidente com VITIMA;285,265;BR-101/RJ;Norte;Atropelamento de Animal;;;;1;;;;;;;0;1;;;
01/12/2020;01:57:00;22;3 - Acidente com Danos Materiais;297,5;BR-101/RJ;Norte;Colisão Lateral;;;2;;;1;;;;;5;;;;
01/12/2020;03:18:00;25;2 - Acidente com VITIMA;303,293;BR-101/RJ;Sul;Colisão Traseira;1;;;;;1;;;;;1;1;;;
01/12/2020;06:46:00;42;2 - Acidente com VITIMA;287,5;BR-101/RJ;Norte;Tombamento;1;;;;;;;;;;0;1;;;
01/12/2020;20:59:00;225;2 - Acidente com VITIMA;278,196;BR-101/RJ;Norte;Atropelamento de Animal;;;1;1;;;;;;;2;;1;;
02/12/2020;19:38:00;178;2 - Acidente com VITIMA;321,915;BR-101/RJ;Norte;Colisão Lateral;;;;1;;1;;;;;1;1;;;
02/12/2020;23:30:00;199;2 - Acidente com VITIMA;303,053;BR-101/RJ;Sul;Colisão Frontal;2;;;;;;;;;;1;2;;;
03/12/2020;06:59:00;30;2 - Acidente com VITIMA;88,05;BR-101/RJ;Norte;Tombamento;;;;1;;;;;;;1;;1;;
03/12/2020;12:35:00;124;3 - Acidente com Danos Materiais;294,857;BR-101/RJ;Norte;Engavetamento;1;;;;1;1;;;;;3;;;;
03/12/2020;15:45:00;172;2 - Acidente com VITIMA;289,855;BR-101/RJ;Norte;Colisão Lateral;1;;;;;1;;;;;1;1;;;
03/12/2020;15:56:00;176;2 - Acidente com VITIMA;142,817;BR-101/RJ;Sul;Colisão Traseira;1;;;;;;;;;1;7;1;;;
03/12/2020;16:46:00;182;3 - Acidente com Danos Materiais;290,298;BR-101/RJ;Norte;Colisão Traseira;1;;1;;;;;;;;5;;;;
03/12/2020;20:27:00;225;2 - Acidente com VITIMA;43,226;BR-101/RJ;Norte;Outros - Sequência;1;;2;;;;;;;;2;;3;;
04/12/2020;07:52:00;30;3 - Acidente com Danos Materiais;181,15;BR-101/RJ;Norte;Capotamento;1;;;;;;;;;;1;;;;
04/12/2020;12:45:00;93;3 - Acidente com Danos Materiais;297,854;BR-101/RJ;Norte;Colisão Lateral;1;;1;;;;;;;;2;;;;