data;horario;n_da_ocorrencia;tipo_de_ocorrencia;km;trecho;sentido;tipo_de_acidente;automovel;bicicleta;caminhao;moto;onibus;outros;tracao_animal;transporte_de_cargas_especiais;trator_maquinas;utilitarios;ilesos;levemente_feridos;moderadamente_feridos;gravemente_feridos;mortos
27/02/2021;07:53:00;42;2 - Acidente com VITIMA;294,813;BR-101/RJ;Norte;Tombamento;;;;1;;;;;;;0;;1;;
27/02/2021;10:34:00;65;2 - Acidente com VITIMA;319,827;BR-101/RJ;Norte;Colisão Lateral;1;;;1;;;;;;;2;1;;;
27/02/2021;11:17:00;74;3 - Acidente com Danos Materiais;59,349;BR-101/RJ;Sul;Colisão Traseira;1;;1;;;;;;;;3;;;;
27/02/2021;13:28:00;96;2 - Acidente com VITIMA;163,752;BR-101/RJ;Norte;Tombamento;;;;1;;;;;;;0;2;;;
27/02/2021;18:00:00;130;2 - Acidente com VITIMA;243,525;BR-101/RJ;Sul;Choque - Outros;1;;;;;;;;;;0;2;;;
27/02/2021;18:14:00;135;2 - Acidente com VITIMA;313,5;BR-101/RJ;Norte;Colisão Traseira;1;;;1;;;;;;;1;1;;;
27/02/2021;19:46:00;144;2 - Acidente com VITIMA;282,222;BR-101/RJ;Sul;Outros - Sequência;2;;;;;;;;;;0;5;;;
27/02/2021;21:44:00;160;3 - Acidente com Danos Materiais;299,965;BR-101/RJ;Norte;Colisão Lateral;2;;;;;;;;;;2;;;;
27/02/2021;23:28:00;167;3 - Acidente com Danos Materiais;295,679;BR-101/RJ;Sul;Choque - Defensa, barreira ou "submarino";1;;;;;;;;;;1;;;;
28/02/2021;04:31:00;15;3 - Acidente com Danos Materiais;320,964;BR-101/RJ;Norte;Choque - Defensa, barreira ou "submarino";1;;;;;;;;;;1;;;;
28/02/2021;05:28:00;17;2 - Acidente com VITIMA;287,987;BR-101/RJ;Norte;Capotamento;1;;;;;;;;;;1;3;;;
28/02/2021;06:55:00;23;2 - Acidente com VITIMA;67,454;BR-101/RJ;Norte;Outros;;;;;;;;;;;0;2;;1;
28/02/2021;11:16:00;59;3 - Acidente com Danos Materiais;188,977;BR-101/RJ;Norte;Capotamento;1;;;;;;;;;;6;;;;
28/02/2021;13:23:00;80;2 - Acidente com VITIMA;184,9;BR-101/RJ;Norte;Tombamento;;;;1;;;;;;;0;2;;;
28/02/2021;13:58:00;91;2 - Acidente com VITIMA;243,954;BR-101/RJ;Norte;Tombamento;;;;1;;1;;;;;1;1;;;
28/02/2021;14:41:00;103;3 - Acidente com Danos Materiais;262,278;BR-101/RJ;Norte;Tombamento;;;1;;;;;;;;1;;;;
28/02/2021;21:46:00;162;2 - Acidente com VITIMA;281,822;BR-101/RJ;Sul;Colisão Lateral;1;;;1;;;;;;;3;1;1;;
28/02/2021;21:51:00;163;3 - Acidente com Danos Materiais;283,309;BR-101/RJ;Sul;Colisão Traseira;2;;;;;;;;;;2;;;;
01/03/2021;00:20:00;13;3 - Acidente com Danos Materiais;70,089;BR-101/RJ;Norte;Colisão Lateral;1;;;;;1;;;;;2;;;;
01/03/2021;01:52:00;19;2 - Acidente com VITIMA;256,906;BR-101/RJ;Norte;Choque - Defensa, barreira ou "submarino";;;;1;;;;;;;0;1;;;
01/03/2021;04:43:00;28;3 - Acidente com Danos Materiais;249,364;BR-101/RJ;Sul;Colisão Traseira;2;;;;;;;;;;5;;;;
01/03/2021;07:26:00;48;2 - Acidente com VITIMA;59,815;BR-101/RJ;Sul;Tombamento;;;;1;;;;;;;0;;1;;
01/03/2021;07:30:00;49;2 - Acidente com VITIMA;312,849;BR-101/RJ;Sul;Colisão Traseira;1;;;1;;;;;;;1;1;;;
01/03/2021;10:22:00;104;3 - Acidente com Danos Materiais;74,1;BR-101/RJ;Sul;Colisão Traseira;2;;;;;;;;;;2;;;;
01/03/2021;14:02:00;142;3 - Acidente com Danos Materiais;158,6;BR-101/RJ;Sul;Colisão Traseira;2;;;;;;;;;;2;;;;
02/03/2021;07:34:00;30;2 - Acidente com VITIMA;311,276;BR-101/RJ;Norte;Outros - Sequência;1;;;;;;;;;1;0;3;;;
02/03/2021;07:42:00;35;2 - Acidente com VITIMA;311,221;BR-101/RJ;Sul;Engavetamento;1;;;;;2;;;;1;4;1;;;
02/03/2021;18:25:00;193;2 - Acidente com VITIMA;49,262;BR-101/RJ;Sul;Colisão Lateral;1;;;1;;;;;;;1;2;;;
03/03/2021;02:11:00;18;3 - Acidente com Danos Materiais;73,693;BR-101/RJ;Sul;Atropelamento de Animal;1;;;;;;;;;;1;;;;
03/03/2021;07:10:00;40;3 - Acidente com Danos Materiais;314,1;BR-101/RJ;Sul;Colisão Traseira;2;;;;;;;;;;2;;;;
03/03/2021;07:41:00;49;2 - Acidente com VITIMA;212,112;BR-101/RJ;Norte;Choque - Defensa, barreira ou "submarino";1;;;;;;;;;;2;1;;;
03/03/2021;09:56:00;99;3 - Acidente com Danos Materiais;221,103;BR-101/RJ;Sul;Choque - Defensa, barreira ou "submarino";1;;;;;;;;;;2;;;;
03/03/2021;12:52:00;128;2 - Acidente com VITIMA;298,1;BR-101/RJ;Norte;Tombamento;;;;1;;1;;;;;1;;1;;
03/03/2021;14:43:00;141;3 - Acidente com Danos Materiais;88,645;BR-101/RJ;Norte;Choque - Talude;1;;;;;;;;;;1;;;;
03/03/2021;17:42:00;175;2 - Acidente com VITIMA;40,216;BR-101/RJ;Sul;Colisão Transversal;1;;;1;;;;;;;3;1;;;
03/03/2021;18:51:00;191;3 - Acidente com Danos Materiais;282,917;BR-101/RJ;Sul;Saida de Pista;1;;;;;;;;;;1;;;;
03/03/2021;19:53:00;201;2 - Acidente com VITIMA;242,432;BR-101/RJ;Sul;Choque - Suporte de Sinalização;1;;;;;;;;;;1;1;;;
04/03/2021;00:10:00;2;2 - Acidente com VITIMA;259,665;BR-101/RJ;Sul;Choque - Defensa, barreira ou "submarino";1;;;;;;;;;;0;1;;;
04/03/2021;11:11:00;89;2 - Acidente com VITIMA;295,387;BR-101/RJ;Sul;Colisão Traseira;;;1;1;;;;;;;2;;1;;
04/03/2021;11:37:00;93;3 - Acidente com Danos Materiais;297,6;BR-101/RJ;Norte;Colisão Lateral;1;;1;;;;;;;;2;;;;
04/03/2021;18:49:00;161;3 - Acidente com Danos Materiais;297,372;BR-101/RJ;Sul;Colisão Lateral;1;;1;;;;;;;;2;;;;
04/03/2021;20:33:00;172;3 - Acidente com Danos Materiais;281,338;BR-101/RJ;Sul;Capotamento;1;;;;;;;;;;1;;;;
05/03/2021;14:55:00;134;3 - Acidente com Danos Materiais;293,5;BR-101/RJ;Sul;Choque - Objeto sobre a pista;1;;;;;;;;;;1;;;;
05/03/2021;15:15:00;138;2 - Acidente com VITIMA;321,706;BR-101/RJ;Sul;Engavetamento;3;;;;;;;;;;4;3;;1;
05/03/2021;17:32:00;166;3 - Acidente com Danos Materiais;297,388;BR-101/RJ;Sul;Engavetamento;3;;;;;1;;;;;5;;;;
05/03/2021;17:58:00;170;2 - Acidente com VITIMA;319,245;BR-101/RJ;Norte;Tombamento;;;;1;;;;;;;1;1;;;
05/03/2021;18:08:00;171;2 - Acidente com VITIMA;297,103;BR-101/RJ;Norte;Colisão Traseira;;;;1;;;;;;1;3;1;;;
05/03/2021;19:14:00;187;3 - Acidente com Danos Materiais;230,508;BR-101/RJ;Norte;Choque - Elemento de Drenagem;1;;;;;;;;;;4;;;;
05/03/2021;19:47:00;197;2 - Acidente com VITIMA;234,786;BR-101/RJ;Sul;Choque - Arvore;1;;;;;;;;;;1;2;;;
05/03/2021;20:59:00;213;3 - Acidente com Danos Materiais;71,038;BR-101/RJ;Sul;Colisão Transversal;;;;1;;1;;;;;2;;;;
06/03/2021;00:10:00;3;3 - Acidente com Danos Materiais;312,4;BR-101/RJ;Sul;Colisão Traseira;2;;;;;;;;;;3;;;;
06/03/2021;09:26:00;47;3 - Acidente com Danos Materiais;293,252;BR-101/RJ;Norte;Colisão Traseira;1;;1;;;;;;;;2;;;;
06/03/2021;09:32:00;49;2 - Acidente com VITIMA;151,493;BR-101/RJ;Norte;Colisão Lateral;1;;1;;;;;;;;2;;1;;
06/03/2021;13:21:00;74;3 - Acidente com Danos Materiais;314,1;BR-101/RJ;Norte;Outros;1;;;;;;;;;;1;;;;
06/03/2021;14:01:00;79;2 - Acidente com VITIMA;144,611;BR-101/RJ;Sul;Tombamento;;;;1;;;;;;;0;;1;;
06/03/2021;18:26:00;120;2 - Acidente com VITIMA;312,25;BR-101/RJ;Norte;Choque - Outros;1;;;;;;;;;;0;1;;;
06/03/2021;19:09:00;125;3 - Acidente com Danos Materiais;268,073;BR-101/RJ;Norte;Atropelamento de Animal;1;;;;;;;;;;3;;;;
06/03/2021;20:49:00;136;3 - Acidente com Danos Materiais;66,493;BR-101/RJ;Sul;Outros - Sequência;3;;;;;;;;;;3;;;;
06/03/2021;23:15:00;150;3 - Acidente com Danos Materiais;299,003;BR-101/RJ;Norte;Colisão Traseira;1;;1;;;;;;;;2;;;;
06/03/2021;23:25:00;153;3 - Acidente com Danos Materiais;290,52;BR-101/RJ;Sul;Colisão Lateral;;;;;;1;;;;1;5;;;;
07/03/2021;07:32:00;30;2 - Acidente com VITIMA;216,882;BR-101/RJ;Norte;Capotamento;1;;;;;;;;;;0;1;;;
07/03/2021;12:21:00;67;3 - Acidente com Danos Materiais;180,523;BR-101/RJ;Sul;Choque - Defensa, barreira ou "submarino";;;;;;;;;;1;1;;;;
07/03/2021;12:30:00;69;3 - Acidente com Danos Materiais;297,648;BR-101/RJ;Sul;Colisão Lateral;2;;;;;;;;;;5;;;;
07/03/2021;16:31:00;100;2 - Acidente com VITIMA;90,874;BR-101/RJ;Norte;Capotamento;1;;;;;;;;;;3;1;;;
07/03/2021;17:17:00;108;3 - Acidente com Danos Materiais;293,866;BR-101/RJ;Sul;Colisão Traseira;1;;;;;1;;;;;6;;;;
07/03/2021;18:37:00;126;3 - Acidente com Danos Materiais;266,7;BR-101/RJ;Sul;Colisão Traseira;2;;;;;;;;;;2;;;;
07/03/2021;19:13:00;132;2 - Acidente com VITIMA;93,1;BR-101/RJ;Norte;Tombamento;;;1;;;1;;;;;1;1;1;;
07/03/2021;19:16:00;133;3 - Acidente com Danos Materiais;4,563;BR-101/RJ;Sul;Choque - Talude;1;;;;;;;;;;1;;;;
07/03/2021;20:21:00;146;2 - Acidente com VITIMA;234,792;BR-101/RJ;Sul;Choque - Arvore;1;;;;;;;;;;0;1;;;
07/03/2021;20:30:00;148;2 - Acidente com VITIMA;310,53;BR-101/RJ;Sul;Colisão Traseira;1;;;;1;;;;;;2;1;;1;
08/03/2021;06:54:00;23;3 - Acidente com Danos Materiais;303,423;BR-101/RJ;Norte;Colisão Traseira;1;;1;;;;;;;;2;;;;
08/03/2021;12:18:00;96;2 - Acidente com VITIMA;223,236;BR-101/RJ;Sul;Capotamento;1;;;;;;;;;;0;3;;;
08/03/2021;14:40:00;117;2 - Acidente com VITIMA;236,4;BR-101/RJ;Norte;Tombamento;;;;;;1;;;;;0;1;;;
08/03/2021;15:38:00;129;3 - Acidente com Danos Materiais;223,85;BR-101/RJ;Norte;Choque - Defensa, barreira ou "submarino";1;;;;;;;;;;2;;;;
08/03/2021;15:47:00;130;3 - Acidente com Danos Materiais;299,65;BR-101/RJ;Sul;Colisão Traseira;2;;;;;;;;;;4;;;;
08/03/2021;15:53:00;131;3 - Acidente com Danos Materiais;229,662;BR-101/RJ;Sul;Choque - Defensa, barreira ou "submarino";1;;;;;;;;;;1;;;;
08/03/2021;16:07:00;134;3 - Acidente com Danos Materiais;195,349;BR-101/RJ;Sul;Choque - Defensa, barreira ou "submarino";;;;;;;;;;1;1;;;;
08/03/2021;18:05:00;154;2 - Acidente com VITIMA;73,856;BR-101/RJ;Sul;Colisão Traseira;;;;1;;1;;;;;1;1;;;
08/03/2021;18:05:00;155;2 - Acidente com VITIMA;230,42;BR-101/RJ;Norte;Choque - Arvore;1;;;;;;;;;;0;1;;;
08/03/2021;18:08:00;156;2 - Acidente com VITIMA;305,6;BR-101/RJ;Norte;Atropelamento - Ciclista;;1;;;;1;;;;;2;1;;;
08/03/2021;20:54:00;173;3 - Acidente com Danos Materiais;99,388;BR-101/RJ;Norte;Choque - Suporte de Sinalização;1;;;;;;;;;;1;;;;
09/03/2021;08:48:00;55;3 - Acidente com Danos Materiais;313,931;BR-101/RJ;Sul;Outros - Sequência;2;;;;;;;;;;3;;;;
09/03/2021;14:15:00;117;2 - Acidente com VITIMA;86,1;BR-101/RJ;Norte;Engavetamento;5;;3;;;;;;;;11;1;;;
09/03/2021;14:42:00;121;2 - Acidente com VITIMA;198,523;BR-101/RJ;Sul;Capotamento;1;;;;;;;;;;0;2;1;;
09/03/2021;14:44:00;122;3 - Acidente com Danos Materiais;132,9;BR-101/RJ;Norte;Choque - Defensa, barreira ou "submarino";1;;;;;;;;;;1;;;;
09/03/2021;15:34:00;134;2 - Acidente com VITIMA;88,209;BR-101/RJ;Norte;Colisão Traseira;;;2;;;;;;;;1;;1;;
09/03/2021;15:46:00;136;3 - Acidente com Danos Materiais;110,273;BR-101/RJ;Sul;Choque - Defensa, barreira ou "submarino";1;;;;;;;;;;2;;;;
09/03/2021;16:04:00;140;2 - Acidente com VITIMA;147,377;BR-101/RJ;Norte;Colisão Transversal;1;;1;;;;;;;;1;1;;;
09/03/2021;19:24:00;178;3 - Acidente com Danos Materiais;297,762;BR-101/RJ;Norte;Colisão Lateral;1;;1;;;;;;;;2;;;;
10/03/2021;07:07:00;25;3 - Acidente com Danos Materiais;282,568;BR-101/RJ;Sul;Colisão Traseira;1;;;;;;;;;1;2;;;;
10/03/2021;07:26:00;31;2 - Acidente com VITIMA;282,144;BR-101/RJ;Sul;Colisão Lateral;;1;;;;1;;;;;2;1;;;
10/03/2021;07:49:00;34;2 - Acidente com VITIMA;303,597;BR-101/RJ;Norte;Colisão Traseira;1;;;1;;;;;;;2;2;;;
10/03/2021;12:27:00;107;2 - Acidente com VITIMA;276,359;BR-101/RJ;Sul;Colisão Lateral;1;;;1;;;;;;;2;1;;;
10/03/2021;14:49:00;137;2 - Acidente com VITIMA;295,505;BR-101/RJ;Norte;Tombamento;;;;1;;;;;;;0;2;;;
10/03/2021;15:02:00;144;2 - Acidente com VITIMA;181,151;BR-101/RJ;Sul;Choque - Defensa, barreira ou "submarino";1;;;;;;;;;;0;3;;;
11/03/2021;08:29:00;58;3 - Acidente com Danos Materiais;318,328;BR-101/RJ;Norte;Colisão Lateral;1;;;;;1;;;;;3;;;;
11/03/2021;17:03:00;154;3 - Acidente com Danos Materiais;296,656;BR-101/RJ;Sul;Colisão Traseira;1;;1;;;;;;;;3;;;;
11/03/2021;23:22:00;204;3 - Acidente com Danos Materiais;321,99;BR-101/RJ;Norte;Colisão Traseira;1;;;;;1;;;;;5;;;;
12/03/2021;08:15:00;38;3 - Acidente com Danos Materiais;303,06;BR-101/RJ;Norte;Colisão Traseira;;;;1;;1;;;;;2;;;;
12/03/2021;15:47:00;129;1 - Acidente com Vitima Fatal;303,364;BR-101/RJ;Norte;Atropelamento - Ciclista;1;1;;;;;;;;;4;;;;1
12/03/2021;17:05:00;146;2 - Acidente com VITIMA;262,357;BR-101/RJ;Sul;Colisão Traseira;1;;;1;;;;;;;1;1;;;
12/03/2021;18:53:00;171;2 - Acidente com VITIMA;317,092;BR-101/RJ;Norte;Colisão Traseira;;1;;;;1;;;;;1;1;;;
12/03/2021;21:22:00;183;2 - Acidente com VITIMA;304,772;BR-101/RJ;Norte;Capotamento;1;;;;;;;;;;1;1;;;
12/03/2021;21:22:00;184;1 - Acidente com Vitima Fatal;215,765;BR-101/RJ;Sul;Colisão Frontal;2;;;;;;;;;;0;1;1;1;1
12/03/2021;22:47:00;188;2 - Acidente com VITIMA;21,842;BR-101/RJ;Sul;Colisão Traseira;;;2;;;;;;;;1;1;;;
13/03/2021;03:49:00;10;2 - Acidente com VITIMA;306,615;BR-101/RJ;Sul;Colisão Frontal;2;;;;;;;;;;0;2;1;1;
13/03/2021;05:34:00;16;3 - Acidente com Danos Materiais;303,329;BR-101/RJ;Sul;Engavetamento;1;;;1;;;;;;1;5;;;;
13/03/2021;16:27:00;114;3 - Acidente com Danos Materiais;209,971;BR-101/RJ;Sul;Colisão Traseira;1;;1;;;1;;;;;3;;;;
13/03/2021;16:35:00;118;2 - Acidente com VITIMA;55,348;BR-101/RJ;Norte;Colisão Transversal;;;;1;;1;;;;;1;2;;;
13/03/2021;16:57:00;120;3 - Acidente com Danos Materiais;219,501;BR-101/RJ;Sul;Choque - Talude;;;;;;;;;;1;2;;;;
13/03/2021;17:13:00;125;2 - Acidente com VITIMA;236,486;BR-101/RJ;Norte;Colisão Traseira;2;;;;;;;;;;6;1;;;
14/03/2021;03:58:00;10;1 - Acidente com Vitima Fatal;262,391;BR-101/RJ;Norte;Tombamento;;;;1;;;;;;;0;;;1;1
14/03/2021;07:51:00;21;2 - Acidente com VITIMA;290,16;BR-101/RJ;Sul;Colisão Lateral;;;1;1;;;;;;;1;1;;;
14/03/2021;08:29:00;24;3 - Acidente com Danos Materiais;293,203;BR-101/RJ;Sul;Outros - Sequência;1;;;;;1;;;;;2;;;;
14/03/2021;10:11:00;37;2 - Acidente com VITIMA;136,55;BR-101/RJ;Sul;Colisão Traseira;1;;1;;;;;;;;1;1;;;
14/03/2021;12:38:00;52;3 - Acidente com Danos Materiais;309,853;BR-101/RJ;Sul;Colisão Traseira;1;;;;;1;;;;;5;;;;
14/03/2021;14:51:00;75;3 - Acidente com Danos Materiais;299,6;BR-101/RJ;Sul;Colisão Traseira;2;;;;;;;;;;2;;;;
14/03/2021;15:51:00;82;2 - Acidente com VITIMA;59,85;BR-101/RJ;Norte;Colisão Transversal;1;;;1;;;;;;;1;1;;;
14/03/2021;18:25:00;107;3 - Acidente com Danos Materiais;282,174;BR-101/RJ;Sul;Engavetamento;2;;;;;;;;;1;8;;;;
14/03/2021;22:00:00;134;2 - Acidente com VITIMA;61,713;BR-101/RJ;Norte;Colisão Lateral;;;;1;;1;;;;;1;;1;;
15/03/2021;05:36:00;14;3 - Acidente com Danos Materiais;282,94;BR-101/RJ;Sul;Choque - Outros;1;;;;;;;;;;1;;;;
15/03/2021;08:10:00;40;2 - Acidente com VITIMA;49,712;BR-101/RJ;Sul;Engavetamento;2;;;;;;;;;1;2;2;;;
15/03/2021;12:26:00;88;3 - Acidente com Danos Materiais;128,334;BR-101/RJ;Norte;Colisão Lateral;2;;;;;;;;;;2;;;;
15/03/2021;15:24:00;121;3 - Acidente com Danos Materiais;265,451;BR-101/RJ;Norte;Colisão Lateral;1;;1;;;;;;;;4;;;;
15/03/2021;23:43:00;167;2 - Acidente com VITIMA;195,319;BR-101/RJ;Sul;Choque - Defensa, barreira ou "submarino";1;;;;;;;;;;0;1;;;
16/03/2021;01:00:00;3;3 - Acidente com Danos Materiais;204,575;BR-101/RJ;Norte;Saida de Pista;;;1;;;;;;;;1;;;;
16/03/2021;08:11:00;44;3 - Acidente com Danos Materiais;320,927;BR-101/RJ;Sul;Colisão Traseira;;;;1;;1;;;;;2;;;;
16/03/2021;10:47:00;86;2 - Acidente com VITIMA;320,93;BR-101/RJ;Norte;Tombamento;;;;1;;1;;;;;1;;;2;
16/03/2021;16:10:00;135;3 - Acidente com Danos Materiais;225,59;BR-101/RJ;Norte;Choque - Defensa, barreira ou "submarino";1;;;;;;;;;;1;;;;
16/03/2021;16:18:00;138;3 - Acidente com Danos Materiais;318,318;BR-101/RJ;Sul;Choque - Poste;1;;;;;;;;;;1;;;;
16/03/2021;16:27:00;140;3 - Acidente com Danos Materiais;313,677;BR-101/RJ;Norte;Colisão Traseira;2;;;;;;;;;;5;;;;
16/03/2021;16:28:00;141;2 - Acidente com VITIMA;53,058;BR-101/RJ;Sul;Colisão Transversal;2;;;;;;;;;;2;2;;;
16/03/2021;17:15:00;157;3 - Acidente com Danos Materiais;287,168;BR-101/RJ;Norte;Choque - Defensa, barreira ou "submarino";;;1;;;;;;;;1;;;;
16/03/2021;19:46:00;182;2 - Acidente com VITIMA;274,442;BR-101/RJ;Norte;Colisão Traseira;1;;;1;;;;;;;2;;1;;
17/03/2021;04:29:00;21;2 - Acidente com VITIMA;299,294;BR-101/RJ;Norte;Outros - Sequência;1;;;1;;;;;;;1;1;;;
17/03/2021;06:22:00;32;3 - Acidente com Danos Materiais;307,871;BR-101/RJ;Sul;Engavetamento;;;;;1;;;;;2;7;;;;
17/03/2021;07:30:00;51;3 - Acidente com Danos Materiais;311,334;BR-101/RJ;Norte;Atropelamento de Animal;1;;;;;;;;;;1;;;;
17/03/2021;07:52:00;59;3 - Acidente com Danos Materiais;309,419;BR-101/RJ;Sul;Engavetamento;1;;;;;1;;;;1;3;;;;
17/03/2021;09:34:00;88;3 - Acidente com Danos Materiais;192,83;BR-101/RJ;Norte;Choque - Outros;;;1;;;;;;;;1;;;;
17/03/2021;10:20:00;103;2 - Acidente com VITIMA;55,736;BR-101/RJ;Sul;Tombamento;;;;1;;;;;;;0;2;;;
17/03/2021;12:05:00;122;2 - Acidente com VITIMA;46,863;BR-101/RJ;Sul;Tombamento;;;;1;;;;;;;0;1;;;
17/03/2021;20:31:00;208;3 - Acidente com Danos Materiais;5,656;BR-101/RJ;Norte;Choque - Elemento de Drenagem;1;;;;;;;;;;1;;;;
18/03/2021;00:34:00;4;2 - Acidente com VITIMA;134,938;BR-101/RJ;Sul;Tombamento;;;;;1;;;;;;15;2;;;
18/03/2021;06:51:00;35;2 - Acidente com VITIMA;313,128;BR-101/RJ;Sul;Colisão Lateral;1;;;1;;;;;;;1;1;;;
18/03/2021;07:04:00;42;3 - Acidente com Danos Materiais;312,295;BR-101/RJ;Sul;Engavetamento;1;;;;;2;;;;;3;;;;
18/03/2021;08:40:00;75;3 - Acidente com Danos Materiais;310,466;BR-101/RJ;Sul;Colisão Traseira;1;;;;;1;;;;;3;;;;
18/03/2021;16:44:00;186;2 - Acidente com VITIMA;288,664;BR-101/RJ;Norte;Colisão Traseira;2;;;;;;;;;;1;2;;;
18/03/2021;17:29:00;197;2 - Acidente com VITIMA;312,457;BR-101/RJ;Norte;Colisão Lateral;1;;;1;;;;;;;2;1;;;
18/03/2021;17:35:00;199;2 - Acidente com VITIMA;68,735;BR-101/RJ;Sul;Colisão Lateral;;1;;;;;;;;1;2;;1;;
18/03/2021;22:08:00;234;3 - Acidente com Danos Materiais;314,941;BR-101/RJ;Norte;Colisão Traseira;;;;2;;;;;;;2;;;;
19/03/2021;01:08:00;7;2 - Acidente com VITIMA;120,524;BR-101/RJ;Sul;Tombamento;;;;1;;;;;;;0;1;;;
19/03/2021;04:18:00;16;3 - Acidente com Danos Materiais;309,15;BR-101/RJ;Sul;Colisão Traseira;1;;;;;1;;;;;2;;;;
19/03/2021;14:19:00;122;3 - Acidente com Danos Materiais;194,942;BR-101/RJ;Norte;Choque - Defensa, barreira ou "submarino";1;;;;;;;;;;1;;;;
19/03/2021;16:30:00;147;3 - Acidente com Danos Materiais;117,606;BR-101/RJ;Sul;Colisão Traseira;2;;;;;;;;;;3;;;;
19/03/2021;17:05:00;154;2 - Acidente com VITIMA;84,2;BR-101/RJ;Norte;Colisão Traseira;1;;;;;;;;;1;1;1;1;;
19/03/2021;19:56:00;186;3 - Acidente com Danos Materiais;59,427;BR-101/RJ;Sul;Engavetamento;3;;;;;;;;;;4;;;;
19/03/2021;20:34:00;190;3 - Acidente com Danos Materiais;311,26;BR-101/RJ;Norte;Colisão Traseira;;;1;;;1;;;;;3;;;;
20/03/2021;01:42:00;11;3 - Acidente com Danos Materiais;295,365;BR-101/RJ;Norte;Choque - Defensa, barreira ou "submarino";1;;;;;;;;;;1;;;;
20/03/2021;05:10:00;22;1 - Acidente com Vitima Fatal;297,374;BR-101/RJ;Norte;Colisão Transversal;;1;;;;;;;;1;1;;;;1
20/03/2021;12:52:00;83;2 - Acidente com VITIMA;281,623;BR-101/RJ;Sul;Tombamento;;;;1;;;;;;;0;2;;;
20/03/2021;13:14:00;88;2 - Acidente com VITIMA;316,102;BR-101/RJ;Norte;Capotamento;1;;;;;;;;;;0;1;;;
20/03/2021;19:44:00;148;2 - Acidente com VITIMA;272,4;BR-101/RJ;Norte;Tombamento;;;;1;;;;;;;0;;;1;
20/03/2021;20:50:00;152;3 - Acidente com Danos Materiais;44,84;BR-101/RJ;Norte;Choque - Defensa, barreira ou "submarino";1;;;;;;;;;;1;;;;
20/03/2021;22:04:00;156;3 - Acidente com Danos Materiais;313,377;BR-101/RJ;Norte;Saida de Pista;1;;;;;;;;;;2;;;;
20/03/2021;22:11:00;157;3 - Acidente com Danos Materiais;313,377;BR-101/RJ;Norte;Colisão Lateral;;;;;;1;;;;1;2;;;;
20/03/2021;22:42:00;160;2 - Acidente com VITIMA;304,976;BR-101/RJ;Sul;Choque - Defensa, barreira ou "submarino";2;;;;;;;;;;1;1;;;
21/03/2021;00:05:00;3;3 - Acidente com Danos Materiais;85,528;BR-101/RJ;Norte;Choque - Talude;1;;;;;;;;;;1;;;;
21/03/2021;10:47:00;47;3 - Acidente com Danos Materiais;63,331;BR-101/RJ;Sul;Colisão Transversal;2;;;;;;;;;;3;;;;
21/03/2021;22:43:00;163;3 - Acidente com Danos Materiais;65,465;BR-101/RJ;Norte;Colisão Lateral;1;;;;;1;;;;;2;;;;
22/03/2021;16:00:00;146;3 - Acidente com Danos Materiais;308,6;BR-101/RJ;Norte;Colisão Lateral;3;;1;;;;;;;1;6;;;;
22/03/2021;16:08:00;148;3 - Acidente com Danos Materiais;297,486;BR-101/RJ;Norte;Choque - Defensa, barreira ou "submarino";;;1;;;;;;;;1;;;;
22/03/2021;17:14:00;157;3 - Acidente com Danos Materiais;313,757;BR-101/RJ;Norte;Colisão Traseira;2;;;;;;;;;;3;;;;
22/03/2021;17:23:00;160;2 - Acidente com VITIMA;66,19;BR-101/RJ;Sul;Colisão Transversal;;;;1;;1;;;;;2;1;;;
22/03/2021;17:35:00;164;3 - Acidente com Danos Materiais;285,368;BR-101/RJ;Norte;Choque - Outros;;;1;;;;;;;;1;;;;
23/03/2021;07:00:00;28;3 - Acidente com Danos Materiais;311,122;BR-101/RJ;Sul;Engavetamento;1;;;2;;1;;;;;5;;;;
23/03/2021;10:59:00;86;3 - Acidente com Danos Materiais;192,868;BR-101/RJ;Sul;Colisão Traseira;1;;1;;;;;;;;4;;;;
23/03/2021;15:52:00;139;2 - Acidente com VITIMA;84,184;BR-101/RJ;Sul;Tombamento;;;;1;;;;;;;0;1;1;;
23/03/2021;19:04:00;164;3 - Acidente com Danos Materiais;61,974;BR-101/RJ;Norte;Colisão Lateral;1;;;;1;;;;;;2;;;;