data;horario;n_da_ocorrencia;tipo_de_ocorrencia;km;trecho;sentido;tipo_de_acidente;automovel;bicicleta;caminhao;moto;onibus;outros;tracao_animal;transporte_de_cargas_especiais;trator_maquinas;utilitarios;ilesos;levemente_feridos;moderadamente_feridos;gravemente_feridos;mortos
15/05/2021;23:55:00;182;3 - Acidente com Danos Materiais;312,65;BR-101/RJ;Sul;Choque - Defensa, barreira ou "submarino";1;;;;;;;;;;1;;;;
16/05/2021;05:13:00;15;3 - Acidente com Danos Materiais;285,672;BR-101/RJ;Norte;Outros;1;;;;;;;;;1;2;;;;
16/05/2021;05:21:00;18;3 - Acidente com Danos Materiais;318,35;BR-101/RJ;Sul;Choque - Outros;1;;;;;;;;;;1;;;;
16/05/2021;07:55:00;31;2 - Acidente com VITIMA;303,105;BR-101/RJ;Norte;Choque - Poste;1;;;;;;;;;;1;;1;;
16/05/2021;17:16:00;104;3 - Acidente com Danos Materiais;280,891;BR-101/RJ;Sul;Engavetamento;3;;;;;;;;;;3;;;;
16/05/2021;18:19:00;117;3 - Acidente com Danos Materiais;131,485;BR-101/RJ;Sul;Choque - Objeto sobre a pista;1;;1;;;;;;;;6;;;;
16/05/2021;18:37:00;121;2 - Acidente com VITIMA;274,202;BR-101/RJ;Sul;Engavetamento;2;;;;;1;;;;;8;;1;;
16/05/2021;21:37:00;149;2 - Acidente com VITIMA;287,944;BR-101/RJ;Sul;Colisão Traseira;2;;;;;;;;;;0;7;;;
16/05/2021;21:53:00;152;2 - Acidente com VITIMA;18,829;BR-101/RJ;Norte;Atropelamento - Morador;;;;;;1;;;;;1;1;;;
16/05/2021;23:19:00;163;2 - Acidente com VITIMA;280,032;BR-101/RJ;Sul;Choque - Outros;1;;;;;;;;;;0;2;;;
17/05/2021;04:07:00;14;3 - Acidente com Danos Materiais;311,961;BR-101/RJ;Norte;Saida de Pista;1;;;;;;;;;;1;;;;
17/05/2021;07:19:00;33;2 - Acidente com VITIMA;87,001;BR-101/RJ;Sul;Tombamento;;;1;;;;;;;;0;2;;;
17/05/2021;12:42:00;122;3 - Acidente com Danos Materiais;180,779;BR-101/RJ;Sul;Outros - Sequência;2;;;;;;;;;;5;;;;
17/05/2021;16:48:00;166;2 - Acidente com VITIMA;293,951;BR-101/RJ;Sul;Colisão Traseira;2;;;1;;;;;;;2;;1;;
17/05/2021;16:52:00;167;3 - Acidente com Danos Materiais;317,367;BR-101/RJ;Norte;Choque - Defensa, barreira ou "submarino";1;;1;;;;;;;;3;;;;
17/05/2021;16:52:00;168;3 - Acidente com Danos Materiais;297,735;BR-101/RJ;Norte;Colisão Lateral;1;;1;;;;;;;;2;;;;
17/05/2021;23:26:00;220;2 - Acidente com VITIMA;59,59;BR-101/RJ;Norte;Colisão Traseira;1;;;;1;;;;;;2;1;;;
18/05/2021;06:25:00;37;3 - Acidente com Danos Materiais;292,191;BR-101/RJ;Norte;Colisão Lateral;1;;1;;;;;;;;2;;;;
18/05/2021;07:24:00;49;2 - Acidente com VITIMA;305,504;BR-101/RJ;Sul;Outros;;;;1;;;;;;;0;1;;;
18/05/2021;07:44:00;54;2 - Acidente com VITIMA;265,571;BR-101/RJ;Sul;Colisão Frontal;;1;;;;;;;;1;1;;1;;
18/05/2021;12:57:00;152;3 - Acidente com Danos Materiais;299,277;BR-101/RJ;Sul;Colisão Traseira;1;;;;;1;;;;;2;;;;
18/05/2021;20:52:00;219;1 - Acidente com Vitima Fatal;288,741;BR-101/RJ;Norte;Atropelamento - Andarilho;1;;;;;;;;;;0;1;;;1
18/05/2021;21:28:00;226;3 - Acidente com Danos Materiais;310,975;BR-101/RJ;Sul;Colisão Traseira;2;;;;;;;;;;2;;;;
19/05/2021;04:17:00;8;3 - Acidente com Danos Materiais;282,746;BR-101/RJ;Norte;Choque - Defensa, barreira ou "submarino";1;;;;;;;;;;4;;;;
19/05/2021;09:17:00;59;3 - Acidente com Danos Materiais;296,8;BR-101/RJ;Norte;Colisão Lateral;1;;;;1;;;;;;3;;;;
19/05/2021;09:37:00;64;3 - Acidente com Danos Materiais;79,077;BR-101/RJ;Norte;Colisão Traseira;2;;;;;;;;;;4;;;;
19/05/2021;14:35:00;120;3 - Acidente com Danos Materiais;91,399;BR-101/RJ;Sul;Atropelamento de Animal;1;;;;;;;;;;2;;;;
19/05/2021;17:37:00;163;3 - Acidente com Danos Materiais;315,979;BR-101/RJ;Sul;Colisão Lateral;2;;;;;;;;;;3;;;;
20/05/2021;04:28:00;15;2 - Acidente com VITIMA;43,663;BR-101/RJ;Sul;Colisão Lateral;;;2;;;;;;;;2;1;;;
20/05/2021;06:59:00;34;2 - Acidente com VITIMA;298,197;BR-101/RJ;Sul;Colisão Traseira;1;;;1;;;;;;;2;1;;;
20/05/2021;08:07:00;50;2 - Acidente com VITIMA;305,848;BR-101/RJ;Sul;Atropelamento - Andarilho;1;;;;;;;;;;1;1;;;
20/05/2021;08:10:00;51;3 - Acidente com Danos Materiais;59,05;BR-101/RJ;Sul;Engavetamento;3;;;;;;;;;;3;;;;
20/05/2021;15:44:00;144;3 - Acidente com Danos Materiais;308,689;BR-101/RJ;Norte;Colisão Traseira;2;;;;;;;;;;4;;;;
20/05/2021;16:32:00;154;3 - Acidente com Danos Materiais;78,945;BR-101/RJ;Sul;Colisão Transversal;2;;;;;;;;;;4;;;;
20/05/2021;19:45:00;183;3 - Acidente com Danos Materiais;238,391;BR-101/RJ;Norte;Atropelamento de Animal;1;;;;;;;;;;1;;;;
21/05/2021;00:47:00;3;2 - Acidente com VITIMA;58,571;BR-101/RJ;Sul;Tombamento;;;;1;;;;;;;0;2;;;
21/05/2021;13:10:00;118;2 - Acidente com VITIMA;297,918;BR-101/RJ;Sul;Tombamento;;;;1;;;;;;;0;1;;;
21/05/2021;13:29:00;123;2 - Acidente com VITIMA;317,825;BR-101/RJ;Norte;Tombamento;;;;1;;1;;;;;1;1;;;
21/05/2021;19:43:00;189;3 - Acidente com Danos Materiais;313,487;BR-101/RJ;Norte;Colisão Traseira;1;;;;;1;;;;;2;;;;
21/05/2021;20:41:00;200;3 - Acidente com Danos Materiais;273,802;BR-101/RJ;Sul;Colisão Lateral;;;2;;;;;;;;5;;;;
21/05/2021;21:51:00;209;2 - Acidente com VITIMA;314,834;BR-101/RJ;Sul;Colisão Lateral;1;;1;;;;;;;;2;1;;;
22/05/2021;00:31:00;3;3 - Acidente com Danos Materiais;276,047;BR-101/RJ;Norte;Colisão Traseira;1;;;;;1;;;;;3;;;;
22/05/2021;03:54:00;11;2 - Acidente com VITIMA;315,466;BR-101/RJ;Norte;Tombamento;;;;1;;;;;;;0;;1;;
22/05/2021;13:21:00;78;3 - Acidente com Danos Materiais;63,1;BR-101/RJ;Norte;Colisão Lateral;1;;1;;;;;;;;2;;;;
22/05/2021;17:22:00;119;1 - Acidente com Vitima Fatal;282,922;BR-101/RJ;Sul;Colisão Lateral;1;;;1;;;;;;;4;;;1;1
22/05/2021;19:22:00;140;3 - Acidente com Danos Materiais;54,076;BR-101/RJ;Norte;Colisão Traseira;1;;;;;1;;;;;2;;;;
22/05/2021;19:24:00;142;3 - Acidente com Danos Materiais;144,426;BR-101/RJ;Sul;Colisão Traseira;2;;;;;;;;;;4;;;;
22/05/2021;23:43:00;163;2 - Acidente com VITIMA;318,562;BR-101/RJ;Norte;Colisão Traseira;;;;1;;1;;;;;1;1;1;;
23/05/2021;04:06:00;15;3 - Acidente com Danos Materiais;93,092;BR-101/RJ;Norte;Choque - Elemento de Drenagem;;;1;;;;;;;;1;;;;
23/05/2021;05:10:00;19;2 - Acidente com VITIMA;295,68;BR-101/RJ;Sul;Tombamento;;;;1;;;;;;;0;;1;;
23/05/2021;05:25:00;20;3 - Acidente com Danos Materiais;295,392;BR-101/RJ;Sul;Colisão Traseira;2;;;;;;;;;;2;;;;
23/05/2021;15:58:00;113;3 - Acidente com Danos Materiais;302,772;BR-101/RJ;Sul;Saida de Pista;1;;;;;;;;;;1;;;;
23/05/2021;16:37:00;125;2 - Acidente com VITIMA;247,74;BR-101/RJ;Norte;Choque - Talude;1;;;;;;;;;;1;1;;;
23/05/2021;22:38:00;175;3 - Acidente com Danos Materiais;272,974;BR-101/RJ;Sul;Outros;2;;;;;;;;;;5;;;;
24/05/2021;01:05:00;5;3 - Acidente com Danos Materiais;105,991;BR-101/RJ;Norte;Choque - Suporte de Sinalização;1;;;;;;;;;;2;;;;
24/05/2021;06:28:00;25;3 - Acidente com Danos Materiais;68,938;BR-101/RJ;Norte;Atropelamento de Animal;;;;;1;;;;;;2;;;;
24/05/2021;08:45:00;61;3 - Acidente com Danos Materiais;169,694;BR-101/RJ;Norte;Colisão Traseira;1;;;;1;;;;;;2;;;;
24/05/2021;10:32:00;87;2 - Acidente com VITIMA;256,659;BR-101/RJ;Norte;Outros - Sequência;1;;;;;1;;;;;1;;1;;
24/05/2021;14:29:00;121;3 - Acidente com Danos Materiais;99,5;BR-101/RJ;Sul;Choque - Defensa, barreira ou "submarino";;;;;;;;;;1;1;;;;
24/05/2021;17:12:00;166;3 - Acidente com Danos Materiais;297,434;BR-101/RJ;Sul;Colisão Lateral;1;;1;;;;;;;;2;;;;
24/05/2021;17:35:00;174;2 - Acidente com VITIMA;296,453;BR-101/RJ;Norte;Colisão Lateral;;;;1;;1;;;;;1;1;;;
24/05/2021;19:57:00;183;3 - Acidente com Danos Materiais;260,604;BR-101/RJ;Sul;Choque - Veiculo parado na pista;;;2;;;;;;;;3;;;;
25/05/2021;15:07:00;118;3 - Acidente com Danos Materiais;64,9;BR-101/RJ;Norte;Colisão Traseira;1;;1;;;;;;;;2;;;;
25/05/2021;17:44:00;145;3 - Acidente com Danos Materiais;297,122;BR-101/RJ;Sul;Colisão Traseira;2;;;;;;;;;;2;;;;
26/05/2021;07:58:00;42;3 - Acidente com Danos Materiais;317,822;BR-101/RJ;Sul;Colisão Traseira;1;;;;;1;;;;;2;;;;
27/05/2021;03:10:00;21;2 - Acidente com VITIMA;83,637;BR-101/RJ;Norte;Choque - Defensa, barreira ou "submarino";;;1;;;;;;;;0;3;;;
27/05/2021;04:35:00;31;2 - Acidente com VITIMA;68,134;BR-101/RJ;Norte;Atropelamento de Animal;1;;;;;;;;;;0;1;;;
27/05/2021;06:38:00;43;3 - Acidente com Danos Materiais;297,873;BR-101/RJ;Sul;Colisão Lateral;1;;;;1;;;;;;3;;;;
27/05/2021;06:54:00;45;3 - Acidente com Danos Materiais;206,594;BR-101/RJ;Norte;Colisão Transversal;2;;;;;;;;;;2;;;;
27/05/2021;07:10:00;48;2 - Acidente com VITIMA;66,494;BR-101/RJ;Norte;Colisão Frontal;;1;;;;1;;;;;1;1;;;
27/05/2021;07:10:00;49;3 - Acidente com Danos Materiais;309,944;BR-101/RJ;Sul;Colisão Traseira;1;;;;;1;;;;;2;;;;
27/05/2021;12:21:00;114;3 - Acidente com Danos Materiais;250,58;BR-101/RJ;Norte;Capotamento;;;;;;;;;;1;2;;;;
27/05/2021;22:40:00;226;2 - Acidente com VITIMA;260,924;BR-101/RJ;Sul;Colisão Traseira;;;2;;;;;;;;3;1;;;
28/05/2021;01:06:00;12;1 - Acidente com Vitima Fatal;72,859;BR-101/RJ;Norte;Colisão Frontal;;;1;1;;;;;;;1;;;;1
28/05/2021;02:46:00;16;3 - Acidente com Danos Materiais;267,705;BR-101/RJ;Norte;Atropelamento de Animal;;;1;;;;;;;;1;;;;
28/05/2021;07:04:00;30;3 - Acidente com Danos Materiais;271,172;BR-101/RJ;Norte;Saida de Pista;1;;;;;1;;;;;2;;;;
28/05/2021;08:48:00;61;2 - Acidente com VITIMA;61,774;BR-101/RJ;Norte;Atropelamento - Sem Informação;;;;1;;;;;;;1;;1;;
28/05/2021;11:29:00;88;2 - Acidente com VITIMA;61,5;BR-101/RJ;Norte;Colisão Lateral;;;;1;;1;;;;;1;1;;;
28/05/2021;18:29:00;185;3 - Acidente com Danos Materiais;294,858;BR-101/RJ;Norte;Engavetamento;4;;;;;;;;;;9;;;;
29/05/2021;01:24:00;7;3 - Acidente com Danos Materiais;79,266;BR-101/RJ;Sul;Colisão Traseira;1;;;;;1;;;;;2;;;;
29/05/2021;08:42:00;47;3 - Acidente com Danos Materiais;79,64;BR-101/RJ;Norte;Colisão Traseira;2;;;;;;;;;;6;;;;
29/05/2021;15:16:00;126;2 - Acidente com VITIMA;49,641;BR-101/RJ;Norte;Colisão Lateral;;;1;1;;;;;;;1;;;1;
29/05/2021;16:57:00;145;3 - Acidente com Danos Materiais;311,193;BR-101/RJ;Sul;Colisão Traseira;2;;;;;;;;;;4;;;;
29/05/2021;17:50:00;150;2 - Acidente com VITIMA;197,317;BR-101/RJ;Sul;Colisão Lateral;1;;;1;;;;;;;1;;2;;
30/05/2021;08:26:00;35;2 - Acidente com VITIMA;63,1;BR-101/RJ;Sul;Colisão Transversal;2;;;;;;;;;;3;1;;;
30/05/2021;18:42:00;121;3 - Acidente com Danos Materiais;299,743;BR-101/RJ;Sul;Choque - Defensa, barreira ou "submarino";1;;;;;;;;;;1;;;;
30/05/2021;20:35:00;141;3 - Acidente com Danos Materiais;306,654;BR-101/RJ;Norte;Colisão Traseira;1;;;;;;;;;1;3;;;;
30/05/2021;21:27:00;145;2 - Acidente com VITIMA;297,863;BR-101/RJ;Norte;Choque - Elemento de Drenagem;1;;;;;;;;;;0;2;;;
30/05/2021;22:10:00;149;2 - Acidente com VITIMA;108,332;BR-101/RJ;Sul;Choque - Talude;1;;;;;;;;;;1;3;;;
30/05/2021;22:17:00;154;2 - Acidente com VITIMA;307,201;BR-101/RJ;Norte;Colisão Traseira;1;;;;;1;;;;;3;2;;;
30/05/2021;22:49:00;159;3 - Acidente com Danos Materiais;306,3;BR-101/RJ;Norte;Choque - Defensa, barreira ou "submarino";1;;;;;;;;;;1;;;;
30/05/2021;23:10:00;161;3 - Acidente com Danos Materiais;289,32;BR-101/RJ;Sul;Tombamento;1;;;;;;;;;;1;;;;
30/05/2021;23:21:00;163;3 - Acidente com Danos Materiais;246,342;BR-101/RJ;Sul;Choque - Arvore;1;;;;;;;;;;1;;;;
30/05/2021;23:44:00;165;2 - Acidente com VITIMA;269,737;BR-101/RJ;Norte;Choque - Defensa, barreira ou "submarino";1;;;;;;;;;;0;;1;;
31/05/2021;00:09:00;3;3 - Acidente com Danos Materiais;305,95;BR-101/RJ;Sul;Choque - Defensa, barreira ou "submarino";1;;;;;;;;;;1;;;;
31/05/2021;02:09:00;9;3 - Acidente com Danos Materiais;83,609;BR-101/RJ;Norte;Choque - Defensa, barreira ou "submarino";1;;;;;;;;;;1;;;;
31/05/2021;11:23:00;91;3 - Acidente com Danos Materiais;231,359;BR-101/RJ;Norte;Choque - Defensa, barreira ou "submarino";;;;;;;;;;1;3;;;;
31/05/2021;12:33:00;98;2 - Acidente com VITIMA;314,133;BR-101/RJ;Norte;Tombamento;;;;1;;;;;;;0;1;;;
31/05/2021;17:36:00;139;3 - Acidente com Danos Materiais;297,001;BR-101/RJ;Norte;Colisão Lateral;1;;;;;;;;;1;2;;;;
31/05/2021;17:55:00;140;3 - Acidente com Danos Materiais;234,562;BR-101/RJ;Norte;Colisão Lateral;1;;1;;;;;;;;2;;;;
31/05/2021;20:29:00;162;3 - Acidente com Danos Materiais;12,86;BR-101/RJ;Sul;Choque - Elemento de Drenagem;1;;;;;;;;;;1;;;;
31/05/2021;21:33:00;169;2 - Acidente com VITIMA;310,103;BR-101/RJ;Sul;Atropelamento de Animal;;;;;;;;;;1;0;1;;;
01/06/2021;09:37:00;88;3 - Acidente com Danos Materiais;308,106;BR-101/RJ;Sul;Colisão Lateral;;;1;1;;;;;;;3;;;;
01/06/2021;11:35:00;111;3 - Acidente com Danos Materiais;79,5;BR-101/RJ;Sul;Colisão Lateral;1;;1;;;;;;;;2;;;;
01/06/2021;12:28:00;124;3 - Acidente com Danos Materiais;297,7;BR-101/RJ;Sul;Engavetamento;1;;1;;;1;;;;;4;;;;
01/06/2021;13:29:00;137;2 - Acidente com VITIMA;321,9;BR-101/RJ;Sul;Choque - Defensa, barreira ou "submarino";1;;;;;;;;;;0;1;;;
01/06/2021;16:50:00;175;2 - Acidente com VITIMA;66,494;BR-101/RJ;Sul;Colisão Transversal;1;;;1;;;;;;;1;1;;;
01/06/2021;21:53:00;211;1 - Acidente com Vitima Fatal;276,547;BR-101/RJ;Norte;Choque - Defensa, barreira ou "submarino";1;;;;;;;;;;1;2;;;1
02/06/2021;00:20:00;3;3 - Acidente com Danos Materiais;273,743;BR-101/RJ;Sul;Choque - Objeto sobre a pista;;;1;;;;;;;;1;;;;
02/06/2021;15:03:00;146;3 - Acidente com Danos Materiais;119,909;BR-101/RJ;Norte;Choque - Suporte de Sinalização;1;;;;;;;;;;2;;;;
02/06/2021;15:22:00;150;3 - Acidente com Danos Materiais;63,17;BR-101/RJ;Sul;Colisão Traseira;2;;;;;;;;;;2;;;;
02/06/2021;20:43:00;216;2 - Acidente com VITIMA;192,245;BR-101/RJ;Norte;Atropelamento - Outros;;1;;;;;;;;;1;2;;;
02/06/2021;23:26:00;237;2 - Acidente com VITIMA;72,4;BR-101/RJ;Norte;Choque - Suporte de Sinalização;;;;1;;;;;;;0;;1;;
03/06/2021;03:01:00;12;2 - Acidente com VITIMA;311,238;BR-101/RJ;Sul;Choque - Defensa, barreira ou "submarino";;;1;;;;;;;;0;1;;;
03/06/2021;08:12:00;42;2 - Acidente com VITIMA;307,639;BR-101/RJ;Norte;Choque - Defensa, barreira ou "submarino";;;;;1;;;;;;0;1;;;
03/06/2021;08:20:00;49;3 - Acidente com Danos Materiais;294,129;BR-101/RJ;Norte;Engavetamento;3;;;;;1;;;;;8;;;;
03/06/2021;09:08:00;63;2 - Acidente com VITIMA;67,318;BR-101/RJ;Sul;Colisão Traseira;2;;;;;;;;;;5;1;;;
03/06/2021;09:35:00;71;2 - Acidente com VITIMA;214,454;BR-101/RJ;Norte;Colisão Traseira;1;;1;;;;;;;;5;1;;;
03/06/2021;12:10:00;102;3 - Acidente com Danos Materiais;308,961;BR-101/RJ;Norte;Outros - Sequência;2;;1;;;;;;;;8;;;;
03/06/2021;13:56:00;116;3 - Acidente com Danos Materiais;319,665;BR-101/RJ;Sul;Choque - Defensa, barreira ou "submarino";1;;;;;;;;;;1;;;;
03/06/2021;15:00:00;123;3 - Acidente com Danos Materiais;182,091;BR-101/RJ;Norte;Colisão Lateral;1;;1;;;;;;;;3;;;;
03/06/2021;20:34:00;173;3 - Acidente com Danos Materiais;296,282;BR-101/RJ;Norte;Choque - Defensa, barreira ou "submarino";1;;;;;;;;;;1;;;;
04/06/2021;03:34:00;12;2 - Acidente com VITIMA;245,152;BR-101/RJ;Sul;Tombamento;;;1;;;;;;;;1;1;;;
04/06/2021;13:20:00;106;2 - Acidente com VITIMA;320,719;BR-101/RJ;Norte;Colisão Lateral;;;;1;;1;;;;;1;1;1;;
04/06/2021;18:31:00;155;3 - Acidente com Danos Materiais;277,552;BR-101/RJ;Norte;Colisão Lateral;2;;;;;;;;;;3;;;;
05/06/2021;10:03:00;54;2 - Acidente com VITIMA;224,384;BR-101/RJ;Sul;Tombamento;;;;1;;;;;;;0;2;;;
05/06/2021;13:01:00;86;2 - Acidente com VITIMA;217,886;BR-101/RJ;Sul;Colisão Traseira;1;;;;;;;;;1;1;4;;;
05/06/2021;17:46:00;123;2 - Acidente com VITIMA;59,49;BR-101/RJ;Norte;Colisão Transversal;;;1;1;;;;;;;0;2;;;
05/06/2021;18:09:00;125;3 - Acidente com Danos Materiais;287,24;BR-101/RJ;Norte;Objeto lançado contra veículo;2;;;;;;;;;;2;;;;
05/06/2021;19:01:00;132;2 - Acidente com VITIMA;60,25;BR-101/RJ;Norte;Colisão Transversal;;1;;1;;;;;;;0;2;;;
05/06/2021;21:57:00;153;2 - Acidente com VITIMA;292,129;BR-101/RJ;Sul;Outros - Sequência;1;;;1;;;;;;;0;5;;;
05/06/2021;23:40:00;160;2 - Acidente com VITIMA;297,799;BR-101/RJ;Sul;Saida de Pista;1;;;;;;;;;;0;;;1;
06/06/2021;01:26:00;5;2 - Acidente com VITIMA;51,144;BR-101/RJ;Sul;Colisão Frontal;1;;;;;;;;;1;1;2;1;;
06/06/2021;06:04:00;22;2 - Acidente com VITIMA;16,745;BR-101/RJ;Norte;Tombamento;;;1;;;;;;;;0;1;;;
06/06/2021;09:31:00;46;3 - Acidente com Danos Materiais;307,3;BR-101/RJ;Sul;Colisão Traseira;2;;;;;;;;;;9;;;;
06/06/2021;12:49:00;69;3 - Acidente com Danos Materiais;309,5;BR-101/RJ;Norte;Outros - Sequência;1;;1;;;1;;;;;6;;;;
06/06/2021;14:02:00;75;2 - Acidente com VITIMA;49,265;BR-101/RJ;Sul;Outros - Sequência;2;;;;;1;;;;;2;1;;;
06/06/2021;14:55:00;86;3 - Acidente com Danos Materiais;20,058;BR-101/RJ;Norte;Choque - Defensa, barreira ou "submarino";1;;;;;;;;;;2;;;;
06/06/2021;16:16:00;103;2 - Acidente com VITIMA;274,579;BR-101/RJ;Norte;Colisão Frontal;2;;;;;;;;;;3;2;1;;
06/06/2021;18:20:00;127;3 - Acidente com Danos Materiais;262,358;BR-101/RJ;Sul;Engavetamento;2;;;;1;;;;;;9;;;;
06/06/2021;23:00:00;185;3 - Acidente com Danos Materiais;295,404;BR-101/RJ;Norte;Choque - Outros;1;;;;;;;;;;4;;;;
07/06/2021;05:52:00;27;3 - Acidente com Danos Materiais;114,685;BR-101/RJ;Sul;Choque - Elemento de Drenagem;1;;;;;1;;;;;3;;;;
07/06/2021;07:13:00;38;2 - Acidente com VITIMA;318,262;BR-101/RJ;Sul;Colisão Lateral;1;;;1;;;;;;;1;1;;;
07/06/2021;07:14:00;40;3 - Acidente com Danos Materiais;315,738;BR-101/RJ;Sul;Colisão Traseira;2;;;;;;;;;;2;;;;
07/06/2021;07:22:00;43;2 - Acidente com VITIMA;317,292;BR-101/RJ;Sul;Colisão Lateral;;;;1;;1;;;;;1;;1;;
07/06/2021;07:17:00;44;3 - Acidente com Danos Materiais;118,058;BR-101/RJ;Norte;Colisão Traseira;;;1;;1;;;;;;4;;;;
07/06/2021;08:09:00;57;2 - Acidente com VITIMA;306,457;BR-101/RJ;Sul;Engavetamento;3;;;;;;;;;;6;2;;;
07/06/2021;08:21:00;63;2 - Acidente com VITIMA;309,2;BR-101/RJ;Sul;Colisão Lateral;;1;;;;;;;;1;1;;1;;
07/06/2021;17:14:00;174;3 - Acidente com Danos Materiais;297,883;BR-101/RJ;Sul;Colisão Lateral;1;;;;;1;;;;;2;;;;
08/06/2021;07:40:00;42;2 - Acidente com VITIMA;285,998;BR-101/RJ;Sul;Capotamento;1;;;;;;;;;;0;;1;;
08/06/2021;10:26:00;80;3 - Acidente com Danos Materiais;321,9;BR-101/RJ;Norte;Colisão Transversal;1;;1;;;;;;;;2;;;;
08/06/2021;18:56:00;167;3 - Acidente com Danos Materiais;297,8;BR-101/RJ;Norte;Colisão Lateral;1;;1;;;;;;;;2;;;;
09/06/2021;03:22:00;19;2 - Acidente com VITIMA;280,751;BR-101/RJ;Norte;Choque - Defensa, barreira ou "submarino";1;;;;;;;;;;1;1;;;
09/06/2021;05:47:00;26;3 - Acidente com Danos Materiais;241,97;BR-101/RJ;Sul;Colisão Traseira;2;;;;;;;;;;2;;;;
09/06/2021;08:14:00;50;3 - Acidente com Danos Materiais;226,05;BR-101/RJ;Sul;Colisão Traseira;1;;;;;;;;;1;3;;;;
09/06/2021;08:51:00;64;3 - Acidente com Danos Materiais;101,726;BR-101/RJ;Norte;Choque - Elemento de Drenagem;1;;;;;;;;;;2;;;;
09/06/2021;08:52:00;65;3 - Acidente com Danos Materiais;137,673;BR-101/RJ;Norte;Choque - Defensa, barreira ou "submarino";1;;;;;;;;;;3;;;;
09/06/2021;10:42:00;85;2 - Acidente com VITIMA;297,571;BR-101/RJ;Sul;Colisão Lateral;2;;;1;;;;;;;4;1;;;
09/06/2021;11:30:00;92;3 - Acidente com Danos Materiais;12,244;BR-101/RJ;Norte;Choque - Elemento de Drenagem;1;;;;;;;;;;3;;;;
09/06/2021;12:06:00;101;2 - Acidente com VITIMA;293,964;BR-101/RJ;Norte;Atropelamento - Ciclista;;1;;;;1;;;;;1;1;;;
09/06/2021;14:13:00;121;2 - Acidente com VITIMA;48,633;BR-101/RJ;Norte;Colisão Transversal;1;;;1;;;;;;;1;1;;;
09/06/2021;17:33:00;166;3 - Acidente com Danos Materiais;310,108;BR-101/RJ;Sul;Atropelamento de Animal;1;;;;;;;;;;1;;;;
09/06/2021;18:20:00;173;3 - Acidente com Danos Materiais;312,682;BR-101/RJ;Norte;Tombamento;;;;1;;;;;;;1;;;;
09/06/2021;19:49:00;184;3 - Acidente com Danos Materiais;299,7;BR-101/RJ;Sul;Colisão Traseira;2;;;;;;;;;;2;;;;
10/06/2021;04:05:00;13;2 - Acidente com VITIMA;320,916;BR-101/RJ;Sul;Tombamento;;;1;;;;;;;;0;1;;;
10/06/2021;04:22:00;14;2 - Acidente com VITIMA;279,277;BR-101/RJ;Norte;Capotamento;1;;;;;;;;;;0;1;;;
10/06/2021;06:38:00;28;3 - Acidente com Danos Materiais;248,913;BR-101/RJ;Sul;Colisão Lateral;;;1;;;;;;;1;2;;;;
10/06/2021;07:05:00;38;2 - Acidente com VITIMA;313,646;BR-101/RJ;Sul;Colisão Lateral;;;;1;;1;;;;;1;1;;;
10/06/2021;07:52:00;45;3 - Acidente com Danos Materiais;226,754;BR-101/RJ;Sul;Choque - Talude;1;;;;;;;;;;2;;;;
10/06/2021;08:31:00;57;3 - Acidente com Danos Materiais;318,013;BR-101/RJ;Sul;Colisão Lateral;2;;;;;;;;;;2;;;;
10/06/2021;09:13:00;71;2 - Acidente com VITIMA;297,353;BR-101/RJ;Sul;Engavetamento;4;;;;;;;;;;3;2;;;
10/06/2021;16:12:00;155;3 - Acidente com Danos Materiais;293,899;BR-101/RJ;Norte;Engavetamento;2;;;;;;;;;1;5;;;;
10/06/2021;16:43:00;163;3 - Acidente com Danos Materiais;158,2;BR-101/RJ;Norte;Colisão Traseira;2;;;;;;;;;;2;;;;
10/06/2021;16:46:00;164;2 - Acidente com VITIMA;308,7;BR-101/RJ;Norte;Colisão Traseira;;;;;;;;;;2;3;;1;;
10/06/2021;23:04:00;224;3 - Acidente com Danos Materiais;65,221;BR-101/RJ;Sul;Choque - Elemento de Drenagem;1;;;;;;;;;;2;;;;
11/06/2021;01:20:00;12;3 - Acidente com Danos Materiais;169,715;BR-101/RJ;Norte;Choque - Elemento de Drenagem;1;;;;;;;;;;4;;;;