data;horario;n_da_ocorrencia;tipo_de_ocorrencia;km;trecho;sentido;tipo_de_acidente;automovel;bicicleta;caminhao;moto;onibus;outros;tracao_animal;transporte_de_cargas_especiais;trator_maquinas;utilitarios;ilesos;levemente_feridos;moderadamente_feridos;gravemente_feridos;mortos
04/08/2021;03:58:00;12;3 - Acidente com Danos Materiais;307,474;BR-101/RJ;Sul;Choque - Talude;1;;;;;;;;;;1;;;;
04/08/2021;04:36:00;15;3 - Acidente com Danos Materiais;283,992;BR-101/RJ;Sul;Choque - Elemento de Drenagem;1;;;;;;;;;;1;;;;
04/08/2021;06:07:00;21;3 - Acidente com Danos Materiais;261,85;BR-101/RJ;Sul;Tombamento;;;;1;;;;;;;1;;;;
04/08/2021;06:14:00;23;3 - Acidente com Danos Materiais;310,787;BR-101/RJ;Sul;Colisão Traseira;;;1;;1;;;;;;2;;;;
04/08/2021;08:57:00;66;3 - Acidente com Danos Materiais;45,904;BR-101/RJ;Norte;Colisão Transversal;;;1;;;;;;;1;5;;;;
04/08/2021;09:50:00;89;3 - Acidente com Danos Materiais;192,838;BR-101/RJ;Norte;Colisão Traseira;2;;;;;;;;;;2;;;;
04/08/2021;11:20:00;109;2 - Acidente com VITIMA;281,991;BR-101/RJ;Norte;Colisão Traseira;;;;1;;;;;;1;2;1;;;
04/08/2021;13:04:00;124;2 - Acidente com VITIMA;150,901;BR-101/RJ;Sul;Capotamento;1;;;;;;;;;;0;1;;;
04/08/2021;14:32:00;136;2 - Acidente com VITIMA;311,879;BR-101/RJ;Norte;Colisão Transversal;;1;;;;;;;;1;1;;1;;
04/08/2021;16:29:00;157;3 - Acidente com Danos Materiais;319,694;BR-101/RJ;Norte;Colisão Traseira;2;;;;;;;;;;2;;;;
04/08/2021;19:15:00;186;3 - Acidente com Danos Materiais;157,967;BR-101/RJ;Sul;Choque - Defensa, barreira ou "submarino";1;;;;;;;;;;1;;;;
05/08/2021;00:38:00;6;3 - Acidente com Danos Materiais;60,849;BR-101/RJ;Norte;Colisão Transversal;1;;1;;;;;;;;3;;;;
05/08/2021;06:55:00;40;3 - Acidente com Danos Materiais;144,555;BR-101/RJ;Sul;Choque - Elemento de Drenagem;1;;;;;;;;;;1;;;;
05/08/2021;07:15:00;45;2 - Acidente com VITIMA;74,054;BR-101/RJ;Sul;Tombamento;1;;1;;;;;;;;2;1;;;
05/08/2021;18:16:00;160;3 - Acidente com Danos Materiais;263,695;BR-101/RJ;Sul;Atropelamento de Animal;1;;;;;;;;;;1;;;;
05/08/2021;22:41:00;195;2 - Acidente com VITIMA;46,628;BR-101/RJ;Sul;Colisão Transversal;2;;;;;;;;;;0;3;;;
06/08/2021;00:15:00;2;3 - Acidente com Danos Materiais;281,346;BR-101/RJ;Sul;Capotamento;;;;;;;;;;1;2;;;;
06/08/2021;05:47:00;23;3 - Acidente com Danos Materiais;169,096;BR-101/RJ;Sul;Choque - Defensa, barreira ou "submarino";1;;1;;;;;;;;4;;;;
06/08/2021;06:34:00;29;3 - Acidente com Danos Materiais;169,096;BR-101/RJ;Sul;Choque - Defensa, barreira ou "submarino";;;1;;;;;;;;1;;;;
06/08/2021;08:00:00;43;2 - Acidente com VITIMA;321,93;BR-101/RJ;Sul;Colisão Lateral;1;;;1;;;;;;;1;;2;;
06/08/2021;09:43:00;65;1 - Acidente com Vitima Fatal;92,882;BR-101/RJ;Sul;Queda;1;;;;;;;;;;0;;;;1
06/08/2021;09:57:00;67;3 - Acidente com Danos Materiais;192,83;BR-101/RJ;Sul;Colisão Traseira;1;;;;;1;;;;;5;;;;
06/08/2021;11:57:00;83;3 - Acidente com Danos Materiais;295,216;BR-101/RJ;Norte;Atropelamento - Ambulante;1;;;;;;;;;;6;;;;
06/08/2021;15:46:00;126;3 - Acidente com Danos Materiais;218,118;BR-101/RJ;Norte;Colisão Lateral;;;1;;;;;;;1;2;;;;
06/08/2021;17:46:00;150;2 - Acidente com VITIMA;313,41;BR-101/RJ;Norte;Colisão Traseira;2;;;;;;;;;;6;;1;;
07/08/2021;08:10:00;30;3 - Acidente com Danos Materiais;190,439;BR-101/RJ;Norte;Choque - Defensa, barreira ou "submarino";1;;;;;;;;;;1;;;;
07/08/2021;12:35:00;96;2 - Acidente com VITIMA;295,604;BR-101/RJ;Norte;Colisão Lateral;;;;1;;1;;;;;2;1;;;
07/08/2021;13:17:00;109;3 - Acidente com Danos Materiais;297,899;BR-101/RJ;Sul;Colisão Lateral;1;;;;1;;;;;;2;;;;
07/08/2021;16:05:00;144;2 - Acidente com VITIMA;312,771;BR-101/RJ;Norte;Colisão Lateral;;;;1;;1;;;;;1;1;;;
07/08/2021;17:11:00;160;2 - Acidente com VITIMA;293,143;BR-101/RJ;Sul;Capotamento;1;;;;;;;;;;0;1;;;
07/08/2021;18:13:00;179;3 - Acidente com Danos Materiais;303,905;BR-101/RJ;Norte;Colisão Lateral;1;;;1;;;;;;;2;;;;
07/08/2021;19:04:00;189;3 - Acidente com Danos Materiais;297,389;BR-101/RJ;Sul;Colisão Lateral;2;;1;;;;;;;;7;;;;
07/08/2021;23:42:00;215;3 - Acidente com Danos Materiais;144,587;BR-101/RJ;Sul;Choque - Defensa, barreira ou "submarino";1;;;;;;;;;;1;;;;
08/08/2021;00:50:00;5;3 - Acidente com Danos Materiais;225,2;BR-101/RJ;Sul;Choque - Defensa, barreira ou "submarino";;;1;;;;;;;;1;;;;
08/08/2021;02:30:00;10;2 - Acidente com VITIMA;173,036;BR-101/RJ;Sul;Choque - Talude;1;;;;;;;;;;0;1;;;
08/08/2021;02:30:00;11;2 - Acidente com VITIMA;295,573;BR-101/RJ;Norte;Choque - Outros;1;;;;;;;;;;0;1;;;
08/08/2021;07:23:00;37;3 - Acidente com Danos Materiais;282,936;BR-101/RJ;Sul;Choque - Defensa, barreira ou "submarino";1;;;;;;;;;;2;;;;
08/08/2021;11:25:00;71;2 - Acidente com VITIMA;321,084;BR-101/RJ;Sul;Capotamento;1;;;;;;;;;;0;1;;;
08/08/2021;11:52:00;78;3 - Acidente com Danos Materiais;296,753;BR-101/RJ;Norte;Colisão Traseira;2;;;;;;;;;;2;;;;
08/08/2021;13:00:00;86;3 - Acidente com Danos Materiais;283,5;BR-101/RJ;Norte;Choque - Outros;1;;;;;;;;;;1;;;;
08/08/2021;13:26:00;93;2 - Acidente com VITIMA;288,092;BR-101/RJ;Sul;Outros - Sequência;2;;;;;1;;;;;8;1;1;;
08/08/2021;13:31:00;97;3 - Acidente com Danos Materiais;311,43;BR-101/RJ;Sul;Engavetamento;1;;;;;2;;;;;5;;;;
08/08/2021;14:55:00;106;2 - Acidente com VITIMA;74,834;BR-101/RJ;Norte;Choque - Arvore;1;;;;;;;;;;3;2;;;
08/08/2021;15:16:00;111;3 - Acidente com Danos Materiais;76,087;BR-101/RJ;Sul;Colisão Traseira;1;;;;;1;;;;;4;;;;
08/08/2021;15:21:00;114;3 - Acidente com Danos Materiais;237,11;BR-101/RJ;Norte;Choque - Defensa, barreira ou "submarino";1;;;;;;;;;;1;;;;
08/08/2021;17:43:00;146;3 - Acidente com Danos Materiais;294,53;BR-101/RJ;Sul;Engavetamento;2;;;;;;;;;1;3;;;;
08/08/2021;18:04:00;151;3 - Acidente com Danos Materiais;318,882;BR-101/RJ;Norte;Atropelamento de Animal;2;;;;;;;;;;5;;;;
08/08/2021;18:13:00;153;3 - Acidente com Danos Materiais;45,663;BR-101/RJ;Norte;Choque - Defensa, barreira ou "submarino";1;;;;;;;;;;1;;;;
08/08/2021;21:49:00;185;2 - Acidente com VITIMA;120,5;BR-101/RJ;Sul;Colisão Traseira;2;;1;;;;;;;;1;3;1;;
08/08/2021;23:27:00;199;3 - Acidente com Danos Materiais;299,812;BR-101/RJ;Sul;Choque - Suporte de Sinalização;1;;;;;;;;;;1;;;;
09/08/2021;00:06:00;4;3 - Acidente com Danos Materiais;316,282;BR-101/RJ;Norte;Colisão Traseira;2;;;;;;;;;;3;;;;
09/08/2021;08:39:00;65;3 - Acidente com Danos Materiais;310,5;BR-101/RJ;Sul;Colisão Traseira;2;;;;;;;;;;3;;;;
09/08/2021;10:14:00;96;2 - Acidente com VITIMA;59,479;BR-101/RJ;Norte;Colisão Traseira;;;1;;;;;;;1;1;1;;;
09/08/2021;12:38:00;133;2 - Acidente com VITIMA;50,2;BR-101/RJ;Sul;Tombamento;;;;1;;;;;;;0;1;;;
09/08/2021;13:05:00;137;2 - Acidente com VITIMA;275,062;BR-101/RJ;Sul;Tombamento;;1;;;;;;;;;0;1;;;
09/08/2021;14:31:00;152;2 - Acidente com VITIMA;298,424;BR-101/RJ;Sul;Colisão Frontal;1;;;1;;;;;;;1;1;;;
09/08/2021;18:51:00;221;1 - Acidente com Vitima Fatal;198,901;BR-101/RJ;Norte;Colisão Traseira;;1;;;;;;;;1;1;;;;1
09/08/2021;20:23:00;236;3 - Acidente com Danos Materiais;264,888;BR-101/RJ;Sul;Saida de Pista;1;;;;;;;;;;2;;;;
10/08/2021;07:40:00;40;3 - Acidente com Danos Materiais;27,431;BR-101/RJ;Sul;Engavetamento;;;4;;;;;;;;7;;;;
10/08/2021;13:21:00;113;2 - Acidente com VITIMA;294,205;BR-101/RJ;Sul;Colisão Traseira;1;;;1;;;;;;;4;1;;;
10/08/2021;14:26:00;123;3 - Acidente com Danos Materiais;227,46;BR-101/RJ;Norte;Choque - Defensa, barreira ou "submarino";;;1;;;;;;;;1;;;;
10/08/2021;17:14:00;154;2 - Acidente com VITIMA;148,845;BR-101/RJ;Sul;Colisão Frontal;2;;;;;;;;;;1;1;2;2;
10/08/2021;17:50:00;167;3 - Acidente com Danos Materiais;60,1;BR-101/RJ;Sul;Atropelamento de Animal;;;;;;1;;;;;1;;;;
10/08/2021;18:05:00;169;3 - Acidente com Danos Materiais;192,869;BR-101/RJ;Norte;Colisão Lateral;1;;1;;;;;;;;2;;;;
10/08/2021;18:43:00;176;2 - Acidente com VITIMA;280,461;BR-101/RJ;Sul;Outros;;;;1;;1;;;;;1;;;1;
11/08/2021;01:07:00;8;1 - Acidente com Vitima Fatal;141,1;BR-101/RJ;Sul;Colisão Traseira;;;2;;;;;;;;2;;;;1
11/08/2021;01:40:00;10;3 - Acidente com Danos Materiais;174,4;BR-101/RJ;Norte;Capotamento;1;;;;;;;;;;1;;;;
11/08/2021;02:08:00;14;1 - Acidente com Vitima Fatal;239,79;BR-101/RJ;Sul;Outros - Sequência;1;;;;;;;;;1;3;1;;1;1
11/08/2021;08:00:00;45;2 - Acidente com VITIMA;208,113;BR-101/RJ;Sul;Colisão Frontal;1;;1;;;;;;;;1;;2;;
11/08/2021;17:37:00;155;3 - Acidente com Danos Materiais;298,6;BR-101/RJ;Sul;Colisão Transversal;;;1;;;;;;;1;3;;;;
11/08/2021;18:06:00;160;3 - Acidente com Danos Materiais;265,912;BR-101/RJ;Sul;Choque - Elemento de Drenagem;1;;;;;;;;;;1;;;;
11/08/2021;18:54:00;168;3 - Acidente com Danos Materiais;316,09;BR-101/RJ;Norte;Engavetamento;2;;;;;1;;;;;4;;;;
12/08/2021;02:36:00;6;3 - Acidente com Danos Materiais;320,684;BR-101/RJ;Sul;Choque - Defensa, barreira ou "submarino";1;;;;;;;;;;1;;;;
12/08/2021;04:49:00;9;3 - Acidente com Danos Materiais;304,606;BR-101/RJ;Sul;Saida de Pista;1;;;;;;;;;;1;;;;
12/08/2021;05:15:00;10;3 - Acidente com Danos Materiais;315,3;BR-101/RJ;Norte;Choque - Defensa, barreira ou "submarino";1;;;;;;;;;;6;;;;
12/08/2021;06:04:00;13;3 - Acidente com Danos Materiais;317,185;BR-101/RJ;Norte;Choque - Defensa, barreira ou "submarino";1;;;;;;;;;;2;;;;
12/08/2021;06:37:00;16;2 - Acidente com VITIMA;80,225;BR-101/RJ;Norte;Colisão Lateral;;;1;;;;;;;1;2;1;;;
12/08/2021;08:02:00;34;3 - Acidente com Danos Materiais;318,969;BR-101/RJ;Sul;Colisão Traseira;2;;;;;;;;;;4;;;;
12/08/2021;09:44:00;59;3 - Acidente com Danos Materiais;309,637;BR-101/RJ;Sul;Engavetamento;2;;;;;;;;;1;5;;;;
12/08/2021;11:58:00;83;3 - Acidente com Danos Materiais;192,838;BR-101/RJ;Sul;Choque - Defensa, barreira ou "submarino";;;1;;;;;;;;1;;;;
12/08/2021;13:14:00;91;3 - Acidente com Danos Materiais;210,1;BR-101/RJ;Sul;Choque - Defensa, barreira ou "submarino";1;;;;;;;;;;1;;;;
12/08/2021;13:24:00;93;3 - Acidente com Danos Materiais;228,25;BR-101/RJ;Norte;Choque - Defensa, barreira ou "submarino";1;;;;;;;;;;1;;;;
12/08/2021;14:25:00;101;2 - Acidente com VITIMA;195,319;BR-101/RJ;Sul;Choque - Defensa, barreira ou "submarino";1;;;;;;;;;;0;1;;;
12/08/2021;14:26:00;103;2 - Acidente com VITIMA;260,785;BR-101/RJ;Sul;Colisão Traseira;;;2;;;;;;;;1;1;;;
12/08/2021;15:25:00;110;3 - Acidente com Danos Materiais;228,442;BR-101/RJ;Norte;Choque - Defensa, barreira ou "submarino";1;;;;;;;;;;2;;;;
12/08/2021;17:48:00;130;3 - Acidente com Danos Materiais;306,58;BR-101/RJ;Sul;Colisão Traseira;1;;;;;1;;;;;4;;;;
12/08/2021;19:00:00;141;3 - Acidente com Danos Materiais;320,353;BR-101/RJ;Norte;Colisão Traseira;1;;;;;1;;;;;2;;;;
12/08/2021;20:51:00;156;2 - Acidente com VITIMA;273,445;BR-101/RJ;Norte;Colisão Traseira;;1;1;;;;;;;;2;;;1;
12/08/2021;23:47:00;169;2 - Acidente com VITIMA;88,579;BR-101/RJ;Norte;Choque - Defensa, barreira ou "submarino";1;;;;;;;;;;2;1;;;
13/08/2021;11:21:00;89;2 - Acidente com VITIMA;209,73;BR-101/RJ;Sul;Capotamento;1;;;;;;;;;;0;4;;;
13/08/2021;11:22:00;90;3 - Acidente com Danos Materiais;302,982;BR-101/RJ;Norte;Colisão Traseira;1;;;;;1;;;;;5;;;;
13/08/2021;11:39:00;92;2 - Acidente com VITIMA;309,62;BR-101/RJ;Sul;Colisão Lateral;1;;1;;;;;;;;2;;2;;
13/08/2021;15:04:00;123;3 - Acidente com Danos Materiais;217,998;BR-101/RJ;Norte;Colisão Traseira;1;;1;;;;;;;;2;;;;
13/08/2021;21:14:00;168;2 - Acidente com VITIMA;312,645;BR-101/RJ;Sul;Tombamento;;1;;;;;;;;;0;;1;;
13/08/2021;22:34:00;177;3 - Acidente com Danos Materiais;306,537;BR-101/RJ;Norte;Choque - Defensa, barreira ou "submarino";1;;;;;;;;;;1;;;;
14/08/2021;01:20:00;5;3 - Acidente com Danos Materiais;124,239;BR-101/RJ;Sul;Atropelamento de Animal;1;;;;;;;;;;2;;;;
14/08/2021;04:21:00;14;3 - Acidente com Danos Materiais;122,846;BR-101/RJ;Norte;Colisão Lateral;;;2;;;;;;;;3;;;;
14/08/2021;06:23:00;19;3 - Acidente com Danos Materiais;86,923;BR-101/RJ;Sul;Saida de Pista;1;;;;;;;;;;1;;;;
14/08/2021;06:26:00;20;3 - Acidente com Danos Materiais;58,388;BR-101/RJ;Norte;Colisão Traseira;1;;1;;;;;;;;3;;;;
14/08/2021;06:53:00;21;3 - Acidente com Danos Materiais;196,445;BR-101/RJ;Sul;Choque - Elemento de Drenagem;1;;;;;;;;;;1;;;;
14/08/2021;09:26:00;44;2 - Acidente com VITIMA;311,312;BR-101/RJ;Sul;Atropelamento - Outros;;;;;;1;;;;;1;;1;;
14/08/2021;09:41:00;51;3 - Acidente com Danos Materiais;139,907;BR-101/RJ;Sul;Choque - Elemento de Drenagem;1;;;;;;;;;;2;;;;
14/08/2021;10:18:00;59;2 - Acidente com VITIMA;262,089;BR-101/RJ;Norte;Capotamento;1;;;;;;;;;;1;1;;;
14/08/2021;11:54:00;72;2 - Acidente com VITIMA;194,131;BR-101/RJ;Sul;Choque - Talude;1;;;;;;;;;;2;;1;;
14/08/2021;12:14:00;74;2 - Acidente com VITIMA;297,925;BR-101/RJ;Sul;Tombamento;;;;1;;;;;;;0;1;;;
14/08/2021;13:26:00;83;3 - Acidente com Danos Materiais;261,122;BR-101/RJ;Norte;Choque - Defensa, barreira ou "submarino";1;;;;;;;;;;3;;;;
14/08/2021;13:49:00;89;3 - Acidente com Danos Materiais;261,792;BR-101/RJ;Norte;Choque - Poste;;;1;;;;;;;;2;;;;
14/08/2021;14:12:00;91;3 - Acidente com Danos Materiais;264,921;BR-101/RJ;Norte;Choque - Elemento de Drenagem;1;;;;;;;;;;2;;;;
14/08/2021;15:39:00;104;1 - Acidente com Vitima Fatal;50,195;BR-101/RJ;Sul;Choque - Defensa, barreira ou "submarino";;1;1;;;;;;;;0;;2;;2
14/08/2021;17:52:00;132;2 - Acidente com VITIMA;205,275;BR-101/RJ;Sul;Capotamento;1;;;;;;;;;;0;1;;;
14/08/2021;17:58:00;134;2 - Acidente com VITIMA;275,482;BR-101/RJ;Norte;Colisão Traseira;1;1;;;;;;;;;4;;1;;
14/08/2021;18:27:00;136;3 - Acidente com Danos Materiais;264,893;BR-101/RJ;Sul;Choque - Elemento de Drenagem;1;;;;;;;;;;1;;;;
14/08/2021;22:32:00;163;3 - Acidente com Danos Materiais;67,535;BR-101/RJ;Norte;Choque - Talude;1;;;;;;;;;;1;;;;
14/08/2021;23:03:00;166;3 - Acidente com Danos Materiais;263,375;BR-101/RJ;Norte;Atropelamento - Andarilho;;;;;;1;;;;;2;;;;
15/08/2021;01:27:00;8;3 - Acidente com Danos Materiais;263,9;BR-101/RJ;Norte;Choque - Elemento de Drenagem;1;;;;;;;;;;1;;;;
15/08/2021;02:23:00;12;3 - Acidente com Danos Materiais;274,322;BR-101/RJ;Sul;Atropelamento de Animal;1;;;;;;;;;;1;;;;
15/08/2021;12:35:00;63;2 - Acidente com VITIMA;288,495;BR-101/RJ;Sul;Colisão Lateral;1;;;;;;;;;1;1;4;;;
15/08/2021;19:01:00;115;2 - Acidente com VITIMA;233,55;BR-101/RJ;Sul;Choque - Defensa, barreira ou "submarino";1;;;;;;;;;;0;;1;;
15/08/2021;19:47:00;118;3 - Acidente com Danos Materiais;195,4;BR-101/RJ;Sul;Choque - Objeto sobre a pista;1;;;;;;;;;;1;;;;
15/08/2021;20:35:00;126;3 - Acidente com Danos Materiais;247,387;BR-101/RJ;Norte;Choque - Defensa, barreira ou "submarino";;;1;;;;;;;;1;;;;
16/08/2021;04:46:00;17;3 - Acidente com Danos Materiais;115,831;BR-101/RJ;Norte;Choque - Defensa, barreira ou "submarino";1;;;;;;;;;;1;;;;
16/08/2021;07:14:00;32;2 - Acidente com VITIMA;312,906;BR-101/RJ;Sul;Colisão Lateral;1;;;1;;;;;;;2;1;;;
16/08/2021;11:26:00;112;3 - Acidente com Danos Materiais;67,124;BR-101/RJ;Norte;Engavetamento;3;;;;;;;;;;4;;;;
16/08/2021;20:32:00;194;3 - Acidente com Danos Materiais;209,834;BR-101/RJ;Norte;Choque - Defensa, barreira ou "submarino";;;1;;;;;;;;1;;;;
17/08/2021;00:40:00;7;2 - Acidente com VITIMA;192,778;BR-101/RJ;Sul;Colisão Traseira;1;;1;;;;;;;;1;;1;;
17/08/2021;01:49:00;12;3 - Acidente com Danos Materiais;35,462;BR-101/RJ;Norte;Choque - Talude;;;1;;;;;;;;1;;;;
17/08/2021;06:45:00;28;3 - Acidente com Danos Materiais;306,688;BR-101/RJ;Sul;Colisão Lateral;1;;1;;;;;;;1;5;;;;
17/08/2021;10:02:00;100;2 - Acidente com VITIMA;269,136;BR-101/RJ;Norte;Colisão Traseira;2;;;;;;;;;;2;1;2;;
17/08/2021;16:06:00;179;3 - Acidente com Danos Materiais;298,01;BR-101/RJ;Norte;Colisão Traseira;1;;;;1;;;;;;2;;;;
18/08/2021;03:20:00;6;3 - Acidente com Danos Materiais;143,87;BR-101/RJ;Sul;Tombamento;;;;;;;;;;1;3;;;;
18/08/2021;10:29:00;87;3 - Acidente com Danos Materiais;54,85;BR-101/RJ;Norte;Colisão Traseira;;;1;;;1;;;;;2;;;;
18/08/2021;16:38:00;169;3 - Acidente com Danos Materiais;294,809;BR-101/RJ;Sul;Colisão Traseira;1;;1;;;;;;;;3;;;;
18/08/2021;17:05:00;173;3 - Acidente com Danos Materiais;298,312;BR-101/RJ;Sul;Colisão Traseira;1;;1;;;;;;;;2;;;;
18/08/2021;17:30:00;178;3 - Acidente com Danos Materiais;317,161;BR-101/RJ;Norte;Colisão Traseira;2;;;;;;;;;;2;;;;
18/08/2021;18:08:00;190;2 - Acidente com VITIMA;77,613;BR-101/RJ;Sul;Engavetamento;1;;1;;1;;;;;;2;11;1;;
18/08/2021;18:59:00;195;3 - Acidente com Danos Materiais;297,418;BR-101/RJ;Sul;Colisão Traseira;;;;1;1;;;;;;2;;;;
19/08/2021;05:43:00;21;2 - Acidente com VITIMA;48,331;BR-101/RJ;Norte;Colisão Transversal;;;1;;;;;;;1;1;2;;;
19/08/2021;08:07:00;48;2 - Acidente com VITIMA;321,684;BR-101/RJ;Sul;Colisão Traseira;2;;;;;;;;;;2;2;;;
19/08/2021;10:12:00;95;2 - Acidente com VITIMA;56,415;BR-101/RJ;Norte;Engavetamento;1;;;;;1;;;;1;3;1;1;;
19/08/2021;21:19:00;207;2 - Acidente com VITIMA;274,506;BR-101/RJ;Sul;Colisão Traseira;1;;;;;1;;;;;1;1;;;
19/08/2021;23:52:00;221;2 - Acidente com VITIMA;273,31;BR-101/RJ;Norte;Colisão Traseira;2;;;;;;;;;;0;3;;;
20/08/2021;06:51:00;35;3 - Acidente com Danos Materiais;62,26;BR-101/RJ;Sul;Choque - Suporte de Sinalização;1;;;;;;;;;;1;;;;
20/08/2021;08:34:00;64;2 - Acidente com VITIMA;311,544;BR-101/RJ;Norte;Capotamento;1;;;;;;;;;;0;;1;;
20/08/2021;10:00:00;102;3 - Acidente com Danos Materiais;78,269;BR-101/RJ;Sul;Choque - Outros;;;1;;;;;;;;1;;;;
20/08/2021;18:58:00;207;2 - Acidente com VITIMA;316,467;BR-101/RJ;Norte;Engavetamento;2;;;;;;;;;1;3;;2;;
20/08/2021;23:20:00;240;2 - Acidente com VITIMA;320,953;BR-101/RJ;Norte;Choque - Defensa, barreira ou "submarino";;;;;1;;;;;;0;8;2;;
21/08/2021;04:54:00;18;2 - Acidente com VITIMA;56,95;BR-101/RJ;Sul;Atropelamento - Outros;;;;1;;;;;;;0;2;1;;
21/08/2021;05:00:00;20;3 - Acidente com Danos Materiais;293,188;BR-101/RJ;Norte;Choque - Defensa, barreira ou "submarino";1;;;;;;;;;;1;;;;
21/08/2021;05:52:00;24;3 - Acidente com Danos Materiais;11,961;BR-101/RJ;Norte;Atropelamento de Animal;1;;;;;;;;;;1;;;;
21/08/2021;11:40:00;62;3 - Acidente com Danos Materiais;214,568;BR-101/RJ;Norte;Colisão Traseira;;;;;;1;;;;1;18;;;;
21/08/2021;16:18:00;103;3 - Acidente com Danos Materiais;312,651;BR-101/RJ;Sul;Engavetamento;3;;;;;1;;;;;8;;;;
21/08/2021;18:44:00;138;3 - Acidente com Danos Materiais;254,476;BR-101/RJ;Sul;Atropelamento de Animal;1;;;;;;;;;;2;;;;
22/08/2021;00:25:00;5;3 - Acidente com Danos Materiais;271,916;BR-101/RJ;Norte;Tombamento;;;;1;;;;;;;1;;;;
22/08/2021;02:49:00;20;3 - Acidente com Danos Materiais;297,94;BR-101/RJ;Sul;Choque - Outros;1;;;;;;;;;;1;;;;
22/08/2021;15:59:00;114;3 - Acidente com Danos Materiais;291,576;BR-101/RJ;Sul;Engavetamento;3;;;;;;;;;;3;;;;
22/08/2021;16:32:00;117;3 - Acidente com Danos Materiais;292,437;BR-101/RJ;Sul;Colisão Traseira;1;;;;;1;;;;;6;;;;
22/08/2021;16:46:00;120;2 - Acidente com VITIMA;308,082;BR-101/RJ;Sul;Colisão Lateral;2;;;;;;;;;;1;;1;;
22/08/2021;20:41:00;169;1 - Acidente com Vitima Fatal;118,378;BR-101/RJ;Norte;Colisão Traseira;;;;1;;;;;;1;5;;;;1
23/08/2021;07:50:00;27;3 - Acidente com Danos Materiais;297,891;BR-101/RJ;Norte;Colisão Lateral;1;;1;;;;;;;;2;;;;
23/08/2021;11:15:00;74;2 - Acidente com VITIMA;71,449;BR-101/RJ;Norte;Engavetamento;4;;;;;1;;;;;5;1;;;
23/08/2021;12:31:00;90;3 - Acidente com Danos Materiais;319,964;BR-101/RJ;Sul;Choque - Defensa, barreira ou "submarino";1;;;;;;;;;;4;;;;
23/08/2021;13:39:00;100;3 - Acidente com Danos Materiais;297,704;BR-101/RJ;Norte;Choque - Defensa, barreira ou "submarino";1;;;;;;;;;;1;;;;
23/08/2021;16:42:00;144;2 - Acidente com VITIMA;65,7;BR-101/RJ;Norte;Colisão Frontal;;;;1;;;;;;1;2;;1;;
24/08/2021;00:37:00;5;3 - Acidente com Danos Materiais;217,993;BR-101/RJ;Sul;Choque - Elemento de Drenagem;;;1;;;;;;;;2;;;;
24/08/2021;09:44:00;84;2 - Acidente com VITIMA;316,726;BR-101/RJ;Sul;Colisão Traseira;1;;1;;;;;;;;3;;1;;
24/08/2021;09:53:00;87;2 - Acidente com VITIMA;293,772;BR-101/RJ;Sul;Engavetamento;2;;;;;;;;;1;2;;1;;
24/08/2021;14:26:00;135;2 - Acidente com VITIMA;62,156;BR-101/RJ;Norte;Colisão Traseira;;1;1;;;;;;;;1;;;1;
24/08/2021;14:53:00;139;2 - Acidente com VITIMA;311,63;BR-101/RJ;Norte;Colisão Traseira;1;;;1;;;;;;;2;;1;;
24/08/2021;20:10:00;196;3 - Acidente com Danos Materiais;295,97;BR-101/RJ;Sul;Atropelamento de Animal;1;;;;;;;;;;1;;;;
25/08/2021;05:38:00;12;2 - Acidente com VITIMA;318,315;BR-101/RJ;Sul;Tombamento;;1;;;;;;;;;0;;1;;
25/08/2021;07:47:00;37;3 - Acidente com Danos Materiais;319,728;BR-101/RJ;Sul;Engavetamento;3;;;;;;;;;;4;;;;
25/08/2021;15:02:00;139;3 - Acidente com Danos Materiais;289,534;BR-101/RJ;Norte;Colisão Traseira;2;;;;;;;;;;2;;;;
25/08/2021;16:23:00;157;3 - Acidente com Danos Materiais;311,297;BR-101/RJ;Norte;Colisão Traseira;2;;;;;;;;;;2;;;;
25/08/2021;16:30:00;159;3 - Acidente com Danos Materiais;66,544;BR-101/RJ;Norte;Colisão Traseira;2;;;;;;;;;;2;;;;