data;horario;n_da_ocorrencia;tipo_de_ocorrencia;km;trecho;sentido;tipo_de_acidente;automovel;bicicleta;caminhao;moto;onibus;outros;tracao_animal;transporte_de_cargas_especiais;trator_maquinas;utilitarios;ilesos;levemente_feridos;moderadamente_feridos;gravemente_feridos;mortos
25/08/2021;16:28:00;162;3 - Acidente com Danos Materiais;311,297;BR-101/RJ;Norte;Colisão Lateral;2;;;;;;;;;;4;;;;
25/08/2021;18:07:00;180;2 - Acidente com VITIMA;293,36;BR-101/RJ;Sul;Tombamento;;;;1;;;;;;;1;;1;;
25/08/2021;18:45:00;183;3 - Acidente com Danos Materiais;303,107;BR-101/RJ;Sul;Choque - Defensa, barreira ou "submarino";;;;;;;;;;1;1;;;;
25/08/2021;20:49:00;204;2 - Acidente com VITIMA;59,438;BR-101/RJ;Norte;Colisão Transversal;;;;1;1;;;;;;1;2;;;
26/08/2021;14:39:00;153;3 - Acidente com Danos Materiais;297,759;BR-101/RJ;Norte;Colisão Lateral;1;;1;;;;;;;;2;;;;
26/08/2021;19:39:00;205;2 - Acidente com VITIMA;277,483;BR-101/RJ;Norte;Tombamento;1;;;;;;;;;;0;;2;;
26/08/2021;20:36:00;213;2 - Acidente com VITIMA;58,9;BR-101/RJ;Norte;Colisão Lateral;1;;;1;;;;;;;1;1;1;;
27/08/2021;13:20:00;127;2 - Acidente com VITIMA;183,8;BR-101/RJ;Norte;Choque - Suporte de Sinalização;;;1;;;;;;;;1;1;;;
27/08/2021;16:13:00;155;2 - Acidente com VITIMA;49,673;BR-101/RJ;Norte;Tombamento;;;;1;;;;;;;1;1;;;
27/08/2021;16:29:00;158;2 - Acidente com VITIMA;260,233;BR-101/RJ;Norte;Colisão Transversal;1;;;1;;;;;;;1;1;;;
27/08/2021;21:42:00;203;3 - Acidente com Danos Materiais;293,24;BR-101/RJ;Sul;Colisão Lateral;1;;;1;;;;;;;2;;;;
27/08/2021;22:21:00;208;3 - Acidente com Danos Materiais;316,508;BR-101/RJ;Sul;Choque - Defensa, barreira ou "submarino";1;;;;;;;;;;1;;;;
28/08/2021;01:14:00;7;3 - Acidente com Danos Materiais;65,786;BR-101/RJ;Sul;Saida de Pista;1;;;;;;;;;;1;;;;
28/08/2021;05:05:00;20;2 - Acidente com VITIMA;61,263;BR-101/RJ;Sul;Outros;;;;1;;1;;;;;1;;;1;
28/08/2021;10:06:00;62;3 - Acidente com Danos Materiais;317,683;BR-101/RJ;Sul;Tombamento;;;;1;;;;;;;1;;;;
28/08/2021;10:15:00;67;3 - Acidente com Danos Materiais;276,281;BR-101/RJ;Norte;Colisão Traseira;2;;;;;;;;;;2;;;;
28/08/2021;18:59:00;146;2 - Acidente com VITIMA;261,649;BR-101/RJ;Norte;Choque - Defensa, barreira ou "submarino";1;;;;;;;;;;0;2;;;
29/08/2021;03:26:00;14;2 - Acidente com VITIMA;289,421;BR-101/RJ;Sul;Choque - Defensa, barreira ou "submarino";2;;;;;;;;;;0;2;1;;
29/08/2021;05:17:00;20;3 - Acidente com Danos Materiais;304,751;BR-101/RJ;Norte;Colisão Traseira;2;;;;;;;;;;2;;;;
29/08/2021;07:40:00;34;2 - Acidente com VITIMA;297,969;BR-101/RJ;Norte;Choque - Elemento de Drenagem;1;;;;;1;;;;;2;1;;;
29/08/2021;11:24:00;55;3 - Acidente com Danos Materiais;320,411;BR-101/RJ;Sul;Colisão Lateral;2;;;;;;;;;;2;;;;
29/08/2021;15:39:00;91;2 - Acidente com VITIMA;303,963;BR-101/RJ;Norte;Choque - Defensa, barreira ou "submarino";2;;;;;;;;;1;3;1;;;
29/08/2021;17:43:00;117;3 - Acidente com Danos Materiais;291,145;BR-101/RJ;Sul;Engavetamento;3;;;;;1;;;;;9;;;;
29/08/2021;19:05:00;131;2 - Acidente com VITIMA;307,099;BR-101/RJ;Norte;Colisão Traseira;1;;;;;1;;;;;2;1;;;
29/08/2021;19:28:00;136;2 - Acidente com VITIMA;311,193;BR-101/RJ;Norte;Colisão Traseira;1;;;;;1;;;;;2;1;;;
29/08/2021;19:37:00;137;2 - Acidente com VITIMA;311,648;BR-101/RJ;Norte;Colisão Traseira;2;;;;;;;;;;2;;2;;
29/08/2021;19:45:00;138;3 - Acidente com Danos Materiais;320,853;BR-101/RJ;Norte;Colisão Lateral;1;;;;;1;;;;;5;;;;
29/08/2021;20:21:00;143;3 - Acidente com Danos Materiais;264,877;BR-101/RJ;Sul;Choque - Elemento de Drenagem;1;;;;;;;;;;3;;;;
29/08/2021;21:16:00;153;2 - Acidente com VITIMA;313,687;BR-101/RJ;Norte;Colisão Traseira;2;;;;;;;;;;1;1;;;
30/08/2021;02:18:00;10;2 - Acidente com VITIMA;298,763;BR-101/RJ;Norte;Choque - Suporte de Sinalização;1;;;;;;;;;;0;1;;;
30/08/2021;05:10:00;19;3 - Acidente com Danos Materiais;262,625;BR-101/RJ;Sul;Choque - Defensa, barreira ou "submarino";1;;;;;;;;;;3;;;;
30/08/2021;07:20:00;35;3 - Acidente com Danos Materiais;207,784;BR-101/RJ;Norte;Capotamento;;;;;;;;;;1;1;;;;
30/08/2021;09:28:00;73;2 - Acidente com VITIMA;282,465;BR-101/RJ;Sul;Saida de Pista;1;;;;;;;;;;0;1;;;
30/08/2021;09:47:00;78;3 - Acidente com Danos Materiais;57,695;BR-101/RJ;Sul;Engavetamento;1;;;;;2;;;;;3;;;;
30/08/2021;10:54:00;93;3 - Acidente com Danos Materiais;293,237;BR-101/RJ;Sul;Colisão Traseira;2;;;;;;;;;;2;;;;
30/08/2021;11:02:00;95;3 - Acidente com Danos Materiais;265,63;BR-101/RJ;Sul;Colisão Lateral;2;;;;;;;;;;2;;;;
30/08/2021;12:11:00;116;2 - Acidente com VITIMA;59,409;BR-101/RJ;Norte;Engavetamento;3;;;;;;;;;;4;2;;;
30/08/2021;13:12:00;125;3 - Acidente com Danos Materiais;307,5;BR-101/RJ;Norte;Colisão Traseira;2;;;;;;;;;;2;;;;
30/08/2021;13:51:00;142;2 - Acidente com VITIMA;300,982;BR-101/RJ;Norte;Colisão Traseira;1;;1;;;;;;;;1;3;;;
30/08/2021;16:11:00;168;2 - Acidente com VITIMA;307,946;BR-101/RJ;Norte;Colisão Traseira;2;;;;;;;;;;4;;1;;
30/08/2021;18:14:00;189;2 - Acidente com VITIMA;64,004;BR-101/RJ;Norte;Atropelamento - Andarilho;;;;;1;;;;;;1;;;1;
30/08/2021;22:55:00;212;3 - Acidente com Danos Materiais;261,05;BR-101/RJ;Sul;Choque - Defensa, barreira ou "submarino";1;;;;;;;;;;2;;;;
31/08/2021;00:25:00;4;3 - Acidente com Danos Materiais;267,5;BR-101/RJ;Sul;Atropelamento de Animal;;;1;;;;;;;;1;;;;
31/08/2021;02:45:00;11;3 - Acidente com Danos Materiais;241,5;BR-101/RJ;Norte;Colisão Lateral;2;;;;;;;;;;4;;;;
31/08/2021;07:10:00;33;3 - Acidente com Danos Materiais;311,001;BR-101/RJ;Sul;Colisão Lateral;;;1;;1;;;;;;2;;;;
31/08/2021;07:13:00;34;3 - Acidente com Danos Materiais;196,002;BR-101/RJ;Sul;Choque - Defensa, barreira ou "submarino";1;;;;;;;;;;1;;;;
31/08/2021;08:10:00;51;3 - Acidente com Danos Materiais;208,1;BR-101/RJ;Norte;Saida de Pista;1;;;;;;;;;;1;;;;
31/08/2021;09:05:00;68;3 - Acidente com Danos Materiais;205,002;BR-101/RJ;Norte;Colisão Traseira;;;1;;;;;;;1;3;;;;
31/08/2021;09:46:00;79;3 - Acidente com Danos Materiais;195,003;BR-101/RJ;Sul;Choque - Defensa, barreira ou "submarino";1;;;;;;;;;;3;;;;
31/08/2021;14:10:00;120;2 - Acidente com VITIMA;104,007;BR-101/RJ;Sul;Capotamento;;;;;;;;;;1;0;2;;;
31/08/2021;23:21:00;181;3 - Acidente com Danos Materiais;104,007;BR-101/RJ;Sul;Choque - Elemento de Drenagem;;;1;;;;;;;;2;;;;
01/09/2021;01:43:00;30;3 - Acidente com Danos Materiais;195,499;BR-101/RJ;Norte;Saida de Pista;;;2;;;;;;;;3;;;;
01/09/2021;05:21:00;38;3 - Acidente com Danos Materiais;311,3;BR-101/RJ;Norte;Atropelamento de Animal;1;;;;;;;;;;1;;;;
01/09/2021;07:39:00;53;3 - Acidente com Danos Materiais;312,007;BR-101/RJ;Sul;Colisão Traseira;2;;;;;;;;;;4;;;;
01/09/2021;07:40:00;54;3 - Acidente com Danos Materiais;139,772;BR-101/RJ;Sul;Saida de Pista;1;;;;;;;;;;1;;;;
01/09/2021;08:06:00;62;2 - Acidente com VITIMA;312,021;BR-101/RJ;Sul;Atropelamento - Andarilho;;;;1;;;;;;;2;;1;;
01/09/2021;09:07:00;80;3 - Acidente com Danos Materiais;93,006;BR-101/RJ;Norte;Choque - Defensa, barreira ou "submarino";1;;;;;;;;;;1;;;;
01/09/2021;10:07:00;100;2 - Acidente com VITIMA;238,964;BR-101/RJ;Sul;Choque - Defensa, barreira ou "submarino";1;;;;;;;;;;0;1;;;
01/09/2021;12:56:00;121;3 - Acidente com Danos Materiais;276,006;BR-101/RJ;Sul;Colisão Transversal;1;;;;;1;;;;;2;;;;
01/09/2021;15:53:00;150;3 - Acidente com Danos Materiais;101,008;BR-101/RJ;Norte;Tombamento;1;;;;;;;;;;2;;;;
02/09/2021;07:00:00;21;2 - Acidente com VITIMA;312,004;BR-101/RJ;Sul;Colisão Traseira;1;;;1;;;;;;;2;1;;;
02/09/2021;11:46:00;119;2 - Acidente com VITIMA;297,58;BR-101/RJ;Norte;Colisão Lateral;;;;1;1;;;;;;1;;1;;
02/09/2021;13:47:00;141;3 - Acidente com Danos Materiais;297,5;BR-101/RJ;Sul;Colisão Transversal;1;;1;;;;;;;;2;;;;
02/09/2021;19:47:00;198;3 - Acidente com Danos Materiais;297,162;BR-101/RJ;Norte;Colisão Lateral;1;;1;;;1;;;;;3;;;;
03/09/2021;06:51:00;27;3 - Acidente com Danos Materiais;297,006;BR-101/RJ;Norte;Colisão Lateral;1;;1;;;;;;;;2;;;;
03/09/2021;06:53:00;29;3 - Acidente com Danos Materiais;319,002;BR-101/RJ;Norte;Atropelamento de Animal;;;;;;;;;;1;1;;;;
03/09/2021;07:44:00;43;3 - Acidente com Danos Materiais;294,7;BR-101/RJ;Sul;Colisão Lateral;;;2;;;;;;;;5;;;;
03/09/2021;09:48:00;83;3 - Acidente com Danos Materiais;314,003;BR-101/RJ;Norte;Choque - Defensa, barreira ou "submarino";1;;;;;;;;;;2;;;;
03/09/2021;11:03:00;102;3 - Acidente com Danos Materiais;286,008;BR-101/RJ;Norte;Colisão Traseira;;;1;;1;;;;;;2;;;;
03/09/2021;13:21:00;129;2 - Acidente com VITIMA;192,005;BR-101/RJ;Sul;Atropelamento - Morador;1;;;;;;;;;;1;1;;;
03/09/2021;14:28:00;143;3 - Acidente com Danos Materiais;313,792;BR-101/RJ;Norte;Colisão Traseira;2;;;;;;;;;;4;;;;
03/09/2021;15:14:00;159;3 - Acidente com Danos Materiais;296,002;BR-101/RJ;Norte;Colisão Traseira;2;;;;;;;;;;2;;;;
03/09/2021;15:47:00;165;3 - Acidente com Danos Materiais;316,5;BR-101/RJ;Norte;Colisão Traseira;1;;;;;1;;;;;2;;;;
03/09/2021;17:30:00;194;2 - Acidente com VITIMA;321,5;BR-101/RJ;Norte;Colisão Lateral;;;;1;1;;;;;;1;1;;;
03/09/2021;18:44:00;209;2 - Acidente com VITIMA;62,005;BR-101/RJ;Norte;Engavetamento;2;;;;;1;;;;;5;1;;;
03/09/2021;19:07:00;215;2 - Acidente com VITIMA;294,006;BR-101/RJ;Norte;Atropelamento - Outros;;;;1;;;;;;;1;;2;;
03/09/2021;19:28:00;217;2 - Acidente com VITIMA;263,004;BR-101/RJ;Norte;Outros;;;;2;;1;;;;;1;1;1;;
03/09/2021;19:54:00;225;2 - Acidente com VITIMA;263,15;BR-101/RJ;Sul;Colisão Lateral;;;;1;;1;;;;;1;;1;;
04/09/2021;05:05:00;28;3 - Acidente com Danos Materiais;297,005;BR-101/RJ;Sul;Choque - Defensa, barreira ou "submarino";1;;;;;;;;;;1;;;;
04/09/2021;08:24:00;48;2 - Acidente com VITIMA;307,001;BR-101/RJ;Norte;Colisão Traseira;1;;;1;;;;;;;3;1;;;
04/09/2021;08:30:00;54;3 - Acidente com Danos Materiais;295,752;BR-101/RJ;Norte;Engavetamento;3;;;;;;;;;;10;;;;
04/09/2021;17:33:00;166;2 - Acidente com VITIMA;309,002;BR-101/RJ;Sul;Atropelamento - Outros;;;;1;;;;;;;0;1;;1;
04/09/2021;23:01:00;208;2 - Acidente com VITIMA;230,4;BR-101/RJ;Norte;Choque - Defensa, barreira ou "submarino";1;;;;;;;;;;3;1;;;
05/09/2021;00:43:00;4;2 - Acidente com VITIMA;78,006;BR-101/RJ;Sul;Colisão Traseira;2;;;;;;;;;;2;1;;;
05/09/2021;04:29:00;21;3 - Acidente com Danos Materiais;293,006;BR-101/RJ;Sul;Choque - Suporte de Sinalização;1;;;;;;;;;;2;;;;
05/09/2021;07:11:00;32;3 - Acidente com Danos Materiais;282,007;BR-101/RJ;Sul;Choque - Defensa, barreira ou "submarino";1;;;;;;;;;;2;;;;
05/09/2021;10:54:00;72;3 - Acidente com Danos Materiais;87,007;BR-101/RJ;Norte;Choque - Outros;1;;;;;;;;;;2;;;;
05/09/2021;12:43:00;83;3 - Acidente com Danos Materiais;303,007;BR-101/RJ;Norte;Choque - Suporte de Sinalização;1;;;;;;;;;;1;;;;
05/09/2021;13:58:00;108;3 - Acidente com Danos Materiais;299,7;BR-101/RJ;Sul;Colisão Lateral;2;;;;;;;;;;2;;;;
05/09/2021;15:05:00;109;1 - Acidente com Vitima Fatal;180,5;BR-101/RJ;Norte;Colisão Transversal;1;;1;;;;;;;;2;;1;;3
05/09/2021;17:49:00;140;1 - Acidente com Vitima Fatal;56,3;BR-101/RJ;Norte;Colisão Traseira;2;;;1;;;;;;;5;;1;;1
05/09/2021;21:53:00;170;3 - Acidente com Danos Materiais;295,004;BR-101/RJ;Norte;Choque - Outros;1;;;;;;;;;;2;;;;
05/09/2021;22:10:00;173;3 - Acidente com Danos Materiais;305,007;BR-101/RJ;Norte;Choque - Defensa, barreira ou "submarino";1;;;;;;;;;;1;;;;
05/09/2021;23:33:00;187;3 - Acidente com Danos Materiais;196,007;BR-101/RJ;Sul;Choque - Defensa, barreira ou "submarino";1;;;;;;;;;;3;;;;
06/09/2021;00:18:00;5;3 - Acidente com Danos Materiais;217,002;BR-101/RJ;Norte;Saida de Pista;1;;;;;;;;;;1;;;;
06/09/2021;01:19:00;12;3 - Acidente com Danos Materiais;301,001;BR-101/RJ;Norte;Choque - Defensa, barreira ou "submarino";1;;;;;;;;;;2;;;;
06/09/2021;03:25:00;15;3 - Acidente com Danos Materiais;212,004;BR-101/RJ;Norte;Choque - Objeto sobre a pista;1;;1;;;;;;;;5;;;;
06/09/2021;06:42:00;29;2 - Acidente com VITIMA;264,001;BR-101/RJ;Norte;Colisão Transversal;2;;;;;;;;;;3;1;;;
06/09/2021;07:03:00;35;3 - Acidente com Danos Materiais;264,001;BR-101/RJ;Norte;Colisão Traseira;1;;1;;;;;;;;2;;;;
06/09/2021;09:18:00;69;3 - Acidente com Danos Materiais;240,165;BR-101/RJ;Sul;Choque - Defensa, barreira ou "submarino";1;;;;;1;;;;;2;;;;
06/09/2021;10:12:00;84;2 - Acidente com VITIMA;63,239;BR-101/RJ;Sul;Colisão Traseira;1;;;1;;;;;;;1;1;;;
06/09/2021;11:22:00;97;2 - Acidente com VITIMA;293,003;BR-101/RJ;Norte;Colisão Lateral;1;;;1;;;;;;1;3;1;;;
06/09/2021;16:57:00;150;2 - Acidente com VITIMA;66,4;BR-101/RJ;Norte;Outros;;1;;1;;;;;;;0;1;1;;
06/09/2021;18:17:00;162;1 - Acidente com Vitima Fatal;140,3;BR-101/RJ;Sul;Atropelamento - Outros;2;;;;;;;;;;6;1;;;1
06/09/2021;18:52:00;168;3 - Acidente com Danos Materiais;314,7;BR-101/RJ;Norte;Colisão Traseira;1;;;1;;;;;;;3;;;;
06/09/2021;19:02:00;169;2 - Acidente com VITIMA;315,143;BR-101/RJ;Sul;Colisão Traseira;;;;1;1;;;;;;1;;1;;
06/09/2021;19:09:00;170;3 - Acidente com Danos Materiais;314,601;BR-101/RJ;Norte;Colisão Lateral;;;;;;1;;;;1;4;;;;
06/09/2021;19:46:00;173;2 - Acidente com VITIMA;319,2;BR-101/RJ;Norte;Atropelamento de Animal;;;;1;;;;;;;0;2;;;
06/09/2021;20:27:00;180;2 - Acidente com VITIMA;72,15;BR-101/RJ;Sul;Outros;;;1;1;;;;;;;2;1;;;
06/09/2021;20:35:00;183;2 - Acidente com VITIMA;310,501;BR-101/RJ;Norte;Colisão Traseira;2;;;;;;;;;;0;3;;;
07/09/2021;21:32:00;136;3 - Acidente com Danos Materiais;205,3;BR-101/RJ;Sul;Choque - Defensa, barreira ou "submarino";1;;;;;;;;;;5;;;;
07/09/2021;21:33:00;137;3 - Acidente com Danos Materiais;297,006;BR-101/RJ;Sul;Colisão Traseira;1;;;;;1;;;;;3;;;;
08/09/2021;07:54:00;57;2 - Acidente com VITIMA;306,005;BR-101/RJ;Sul;Colisão Traseira;1;;1;1;;;;;;;3;1;;;
08/09/2021;17:54:00;168;3 - Acidente com Danos Materiais;297,3;BR-101/RJ;Sul;Colisão Traseira;1;;1;;;;;;;;4;;;;
08/09/2021;22:51:00;204;3 - Acidente com Danos Materiais;279,199;BR-101/RJ;Sul;Choque - Outros;1;;;;;;;;;;1;;;;
08/09/2021;23:30:00;213;3 - Acidente com Danos Materiais;311,001;BR-101/RJ;Norte;Atropelamento de Animal;1;;;;;;;;;;1;;;;
09/09/2021;09:49:00;73;3 - Acidente com Danos Materiais;318,1;BR-101/RJ;Sul;Colisão Traseira;2;;;;;;;;;;4;;;;
09/09/2021;10:51:00;84;2 - Acidente com VITIMA;284,004;BR-101/RJ;Sul;Colisão Traseira;1;;;;;1;;;;;3;;1;;
10/09/2021;08:17:00;69;2 - Acidente com VITIMA;134,007;BR-101/RJ;Norte;Tombamento;;;;1;;;;;;;0;;1;;
10/09/2021;14:45:00;138;2 - Acidente com VITIMA;57,6;BR-101/RJ;Norte;Colisão Traseira;1;;;1;;;;;;;1;1;;;
10/09/2021;16:50:00;159;2 - Acidente com VITIMA;49,301;BR-101/RJ;Norte;Colisão Transversal;;;1;1;;;;;;;1;;1;;
10/09/2021;18:14:00;175;3 - Acidente com Danos Materiais;289,565;BR-101/RJ;Sul;Colisão Traseira;1;;1;;;;;;;;2;;;;
10/09/2021;19:06:00;187;3 - Acidente com Danos Materiais;264,602;BR-101/RJ;Sul;Choque - Elemento de Drenagem;1;;;;;;;;;;2;;;;
10/09/2021;19:49:00;193;3 - Acidente com Danos Materiais;321,5;BR-101/RJ;Norte;Colisão Lateral;2;;;;;;;;;;2;;;;
10/09/2021;20:31:00;199;3 - Acidente com Danos Materiais;312,1;BR-101/RJ;Norte;Colisão Traseira;1;;;1;;;;;;;2;;;;
11/09/2021;05:07:00;13;3 - Acidente com Danos Materiais;317,668;BR-101/RJ;Norte;Choque - Outros;1;;;;;;;;;;1;;;;
11/09/2021;09:05:00;37;2 - Acidente com VITIMA;193,7;BR-101/RJ;Norte;Tombamento;;;;1;;;;;;;1;1;;;
11/09/2021;19:46:00;124;3 - Acidente com Danos Materiais;313,649;BR-101/RJ;Norte;Atropelamento de Animal;1;;;;;;;;;;2;;;;
11/09/2021;20:15:00;127;3 - Acidente com Danos Materiais;313,317;BR-101/RJ;Norte;Atropelamento de Animal;1;;;;;;;;;;2;;;;
12/09/2021;00:06:00;3;1 - Acidente com Vitima Fatal;19,872;BR-101/RJ;Norte;Colisão Frontal;1;;;;1;;;;;;48;;;;1
12/09/2021;01:47:00;8;2 - Acidente com VITIMA;272,4;BR-101/RJ;Sul;Colisão Lateral;1;;1;;;;;;;;2;1;1;;
12/09/2021;04:06:00;15;3 - Acidente com Danos Materiais;321,432;BR-101/RJ;Norte;Choque - Defensa, barreira ou "submarino";1;;;;;;;;;;1;;;;
12/09/2021;04:47:00;17;3 - Acidente com Danos Materiais;116,8;BR-101/RJ;Norte;Choque - Suporte de Sinalização;1;;;;;;;;;;1;;;;
12/09/2021;05:25:00;18;3 - Acidente com Danos Materiais;116,8;BR-101/RJ;Norte;Choque - Veiculo parado na pista;1;;;;;;;;;;1;;;;
12/09/2021;05:39:00;19;3 - Acidente com Danos Materiais;297,507;BR-101/RJ;Sul;Choque - Elemento de Drenagem;1;;;;;;;;;;1;;;;
12/09/2021;08:41:00;36;3 - Acidente com Danos Materiais;95,002;BR-101/RJ;Norte;Choque - Defensa, barreira ou "submarino";1;;;;;;;;;;1;;;;
12/09/2021;15:45:00;100;3 - Acidente com Danos Materiais;316,662;BR-101/RJ;Sul;Engavetamento;4;;;;;;;;;;14;;;;
12/09/2021;16:44:00;109;3 - Acidente com Danos Materiais;314,001;BR-101/RJ;Sul;Engavetamento;5;;;;;1;;;;;15;;;;
12/09/2021;17:44:00;117;2 - Acidente com VITIMA;55,1;BR-101/RJ;Sul;Colisão Traseira;;;;1;;1;;;;;1;1;;;
12/09/2021;18:47:00;127;2 - Acidente com VITIMA;290,212;BR-101/RJ;Sul;Engavetamento;5;;;;;;;;;;15;3;;;
12/09/2021;19:23:00;132;2 - Acidente com VITIMA;303,6;BR-101/RJ;Norte;Engavetamento;1;1;;1;;;;;;;1;1;1;;
12/09/2021;22:22:00;153;2 - Acidente com VITIMA;87,7;BR-101/RJ;Norte;Capotamento;1;;;;;;;;;;0;;1;;
12/09/2021;22:45:00;159;2 - Acidente com VITIMA;269,1;BR-101/RJ;Norte;Colisão Traseira;2;;;;;;;;;;3;;1;;
12/09/2021;22:59:00;161;2 - Acidente com VITIMA;305,4;BR-101/RJ;Norte;Choque - Defensa, barreira ou "submarino";1;;;;;;;;;;0;;1;;
13/09/2021;06:31:00;23;2 - Acidente com VITIMA;314,006;BR-101/RJ;Sul;Colisão Traseira;;;;1;;1;;;;;1;1;;;
13/09/2021;06:55:00;33;2 - Acidente com VITIMA;234,004;BR-101/RJ;Sul;Colisão Lateral;1;;;;;1;;;;;1;1;;;
13/09/2021;07:18:00;44;3 - Acidente com Danos Materiais;137,004;BR-101/RJ;Norte;Atropelamento de Animal;;;;;;1;;;;;1;;;;
13/09/2021;07:33:00;50;2 - Acidente com VITIMA;18,2;BR-101/RJ;Norte;Tombamento;;;;1;;;;;;;0;2;;;
13/09/2021;07:36:00;51;3 - Acidente com Danos Materiais;307,008;BR-101/RJ;Sul;Engavetamento;3;;;;;;;;;;3;;;;
13/09/2021;13:13:00;148;2 - Acidente com VITIMA;175,002;BR-101/RJ;Sul;Colisão Lateral;1;;;1;;;;;;;3;2;;;
13/09/2021;15:00:00;163;2 - Acidente com VITIMA;252,89;BR-101/RJ;Sul;Colisão Traseira;;;1;1;;;;;;;1;1;;;
13/09/2021;17:15:00;195;2 - Acidente com VITIMA;129,729;BR-101/RJ;Sul;Choque - Defensa, barreira ou "submarino";1;;;;;;;;;;1;1;;;
13/09/2021;19:09:00;218;3 - Acidente com Danos Materiais;320,795;BR-101/RJ;Norte;Engavetamento;3;;;;;;;;;;4;;;;
14/09/2021;08:33:00;68;3 - Acidente com Danos Materiais;321,21;BR-101/RJ;Sul;Colisão Traseira;1;;;1;;;;;;;2;;;;
14/09/2021;22:40:00;212;2 - Acidente com VITIMA;253,456;BR-101/RJ;Norte;Choque - Defensa, barreira ou "submarino";;;;1;;;;;;;0;;1;;
15/09/2021;00:33:00;4;3 - Acidente com Danos Materiais;271,499;BR-101/RJ;Sul;Atropelamento de Animal;1;;;;;;;;;;2;;;;
15/09/2021;05:25:00;16;2 - Acidente com VITIMA;64,031;BR-101/RJ;Sul;Colisão Transversal;1;;1;;;;;;;;0;1;;2;
15/09/2021;06:15:00;19;3 - Acidente com Danos Materiais;320,206;BR-101/RJ;Sul;Engavetamento;5;;1;;;;;;;;9;;;;
15/09/2021;08:27:00;60;3 - Acidente com Danos Materiais;297,45;BR-101/RJ;Sul;Colisão Traseira;2;;;;;;;;;;2;;;;
15/09/2021;08:35:00;63;3 - Acidente com Danos Materiais;297,785;BR-101/RJ;Norte;Colisão Lateral;1;;1;;;;;;;;2;;;;
15/09/2021;15:37:00;135;3 - Acidente com Danos Materiais;311,69;BR-101/RJ;Norte;Colisão Traseira;2;;;;;;;;;;7;;;;
15/09/2021;15:37:00;139;3 - Acidente com Danos Materiais;311,69;BR-101/RJ;Norte;Colisão Traseira;2;;;;;;;;;;6;;;;
15/09/2021;19:06:00;170;2 - Acidente com VITIMA;319,636;BR-101/RJ;Norte;Colisão Lateral;1;;;1;;;;;;;2;2;;;
15/09/2021;19:15:00;172;2 - Acidente com VITIMA;265,667;BR-101/RJ;Norte;Choque - Defensa, barreira ou "submarino";1;;;;;;;;;;0;1;;;
15/09/2021;22:01:00;197;3 - Acidente com Danos Materiais;305,885;BR-101/RJ;Norte;Colisão Lateral;1;;;;;1;;;;;3;;;;
15/09/2021;23:14:00;203;2 - Acidente com VITIMA;234,589;BR-101/RJ;Norte;Colisão Lateral;1;;1;;;;;;;;1;4;;;
15/09/2021;23:15:00;204;2 - Acidente com VITIMA;16,863;BR-101/RJ;Norte;Tombamento;;;1;;;;;;;;1;1;;;
16/09/2021;01:43:00;7;3 - Acidente com Danos Materiais;82,88;BR-101/RJ;Sul;Colisão Traseira;;;2;;;;;;;;2;;;;
16/09/2021;07:18:00;29;2 - Acidente com VITIMA;192,83;BR-101/RJ;Norte;Objeto lançado contra veículo;;1;;;;;;;;;0;1;;;
16/09/2021;08:44:00;48;3 - Acidente com Danos Materiais;315,218;BR-101/RJ;Sul;Colisão Lateral;1;;1;;;1;;;;;3;;;;
16/09/2021;10:39:00;73;3 - Acidente com Danos Materiais;196,275;BR-101/RJ;Sul;Choque - Defensa, barreira ou "submarino";1;;;;;;;;;;2;;;;
16/09/2021;15:40:00;117;2 - Acidente com VITIMA;218,057;BR-101/RJ;Sul;Choque - Elemento de Drenagem;;;;;;;;;;1;0;1;;;
17/09/2021;00:55:00;5;2 - Acidente com VITIMA;293,35;BR-101/RJ;Sul;Tombamento;;;1;;;;;;;;0;2;;;