data;horario;n_da_ocorrencia;tipo_de_ocorrencia;km;trecho;sentido;tipo_de_acidente;automovel;bicicleta;caminhao;moto;onibus;outros;tracao_animal;transporte_de_cargas_especiais;trator_maquinas;utilitarios;ilesos;levemente_feridos;moderadamente_feridos;gravemente_feridos;mortos
10/10/2021;22:32:00;141;3 - Acidente com Danos Materiais;199,403;BR-101/RJ;Norte;Choque - Defensa, barreira ou "submarino";;;1;;;;;;;;1;;;;
10/10/2021;23:23:00;145;3 - Acidente com Danos Materiais;73,778;BR-101/RJ;Norte;Colisão Lateral;1;;1;;;;;;;;2;;;;
10/10/2021;23:58:00;147;2 - Acidente com VITIMA;275,397;BR-101/RJ;Norte;Capotamento;1;;;;;1;;;;;2;1;;;
11/10/2021;03:50:00;5;2 - Acidente com VITIMA;313,099;BR-101/RJ;Sul;Colisão Lateral;1;;1;;;;;;;;1;1;;;
11/10/2021;08:55:00;44;3 - Acidente com Danos Materiais;293,462;BR-101/RJ;Sul;Choque - Defensa, barreira ou "submarino";1;;;;;;;;;;1;;;;
11/10/2021;09:59:00;56;2 - Acidente com VITIMA;92,818;BR-101/RJ;Norte;Choque - Defensa, barreira ou "submarino";1;;;;;;;;;;2;1;;;
11/10/2021;12:31:00;82;3 - Acidente com Danos Materiais;14,213;BR-101/RJ;Sul;Choque - Arvore;;;1;;;;;;;;1;;;;
11/10/2021;14:04:00;91;3 - Acidente com Danos Materiais;252,142;BR-101/RJ;Sul;Capotamento;1;;;;;;;;;;1;;;;
11/10/2021;14:36:00;98;3 - Acidente com Danos Materiais;92,895;BR-101/RJ;Sul;Choque - Defensa, barreira ou "submarino";1;;;;;;;;;;1;;;;
11/10/2021;16:13:00;113;3 - Acidente com Danos Materiais;268,711;BR-101/RJ;Sul;Choque - Elemento de Drenagem;;;1;;;;;;;;3;;;;
11/10/2021;16:57:00;121;3 - Acidente com Danos Materiais;198,263;BR-101/RJ;Norte;Choque - Defensa, barreira ou "submarino";1;;;;;;;;;;2;;;;
11/10/2021;17:23:00;126;2 - Acidente com VITIMA;195,3;BR-101/RJ;Sul;Choque - Defensa, barreira ou "submarino";1;;;;;;;;;;0;1;;;
11/10/2021;20:12:00;153;3 - Acidente com Danos Materiais;295,467;BR-101/RJ;Norte;Choque - Defensa, barreira ou "submarino";1;;;;;;;;;;3;;;;
11/10/2021;21:34:00;168;3 - Acidente com Danos Materiais;92,8;BR-101/RJ;Norte;Choque - Defensa, barreira ou "submarino";1;;;;;;;;;;3;;;;
12/10/2021;06:30:00;14;2 - Acidente com VITIMA;261,794;BR-101/RJ;Sul;Choque - Defensa, barreira ou "submarino";1;;;;;;;;;;0;2;;;
12/10/2021;06:37:00;15;3 - Acidente com Danos Materiais;308,85;BR-101/RJ;Norte;Atropelamento de Animal;1;;;;;;;;;;5;;;;
12/10/2021;06:39:00;16;3 - Acidente com Danos Materiais;209,796;BR-101/RJ;Norte;Capotamento;1;;;;;;;;;;1;;;;
12/10/2021;07:06:00;18;3 - Acidente com Danos Materiais;282,99;BR-101/RJ;Sul;Choque - Defensa, barreira ou "submarino";2;;;;;;;;;;3;;;;
12/10/2021;07:47:00;21;3 - Acidente com Danos Materiais;196,271;BR-101/RJ;Sul;Choque - Defensa, barreira ou "submarino";1;;;;;;;;;;4;;;;
12/10/2021;09:42:00;37;3 - Acidente com Danos Materiais;316,476;BR-101/RJ;Sul;Colisão Traseira;2;;;;;;;;;;2;;;;
12/10/2021;11:26:00;53;2 - Acidente com VITIMA;144,184;BR-101/RJ;Sul;Choque - Defensa, barreira ou "submarino";;;;;;;;;;1;2;2;;;
12/10/2021;11:26:00;59;3 - Acidente com Danos Materiais;144,184;BR-101/RJ;Sul;Colisão Traseira;1;;1;;;;;;;;6;;;;
12/10/2021;13:47:00;79;2 - Acidente com VITIMA;99,593;BR-101/RJ;Norte;Choque - Defensa, barreira ou "submarino";1;;;;;;;;;;0;2;;;
12/10/2021;15:44:00;102;3 - Acidente com Danos Materiais;277,225;BR-101/RJ;Sul;Engavetamento;3;;;;;;;;;;8;;;;
12/10/2021;18:21:00;129;3 - Acidente com Danos Materiais;123,128;BR-101/RJ;Norte;Colisão Traseira;1;;1;;;;;;;;2;;;;
12/10/2021;18:47:00;137;3 - Acidente com Danos Materiais;265,5;BR-101/RJ;Sul;Saida de Pista;1;;;;;;;;;;1;;;;
12/10/2021;23:14:00;157;2 - Acidente com VITIMA;276,278;BR-101/RJ;Norte;Atropelamento - Morador;;;;;;1;;;;;1;;;1;
13/10/2021;05:07:00;14;2 - Acidente com VITIMA;317,943;BR-101/RJ;Sul;Colisão Traseira;2;;;;;;;;;;2;1;;;
13/10/2021;09:26:00;69;2 - Acidente com VITIMA;308,098;BR-101/RJ;Sul;Colisão Traseira;1;;;1;;;;;;;1;1;;;
13/10/2021;11:54:00;102;3 - Acidente com Danos Materiais;297,904;BR-101/RJ;Sul;Choque - Defensa, barreira ou "submarino";1;;;;;;;;;;5;;;;
13/10/2021;15:54:00;144;3 - Acidente com Danos Materiais;321,9;BR-101/RJ;Sul;Colisão Lateral;1;;;2;;;;;;;3;;;;
13/10/2021;18:01:00;172;3 - Acidente com Danos Materiais;103,35;BR-101/RJ;Sul;Choque - Talude;1;;;;;;;;;;1;;;;
13/10/2021;18:38:00;184;2 - Acidente com VITIMA;197,486;BR-101/RJ;Norte;Colisão Transversal;2;;;;;;;;;;1;1;;;
13/10/2021;19:54:00;198;3 - Acidente com Danos Materiais;76,255;BR-101/RJ;Norte;Atropelamento de Animal;;;1;;;;;;;;1;;;;
14/10/2021;01:39:00;4;2 - Acidente com VITIMA;235,809;BR-101/RJ;Sul;Choque - Defensa, barreira ou "submarino";1;;;;;;;;;;0;1;;;
14/10/2021;08:20:00;49;3 - Acidente com Danos Materiais;278,409;BR-101/RJ;Norte;Colisão Lateral;2;;;;;;;;;;2;;;;
14/10/2021;15:11:00;133;2 - Acidente com VITIMA;76,759;BR-101/RJ;Sul;Tombamento;;;;1;;;;;;;0;1;;;
14/10/2021;18:33:00;167;3 - Acidente com Danos Materiais;66,782;BR-101/RJ;Norte;Engavetamento;2;;;;;1;;;;;3;;;;
14/10/2021;20:32:00;189;3 - Acidente com Danos Materiais;290,475;BR-101/RJ;Sul;Choque - Defensa, barreira ou "submarino";1;;;;;;;;;;6;;;;
14/10/2021;22:52:00;206;2 - Acidente com VITIMA;317,963;BR-101/RJ;Sul;Choque - Defensa, barreira ou "submarino";1;;;;;;;;;;0;1;;;
15/10/2021;06:28:00;17;3 - Acidente com Danos Materiais;253,742;BR-101/RJ;Norte;Choque - Defensa, barreira ou "submarino";1;;;;;;;;;;1;;;;
15/10/2021;07:15:00;26;3 - Acidente com Danos Materiais;209,644;BR-101/RJ;Sul;Choque - Defensa, barreira ou "submarino";1;;;;;;;;;;1;;;;
15/10/2021;10:55:00;93;2 - Acidente com VITIMA;273,544;BR-101/RJ;Norte;Colisão Lateral;1;;;1;;;;;;;1;1;;;
15/10/2021;13:14:00;124;3 - Acidente com Danos Materiais;283,016;BR-101/RJ;Sul;Choque - Defensa, barreira ou "submarino";1;;;;;;;;;;2;;;;
15/10/2021;14:32:00;142;2 - Acidente com VITIMA;318,813;BR-101/RJ;Norte;Tombamento;;;;1;;;;;;;0;1;;;
15/10/2021;14:39:00;144;3 - Acidente com Danos Materiais;291,162;BR-101/RJ;Sul;Colisão Traseira;2;;;;;;;;;;5;;;;
15/10/2021;19:46:00;207;3 - Acidente com Danos Materiais;310,01;BR-101/RJ;Norte;Engavetamento;2;;;;1;;;;;;3;;;;
16/10/2021;02:20:00;10;3 - Acidente com Danos Materiais;32,97;BR-101/RJ;Sul;Choque - Elemento de Drenagem;1;;;;;;;;;;1;;;;
16/10/2021;14:49:00;113;3 - Acidente com Danos Materiais;190,524;BR-101/RJ;Sul;Choque - Defensa, barreira ou "submarino";;;1;;;;;;;;1;;;;
16/10/2021;21:55:00;168;3 - Acidente com Danos Materiais;288,846;BR-101/RJ;Sul;Colisão Lateral;1;;;;;1;;;;;8;;;;
16/10/2021;23:27:00;177;2 - Acidente com VITIMA;216,772;BR-101/RJ;Sul;Colisão Frontal;1;;;1;;;;;;;2;1;1;;
16/10/2021;23:43:00;179;1 - Acidente com Vitima Fatal;227,309;BR-101/RJ;Sul;Atropelamento - Outros;1;;;;;;;;;;2;;;;1
17/10/2021;00:54:00;4;3 - Acidente com Danos Materiais;297,31;BR-101/RJ;Sul;Tombamento;;;;1;;;;;;;2;;;;
17/10/2021;01:26:00;6;3 - Acidente com Danos Materiais;74,105;BR-101/RJ;Sul;Colisão Traseira;2;;;;;;;;;;2;;;;
17/10/2021;01:50:00;9;3 - Acidente com Danos Materiais;277,586;BR-101/RJ;Norte;Choque - Elemento de Drenagem;1;;;;;;;;;;2;;;;
17/10/2021;04:36:00;17;3 - Acidente com Danos Materiais;321,053;BR-101/RJ;Norte;Choque - Defensa, barreira ou "submarino";1;;;;;;;;;;5;;;;
17/10/2021;16:37:00;110;3 - Acidente com Danos Materiais;295,7;BR-101/RJ;Norte;Tombamento;1;;;;;;;;;;2;;;;
17/10/2021;17:55:00;121;3 - Acidente com Danos Materiais;305,001;BR-101/RJ;Sul;Colisão Traseira;2;;;;;;;;;;2;;;;
17/10/2021;20:38:00;141;3 - Acidente com Danos Materiais;83,606;BR-101/RJ;Norte;Choque - Defensa, barreira ou "submarino";1;;;;;;;;;;5;;;;
17/10/2021;21:37:00;147;3 - Acidente com Danos Materiais;293,18;BR-101/RJ;Sul;Engavetamento;2;;;;;;;;;1;12;;;;
17/10/2021;23:07:00;159;3 - Acidente com Danos Materiais;271,041;BR-101/RJ;Norte;Atropelamento de Animal;;;1;;;;;;;;2;;;;
17/10/2021;23:07:00;161;3 - Acidente com Danos Materiais;271,042;BR-101/RJ;Norte;Atropelamento de Animal;1;;;;;;;;;;1;;;;
18/10/2021;08:38:00;52;2 - Acidente com VITIMA;265,676;BR-101/RJ;Sul;Atropelamento - Ciclista;1;1;;;;;;;;;1;1;;;
18/10/2021;12:15:00;94;3 - Acidente com Danos Materiais;308,089;BR-101/RJ;Sul;Engavetamento;1;;;;;2;;;;;4;;;;
18/10/2021;13:53:00;105;3 - Acidente com Danos Materiais;299,598;BR-101/RJ;Sul;Colisão Traseira;1;;;;;1;;;;;3;;;;
18/10/2021;17:45:00;125;3 - Acidente com Danos Materiais;291,1;BR-101/RJ;Sul;Engavetamento;2;;;;;;;;;1;7;;;;
18/10/2021;18:54:00;139;3 - Acidente com Danos Materiais;289,339;BR-101/RJ;Sul;Saida de Pista;1;;;;;;;;;;5;;;;
18/10/2021;20:23:00;147;3 - Acidente com Danos Materiais;312,984;BR-101/RJ;Norte;Choque - Defensa, barreira ou "submarino";1;;;;;;;;;;1;;;;
18/10/2021;21:15:00;153;3 - Acidente com Danos Materiais;295,406;BR-101/RJ;Norte;Choque - Defensa, barreira ou "submarino";1;;;;;;;;;;1;;;;
18/10/2021;21:54:00;162;3 - Acidente com Danos Materiais;302,114;BR-101/RJ;Sul;Choque - Defensa, barreira ou "submarino";1;;;;;;;;;;1;;;;
19/10/2021;04:59:00;18;3 - Acidente com Danos Materiais;99,9;BR-101/RJ;Sul;Choque - Elemento de Drenagem;;;1;;;;;;;;1;;;;
19/10/2021;07:45:00;35;3 - Acidente com Danos Materiais;266,065;BR-101/RJ;Norte;Choque - Defensa, barreira ou "submarino";1;;;;;;;;;;1;;;;
19/10/2021;08:56:00;53;2 - Acidente com VITIMA;229,787;BR-101/RJ;Sul;Choque - Defensa, barreira ou "submarino";1;;;;;;;;;;0;2;;;
19/10/2021;13:17:00;92;3 - Acidente com Danos Materiais;282,743;BR-101/RJ;Norte;Colisão Lateral;1;;;;;1;;;;;2;;;;
19/10/2021;17:34:00;128;3 - Acidente com Danos Materiais;163,596;BR-101/RJ;Norte;Saida de Pista;1;;;;;;;;;;1;;;;
19/10/2021;18:08:00;133;2 - Acidente com VITIMA;316,512;BR-101/RJ;Norte;Engavetamento;2;;;;;;;;;1;3;1;;;
19/10/2021;18:14:00;137;3 - Acidente com Danos Materiais;314,727;BR-101/RJ;Norte;Choque - Defensa, barreira ou "submarino";1;;;;;;;;;;1;;;;
19/10/2021;18:43:00;141;2 - Acidente com VITIMA;295,339;BR-101/RJ;Sul;Colisão Traseira;;;1;1;;;;;;;1;1;;;
19/10/2021;19:22:00;146;3 - Acidente com Danos Materiais;70,619;BR-101/RJ;Norte;Colisão Traseira;;;2;;;;;;;;2;;;;
19/10/2021;22:27:00;170;3 - Acidente com Danos Materiais;304,105;BR-101/RJ;Norte;Saida de Pista;1;;;;;;;;;;1;;;;
20/10/2021;00:23:00;3;2 - Acidente com VITIMA;144,385;BR-101/RJ;Sul;Tombamento;;;;1;;;;;;;0;1;;;
20/10/2021;06:20:00;30;3 - Acidente com Danos Materiais;198,9;BR-101/RJ;Norte;Choque - Defensa, barreira ou "submarino";1;;;;;;;;;;1;;;;
20/10/2021;06:30:00;31;3 - Acidente com Danos Materiais;92,696;BR-101/RJ;Sul;Choque - Suporte de Sinalização;1;;;;;;;;;;2;;;;
20/10/2021;07:08:00;34;3 - Acidente com Danos Materiais;229,9;BR-101/RJ;Norte;Saida de Pista;1;;;;;;;;;;2;;;;
20/10/2021;17:23:00;129;3 - Acidente com Danos Materiais;247,427;BR-101/RJ;Norte;Choque - Elemento de Drenagem;1;;;;;;;;;;2;;;;
20/10/2021;22:03:00;181;3 - Acidente com Danos Materiais;6,5;BR-101/RJ;Norte;Choque - Outros;;;1;;;;;;;;1;;;;
21/10/2021;02:24:00;19;3 - Acidente com Danos Materiais;297,616;BR-101/RJ;Norte;Choque - Suporte de Sinalização;1;;;;;;;;;;1;;;;
21/10/2021;04:21:00;28;3 - Acidente com Danos Materiais;235,498;BR-101/RJ;Sul;Choque - Talude;;;1;;;;;;;;1;;;;
21/10/2021;09:41:00;93;3 - Acidente com Danos Materiais;312,32;BR-101/RJ;Sul;Colisão Traseira;2;;;;;;;;;;2;;;;
22/10/2021;02:35:00;13;3 - Acidente com Danos Materiais;103,6;BR-101/RJ;Norte;Colisão Traseira;;;2;;;;;;;;2;;;;
22/10/2021;07:00:00;36;3 - Acidente com Danos Materiais;209,792;BR-101/RJ;Norte;Tombamento;;;1;;;;;;;;1;;;;
22/10/2021;18:58:00;181;3 - Acidente com Danos Materiais;240,95;BR-101/RJ;Sul;Choque - Objeto sobre a pista;1;;;;;;;;;;1;;;;
22/10/2021;19:06:00;184;3 - Acidente com Danos Materiais;240,29;BR-101/RJ;Sul;Choque - Objeto sobre a pista;1;;;;;;;;;;2;;;;
22/10/2021;19:06:00;185;3 - Acidente com Danos Materiais;240,95;BR-101/RJ;Sul;Choque - Objeto sobre a pista;1;;;;;;;;;;2;;;;
22/10/2021;19:06:00;186;3 - Acidente com Danos Materiais;240,95;BR-101/RJ;Sul;Choque - Objeto sobre a pista;1;;;;;;;;;;3;;;;
22/10/2021;20:02:00;203;2 - Acidente com VITIMA;309,959;BR-101/RJ;Sul;Colisão Traseira;2;;;;;;;;;;2;;1;;
23/10/2021;01:04:00;7;3 - Acidente com Danos Materiais;144,8;BR-101/RJ;Norte;Choque - Defensa, barreira ou "submarino";;;1;;;;;;;;2;;;;
23/10/2021;05:15:00;20;3 - Acidente com Danos Materiais;102,046;BR-101/RJ;Norte;Atropelamento de Animal;1;;;;;;;;;;1;;;;
23/10/2021;08:19:00;47;3 - Acidente com Danos Materiais;113,656;BR-101/RJ;Sul;Choque - Defensa, barreira ou "submarino";1;;;;;;;;;;5;;;;
23/10/2021;16:15:00;138;2 - Acidente com VITIMA;299,7;BR-101/RJ;Sul;Engavetamento;2;;1;;;;;;;;9;1;;;
23/10/2021;19:39:00;169;2 - Acidente com VITIMA;293,423;BR-101/RJ;Norte;Tombamento;;;;1;;;;;;;0;1;;;
23/10/2021;21:50:00;189;1 - Acidente com Vitima Fatal;205,047;BR-101/RJ;Sul;Atropelamento - Outros;;;1;;;;;;;;1;;;;1
24/10/2021;04:40:00;16;3 - Acidente com Danos Materiais;31,465;BR-101/RJ;Sul;Capotamento;1;;;;;;;;;;1;;;;
24/10/2021;06:50:00;26;2 - Acidente com VITIMA;295,725;BR-101/RJ;Sul;Choque - Defensa, barreira ou "submarino";1;;;;;;;;;;0;1;;;
24/10/2021;13:07:00;83;3 - Acidente com Danos Materiais;262,498;BR-101/RJ;Sul;Choque - Defensa, barreira ou "submarino";1;;;;;;;;;;5;;;;
24/10/2021;13:39:00;85;3 - Acidente com Danos Materiais;252,89;BR-101/RJ;Norte;Choque - Defensa, barreira ou "submarino";;;1;;;;;;;;1;;;;
24/10/2021;14:49:00;98;3 - Acidente com Danos Materiais;308,37;BR-101/RJ;Sul;Colisão Lateral;;;1;;1;;;;;;2;;;;
24/10/2021;17:19:00;119;2 - Acidente com VITIMA;309,001;BR-101/RJ;Norte;Tombamento;;;;1;;;;;;;0;1;;;
24/10/2021;17:59:00;127;3 - Acidente com Danos Materiais;268,335;BR-101/RJ;Sul;Colisão Traseira;1;;;;;1;;;;;6;;;;
24/10/2021;19:37:00;145;3 - Acidente com Danos Materiais;264,776;BR-101/RJ;Sul;Choque - Elemento de Drenagem;1;;;;;;;;;;3;;;;
24/10/2021;22:20:00;163;3 - Acidente com Danos Materiais;290,397;BR-101/RJ;Norte;Saida de Pista;1;;;;;;;;;;1;;;;
25/10/2021;06:32:00;24;3 - Acidente com Danos Materiais;317,77;BR-101/RJ;Sul;Colisão Traseira;2;;;;;;;;;;4;;;;
25/10/2021;06:39:00;25;3 - Acidente com Danos Materiais;316,587;BR-101/RJ;Sul;Colisão Traseira;1;;;;1;;;;;;2;;;;
25/10/2021;20:42:00;193;3 - Acidente com Danos Materiais;299,104;BR-101/RJ;Sul;Atropelamento de Animal;1;;;;;;;;;;1;;;;
25/10/2021;20:56:00;195;3 - Acidente com Danos Materiais;182,707;BR-101/RJ;Norte;Atropelamento de Animal;1;;;;;;;;;;1;;;;
25/10/2021;21:50:00;202;3 - Acidente com Danos Materiais;305,5;BR-101/RJ;Norte;Colisão Traseira;2;;;;;;;;;;3;;;;
26/10/2021;03:36:00;15;2 - Acidente com VITIMA;299,6;BR-101/RJ;Sul;Colisão Traseira;1;;1;;;;;;;;3;1;;;
26/10/2021;03:48:00;17;3 - Acidente com Danos Materiais;258,28;BR-101/RJ;Norte;Atropelamento de Animal;;;1;;;;;;;;1;;;;
26/10/2021;05:30:00;22;3 - Acidente com Danos Materiais;29,675;BR-101/RJ;Norte;Atropelamento de Animal;1;;;;;;;;;;1;;;;
26/10/2021;06:56:00;32;2 - Acidente com VITIMA;74,868;BR-101/RJ;Norte;Colisão Transversal;1;;;1;;;;;;;1;1;;;
26/10/2021;10:54:00;91;2 - Acidente com VITIMA;66,864;BR-101/RJ;Norte;Atropelamento - Ciclista;;1;;;;1;;;;;1;1;;;
26/10/2021;11:26:00;96;2 - Acidente com VITIMA;273,127;BR-101/RJ;Norte;Choque - Outros;1;;;;;;;;;;0;1;;;
26/10/2021;18:13:00;176;2 - Acidente com VITIMA;279,001;BR-101/RJ;Norte;Choque - Outros;1;;;;;;;;;;0;2;1;;
26/10/2021;19:17:00;184;3 - Acidente com Danos Materiais;280,059;BR-101/RJ;Norte;Colisão Traseira;1;;;;;1;;;;;2;;;;
27/10/2021;02:41:00;11;3 - Acidente com Danos Materiais;319,755;BR-101/RJ;Sul;Choque - Defensa, barreira ou "submarino";1;;;;;;;;;;1;;;;
27/10/2021;08:21:00;53;3 - Acidente com Danos Materiais;61,251;BR-101/RJ;Sul;Colisão Traseira;;;2;;;;;;;;2;;;;
27/10/2021;15:32:00;149;3 - Acidente com Danos Materiais;293,224;BR-101/RJ;Sul;Colisão Lateral;;;2;;;;;;;;2;;;;
28/10/2021;13:18:00;114;3 - Acidente com Danos Materiais;156,991;BR-101/RJ;Sul;Choque - Suporte de Sinalização;;;;;;1;;;;1;8;;;;
28/10/2021;16:33:00;159;3 - Acidente com Danos Materiais;288,865;BR-101/RJ;Norte;Choque - Defensa, barreira ou "submarino";1;;;;;;;;;;5;;;;
28/10/2021;18:18:00;176;3 - Acidente com Danos Materiais;236,636;BR-101/RJ;Norte;Saida de Pista;1;;;;;;;;;;1;;;;
29/10/2021;03:19:00;14;3 - Acidente com Danos Materiais;293,406;BR-101/RJ;Norte;Choque - Defensa, barreira ou "submarino";1;;;;;;;;;;1;;;;
29/10/2021;05:50:00;25;2 - Acidente com VITIMA;236,95;BR-101/RJ;Norte;Colisão Traseira;1;;1;;;;;;;;1;1;;;
29/10/2021;09:59:00;88;3 - Acidente com Danos Materiais;92,78;BR-101/RJ;Sul;Colisão Traseira;2;;;;;;;;;;5;;;;
29/10/2021;10:03:00;90;3 - Acidente com Danos Materiais;297,719;BR-101/RJ;Sul;Colisão Lateral;1;;1;;;;;;;;2;;;;
29/10/2021;10:24:00;98;2 - Acidente com VITIMA;254,268;BR-101/RJ;Norte;Choque - Defensa, barreira ou "submarino";1;;1;;;;;;;;1;4;1;;
29/10/2021;11:50:00;116;3 - Acidente com Danos Materiais;261,439;BR-101/RJ;Sul;Choque - Defensa, barreira ou "submarino";;;1;;;;;;;;1;;;;
29/10/2021;12:46:00;127;3 - Acidente com Danos Materiais;262,123;BR-101/RJ;Sul;Choque - Defensa, barreira ou "submarino";1;;;;;;;;;;2;;;;
29/10/2021;14:21:00;146;2 - Acidente com VITIMA;60,826;BR-101/RJ;Norte;Colisão Lateral;1;;1;;;;;;;;1;1;;;
29/10/2021;15:02:00;153;3 - Acidente com Danos Materiais;286,365;BR-101/RJ;Norte;Atropelamento de Animal;1;;;;;;;;;;1;;;;
29/10/2021;16:46:00;176;2 - Acidente com VITIMA;52,895;BR-101/RJ;Sul;Colisão Traseira;;;1;1;;;;;;;1;1;1;;
29/10/2021;17:19:00;184;3 - Acidente com Danos Materiais;123,116;BR-101/RJ;Sul;Choque - Cancela de Pedagio;1;;;;;;;;;;1;;;;
29/10/2021;21:49:00;232;3 - Acidente com Danos Materiais;116,26;BR-101/RJ;Norte;Choque - Objeto sobre a pista;1;;;;;;;;;;3;;;;
30/10/2021;00:32:00;8;3 - Acidente com Danos Materiais;248,86;BR-101/RJ;Sul;Atropelamento de Animal;;;1;;;;;;;;2;;;;
30/10/2021;07:28:00;45;2 - Acidente com VITIMA;17,043;BR-101/RJ;Sul;Colisão Frontal;1;;1;;;;;;;;0;2;;2;
30/10/2021;08:52:00;68;2 - Acidente com VITIMA;59,37;BR-101/RJ;Sul;Colisão Traseira;;;2;;;;;;;;2;;1;;
30/10/2021;09:36:00;83;3 - Acidente com Danos Materiais;296,183;BR-101/RJ;Norte;Colisão Traseira;2;;;;;;;;;;7;;;;
30/10/2021;10:03:00;87;3 - Acidente com Danos Materiais;314,147;BR-101/RJ;Norte;Colisão Traseira;1;;;;;;;;;1;5;;;;
30/10/2021;11:54:00;101;3 - Acidente com Danos Materiais;308,9;BR-101/RJ;Norte;Choque - Defensa, barreira ou "submarino";1;;;;;;;;;;1;;;;
30/10/2021;15:23:00;135;3 - Acidente com Danos Materiais;115,19;BR-101/RJ;Sul;Choque - Defensa, barreira ou "submarino";1;;;;;;;;;;1;;;;
30/10/2021;15:35:00;139;3 - Acidente com Danos Materiais;80,101;BR-101/RJ;Norte;Engavetamento;3;;;;;;;;;;6;;;;
30/10/2021;18:37:00;172;3 - Acidente com Danos Materiais;294,322;BR-101/RJ;Norte;Engavetamento;4;;;;;;;;;;8;;;;
30/10/2021;23:13:00;199;3 - Acidente com Danos Materiais;256,82;BR-101/RJ;Sul;Choque - Veiculo parado na pista;2;;;;;;;;;;2;;;;
31/10/2021;01:32:00;7;3 - Acidente com Danos Materiais;129,997;BR-101/RJ;Norte;Choque - Suporte de Sinalização;;;;;1;;;;;;1;;;;
31/10/2021;15:20:00;89;3 - Acidente com Danos Materiais;136,614;BR-101/RJ;Norte;Colisão Traseira;1;;;;;1;;;;;2;;;;
31/10/2021;18:17:00;107;3 - Acidente com Danos Materiais;303,01;BR-101/RJ;Sul;Colisão Frontal;2;;;;;;;;;;2;;;;
31/10/2021;18:36:00;108;3 - Acidente com Danos Materiais;290,489;BR-101/RJ;Sul;Choque - Elemento de Drenagem;1;;;;;;;;;;1;;;;
31/10/2021;19:12:00;114;3 - Acidente com Danos Materiais;268,589;BR-101/RJ;Sul;Choque - Elemento de Drenagem;1;;;;;;;;;;1;;;;
31/10/2021;19:28:00;120;3 - Acidente com Danos Materiais;130,68;BR-101/RJ;Sul;Choque - Defensa, barreira ou "submarino";1;;;;;;;;;;1;;;;
31/10/2021;20:24:00;127;2 - Acidente com VITIMA;309,005;BR-101/RJ;Norte;Colisão Traseira;1;;;1;;;;;;;1;1;;;
31/10/2021;20:27:00;128;3 - Acidente com Danos Materiais;274,417;BR-101/RJ;Sul;Choque - Elemento de Drenagem;1;;;;;;;;;;1;;;;
01/11/2021;08:04:37;41;Sem vítima;291.596;704;Crescente;Colisão traseira;1;0;0;1;0;0;0;0;0;0;3;0;0;0;0
01/11/2021;10:13:52;55;Sem vítima;320.842;719;Decrescente;Choque;1;0;0;0;0;0;0;0;0;0;1;0;0;0;0
01/11/2021;13:08:20;72;Sem vítima;197.470;696;Crescente;Colisão lateral no mesmo sentido;2;0;0;0;0;0;0;0;0;0;3;0;0;0;0
01/11/2021;17:41:59;107;Sem vítima;140.500;710;Decrescente;Choque;1;0;0;0;0;0;0;0;0;0;2;0;0;0;0
01/11/2021;19:10:16;130;Sem vítima;87.726;710;Decrescente;Choque;0;0;1;0;0;0;0;0;0;0;1;0;0;0;0
02/11/2021;04:59:40;19;Sem vítima;99.886;694;Crescente;Tombamento;0;0;0;0;0;1;0;0;0;0;0;0;0;0;0
02/11/2021;14:29:03;81;Sem vítima;19.242;691;Crescente;Colisão lateral no mesmo sentido;2;0;0;0;0;0;0;0;0;0;2;0;0;0;0
03/11/2021;02:31:21;9;Sem vítima;106.510;694;Crescente;Colisão traseira;1;0;0;0;1;0;0;0;0;0;2;0;0;0;0