data;horario;n_da_ocorrencia;tipo_de_ocorrencia;km;trecho;sentido;tipo_de_acidente;automovel;bicicleta;caminhao;moto;onibus;outros;tracao_animal;transporte_de_cargas_especiais;trator_maquinas;utilitarios;ilesos;levemente_feridos;moderadamente_feridos;gravemente_feridos;mortos
03/11/2021;06:31:02;22;Sem vítima;307.198;718;Decrescente;Engavetamento;3;0;0;0;0;0;0;0;0;0;4;0;0;0;0
03/11/2021;07:59:38;43;Sem vítima;282.991;718;Decrescente;Choque;1;0;0;0;0;0;0;0;0;0;3;0;0;0;0
03/11/2021;08:49:10;65;Sem vítima;319.800;718;Decrescente;Colisão traseira;1;0;0;0;1;0;0;0;0;0;2;0;0;0;0
03/11/2021;09:41:12;80;Sem vítima;313.956;718;Decrescente;Colisão lateral no mesmo sentido;0;0;0;1;0;0;0;0;0;1;2;0;0;0;0
03/11/2021;11:46:58;110;Com vítima;58.340;693;Crescente;Colisão traseira;0;0;0;1;0;0;0;0;0;0;0;0;1;0;0
03/11/2021;13:21:33;138;Sem vítima;321.950;719;Decrescente;Colisão traseira;1;0;0;0;1;0;0;0;0;0;3;0;0;0;0
03/11/2021;14:35:20;150;Sem vítima;295.701;704;Crescente;Colisão lateral no mesmo sentido;1;0;0;1;0;0;0;0;0;0;1;0;0;0;0
03/11/2021;19:09:16;188;Sem vítima;313.792;704;Crescente;Engavetamento;2;0;0;0;0;0;0;0;0;0;2;0;0;0;0
04/11/2021;07:07:18;36;Sem vítima;179.866;695;Crescente;Tombamento;0;0;0;1;0;0;0;0;0;0;0;0;0;0;0
04/11/2021;11:00:42;112;Sem vítima;308.457;704;Crescente;Colisão lateral no mesmo sentido;2;0;0;1;0;0;0;0;0;0;7;0;0;0;0
04/11/2021;17:30:53;190;Com vítima;321.900;706;Crescente;Colisão lateral no mesmo sentido;1;0;0;1;0;0;0;0;0;0;1;1;0;0;0
04/11/2021;21:08:35;225;Sem vítima;67.568;693;Crescente;Colisão traseira;0;0;1;0;0;1;0;0;0;0;2;0;0;0;0
04/11/2021;21:29:51;228;Sem vítima;44.552;693;Crescente;Colisão transversal;0;0;0;0;0;2;0;0;0;0;1;0;0;0;0
05/11/2021;03:52:11;14;Sem vítima;238.760;718;Decrescente;Choque;0;0;0;0;0;1;0;0;0;0;0;0;0;0;0
05/11/2021;09:34:55;89;Sem vítima;299.359;704;Crescente;Colisão lateral no mesmo sentido;1;0;0;0;0;0;0;0;0;0;1;0;0;0;0
05/11/2021;11:05:10;107;Sem vítima;319.986;718;Decrescente;Colisão lateral no mesmo sentido;0;0;0;1;0;1;0;0;0;0;2;0;0;0;0
05/11/2021;11:28:05;114;Sem vítima;319.986;718;Decrescente;Colisão traseira;0;0;0;1;0;0;0;0;0;0;0;0;0;0;0
05/11/2021;14:08:06;143;Sem vítima;66.300;693;Crescente;Colisão transversal;1;0;0;0;0;1;0;0;0;0;3;0;0;0;0
05/11/2021;14:42:33;156;Sem vítima;297.850;704;Crescente;Colisão lateral no mesmo sentido;1;0;1;0;0;0;0;0;0;0;2;0;0;0;0
05/11/2021;19:35:58;220;Sem vítima;256.260;718;Decrescente;Choque;0;0;1;0;0;0;0;0;0;0;3;0;0;0;0
05/11/2021;20:09:53;227;Sem vítima;256.260;718;Decrescente;Choque;1;0;0;0;0;0;0;0;0;0;1;0;0;0;0
05/11/2021;20:11:56;228;Sem vítima;205.267;713;Decrescente;Choque;1;0;0;0;0;0;0;0;0;0;0;0;0;0;0
05/11/2021;21:43:06;239;Sem vítima;287.960;718;Decrescente;Choque;1;0;0;0;0;0;0;0;0;0;1;0;0;0;0
06/11/2021;04:41:40;30;Sem vítima;296.278;704;Crescente;Capotamento;1;0;0;0;0;0;0;0;0;0;1;0;0;0;0
06/11/2021;08:44:24;63;Sem vítima;299.700;718;Decrescente;Colisão lateral no mesmo sentido;2;0;0;0;0;0;0;0;0;0;4;0;0;0;0
06/11/2021;15:50:16;135;Sem vítima;304.711;704;Crescente;Choque;2;0;0;0;0;0;0;0;0;0;6;0;0;0;0
06/11/2021;19:07:21;170;Com vítima;44.507;707;Decrescente;Colisão transversal;0;0;1;1;0;0;0;0;0;0;1;0;0;1;0
07/11/2021;01:13:20;12;Com vítima;46.958;693;Crescente;Atropelamento de ciclista;0;1;0;0;0;0;0;0;0;0;0;0;0;0;0
07/11/2021;04:17:06;20;Sem vítima;297.648;718;Decrescente;Choque;0;0;1;0;0;0;0;0;0;0;1;0;0;0;0
07/11/2021;04:33:25;22;Com vítima;313.192;704;Crescente;Atropelamento de animal;2;0;0;0;0;0;0;0;0;0;5;1;0;0;0
07/11/2021;05:32:49;27;Sem vítima;295.768;718;Decrescente;Tombamento;0;0;0;1;0;0;0;0;0;0;0;0;0;0;0
07/11/2021;18:00:53;136;Sem vítima;47.500;707;Decrescente;Colisão traseira;0;0;0;0;0;1;0;0;0;0;1;0;0;0;0
07/11/2021;18:04:48;137;Sem vítima;268.163;718;Decrescente;Saída de pista;1;0;0;0;0;0;0;0;0;0;0;0;0;0;0
08/11/2021;10:55:15;102;Com vítima;63.200;707;Decrescente;Colisão traseira;0;1;0;0;0;0;0;0;0;0;0;0;0;0;0
09/11/2021;07:02:03;23;Sem vítima;285.683;718;Decrescente;Colisão lateral no mesmo sentido;0;0;1;0;0;0;0;0;0;0;1;0;0;0;0
09/11/2021;09:12:46;67;Sem vítima;297.893;704;Crescente;Colisão lateral no mesmo sentido;1;0;0;0;0;1;0;0;0;0;3;0;0;0;0
09/11/2021;10:57:40;85;Sem vítima;293.100;704;Crescente;Choque;1;0;0;0;0;0;0;0;0;0;0;0;0;0;0
09/11/2021;12:39:49;104;Com vítima;318.796;704;Crescente;Atropelamento de animal;0;0;0;0;0;0;0;0;0;0;0;0;0;0;0
09/11/2021;15:51:49;139;Sem vítima;46.846;707;Decrescente;Colisão transversal;1;0;1;0;0;0;0;0;0;0;0;0;0;0;0
09/11/2021;22:36:53;174;Sem vítima;313.451;704;Crescente;Choque;1;0;0;0;0;0;0;0;0;0;1;0;0;0;0
10/11/2021;02:17:09;9;Sem vítima;74.111;693;Crescente;Colisão traseira;0;0;1;0;0;1;0;0;0;0;1;0;0;0;0
10/11/2021;06:38:26;24;Sem vítima;177.526;711;Decrescente;Choque;0;0;1;0;0;0;0;0;0;0;1;0;0;0;0
10/11/2021;08:20:21;52;Com vítima;157.551;711;Decrescente;Colisão frontal;1;0;1;0;0;0;0;0;0;0;1;0;0;0;1
10/11/2021;16:41:00;143;Sem vítima;318.292;718;Decrescente;Colisão traseira;2;0;0;0;0;0;0;0;0;0;2;0;0;0;0
10/11/2021;19:47:28;182;Sem vítima;297.803;718;Decrescente;Colisão lateral no mesmo sentido;1;0;0;0;1;0;0;0;0;0;0;0;0;0;0
10/11/2021;22:18:58;206;Com vítima;285.397;718;Decrescente;Atropelamento de animal;0;0;1;0;0;0;0;0;0;0;2;0;0;0;0
11/11/2021;08:31:13;55;Sem vítima;321.465;719;Decrescente;Colisão lateral no mesmo sentido;1;0;0;1;0;0;0;0;0;0;1;0;0;0;0
11/11/2021;12:09:47;107;Sem vítima;309.794;704;Crescente;Colisão lateral no mesmo sentido;2;0;0;1;0;0;0;0;0;0;3;0;0;0;0
11/11/2021;13:45:01;123;Sem vítima;144.244;710;Decrescente;Choque;0;0;1;0;0;0;0;0;0;0;1;0;0;0;0
11/11/2021;17:22:06;157;Com vítima;59.560;707;Decrescente;Colisão transversal;0;0;1;1;0;0;0;0;0;0;0;2;0;0;0
11/11/2021;17:25:36;159;Sem vítima;282.960;718;Decrescente;Tombamento;0;0;0;1;0;0;0;0;0;0;0;0;0;0;0
11/11/2021;23:51:05;208;Sem vítima;69.800;707;Decrescente;Tombamento;0;0;0;1;0;0;0;0;0;0;0;0;0;0;0
12/11/2021;06:34:50;20;Com vítima;49.050;693;Crescente;Colisão traseira;0;1;0;0;0;0;0;0;0;0;0;0;0;0;0
12/11/2021;07:22:22;30;Sem vítima;292.105;718;Decrescente;Choque;1;0;0;0;0;0;0;0;0;0;0;0;0;0;0
12/11/2021;12:23:16;93;Sem vítima;97.375;694;Crescente;Choque;1;0;0;0;0;0;0;0;0;0;1;0;0;0;0
12/11/2021;13:48:02;119;Sem vítima;70.500;707;Decrescente;Colisão lateral no mesmo sentido;2;0;0;0;0;0;0;0;0;0;1;0;0;0;0
12/11/2021;13:59:14;120;Sem vítima;298.500;704;Crescente;Colisão lateral no mesmo sentido;0;0;1;0;0;0;0;0;0;0;1;0;0;0;0
12/11/2021;15:32:11;141;Com vítima;312.400;704;Crescente;Atropelamento de pedestre;1;0;0;0;0;0;0;0;0;0;1;0;0;0;1
12/11/2021;17:52:04;158;Sem vítima;313.717;704;Crescente;Colisão lateral no mesmo sentido;1;0;0;0;0;1;0;0;0;0;4;0;0;0;0
12/11/2021;21:11:41;190;Com vítima;262.355;718;Decrescente;Colisão lateral no mesmo sentido;1;0;0;1;0;0;0;0;0;0;3;1;0;0;0
12/11/2021;23:45:34;206;Sem vítima;320.100;718;Decrescente;Tombamento;1;0;0;0;0;0;0;0;0;0;2;0;0;0;0
13/11/2021;01:25:39;8;Sem vítima;91.501;694;Crescente;Choque;0;0;1;0;0;0;0;0;0;0;1;0;0;0;0
13/11/2021;01:54:23;11;Com vítima;255.500;718;Decrescente;Atropelamento de animal;1;0;0;0;0;0;0;0;0;0;0;0;0;0;0
13/11/2021;06:51:04;31;Sem vítima;190.100;711;Decrescente;Saída de pista;1;0;0;0;0;0;0;0;0;0;2;0;0;0;0
13/11/2021;09:01:07;70;Sem vítima;252.890;718;Decrescente;Choque;0;0;1;0;0;0;0;0;0;0;0;0;0;0;0
13/11/2021;09:31:49;79;Sem vítima;142.500;710;Decrescente;Colisão lateral no mesmo sentido;2;0;0;0;0;0;0;0;0;0;5;0;0;0;0
13/11/2021;12:54:10;119;Sem vítima;321.900;706;Crescente;Engavetamento;2;0;0;0;0;0;0;0;0;0;3;0;0;0;0
13/11/2021;13:18:22;122;Sem vítima;308.450;704;Crescente;Engavetamento;1;0;0;0;0;0;0;0;0;0;2;0;0;0;0
13/11/2021;13:30:13;123;Com vítima;262.300;704;Crescente;Atropelamento de pedestre;0;0;0;0;0;0;0;0;0;0;0;0;0;1;0
13/11/2021;14:33:35;136;Sem vítima;57.800;693;Crescente;Colisão traseira;1;0;0;1;0;0;0;0;0;0;1;0;0;0;0
13/11/2021;15:01:45;144;Sem vítima;142.500;710;Decrescente;Choque;1;0;0;0;0;0;0;0;0;0;2;0;0;0;0
13/11/2021;15:45:04;155;Sem vítima;95.100;694;Crescente;Acidentes de outra natureza;1;0;0;0;0;0;0;0;0;0;0;0;0;0;0
13/11/2021;16:04:29;160;Sem vítima;297.500;704;Crescente;Colisão traseira;1;0;0;1;0;0;0;0;0;0;5;0;0;0;0
13/11/2021;16:18:44;162;Sem vítima;290.100;704;Crescente;Colisão lateral no mesmo sentido;1;0;0;0;0;0;0;0;0;0;1;0;0;0;0
14/11/2021;04:57:09;20;Com vítima;295.100;718;Decrescente;Capotamento;1;0;0;0;0;0;0;0;0;0;0;3;0;0;0
14/11/2021;06:57:30;24;Sem vítima;60.200;707;Decrescente;Colisão traseira;1;0;0;0;0;1;0;0;0;0;1;0;0;0;0
14/11/2021;19:25:51;136;Sem vítima;311.150;718;Decrescente;Choque;1;0;0;0;0;0;0;0;0;0;1;0;0;0;0
14/11/2021;20:14:27;145;Com vítima;64.300;707;Decrescente;Colisão transversal;0;0;0;1;0;0;0;0;0;0;0;0;1;0;0
14/11/2021;20:15:12;146;Sem vítima;293.100;704;Crescente;Saída de pista;1;0;0;0;0;0;0;0;0;0;1;0;0;0;0
14/11/2021;23:17:07;160;Sem vítima;294.100;704;Crescente;Choque;2;0;0;0;0;0;0;0;0;0;3;0;0;0;0
15/11/2021;00:31:56;5;Com vítima;305.000;704;Crescente;Atropelamento de animal;1;0;0;0;0;0;0;0;0;0;2;0;0;0;0
15/11/2021;10:18:13;52;Sem vítima;82.600;693;Crescente;Tombamento;0;0;0;0;0;1;0;0;0;0;0;0;0;0;0
15/11/2021;13:49:48;78;Sem vítima;268.480;718;Decrescente;Engavetamento;2;0;0;0;0;0;0;0;0;0;2;0;0;0;0
15/11/2021;14:35:25;84;Com vítima;277.320;718;Decrescente;Colisão traseira;1;0;1;1;0;0;0;0;0;0;4;0;0;2;0
15/11/2021;19:15:10;140;Sem vítima;68.200;693;Crescente;Colisão traseira;1;0;0;0;0;0;0;0;0;0;1;0;0;0;0
15/11/2021;22:27:38;165;Sem vítima;273.000;718;Decrescente;Engavetamento;3;0;0;0;0;0;0;0;0;0;8;0;0;0;0
16/11/2021;06:29:29;31;Sem vítima;305.493;718;Decrescente;Colisão traseira;1;0;0;1;0;0;0;0;0;0;1;0;0;0;0
16/11/2021;06:35:23;33;Sem vítima;303.900;718;Decrescente;Engavetamento;3;0;0;0;0;0;0;0;0;0;4;0;0;0;0
16/11/2021;10:12:38;108;Sem vítima;315.100;718;Decrescente;Engavetamento;1;0;0;0;0;1;0;0;0;1;2;0;0;0;0
16/11/2021;10:25:42;112;Com vítima;292.200;718;Decrescente;Colisão traseira;1;0;0;0;0;0;0;0;0;0;0;1;0;0;0
16/11/2021;10:39:34;114;Sem vítima;70.950;693;Crescente;Colisão transversal;1;0;0;0;0;0;0;0;0;1;3;0;0;0;0
16/11/2021;11:57:07;125;Sem vítima;287.400;718;Decrescente;Engavetamento;3;0;0;0;0;0;0;0;0;0;6;0;0;0;0
16/11/2021;13:42:17;147;Sem vítima;317.900;718;Decrescente;Colisão traseira;2;0;0;0;0;0;0;0;0;0;1;0;0;0;0
16/11/2021;17:41:00;201;Com vítima;270.759;704;Crescente;Colisão lateral no mesmo sentido;2;0;0;0;0;0;0;0;0;0;2;0;1;0;0
16/11/2021;20:17:56;220;Sem vítima;277.607;718;Decrescente;Tombamento;0;0;1;0;0;0;0;0;0;0;1;0;0;0;0
16/11/2021;23:09:35;240;Sem vítima;191.010;696;Crescente;Choque;1;0;0;0;0;0;0;0;0;0;0;0;0;0;0
17/11/2021;00:27:35;4;Com vítima;300.893;718;Decrescente;Capotamento;1;0;0;0;0;0;0;0;0;0;0;1;0;0;0
17/11/2021;00:54:52;5;Com vítima;141.428;710;Decrescente;Atropelamento de animal;1;0;0;0;0;0;0;0;0;0;1;0;0;0;0
17/11/2021;06:32:08;26;Sem vítima;313.612;718;Decrescente;Colisão traseira;1;0;0;1;0;0;0;0;0;0;2;0;0;0;0
17/11/2021;08:39:14;60;Sem vítima;298.451;718;Decrescente;Colisão lateral no mesmo sentido;2;0;0;0;0;0;0;0;0;0;3;0;0;0;0
17/11/2021;08:50:26;63;Sem vítima;320.691;719;Decrescente;Tombamento;0;0;0;1;0;0;0;0;0;0;1;0;0;0;0
17/11/2021;11:47:17;97;Sem vítima;296.120;704;Crescente;Engavetamento;3;0;0;0;0;0;0;0;0;0;5;0;0;0;0
17/11/2021;16:51:10;157;Sem vítima;286.739;718;Decrescente;Colisão traseira;2;0;0;0;0;0;0;0;0;0;7;0;0;0;0
17/11/2021;17:04:35;160;Sem vítima;286.743;718;Decrescente;Colisão traseira;1;0;0;1;0;0;0;0;0;0;1;0;0;0;0
17/11/2021;17:17:20;162;Sem vítima;286.744;718;Decrescente;Colisão traseira;2;0;0;0;0;0;0;0;0;0;3;0;0;0;0
17/11/2021;19:53:27;185;Com vítima;241.464;718;Decrescente;Atropelamento de animal;1;0;0;0;0;0;0;0;0;0;0;0;0;0;0
18/11/2021;01:00:59;5;Sem vítima;179.677;695;Crescente;Colisão lateral no mesmo sentido;1;0;0;0;0;0;0;0;0;0;1;0;0;0;0
18/11/2021;06:30:46;27;Sem vítima;313.963;718;Decrescente;Colisão traseira;2;0;0;0;0;0;0;0;0;0;0;0;0;0;0
18/11/2021;08:43:40;64;Sem vítima;310.322;718;Decrescente;Colisão lateral no mesmo sentido;0;0;1;1;0;0;0;0;0;0;1;0;0;0;0
18/11/2021;12:44:09;123;Sem vítima;283.320;718;Decrescente;Choque;1;0;0;0;0;0;0;0;0;0;1;0;0;0;0
18/11/2021;16:05:14;159;Sem vítima;309.642;704;Crescente;Engavetamento;5;0;0;0;0;0;0;0;0;0;0;0;0;0;0
18/11/2021;18:01:25;179;Sem vítima;313.549;704;Crescente;Colisão lateral no mesmo sentido;0;0;0;1;0;0;0;0;0;0;0;0;0;0;0
19/11/2021;02:58:48;10;Sem vítima;196.500;712;Decrescente;Choque;1;0;0;0;0;0;0;0;0;0;1;0;0;0;0
19/11/2021;07:02:58;26;Sem vítima;195.176;712;Decrescente;Choque;1;0;0;0;0;0;0;0;0;0;1;0;0;0;0
19/11/2021;16:10:08;142;Sem vítima;283.320;704;Crescente;Choque;1;0;0;0;0;0;0;0;0;0;1;0;0;0;0
19/11/2021;19:59:40;191;Sem vítima;252.890;718;Decrescente;Colisão traseira;2;0;0;0;0;0;0;0;0;0;2;0;0;0;0
20/11/2021;04:12:10;13;Sem vítima;296.801;704;Crescente;Colisão transversal;1;0;1;0;1;0;0;0;0;0;4;0;0;0;0
20/11/2021;05:09:07;19;Sem vítima;295.450;718;Decrescente;Colisão traseira;2;0;0;0;0;0;0;0;0;0;6;0;0;0;0
20/11/2021;06:11:48;24;Sem vítima;283.311;704;Crescente;Choque;1;0;0;0;0;0;0;0;0;0;2;0;0;0;0
20/11/2021;06:56:19;30;Sem vítima;137.800;710;Decrescente;Choque;1;0;0;0;0;0;0;0;0;0;0;0;0;0;0
20/11/2021;07:14:46;31;Sem vítima;88.980;694;Crescente;Choque;1;0;0;0;0;0;0;0;0;0;1;0;0;0;0
20/11/2021;14:28:58;104;Sem vítima;195.184;696;Crescente;Colisão lateral no mesmo sentido;1;0;0;0;0;1;0;0;0;0;2;0;0;0;0
20/11/2021;19:43:16;147;Com vítima;287.843;718;Decrescente;Atropelamento de animal;3;0;0;0;0;0;0;0;0;0;1;8;0;0;0
20/11/2021;21:07:26;153;Sem vítima;99.100;710;Decrescente;Choque;1;0;0;0;0;0;0;0;0;0;0;0;0;0;0
21/11/2021;11:01:57;51;Sem vítima;305.331;704;Crescente;Colisão traseira;0;0;0;1;0;0;0;0;0;0;0;0;0;0;0
21/11/2021;20:25:17;126;Sem vítima;256.896;702;Crescente;Choque;1;0;0;0;0;0;0;0;0;0;0;0;0;0;0
22/11/2021;10:15:02;78;Sem vítima;300.135;704;Crescente;Colisão lateral no mesmo sentido;2;0;0;0;0;0;0;0;0;0;2;0;0;0;0
22/11/2021;11:58:34;94;Sem vítima;291.901;704;Crescente;Colisão traseira;1;0;0;0;0;0;0;0;0;1;0;0;0;0;0
22/11/2021;12:00:39;95;Sem vítima;295.700;704;Crescente;Colisão traseira;2;0;0;0;0;0;0;0;0;0;2;0;0;0;0
23/11/2021;09:01:01;74;Sem vítima;314.953;718;Decrescente;Engavetamento;4;0;0;0;0;0;0;0;0;0;4;0;0;0;0
23/11/2021;13:22:48;135;Sem vítima;315.900;704;Crescente;Colisão traseira;1;0;1;0;0;0;0;0;0;0;4;0;0;0;0
23/11/2021;16:33:38;182;Sem vítima;313.968;704;Crescente;Colisão traseira;1;0;0;0;0;0;0;0;0;1;4;0;0;0;0
23/11/2021;17:11:32;187;Sem vítima;294.349;704;Crescente;Choque;1;0;0;0;0;0;0;0;0;0;0;0;0;0;0
24/11/2021;10:08:09;76;Com vítima;45.673;693;Crescente;Colisão frontal;1;0;1;0;0;0;0;0;0;0;1;0;0;2;0
25/11/2021;01:40:35;6;Sem vítima;64.200;693;Crescente;Colisão transversal;1;0;1;0;0;0;0;0;0;0;1;0;0;0;0
25/11/2021;07:55:34;45;Sem vítima;314.255;718;Decrescente;Engavetamento;2;0;0;1;0;0;0;0;0;0;6;0;0;0;0
25/11/2021;08:21:08;53;Sem vítima;321.427;719;Decrescente;Colisão traseira;1;0;0;0;1;0;0;0;0;0;3;0;0;0;0
25/11/2021;13:02:31;121;Sem vítima;200.100;712;Decrescente;Colisão lateral no mesmo sentido;1;0;0;0;0;1;0;0;0;0;1;0;0;0;0
25/11/2021;16:45:29;164;Sem vítima;318.262;704;Crescente;Engavetamento;2;0;0;0;0;0;0;0;0;0;3;0;0;0;0
26/11/2021;00:47:31;5;Sem vítima;240.242;702;Crescente;Choque;0;0;0;0;0;1;0;0;0;0;1;0;0;0;0
26/11/2021;06:03:40;25;Sem vítima;294.128;704;Crescente;Choque;1;0;0;0;0;0;0;0;0;0;0;0;0;0;0
26/11/2021;06:41:37;27;Sem vítima;58.100;693;Crescente;Colisão lateral no mesmo sentido;0;0;0;1;0;0;0;0;0;0;0;0;0;0;0
26/11/2021;10:07:50;86;Sem vítima;161.647;695;Crescente;Colisão traseira;1;0;0;0;0;0;0;0;0;0;1;0;0;0;0
26/11/2021;15:56:10;156;Sem vítima;296.312;704;Crescente;Colisão traseira;0;0;0;1;0;0;0;0;0;0;0;0;0;0;0
26/11/2021;16:31:41;169;Sem vítima;66.865;693;Crescente;Colisão lateral no mesmo sentido;1;0;0;0;0;1;0;0;0;0;2;0;0;0;0
26/11/2021;17:04:26;174;Sem vítima;66.865;693;Crescente;Colisão traseira;1;0;0;0;0;1;0;0;0;0;2;0;0;0;0
27/11/2021;01:28:28;9;Sem vítima;289.190;704;Crescente;Choque;1;0;0;0;0;0;0;0;0;0;1;0;0;0;0
27/11/2021;03:50:37;15;Sem vítima;288.800;704;Crescente;Colisão traseira;0;0;1;0;0;1;0;0;0;0;2;0;0;0;0
27/11/2021;06:51:50;27;Sem vítima;52.800;693;Crescente;Colisão traseira;1;0;0;0;0;0;0;0;0;0;1;0;0;0;0
27/11/2021;09:56:59;64;Sem vítima;318.645;704;Crescente;Choque;1;0;0;0;0;0;0;0;0;0;2;0;0;0;0
27/11/2021;10:39:38;75;Sem vítima;306.468;704;Crescente;Engavetamento;3;0;0;0;0;0;0;0;0;0;0;0;0;0;0
27/11/2021;11:15:29;79;Sem vítima;57.375;707;Decrescente;Choque;1;0;0;0;0;0;0;0;0;0;0;0;0;0;0
27/11/2021;13:04:31;106;Sem vítima;66.664;693;Crescente;Colisão traseira;2;0;0;0;0;0;0;0;0;0;2;0;0;0;0
27/11/2021;15:57:17;133;Sem vítima;313.300;704;Crescente;Colisão traseira;1;0;0;1;0;0;0;0;0;0;1;0;0;0;0
27/11/2021;16:33:07;139;Sem vítima;314.213;704;Crescente;Engavetamento;3;0;0;0;0;0;0;0;0;0;7;0;0;0;0
27/11/2021;17:38:13;154;Sem vítima;146.624;695;Crescente;Colisão transversal;1;0;1;0;0;0;0;0;0;0;5;0;0;0;0
27/11/2021;19:33:24;165;Com vítima;174.171;695;Crescente;Colisão traseira;2;0;1;0;0;0;0;0;0;0;1;1;1;0;1
27/11/2021;20:33:31;172;Sem vítima;294.345;718;Decrescente;Choque;0;0;1;0;0;0;0;0;0;1;2;0;0;0;0
27/11/2021;22:54:39;182;Sem vítima;290.100;718;Decrescente;Choque;1;0;0;0;0;0;0;0;0;0;1;0;0;0;0
28/11/2021;04:32:34;15;Com vítima;304.868;718;Decrescente;Atropelamento de animal;0;0;0;0;0;0;0;0;0;1;1;0;0;0;0
28/11/2021;06:19:01;20;Sem vítima;286.174;718;Decrescente;Choque;1;0;0;0;0;0;0;0;0;0;1;0;0;0;0
28/11/2021;08:10:04;32;Sem vítima;314.350;718;Decrescente;Choque;2;0;0;0;0;0;0;0;0;0;3;0;0;0;0
28/11/2021;08:18:12;35;Sem vítima;79.640;693;Crescente;Colisão lateral no mesmo sentido;0;0;0;0;0;2;0;0;0;0;2;0;0;0;0
28/11/2021;13:18:43;90;Com vítima;248.958;702;Crescente;Choque;1;0;0;0;0;0;0;0;0;0;0;1;0;0;0
28/11/2021;14:01:08;97;Sem vítima;166.290;711;Decrescente;Capotamento;0;0;0;0;0;0;0;0;0;1;6;0;0;0;0
28/11/2021;15:09:31;115;Sem vítima;262.279;718;Decrescente;Choque;1;0;0;0;0;0;0;0;0;0;1;0;0;0;0
28/11/2021;15:14:58;116;Sem vítima;20.480;691;Crescente;Tombamento;0;0;1;0;0;1;0;0;0;0;2;0;0;0;0
28/11/2021;16:52:50;131;Sem vítima;299.223;718;Decrescente;Choque;1;0;0;0;0;0;0;0;0;0;2;0;0;0;0
28/11/2021;18:50:21;150;Sem vítima;290.783;704;Crescente;Colisão traseira;1;0;0;0;0;0;0;0;0;1;5;0;0;0;0
29/11/2021;05:15:14;24;Sem vítima;140.100;710;Decrescente;Choque;1;0;0;0;0;0;0;0;0;0;1;0;0;0;0
29/11/2021;06:51:40;32;Sem vítima;306.474;718;Decrescente;Colisão traseira;2;0;0;0;0;0;0;0;0;0;3;0;0;0;0
29/11/2021;07:30:32;43;Sem vítima;219.878;700;Crescente;Choque;1;0;0;0;0;0;0;0;0;0;1;0;0;0;0
29/11/2021;12:22:38;119;Sem vítima;294.564;718;Decrescente;Colisão traseira;1;0;0;0;0;0;0;0;0;0;3;0;0;0;0
29/11/2021;15:16:15;164;Sem vítima;302.940;718;Decrescente;Engavetamento;3;0;0;0;0;0;0;0;0;0;0;0;0;0;0
30/11/2021;07:41:08;42;Sem vítima;314.310;718;Decrescente;Colisão traseira;2;0;0;0;0;0;0;0;0;0;2;0;0;0;0
30/11/2021;08:02:08;48;Sem vítima;297.467;718;Decrescente;Colisão lateral no mesmo sentido;1;0;0;0;0;1;0;0;0;0;2;0;0;0;0
30/11/2021;14:43:39;135;Com vítima;57.683;707;Decrescente;Acidentes de outra natureza;0;0;0;2;0;0;0;0;0;0;0;1;0;1;0
30/11/2021;15:08:46;142;Com vítima;164.436;711;Decrescente;Choque;0;0;1;0;0;0;0;0;0;0;2;0;0;1;0
30/11/2021;16:09:36;149;Sem vítima;261.500;718;Decrescente;Colisão lateral no mesmo sentido;1;0;0;0;0;0;0;0;0;0;1;0;0;0;0
30/11/2021;19:08:29;175;Sem vítima;310.869;704;Crescente;Colisão traseira;2;0;0;0;0;0;0;0;0;0;2;0;0;0;0
30/11/2021;19:34:53;177;Sem vítima;143.422;694;Crescente;Choque;1;0;0;0;0;0;0;0;0;0;1;0;0;0;0
01/12/2021;06:03:31;31;Sem vítima;273.103;704;Crescente;Choque;2;0;0;0;0;0;0;0;0;0;2;0;0;0;0
01/12/2021;07:21:50;48;Sem vítima;308.946;718;Decrescente;Colisão traseira;1;0;0;0;0;0;0;0;0;1;0;0;0;0;0
01/12/2021;09:23:39;95;Sem vítima;170.970;711;Decrescente;Colisão lateral no mesmo sentido;1;0;1;0;0;0;0;0;0;0;3;0;0;0;0
02/12/2021;00:05:34;2;Com vítima;98.800;694;Crescente;Capotamento;1;0;0;0;0;0;0;0;0;0;0;0;1;0;0
02/12/2021;03:43:50;18;Sem vítima;210.310;698;Crescente;Colisão lateral no mesmo sentido;0;0;0;0;0;2;0;0;0;0;2;0;0;0;0
02/12/2021;16:26:01;184;Sem vítima;276.167;704;Crescente;Choque;1;0;0;0;0;0;0;0;0;0;1;0;0;0;0
03/12/2021;04:58:25;19;Sem vítima;284.785;704;Crescente;Colisão traseira;0;0;0;0;0;2;0;0;0;0;1;0;0;0;0
03/12/2021;06:19:26;23;Sem vítima;318.900;718;Decrescente;Colisão lateral no mesmo sentido;0;0;0;1;0;0;0;0;0;0;0;0;0;0;0
03/12/2021;06:49:25;27;Com vítima;314.841;718;Decrescente;Atropelamento de pedestre;0;0;0;1;0;0;0;0;0;0;1;1;0;0;0