data;horario;n_da_ocorrencia;tipo_de_ocorrencia;km;trecho;sentido;tipo_de_acidente;automovel;bicicleta;caminhao;moto;onibus;outros;tracao_animal;transporte_de_cargas_especiais;trator_maquinas;utilitarios;ilesos;levemente_feridos;moderadamente_feridos;gravemente_feridos;mortos
03/12/2021;07:35:09;38;Sem vítima;297.405;718;Decrescente;Engavetamento;3;0;0;0;1;0;0;0;0;0;4;0;0;0;0
03/12/2021;08:24:21;50;Sem vítima;172.576;695;Crescente;Colisão transversal;0;0;1;0;0;1;0;0;0;0;2;0;0;0;0
03/12/2021;11:38:12;101;Com vítima;234.290;716;Decrescente;Capotamento;1;0;0;0;0;0;0;0;0;0;0;0;0;1;0
04/12/2021;01:44:52;10;Sem vítima;293.183;718;Decrescente;Choque;1;0;0;0;0;0;0;0;0;0;0;0;0;0;0
04/12/2021;02:58:37;13;Sem vítima;321.420;719;Decrescente;Tombamento;0;0;0;0;0;1;0;0;0;0;0;0;0;0;0
04/12/2021;04:11:45;20;Com vítima;310.046;718;Decrescente;Atropelamento de pedestre;0;0;0;0;0;0;0;0;0;0;0;1;0;0;0
04/12/2021;04:53:48;23;Sem vítima;269.950;718;Decrescente;Colisão lateral no mesmo sentido;1;0;1;0;0;0;0;0;0;0;2;0;0;0;0
04/12/2021;09:14:52;68;Sem vítima;248.124;702;Crescente;Choque;1;0;0;0;0;0;0;0;0;0;2;0;0;0;0
04/12/2021;10:34:08;93;Sem vítima;297.807;704;Crescente;Colisão lateral no mesmo sentido;1;0;0;0;0;0;0;0;0;0;0;0;0;0;0
04/12/2021;11:30:16;105;Sem vítima;295.774;718;Decrescente;Choque;1;0;0;0;0;0;0;0;0;0;1;0;0;0;0
04/12/2021;22:57:30;195;Sem vítima;319.290;704;Crescente;Choque;1;0;0;0;0;0;0;0;0;0;2;0;0;0;0
06/12/2021;01:12:02;7;Sem vítima;261.696;718;Decrescente;Choque;1;0;0;0;0;0;0;0;0;0;2;0;0;0;0
06/12/2021;06:23:00;17;Sem vítima;302.920;718;Decrescente;Choque;1;0;0;0;0;0;0;0;0;0;1;0;0;0;0
06/12/2021;06:58:31;23;Sem vítima;170.346;695;Crescente;Engavetamento;2;0;0;1;0;0;0;0;0;0;6;0;0;0;0
06/12/2021;08:24:08;43;Sem vítima;312.727;718;Decrescente;Colisão traseira;2;0;0;0;0;0;0;0;0;0;4;0;0;0;0
06/12/2021;09:22:01;70;Sem vítima;299.239;718;Decrescente;Colisão traseira;2;0;0;0;0;0;0;0;0;0;2;0;0;0;0
06/12/2021;13:37:40;129;Sem vítima;215.726;699;Crescente;Choque;1;0;0;0;0;0;0;0;0;0;1;0;0;0;0
06/12/2021;16:16:45;157;Sem vítima;212.412;714;Decrescente;Choque;1;0;0;0;0;0;0;0;0;0;2;0;0;0;0
06/12/2021;16:22:44;161;Sem vítima;196.466;696;Crescente;Choque;1;0;0;0;0;0;0;0;0;0;2;0;0;0;0
06/12/2021;18:29:47;186;Sem vítima;74.880;693;Crescente;Colisão traseira;1;0;1;0;0;0;0;0;0;0;3;0;0;0;0
07/12/2021;06:50:59;28;Sem vítima;58.100;707;Decrescente;Acidentes de outra natureza;0;0;0;1;0;0;0;0;0;0;0;0;0;0;0
07/12/2021;09:29:56;82;Sem vítima;297.864;704;Crescente;Colisão traseira;1;0;0;0;0;1;0;0;0;0;2;0;0;0;0
07/12/2021;10:44:07;93;Sem vítima;262.263;718;Decrescente;Choque;1;0;0;0;0;0;0;0;0;0;1;0;0;0;0
07/12/2021;11:25:04;99;Sem vítima;257.977;718;Decrescente;Tombamento;1;0;0;0;0;0;0;0;0;0;1;0;0;0;0
07/12/2021;14:36:32;139;Sem vítima;46.958;693;Crescente;Choque;1;0;0;0;0;0;0;0;0;0;1;0;0;0;0
07/12/2021;19:38:43;194;Sem vítima;294.715;704;Crescente;Colisão traseira;3;0;0;0;0;0;0;0;0;0;6;0;0;0;0
07/12/2021;20:04:17;200;Sem vítima;317.819;704;Crescente;Engavetamento;3;0;0;0;0;0;0;0;0;0;3;0;0;0;0
08/12/2021;07:02:39;36;Sem vítima;317.148;718;Decrescente;Colisão lateral no mesmo sentido;1;0;0;1;0;0;0;0;0;0;3;0;0;0;0
08/12/2021;11:39:58;97;Sem vítima;131.450;694;Crescente;Choque;1;0;0;0;0;0;0;0;0;0;2;0;0;0;0
08/12/2021;11:44:07;99;Sem vítima;77.651;693;Crescente;Colisão lateral no mesmo sentido;1;0;0;0;0;1;0;0;0;0;2;0;0;0;0
08/12/2021;11:46:00;100;Sem vítima;227.745;716;Decrescente;Choque;1;0;0;0;0;0;0;0;0;0;1;0;0;0;0
08/12/2021;13:14:00;114;Sem vítima;269.299;718;Decrescente;Colisão transversal;1;0;0;1;0;0;0;0;0;0;1;0;0;0;0
08/12/2021;13:20:14;117;Sem vítima;269.299;718;Decrescente;Colisão traseira;2;0;0;0;0;0;0;0;0;0;2;0;0;0;0
08/12/2021;14:23:29;127;Sem vítima;268.613;718;Decrescente;Colisão transversal;1;0;0;0;0;0;0;0;0;0;2;0;0;0;0
08/12/2021;15:51:22;135;Sem vítima;205.188;713;Decrescente;Colisão lateral no mesmo sentido;1;0;1;0;0;0;0;0;0;0;4;0;0;0;0
08/12/2021;16:16:42;147;Sem vítima;96.283;694;Crescente;Choque;1;0;0;0;0;0;0;0;0;0;2;0;0;0;0
08/12/2021;16:17:16;148;Sem vítima;315.150;704;Crescente;Engavetamento;2;0;1;0;0;0;0;0;0;0;3;0;0;0;0
09/12/2021;06:59:43;22;Sem vítima;315.549;718;Decrescente;Colisão lateral no mesmo sentido;1;0;0;1;0;0;0;0;0;0;2;0;0;0;0
09/12/2021;07:32:41;33;Sem vítima;71.400;693;Crescente;Colisão lateral no mesmo sentido;0;1;0;0;0;0;0;0;0;0;0;0;0;0;0
09/12/2021;08:10:42;48;Sem vítima;318.930;718;Decrescente;Colisão traseira;0;0;0;1;0;0;0;0;0;0;0;0;0;0;0
09/12/2021;08:18:57;51;Sem vítima;317.673;718;Decrescente;Colisão traseira;2;0;0;0;0;0;0;0;0;0;3;0;0;0;0
09/12/2021;11:48:32;105;Sem vítima;76.406;707;Decrescente;Colisão traseira;1;0;0;0;0;0;0;0;0;0;1;0;0;0;0
09/12/2021;13:22:24;125;Sem vítima;63.800;693;Crescente;Colisão lateral no mesmo sentido;0;0;0;0;0;1;0;0;0;0;1;0;0;0;0
09/12/2021;19:43:03;191;Sem vítima;319.100;704;Crescente;Engavetamento;2;0;0;0;0;0;0;0;0;1;0;0;0;0;0
09/12/2021;19:59:14;194;Sem vítima;65.600;693;Crescente;Colisão traseira;2;0;0;0;0;0;0;0;0;0;7;0;0;0;0
10/12/2021;06:17:18;22;Sem vítima;302.258;704;Crescente;Atropelamento de pedestre;1;0;0;0;0;1;0;0;0;0;4;0;0;0;0
10/12/2021;06:17:49;24;Sem vítima;57.661;693;Crescente;Colisão transversal;1;0;0;0;0;0;0;0;0;0;0;0;0;0;0
10/12/2021;06:34:10;27;Sem vítima;218.413;700;Crescente;Choque;1;0;0;0;0;0;0;0;0;0;2;0;0;0;0
10/12/2021;08:11:49;62;Sem vítima;273.533;704;Crescente;Atropelamento de pedestre;0;1;0;0;0;1;0;0;0;0;0;0;0;0;0
10/12/2021;13:52:27;138;Sem vítima;265.724;704;Crescente;Capotamento;1;0;0;0;0;0;0;0;0;0;4;0;0;0;0
10/12/2021;15:05:50;163;Sem vítima;195.470;696;Crescente;Choque;1;0;0;0;0;0;0;0;0;0;1;0;0;0;0
10/12/2021;16:13:24;176;Sem vítima;262.224;704;Crescente;Tombamento;0;0;0;0;0;1;0;0;0;0;0;0;0;0;0
10/12/2021;20:54:53;216;Sem vítima;306.526;704;Crescente;Choque;0;0;1;0;0;0;0;0;0;0;1;0;0;0;0
11/12/2021;05:04:58;17;Sem vítima;276.864;704;Crescente;Choque;1;0;0;0;0;0;0;0;0;0;2;0;0;0;0
11/12/2021;07:10:16;29;Sem vítima;27.807;691;Crescente;Colisão traseira;1;0;0;0;0;0;0;0;0;0;0;0;0;0;0
11/12/2021;08:20:53;51;Sem vítima;255.807;718;Decrescente;Colisão traseira;1;0;0;0;0;0;0;0;0;0;1;0;0;0;0
11/12/2021;11:06:16;96;Sem vítima;90.950;710;Decrescente;Choque;1;0;0;0;0;0;0;0;0;0;0;0;0;0;0
11/12/2021;12:23:35;117;Sem vítima;291.164;718;Decrescente;Colisão traseira;1;0;0;0;0;0;0;0;0;1;0;0;0;0;0
11/12/2021;15:03:06;150;Sem vítima;252.800;702;Crescente;Choque;0;0;0;0;0;1;0;0;0;0;0;0;0;0;0
11/12/2021;15:50:22;164;Sem vítima;315.964;704;Crescente;Choque;1;0;0;0;0;0;0;0;0;0;0;0;0;0;0
11/12/2021;17:20:57;179;Sem vítima;192.744;712;Decrescente;Choque;0;0;0;0;0;1;0;0;0;0;0;0;0;0;0
12/12/2021;03:22:42;12;Sem vítima;295.956;718;Decrescente;Choque;1;0;0;0;0;0;0;0;0;0;1;0;0;0;0
12/12/2021;06:27:05;24;Sem vítima;301.576;704;Crescente;Tombamento;0;0;0;0;0;1;0;0;0;0;0;0;0;0;0
12/12/2021;11:29:12;70;Sem vítima;85.274;710;Decrescente;Choque;1;0;0;0;0;0;0;0;0;0;0;0;0;0;0
12/12/2021;17:19:53;140;Sem vítima;192.798;712;Decrescente;Engavetamento;3;0;0;0;0;0;0;0;0;0;8;0;0;0;0
13/12/2021;07:36:24;44;Sem vítima;58.451;707;Decrescente;Colisão traseira;1;0;0;0;0;1;0;0;0;0;2;0;0;0;0
13/12/2021;07:51:07;53;Sem vítima;125.190;694;Crescente;Tombamento;0;0;0;0;0;1;0;0;0;0;0;0;0;0;0
13/12/2021;15:14:28;154;Sem vítima;311.540;704;Crescente;Colisão traseira;2;0;0;0;0;0;0;0;0;0;2;0;0;0;0
13/12/2021;17:35:07;179;Sem vítima;104.628;694;Crescente;Capotamento;0;0;0;0;0;0;0;0;0;1;0;0;0;0;0
13/12/2021;17:36:18;180;Sem vítima;4.450;707;Decrescente;Capotamento;1;0;0;0;0;0;0;0;0;0;0;0;0;0;0
13/12/2021;18:35:29;193;Sem vítima;262.199;704;Crescente;Tombamento;0;0;0;1;0;0;0;0;0;0;0;0;0;0;0
14/12/2021;10:31:29;77;Sem vítima;200.528;696;Crescente;Choque;1;0;0;0;0;0;0;0;0;0;0;0;0;0;0
14/12/2021;14:10:54;123;Sem vítima;251.415;702;Crescente;Choque;0;0;0;0;0;0;0;0;0;1;1;0;0;0;0
14/12/2021;15:11:15;138;Sem vítima;193.988;712;Decrescente;Tombamento;0;0;0;1;0;0;0;0;0;0;0;0;0;0;0
14/12/2021;15:22:25;142;Sem vítima;139.443;710;Decrescente;Colisão traseira;2;0;0;0;0;0;0;0;0;0;0;0;0;0;0
14/12/2021;16:00:09;152;Sem vítima;280.284;718;Decrescente;Choque;1;0;0;0;0;0;0;0;0;0;1;0;0;0;0
14/12/2021;16:03:51;155;Sem vítima;229.840;716;Decrescente;Choque;1;0;0;0;0;0;0;0;0;0;1;0;0;0;0
14/12/2021;16:46:57;160;Sem vítima;180.399;695;Crescente;Colisão traseira;1;0;0;0;0;1;0;0;0;0;2;0;0;0;0
14/12/2021;16:53:31;161;Sem vítima;68.604;707;Decrescente;Colisão transversal;0;0;1;0;0;1;0;0;0;0;2;0;0;0;0
14/12/2021;20:37:02;185;Sem vítima;293.380;704;Crescente;Choque;1;0;0;0;0;0;0;0;0;0;1;0;0;0;0
14/12/2021;20:41:06;186;Sem vítima;275.905;704;Crescente;Colisão frontal;0;1;0;1;0;0;0;0;0;0;1;0;0;0;0
14/12/2021;22:36:25;196;Sem vítima;206.972;713;Decrescente;Colisão traseira;1;0;1;0;0;0;0;0;0;0;4;0;0;0;0
15/12/2021;03:46:57;7;Sem vítima;139.399;710;Decrescente;Capotamento;0;0;0;0;0;0;0;0;0;1;1;0;0;0;0
15/12/2021;08:05:20;46;Sem vítima;59.360;693;Crescente;Tombamento;0;0;0;1;0;1;0;0;0;0;1;0;0;0;0
15/12/2021;09:29:12;70;Sem vítima;297.472;718;Decrescente;Colisão lateral no mesmo sentido;1;0;0;0;0;1;0;0;0;0;0;0;0;0;0
15/12/2021;09:54:38;77;Sem vítima;317.861;718;Decrescente;Colisão traseira;1;0;0;1;0;0;0;0;0;0;3;0;0;0;0
15/12/2021;10:27:02;84;Sem vítima;316.294;718;Decrescente;Colisão lateral no mesmo sentido;1;0;0;1;0;0;0;0;0;0;2;0;0;0;0
15/12/2021;14:01:26;121;Sem vítima;308.986;704;Crescente;Colisão traseira;2;0;0;0;0;0;0;0;0;0;4;0;0;0;0
15/12/2021;14:04:24;123;Sem vítima;229.300;700;Crescente;Choque;1;0;0;0;0;0;0;0;0;0;1;0;0;0;0
15/12/2021;14:55:31;131;Sem vítima;308.775;704;Crescente;Colisão traseira;1;0;0;0;0;0;0;0;0;0;0;0;0;0;0
15/12/2021;19:11:45;184;Sem vítima;226.283;700;Crescente;Choque;1;0;0;0;0;0;0;0;0;0;1;0;0;0;0
16/12/2021;08:36:55;62;Sem vítima;306.450;718;Decrescente;Colisão lateral no mesmo sentido;1;0;0;1;0;0;0;0;0;0;2;0;0;0;0
16/12/2021;08:56:12;71;Sem vítima;317.983;718;Decrescente;Tombamento;0;0;0;1;0;0;0;0;0;0;1;0;0;0;0
16/12/2021;08:57:57;72;Sem vítima;156.996;695;Crescente;Capotamento;1;0;0;0;0;0;0;0;0;0;2;0;0;0;0
16/12/2021;10:49:33;111;Sem vítima;91.713;694;Crescente;Colisão lateral no mesmo sentido;1;0;0;0;0;1;0;0;0;0;5;0;0;0;0
16/12/2021;11:00:18;118;Sem vítima;201.166;696;Crescente;Choque;1;0;0;0;0;0;0;0;0;0;0;0;0;0;0
16/12/2021;11:44:34;130;Sem vítima;296.900;718;Decrescente;Colisão lateral no mesmo sentido;2;0;0;1;0;0;0;0;0;0;5;0;0;0;0
16/12/2021;12:04:34;137;Sem vítima;303.623;704;Crescente;Capotamento;2;0;0;0;0;0;0;0;0;0;2;0;0;0;0
16/12/2021;15:13:50;175;Sem vítima;292.361;718;Decrescente;Choque;1;0;0;0;0;0;0;0;0;0;1;0;0;0;0
16/12/2021;15:39:48;184;Sem vítima;64.448;707;Decrescente;Colisão lateral no mesmo sentido;1;0;0;1;0;0;0;0;0;0;0;0;0;0;0
16/12/2021;18:26:35;217;Sem vítima;73.623;707;Decrescente;Tombamento;0;0;0;1;0;0;0;0;0;0;0;0;0;0;0
16/12/2021;20:04:24;227;Sem vítima;206.500;713;Decrescente;Colisão transversal;1;0;1;0;0;0;0;0;0;0;2;0;0;0;0
16/12/2021;20:25:30;229;Sem vítima;260.122;702;Crescente;Choque;1;0;0;0;0;0;0;0;0;0;1;0;0;0;0
17/12/2021;02:14:20;9;Sem vítima;320.439;705;Crescente;Choque;1;0;0;0;0;0;0;0;0;0;1;0;0;0;0
17/12/2021;08:00:25;56;Sem vítima;26.727;707;Decrescente;Choque;0;0;0;0;0;0;0;0;0;1;0;0;0;0;0
17/12/2021;12:26:02;122;Sem vítima;316.308;704;Crescente;Engavetamento;3;0;0;0;0;0;0;0;0;0;10;0;0;0;0
17/12/2021;12:36:12;124;Sem vítima;209.637;714;Decrescente;Saída de pista;1;0;0;0;0;0;0;0;0;0;4;0;0;0;0
17/12/2021;13:00:01;129;Sem vítima;297.439;718;Decrescente;Engavetamento;1;0;0;0;0;0;0;0;0;0;0;0;0;0;0
17/12/2021;13:04:21;130;Sem vítima;257.415;718;Decrescente;Choque;1;0;0;0;0;0;0;0;0;0;1;0;0;0;0
17/12/2021;15:18:52;161;Sem vítima;248.450;702;Crescente;Choque;1;0;0;0;0;0;0;0;0;0;1;0;0;0;0
17/12/2021;15:26:06;165;Sem vítima;200.200;712;Decrescente;Choque;1;0;0;0;0;0;0;0;0;0;1;0;0;0;0
17/12/2021;15:52:25;169;Sem vítima;288.843;704;Crescente;Colisão lateral no mesmo sentido;1;0;0;1;0;0;0;0;0;0;3;0;0;0;0
17/12/2021;16:18:42;172;Sem vítima;23.409;691;Crescente;Choque;0;0;1;0;0;0;0;0;0;0;1;0;0;0;0
17/12/2021;16:50:27;179;Sem vítima;306.873;718;Decrescente;Choque;1;0;0;0;0;0;0;0;0;0;1;0;0;0;0
17/12/2021;17:10:51;186;Sem vítima;199.673;712;Decrescente;Colisão traseira;2;0;0;0;0;0;0;0;0;0;2;0;0;0;0
17/12/2021;17:24:56;190;Sem vítima;234.340;716;Decrescente;Choque;1;0;0;0;0;0;0;0;0;0;4;0;0;0;0
18/12/2021;00:15:03;2;Sem vítima;157.454;695;Crescente;Choque;1;0;0;0;0;0;0;0;0;0;3;0;0;0;0
18/12/2021;03:01:34;9;Sem vítima;297.937;718;Decrescente;Choque;1;0;0;0;0;0;0;0;0;0;0;0;0;0;0
18/12/2021;03:38:02;11;Sem vítima;302.596;718;Decrescente;Choque;0;0;0;0;0;0;0;0;0;1;1;0;0;0;0
18/12/2021;04:21:17;16;Sem vítima;302.595;718;Decrescente;Choque;0;0;0;0;0;1;0;0;0;0;1;0;0;0;0
18/12/2021;09:31:06;80;Sem vítima;91.959;694;Crescente;Choque;1;0;0;0;0;0;0;0;0;0;4;0;0;0;0
18/12/2021;09:40:41;84;Sem vítima;227.804;700;Crescente;Choque;0;0;0;0;0;0;0;0;0;1;0;0;0;0;0
18/12/2021;09:55:59;90;Sem vítima;249.428;718;Decrescente;Choque;1;0;0;0;0;0;0;0;0;0;0;0;0;0;0
18/12/2021;10:07:15;92;Sem vítima;304.681;704;Crescente;Engavetamento;3;0;0;0;0;0;0;0;0;0;5;0;0;0;0
18/12/2021;11:53:22;116;Sem vítima;247.370;718;Decrescente;Choque;1;0;0;0;0;0;0;0;0;0;1;0;0;0;0
18/12/2021;12:28:27;120;Sem vítima;196.969;696;Crescente;Choque;3;0;0;0;0;0;0;0;0;0;6;0;0;0;0
18/12/2021;12:55:51;129;Sem vítima;230.590;700;Crescente;Saída de pista;0;0;0;0;0;0;0;0;0;1;0;0;0;0;0
18/12/2021;13:32:48;134;Sem vítima;96.287;694;Crescente;Choque;1;0;0;0;0;0;0;0;0;0;0;0;0;0;0
18/12/2021;14:22:47;140;Sem vítima;229.700;716;Decrescente;Choque;1;0;0;0;0;0;0;0;0;0;2;0;0;0;0
18/12/2021;15:02:34;148;Sem vítima;227.805;716;Decrescente;Choque;1;0;0;0;0;0;0;0;0;0;4;0;0;0;0
18/12/2021;15:56:03;159;Sem vítima;298.438;704;Crescente;Choque;0;0;0;0;0;1;0;0;0;0;0;0;0;0;0
18/12/2021;20:15:01;189;Sem vítima;226.540;700;Crescente;Tombamento;0;0;0;0;0;1;0;0;0;0;0;0;0;0;0
19/12/2021;05:35:03;29;Sem vítima;297.800;718;Decrescente;Choque;1;0;0;0;0;0;0;0;0;0;6;0;0;0;0
19/12/2021;18:43:35;152;Sem vítima;294.930;704;Crescente;Colisão lateral no mesmo sentido;2;0;0;0;0;0;0;0;0;0;2;0;0;0;0
19/12/2021;20:05:34;171;Com vítima;88.191;710;Decrescente;Colisão traseira;0;0;2;0;0;0;0;0;0;0;1;0;0;0;1
19/12/2021;20:26:31;180;Sem vítima;263.914;718;Decrescente;Choque;2;0;0;0;0;0;0;0;0;0;4;0;0;0;0
19/12/2021;20:34:08;183;Sem vítima;59.481;693;Crescente;Choque;1;0;0;0;0;0;0;0;0;0;0;0;0;0;0
19/12/2021;20:37:46;185;Sem vítima;42.392;693;Crescente;Colisão traseira;1;0;0;0;0;0;0;0;0;0;0;0;0;0;0
19/12/2021;23:13:01;212;Com vítima;54.100;707;Decrescente;Choque;1;0;0;1;0;0;0;0;0;0;4;0;0;0;1
20/12/2021;05:30:52;29;Sem vítima;192.100;712;Decrescente;Choque;1;0;0;0;0;0;0;0;0;0;2;0;0;0;0
20/12/2021;06:45:35;36;Sem vítima;286.840;704;Crescente;Colisão lateral no mesmo sentido;1;0;0;0;0;1;0;0;0;0;2;0;0;0;0
20/12/2021;14:31:04;139;Sem vítima;66.810;707;Decrescente;Colisão transversal;1;0;0;1;0;0;0;0;0;0;1;0;0;0;0
20/12/2021;15:24:17;152;Sem vítima;67.278;693;Crescente;Colisão traseira;1;0;0;0;0;1;0;0;0;0;2;0;0;0;0
20/12/2021;17:32:13;170;Sem vítima;70.990;693;Crescente;Engavetamento;2;0;0;0;0;0;0;0;0;0;2;0;0;0;0
20/12/2021;17:42:58;174;Sem vítima;313.800;704;Crescente;Engavetamento;3;0;0;0;0;0;0;0;0;0;7;0;0;0;0
21/12/2021;07:03:33;27;Sem vítima;118.325;710;Decrescente;Choque;1;0;0;0;0;0;0;0;0;0;1;0;0;0;0
21/12/2021;08:11:37;45;Sem vítima;166.712;711;Decrescente;Colisão lateral no mesmo sentido;1;0;0;0;0;1;0;0;0;0;1;0;0;0;0
21/12/2021;14:08:18;134;Sem vítima;190.559;712;Decrescente;Colisão frontal;2;0;0;0;0;0;0;0;0;0;5;0;0;0;0
21/12/2021;14:22:57;136;Sem vítima;206.441;713;Decrescente;Colisão transversal;2;0;0;0;0;0;0;0;0;0;2;0;0;0;0
21/12/2021;15:25:44;151;Sem vítima;66.230;693;Crescente;Colisão frontal;1;0;0;1;0;0;0;0;0;0;1;0;0;0;0
22/12/2021;08:37:04;69;Sem vítima;60.688;707;Decrescente;Tombamento;0;0;0;1;0;0;0;0;0;0;0;0;0;0;0
22/12/2021;10:05:27;96;Sem vítima;252.800;702;Crescente;Choque;1;0;0;0;0;0;0;0;0;0;1;0;0;0;0
22/12/2021;12:37:29;140;Sem vítima;299.307;704;Crescente;Choque;0;0;1;0;0;0;0;0;0;0;0;0;0;0;0
22/12/2021;14:39:46;168;Sem vítima;78.325;693;Crescente;Colisão traseira;1;0;0;0;0;0;0;0;0;1;4;0;0;0;0
22/12/2021;15:00:02;170;Sem vítima;295.770;704;Crescente;Colisão traseira;2;0;0;0;0;0;0;0;0;0;2;0;0;0;0
22/12/2021;16:58:54;189;Sem vítima;59.100;693;Crescente;Engavetamento;4;0;0;0;0;0;0;0;0;0;7;0;0;0;0
23/12/2021;02:44:45;27;Sem vítima;277.810;718;Decrescente;Colisão traseira;0;0;2;0;0;0;0;0;0;0;1;0;0;0;0
23/12/2021;03:18:42;33;Sem vítima;92.170;694;Crescente;Choque;1;0;0;0;0;0;0;0;0;0;1;0;0;0;0
23/12/2021;06:19:18;43;Sem vítima;229.400;700;Crescente;Choque;1;0;0;0;0;0;0;0;0;0;2;0;0;0;0
23/12/2021;07:40:10;53;Sem vítima;99.595;694;Crescente;Choque;0;0;0;0;0;0;0;0;0;1;2;0;0;0;0
23/12/2021;08:12:49;62;Sem vítima;307.584;704;Crescente;Choque;1;0;0;0;0;0;0;0;0;0;2;0;0;0;0
23/12/2021;08:57:05;67;Sem vítima;209.801;698;Crescente;Choque;2;0;0;0;0;0;0;0;0;0;3;0;0;0;0
23/12/2021;09:36:18;78;Sem vítima;296.600;704;Crescente;Colisão traseira;1;0;0;0;0;0;0;0;0;0;5;0;0;0;0
23/12/2021;10:05:14;86;Sem vítima;63.332;707;Decrescente;Engavetamento;1;0;1;0;0;1;0;0;0;0;2;0;0;0;0
23/12/2021;10:25:46;89;Sem vítima;70.400;693;Crescente;Colisão traseira;2;0;0;0;0;0;0;0;0;0;2;0;0;0;0
23/12/2021;16:16:47;190;Sem vítima;66.500;693;Crescente;Colisão transversal;0;1;0;1;0;0;0;0;0;0;0;0;0;0;0
23/12/2021;16:46:00;195;Sem vítima;286.102;718;Decrescente;Engavetamento;2;0;0;0;0;0;0;0;0;0;5;0;0;0;0
24/12/2021;02:45:30;18;Com vítima;263.548;718;Decrescente;Colisão traseira;1;0;0;0;0;1;0;0;0;0;0;0;0;0;1
24/12/2021;09:11:21;57;Sem vítima;288.860;704;Crescente;Choque;1;0;0;0;0;0;0;0;0;0;0;0;0;0;0
24/12/2021;09:12:36;58;Sem vítima;297.693;718;Decrescente;Engavetamento;2;0;0;0;0;0;0;0;0;1;7;0;0;0;0
24/12/2021;11:33:04;84;Sem vítima;310.630;704;Crescente;Colisão traseira;2;0;0;0;0;0;0;0;0;0;4;0;0;0;0
24/12/2021;15:05:32;123;Sem vítima;192.830;712;Decrescente;Colisão traseira;2;0;0;0;0;0;0;0;0;0;0;0;0;0;0
24/12/2021;16:58:54;148;Sem vítima;297.921;718;Decrescente;Colisão lateral no mesmo sentido;1;0;0;1;0;0;0;0;0;0;2;0;0;0;0
24/12/2021;17:47:33;156;Sem vítima;297.922;704;Crescente;Choque;1;0;0;0;0;0;0;0;0;0;1;0;0;0;0
24/12/2021;18:13:58;163;Sem vítima;304.840;704;Crescente;Tombamento;1;0;0;0;0;0;0;0;0;0;1;0;0;0;0
25/12/2021;01:26:32;3;Sem vítima;234.987;700;Crescente;Choque;1;0;0;0;0;0;0;0;0;0;0;0;0;0;0
25/12/2021;15:04:38;80;Sem vítima;261.322;703;Crescente;Colisão traseira;1;0;0;1;0;0;0;0;0;0;1;0;0;0;0
25/12/2021;21:18:50;119;Sem vítima;281.106;718;Decrescente;Tombamento;0;0;0;1;0;0;0;0;0;0;1;0;0;0;0
25/12/2021;23:25:54;126;Sem vítima;232.400;700;Crescente;Tombamento;0;0;0;1;0;0;0;0;0;0;0;0;0;0;0
26/12/2021;10:28:05;39;Sem vítima;308.860;704;Crescente;Engavetamento;2;0;0;0;0;0;0;0;0;0;0;0;0;0;0
26/12/2021;13:25:11;74;Sem vítima;102.351;694;Crescente;Choque;1;0;0;0;0;0;0;0;0;0;2;0;0;0;0
26/12/2021;18:01:33;127;Sem vítima;301.881;704;Crescente;Colisão traseira;1;0;0;0;0;0;0;0;0;0;0;0;0;0;0
26/12/2021;19:31:30;144;Sem vítima;267.112;718;Decrescente;Tombamento;0;0;0;1;0;0;0;0;0;0;1;0;0;0;0
26/12/2021;20:51:24;154;Sem vítima;295.241;718;Decrescente;Capotamento;2;0;0;0;0;0;0;0;0;0;5;0;0;0;0
26/12/2021;22:39:04;166;Com vítima;263.543;704;Crescente;Atropelamento de pedestre;1;0;0;0;0;1;0;0;0;0;2;0;0;0;1
27/12/2021;05:48:48;18;Sem vítima;303.200;718;Decrescente;Choque;1;0;0;0;0;0;0;0;0;0;1;0;0;0;0
27/12/2021;07:14:13;32;Sem vítima;293.234;718;Decrescente;Colisão traseira;0;0;0;0;0;1;0;0;0;0;1;0;0;0;0
27/12/2021;07:51:36;39;Sem vítima;291.755;718;Decrescente;Colisão traseira;0;0;0;0;0;1;0;0;0;0;2;0;0;0;0
27/12/2021;14:14:16;145;Sem vítima;89.910;694;Crescente;Choque;2;0;0;0;0;0;0;0;0;0;2;0;0;0;0
27/12/2021;15:21:57;159;Com vítima;164.776;711;Decrescente;Colisão frontal;3;0;0;0;0;0;0;0;0;0;2;0;0;0;1
28/12/2021;00:40:53;4;Sem vítima;206.690;697;Crescente;Colisão traseira;1;0;0;0;0;1;0;0;0;0;2;0;0;0;0
28/12/2021;03:11:48;6;Sem vítima;54.161;707;Decrescente;Colisão transversal;2;0;0;0;0;0;0;0;0;0;3;0;0;0;0
28/12/2021;06:16:14;18;Sem vítima;295.935;704;Crescente;Colisão traseira;2;0;0;0;0;0;0;0;0;0;2;0;0;0;0
28/12/2021;07:12:08;25;Sem vítima;277.350;704;Crescente;Saída de pista;1;0;0;0;0;0;0;0;0;0;1;0;0;0;0
28/12/2021;13:43:46;117;Com vítima;48.108;693;Crescente;Colisão traseira;1;0;0;0;0;0;0;0;0;1;0;5;0;0;1
28/12/2021;15:39:57;143;Sem vítima;61.792;693;Crescente;Choque;0;0;1;0;0;0;0;0;0;0;0;0;0;0;0